[0.018s][info][class,load] java.lang.Object source: shared objects file
[0.018s][info][class,load] java.io.Serializable source: shared objects file
[0.018s][info][class,load] java.lang.Comparable source: shared objects file
[0.018s][info][class,load] java.lang.CharSequence source: shared objects file
[0.018s][info][class,load] java.lang.constant.Constable source: shared objects file
[0.018s][info][class,load] java.lang.constant.ConstantDesc source: shared objects file
[0.018s][info][class,load] java.lang.String source: shared objects file
[0.018s][info][class,load] java.lang.reflect.AnnotatedElement source: shared objects file
[0.018s][info][class,load] java.lang.reflect.GenericDeclaration source: shared objects file
[0.018s][info][class,load] java.lang.reflect.Type source: shared objects file
[0.018s][info][class,load] java.lang.invoke.TypeDescriptor source: shared objects file
[0.018s][info][class,load] java.lang.invoke.TypeDescriptor$OfField source: shared objects file
[0.018s][info][class,load] java.lang.Class source: shared objects file
[0.018s][info][class,load] java.lang.Cloneable source: shared objects file
[0.018s][info][class,load] java.lang.ClassLoader source: shared objects file
[0.018s][info][class,load] java.lang.System source: shared objects file
[0.018s][info][class,load] java.lang.Throwable source: shared objects file
[0.018s][info][class,load] java.lang.Error source: shared objects file
[0.018s][info][class,load] java.lang.Exception source: shared objects file
[0.018s][info][class,load] java.lang.RuntimeException source: shared objects file
[0.018s][info][class,load] java.security.ProtectionDomain source: shared objects file
[0.018s][info][class,load] java.security.SecureClassLoader source: shared objects file
[0.018s][info][class,load] java.lang.ReflectiveOperationException source: shared objects file
[0.018s][info][class,load] java.lang.ClassNotFoundException source: shared objects file
[0.018s][info][class,load] java.lang.Record source: shared objects file
[0.018s][info][class,load] java.lang.LinkageError source: shared objects file
[0.018s][info][class,load] java.lang.NoClassDefFoundError source: shared objects file
[0.018s][info][class,load] java.lang.ClassCastException source: shared objects file
[0.018s][info][class,load] java.lang.ArrayStoreException source: shared objects file
[0.018s][info][class,load] java.lang.VirtualMachineError source: shared objects file
[0.018s][info][class,load] java.lang.InternalError source: shared objects file
[0.018s][info][class,load] java.lang.OutOfMemoryError source: shared objects file
[0.018s][info][class,load] java.lang.StackOverflowError source: shared objects file
[0.018s][info][class,load] java.lang.IllegalMonitorStateException source: shared objects file
[0.018s][info][class,load] java.lang.ref.Reference source: shared objects file
[0.018s][info][class,load] java.lang.IllegalCallerException source: shared objects file
[0.018s][info][class,load] java.lang.ref.SoftReference source: shared objects file
[0.018s][info][class,load] java.lang.ref.WeakReference source: shared objects file
[0.018s][info][class,load] java.lang.ref.FinalReference source: shared objects file
[0.018s][info][class,load] java.lang.ref.PhantomReference source: shared objects file
[0.018s][info][class,load] java.lang.ref.Finalizer source: shared objects file
[0.018s][info][class,load] java.lang.Runnable source: shared objects file
[0.018s][info][class,load] java.lang.Thread source: shared objects file
[0.018s][info][class,load] java.lang.Thread$FieldHolder source: shared objects file
[0.018s][info][class,load] java.lang.Thread$Constants source: shared objects file
[0.018s][info][class,load] java.lang.Thread$UncaughtExceptionHandler source: shared objects file
[0.018s][info][class,load] java.lang.ThreadGroup source: shared objects file
[0.018s][info][class,load] java.lang.BaseVirtualThread source: shared objects file
[0.018s][info][class,load] java.lang.VirtualThread source: shared objects file
[0.018s][info][class,load] java.lang.ThreadBuilders$BoundVirtualThread source: shared objects file
[0.018s][info][class,load] java.util.Dictionary source: shared objects file
[0.018s][info][class,load] java.util.Map source: shared objects file
[0.018s][info][class,load] java.util.Hashtable source: shared objects file
[0.018s][info][class,load] java.util.Properties source: shared objects file
[0.018s][info][class,load] java.lang.Module source: shared objects file
[0.018s][info][class,load] java.lang.reflect.AccessibleObject source: shared objects file
[0.018s][info][class,load] java.lang.reflect.Member source: shared objects file
[0.018s][info][class,load] java.lang.reflect.Field source: shared objects file
[0.018s][info][class,load] java.lang.reflect.Parameter source: shared objects file
[0.018s][info][class,load] java.lang.reflect.Executable source: shared objects file
[0.018s][info][class,load] java.lang.reflect.Method source: shared objects file
[0.018s][info][class,load] java.lang.reflect.Constructor source: shared objects file
[0.018s][info][class,load] jdk.internal.vm.ContinuationScope source: shared objects file
[0.018s][info][class,load] jdk.internal.vm.Continuation source: shared objects file
[0.018s][info][class,load] jdk.internal.vm.StackChunk source: shared objects file
[0.018s][info][class,load] jdk.internal.reflect.MethodAccessor source: shared objects file
[0.018s][info][class,load] jdk.internal.reflect.MethodAccessorImpl source: shared objects file
[0.018s][info][class,load] jdk.internal.reflect.ConstantPool source: shared objects file
[0.018s][info][class,load] java.lang.annotation.Annotation source: shared objects file
[0.018s][info][class,load] jdk.internal.reflect.CallerSensitive source: shared objects file
[0.018s][info][class,load] jdk.internal.reflect.ConstructorAccessor source: shared objects file
[0.018s][info][class,load] jdk.internal.reflect.ConstructorAccessorImpl source: shared objects file
[0.018s][info][class,load] jdk.internal.reflect.DirectConstructorHandleAccessor$NativeAccessor source: shared objects file
[0.018s][info][class,load] java.lang.invoke.MethodHandle source: shared objects file
[0.018s][info][class,load] java.lang.invoke.DirectMethodHandle source: shared objects file
[0.018s][info][class,load] java.lang.invoke.VarHandle source: shared objects file
[0.018s][info][class,load] java.lang.invoke.MemberName source: shared objects file
[0.018s][info][class,load] java.lang.invoke.ResolvedMethodName source: shared objects file
[0.018s][info][class,load] java.lang.invoke.MethodHandleImpl source: shared objects file
[0.018s][info][class,load] java.lang.invoke.MethodHandleNatives source: shared objects file
[0.018s][info][class,load] java.lang.invoke.LambdaForm source: shared objects file
[0.018s][info][class,load] java.lang.invoke.TypeDescriptor$OfMethod source: shared objects file
[0.018s][info][class,load] java.lang.invoke.MethodType source: shared objects file
[0.018s][info][class,load] java.lang.BootstrapMethodError source: shared objects file
[0.018s][info][class,load] java.lang.invoke.CallSite source: shared objects file
[0.018s][info][class,load] jdk.internal.foreign.abi.NativeEntryPoint source: shared objects file
[0.018s][info][class,load] jdk.internal.foreign.abi.ABIDescriptor source: shared objects file
[0.018s][info][class,load] jdk.internal.foreign.abi.VMStorage source: shared objects file
[0.018s][info][class,load] jdk.internal.foreign.abi.UpcallLinker$CallRegs source: shared objects file
[0.018s][info][class,load] java.lang.invoke.ConstantCallSite source: shared objects file
[0.018s][info][class,load] java.lang.invoke.MutableCallSite source: shared objects file
[0.018s][info][class,load] java.lang.invoke.VolatileCallSite source: shared objects file
[0.018s][info][class,load] java.lang.AssertionStatusDirectives source: shared objects file
[0.018s][info][class,load] java.lang.Appendable source: shared objects file
[0.018s][info][class,load] java.lang.AbstractStringBuilder source: shared objects file
[0.018s][info][class,load] java.lang.StringBuffer source: shared objects file
[0.018s][info][class,load] java.lang.StringBuilder source: shared objects file
[0.018s][info][class,load] jdk.internal.misc.UnsafeConstants source: shared objects file
[0.018s][info][class,load] jdk.internal.misc.Unsafe source: shared objects file
[0.018s][info][class,load] jdk.internal.module.Modules source: shared objects file
[0.018s][info][class,load] java.lang.AutoCloseable source: shared objects file
[0.018s][info][class,load] java.io.Closeable source: shared objects file
[0.018s][info][class,load] java.io.InputStream source: shared objects file
[0.018s][info][class,load] java.io.ByteArrayInputStream source: shared objects file
[0.018s][info][class,load] java.net.URL source: shared objects file
[0.018s][info][class,load] java.lang.Enum source: shared objects file
[0.018s][info][class,load] java.util.jar.Manifest source: shared objects file
[0.018s][info][class,load] jdk.internal.loader.BuiltinClassLoader source: shared objects file
[0.018s][info][class,load] jdk.internal.loader.ClassLoaders source: shared objects file
[0.018s][info][class,load] jdk.internal.loader.ClassLoaders$AppClassLoader source: shared objects file
[0.018s][info][class,load] jdk.internal.loader.ClassLoaders$PlatformClassLoader source: shared objects file
[0.018s][info][class,load] java.security.CodeSource source: shared objects file
[0.018s][info][class,load] java.util.AbstractMap source: shared objects file
[0.018s][info][class,load] java.util.concurrent.ConcurrentMap source: shared objects file
[0.018s][info][class,load] java.util.concurrent.ConcurrentHashMap source: shared objects file
[0.018s][info][class,load] java.lang.Iterable source: shared objects file
[0.018s][info][class,load] java.util.Collection source: shared objects file
[0.018s][info][class,load] java.util.AbstractCollection source: shared objects file
[0.018s][info][class,load] java.util.SequencedCollection source: shared objects file
[0.019s][info][class,load] java.util.List source: shared objects file
[0.019s][info][class,load] java.util.AbstractList source: shared objects file
[0.019s][info][class,load] java.util.RandomAccess source: shared objects file
[0.019s][info][class,load] java.util.ArrayList source: shared objects file
[0.019s][info][class,load] java.lang.StackTraceElement source: shared objects file
[0.019s][info][class,load] java.nio.Buffer source: shared objects file
[0.019s][info][class,load] java.lang.StackWalker source: shared objects file
[0.019s][info][class,load] java.lang.StackStreamFactory$AbstractStackWalker source: shared objects file
[0.019s][info][class,load] java.lang.StackWalker$StackFrame source: shared objects file
[0.019s][info][class,load] java.lang.ClassFrameInfo source: shared objects file
[0.019s][info][class,load] java.lang.StackFrameInfo source: shared objects file
[0.019s][info][class,load] java.lang.LiveStackFrame source: shared objects file
[0.019s][info][class,load] java.lang.LiveStackFrameInfo source: shared objects file
[0.019s][info][class,load] java.util.concurrent.locks.AbstractOwnableSynchronizer source: shared objects file
[0.019s][info][class,load] java.lang.Boolean source: shared objects file
[0.019s][info][class,load] java.lang.Character source: shared objects file
[0.019s][info][class,load] java.lang.Number source: shared objects file
[0.019s][info][class,load] java.lang.Float source: shared objects file
[0.019s][info][class,load] java.lang.Double source: shared objects file
[0.019s][info][class,load] java.lang.Byte source: shared objects file
[0.019s][info][class,load] java.lang.Short source: shared objects file
[0.019s][info][class,load] java.lang.Integer source: shared objects file
[0.019s][info][class,load] java.lang.Long source: shared objects file
[0.019s][info][class,load] java.lang.Void source: shared objects file
[0.019s][info][class,load] java.util.Iterator source: shared objects file
[0.019s][info][class,load] java.lang.reflect.RecordComponent source: shared objects file
[0.019s][info][class,load] jdk.internal.vm.vector.VectorSupport source: shared objects file
[0.019s][info][class,load] jdk.internal.vm.vector.VectorSupport$VectorPayload source: shared objects file
[0.019s][info][class,load] jdk.internal.vm.vector.VectorSupport$Vector source: shared objects file
[0.019s][info][class,load] jdk.internal.vm.vector.VectorSupport$VectorMask source: shared objects file
[0.019s][info][class,load] jdk.internal.vm.vector.VectorSupport$VectorShuffle source: shared objects file
[0.019s][info][class,load] jdk.internal.vm.FillerObject source: shared objects file
[0.019s][info][class,load] java.lang.invoke.LambdaForm$DMH/0x80000003f source: shared objects file
[0.019s][info][class,load] java.lang.invoke.LambdaForm$DMH/0x800000065 source: shared objects file
[0.019s][info][class,load] java.lang.invoke.LambdaForm$DMH/0x80000004a source: shared objects file
[0.019s][info][class,load] java.lang.invoke.LambdaForm$DMH/0x800000040 source: shared objects file
[0.019s][info][class,load] java.lang.invoke.LambdaForm$DMH/0x800000063 source: shared objects file
[0.019s][info][class,load] java.lang.invoke.LambdaForm$MH/0x800000001 source: shared objects file
[0.019s][info][class,load] java.lang.invoke.LambdaForm$DMH/0x80000006c source: shared objects file
[0.019s][info][class,load] java.lang.invoke.LambdaForm$DMH/0x80000002f source: shared objects file
[0.019s][info][class,load] java.lang.invoke.LambdaForm$MH/0x80000004d source: shared objects file
[0.019s][info][class,load] java.lang.invoke.LambdaForm$DMH/0x800000027 source: shared objects file
[0.019s][info][class,load] java.lang.invoke.LambdaForm$MH/0x800000062 source: shared objects file
[0.019s][info][class,load] java.lang.invoke.LambdaForm$MH/0x800000037 source: shared objects file
[0.019s][info][class,load] java.lang.invoke.LambdaForm$DMH/0x80000006a source: shared objects file
[0.019s][info][class,load] java.lang.invoke.LambdaForm$DMH/0x800000005 source: shared objects file
[0.019s][info][class,load] java.lang.invoke.LambdaForm$MH/0x800000058 source: shared objects file
[0.019s][info][class,load] java.lang.invoke.LambdaForm$MH/0x80000005d source: shared objects file
[0.019s][info][class,load] java.lang.invoke.LambdaForm$DMH/0x800000008 source: shared objects file
[0.019s][info][class,load] java.util.function.Function source: shared objects file
[0.019s][info][class,load] java.util.function.Function$$Lambda/0x80000002c source: shared objects file
[0.019s][info][class,load] java.lang.Class$$Lambda/0x80000000e source: shared objects file
[0.019s][info][class,load] java.util.function.BiFunction source: shared objects file
[0.019s][info][class,load] java.lang.Module$$Lambda/0x80000000f source: shared objects file
[0.019s][info][class,load] java.util.function.Predicate source: shared objects file
[0.019s][info][class,load] java.util.function.Predicate$$Lambda/0x80000003a source: shared objects file
[0.019s][info][class,load] java.util.function.Predicate$$Lambda/0x80000003b source: shared objects file
[0.019s][info][class,load] java.util.concurrent.CopyOnWriteArrayList source: shared objects file
[0.019s][info][class,load] java.util.concurrent.CopyOnWriteArrayList$$Lambda/0x800000043 source: shared objects file
[0.019s][info][class,load] java.lang.reflect.Proxy source: shared objects file
[0.019s][info][class,load] java.lang.reflect.Proxy$$Lambda/0x80000003d source: shared objects file
[0.019s][info][class,load] java.lang.reflect.Proxy$$Lambda/0x80000003e source: shared objects file
[0.019s][info][class,load] java.net.URLClassLoader source: shared objects file
[0.019s][info][class,load] java.time.format.DateTimeFormatterBuilder source: shared objects file
[0.019s][info][class,load] java.time.temporal.TemporalQuery source: shared objects file
[0.019s][info][class,load] java.time.format.DateTimeFormatterBuilder$$Lambda/0x800000074 source: shared objects file
[0.019s][info][class,load] java.util.stream.PipelineHelper source: shared objects file
[0.019s][info][class,load] java.util.stream.BaseStream source: shared objects file
[0.019s][info][class,load] java.util.stream.AbstractPipeline source: shared objects file
[0.019s][info][class,load] java.util.function.Supplier source: shared objects file
[0.019s][info][class,load] java.util.stream.AbstractPipeline$$Lambda/0x800000047 source: shared objects file
[0.019s][info][class,load] java.util.stream.IntStream source: shared objects file
[0.019s][info][class,load] java.util.stream.IntPipeline source: shared objects file
[0.019s][info][class,load] java.util.function.IntFunction source: shared objects file
[0.019s][info][class,load] java.util.stream.IntPipeline$$Lambda/0x800000046 source: shared objects file
[0.019s][info][class,load] java.lang.invoke.LambdaForm$DMH/0x80000007e source: shared objects file
[0.019s][info][class,load] java.lang.invoke.LambdaForm$DMH/0x80000007b source: shared objects file
[0.019s][info][class,load] java.lang.invoke.LambdaForm$DMH/0x80000007c source: shared objects file
[0.019s][info][class,load] java.lang.ProcessHandle source: shared objects file
[0.019s][info][class,load] java.lang.ProcessHandleImpl source: shared objects file
[0.019s][info][class,load] java.util.concurrent.ThreadFactory source: shared objects file
[0.019s][info][class,load] java.lang.ProcessHandleImpl$$Lambda/0x80000007d source: shared objects file
[0.019s][info][class,load] java.lang.module.ModuleDescriptor source: shared objects file
[0.019s][info][class,load] java.util.function.Consumer source: shared objects file
[0.019s][info][class,load] java.lang.module.ModuleDescriptor$Builder$$Lambda/0x800000042 source: shared objects file
[0.019s][info][class,load] java.util.ResourceBundle source: shared objects file
[0.019s][info][class,load] java.util.ResourceBundle$Control$$Lambda/0x800000096 source: shared objects file
[0.019s][info][class,load] java.util.ResourceBundle$Control$$Lambda/0x800000097 source: shared objects file
[0.019s][info][class,load] java.security.Provider source: shared objects file
[0.019s][info][class,load] java.security.Provider$$Lambda/0x800000095 source: shared objects file
[0.019s][info][class,load] java.util.regex.CharPredicates source: shared objects file
[0.019s][info][class,load] java.util.regex.Pattern$CharPredicate source: shared objects file
[0.019s][info][class,load] java.util.regex.CharPredicates$$Lambda/0x800000075 source: shared objects file
[0.019s][info][class,load] java.util.regex.Pattern$BmpCharPredicate source: shared objects file
[0.019s][info][class,load] java.util.regex.CharPredicates$$Lambda/0x800000076 source: shared objects file
[0.019s][info][class,load] java.util.regex.CharPredicates$$Lambda/0x800000077 source: shared objects file
[0.019s][info][class,load] java.util.regex.CharPredicates$$Lambda/0x800000078 source: shared objects file
[0.019s][info][class,load] sun.util.locale.provider.LocaleProviderAdapter source: shared objects file
[0.019s][info][class,load] sun.util.locale.provider.LocaleProviderAdapter$$Lambda/0x800000053 source: shared objects file
[0.019s][info][class,load] sun.util.locale.provider.LocaleProviderAdapter$$Lambda/0x800000054 source: shared objects file
[0.019s][info][class,load] sun.util.locale.provider.ResourceBundleBasedAdapter source: shared objects file
[0.019s][info][class,load] sun.util.locale.provider.JRELocaleProviderAdapter source: shared objects file
[0.019s][info][class,load] sun.util.locale.provider.JRELocaleProviderAdapter$$Lambda/0x80000009b source: shared objects file
[0.019s][info][class,load] sun.util.locale.provider.JRELocaleProviderAdapter$$Lambda/0x80000009c source: shared objects file
[0.019s][info][class,load] sun.util.locale.provider.FallbackLocaleProviderAdapter source: shared objects file
[0.019s][info][class,load] sun.util.locale.provider.FallbackLocaleProviderAdapter$$Lambda/0x80000009d source: shared objects file
[0.019s][info][class,load] java.time.format.DateTimeFormatter source: shared objects file
[0.019s][info][class,load] java.time.format.DateTimeFormatter$$Lambda/0x800000051 source: shared objects file
[0.019s][info][class,load] java.time.format.DateTimeFormatter$$Lambda/0x800000052 source: shared objects file
[0.019s][info][class,load] sun.reflect.annotation.AnnotationParser source: shared objects file
[0.019s][info][class,load] sun.reflect.annotation.AnnotationParser$$Lambda/0x80000002d source: shared objects file
[0.019s][info][class,load] sun.reflect.annotation.AnnotationParser$$Lambda/0x80000002e source: shared objects file
[0.019s][info][class,load] sun.reflect.annotation.AnnotationParser$$Lambda/0x800000030 source: shared objects file
[0.019s][info][class,load] java.util.stream.Collectors source: shared objects file
[0.019s][info][class,load] java.util.stream.Collectors$$Lambda/0x80000001a source: shared objects file
[0.019s][info][class,load] java.util.function.BiConsumer source: shared objects file
[0.019s][info][class,load] java.util.stream.Collectors$$Lambda/0x80000001b source: shared objects file
[0.019s][info][class,load] java.util.stream.Collectors$$Lambda/0x80000001c source: shared objects file
[0.019s][info][class,load] java.util.stream.Collectors$$Lambda/0x80000001d source: shared objects file
[0.019s][info][class,load] java.util.stream.Collectors$$Lambda/0x80000001e source: shared objects file
[0.019s][info][class,load] java.util.stream.Collectors$$Lambda/0x80000001f source: shared objects file
[0.019s][info][class,load] java.util.function.BinaryOperator source: shared objects file
[0.019s][info][class,load] java.util.stream.Collectors$$Lambda/0x800000020 source: shared objects file
[0.019s][info][class,load] java.util.stream.Collectors$$Lambda/0x800000021 source: shared objects file
[0.019s][info][class,load] java.util.stream.Collectors$$Lambda/0x800000022 source: shared objects file
[0.019s][info][class,load] java.util.stream.Collectors$$Lambda/0x800000023 source: shared objects file
[0.019s][info][class,load] java.util.stream.Collectors$$Lambda/0x800000024 source: shared objects file
[0.019s][info][class,load] java.util.stream.Collectors$$Lambda/0x800000025 source: shared objects file
[0.019s][info][class,load] java.util.stream.Collectors$$Lambda/0x800000026 source: shared objects file
[0.019s][info][class,load] java.util.stream.Collectors$$Lambda/0x800000028 source: shared objects file
[0.019s][info][class,load] java.util.stream.Collectors$$Lambda/0x800000029 source: shared objects file
[0.019s][info][class,load] java.util.stream.Collectors$$Lambda/0x80000002a source: shared objects file
[0.019s][info][class,load] java.util.stream.Collectors$$Lambda/0x80000002b source: shared objects file
[0.019s][info][class,load] java.util.regex.Pattern source: shared objects file
[0.019s][info][class,load] java.util.regex.Pattern$$Lambda/0x800000011 source: shared objects file
[0.019s][info][class,load] java.lang.invoke.LambdaForm$DMH/0x800000044 source: shared objects file
[0.019s][info][class,load] java.util.regex.Pattern$$Lambda/0x800000012 source: shared objects file
[0.019s][info][class,load] java.util.regex.Pattern$$Lambda/0x800000014 source: shared objects file
[0.019s][info][class,load] java.util.regex.Pattern$$Lambda/0x800000016 source: shared objects file
[0.019s][info][class,load] java.util.regex.Pattern$$Lambda/0x800000018 source: shared objects file
[0.019s][info][class,load] java.util.regex.Pattern$$Lambda/0x800000019 source: shared objects file
[0.019s][info][class,load] sun.util.cldr.CLDRLocaleProviderAdapter source: shared objects file
[0.019s][info][class,load] sun.util.cldr.CLDRLocaleProviderAdapter$$Lambda/0x800000098 source: shared objects file
[0.019s][info][class,load] sun.util.cldr.CLDRLocaleProviderAdapter$$Lambda/0x800000099 source: shared objects file
[0.019s][info][class,load] sun.util.cldr.CLDRLocaleProviderAdapter$$Lambda/0x80000009a source: shared objects file
[0.019s][info][class,load] java.lang.classfile.ClassFile source: shared objects file
[0.019s][info][class,load] jdk.internal.classfile.impl.ClassFileImpl source: shared objects file
[0.019s][info][class,load] jdk.internal.classfile.impl.ClassFileImpl$$Lambda/0x80000004e source: shared objects file
[0.019s][info][class,load] java.lang.invoke.LambdaForm$DMH/0x800000013 source: shared objects file
[0.019s][info][class,load] java.lang.invoke.LambdaForm$DMH/0x800000017 source: shared objects file
[0.019s][info][class,load] java.net.URLConnection source: shared objects file
[0.019s][info][class,load] java.net.JarURLConnection source: shared objects file
[0.019s][info][class,load] java.util.Collections source: shared objects file
[0.019s][info][class,load] java.util.Collections$UnmodifiableMap$UnmodifiableEntrySet$$Lambda/0x800000041 source: shared objects file
[0.019s][info][class,load] java.util.function.BiPredicate source: shared objects file
[0.019s][info][class,load] java.util.function.BiPredicate$$Lambda/0x800000050 source: shared objects file
[0.019s][info][class,load] java.lang.runtime.ObjectMethods source: shared objects file
[0.019s][info][class,load] java.lang.runtime.ObjectMethods$$Lambda/0x800000038 source: shared objects file
[0.019s][info][class,load] java.util.stream.Stream source: shared objects file
[0.019s][info][class,load] java.util.stream.ReferencePipeline source: shared objects file
[0.019s][info][class,load] java.util.stream.ReferencePipeline$$Lambda/0x800000045 source: shared objects file
[0.019s][info][class,load] java.util.zip.ZipConstants source: shared objects file
[0.019s][info][class,load] java.util.zip.ZipFile source: shared objects file
[0.019s][info][class,load] java.util.zip.ZipFile$$Lambda/0x80000003c source: shared objects file
[0.019s][info][class,load] java.util.stream.SortedOps source: shared objects file
[0.019s][info][class,load] java.util.stream.SortedOps$RefSortingSink$$Lambda/0x800000081 source: shared objects file
[0.019s][info][class,load] java.lang.reflect.ProxyGenerator source: shared objects file
[0.019s][info][class,load] java.lang.reflect.ProxyGenerator$ProxyMethod$$Lambda/0x800000089 source: shared objects file
[0.019s][info][class,load] java.lang.reflect.ProxyGenerator$ProxyMethod$$Lambda/0x80000008a source: shared objects file
[0.019s][info][class,load] java.util.stream.StreamSpliterators source: shared objects file
[0.019s][info][class,load] java.util.stream.Sink source: shared objects file
[0.019s][info][class,load] java.util.stream.StreamSpliterators$WrappingSpliterator$$Lambda/0x800000048 source: shared objects file
[0.019s][info][class,load] java.util.function.BooleanSupplier source: shared objects file
[0.019s][info][class,load] java.util.stream.StreamSpliterators$WrappingSpliterator$$Lambda/0x800000049 source: shared objects file
[0.019s][info][class,load] java.util.stream.StreamSpliterators$WrappingSpliterator$$Lambda/0x80000004b source: shared objects file
[0.019s][info][class,load] java.util.stream.FindOps source: shared objects file
[0.019s][info][class,load] java.util.stream.FindOps$FindSink$OfRef$$Lambda/0x80000007f source: shared objects file
[0.019s][info][class,load] java.util.stream.FindOps$FindSink$OfRef$$Lambda/0x800000080 source: shared objects file
[0.019s][info][class,load] java.lang.invoke.LambdaForm$DMH/0x80000004f source: shared objects file
[0.019s][info][class,load] java.lang.invoke.LambdaForm$DMH/0x800000039 source: shared objects file
[0.019s][info][class,load] java.util.stream.MatchOps source: shared objects file
[0.019s][info][class,load] java.util.stream.MatchOps$$Lambda/0x800000006 source: shared objects file
[0.019s][info][class,load] java.util.stream.MatchOps$$Lambda/0x80000004c source: shared objects file
[0.019s][info][class,load] java.lang.reflect.Proxy$ProxyBuilder$$Lambda/0x800000082 source: shared objects file
[0.019s][info][class,load] java.lang.WeakPairMap source: shared objects file
[0.019s][info][class,load] java.lang.WeakPairMap$$Lambda/0x800000032 source: shared objects file
[0.019s][info][class,load] java.util.function.ToIntFunction source: shared objects file
[0.019s][info][class,load] java.util.jar.JarFile source: shared objects file
[0.019s][info][class,load] java.lang.runtime.SwitchBootstraps source: shared objects file
[0.019s][info][class,load] java.lang.runtime.SwitchBootstraps$$Lambda/0x800000034 source: shared objects file
[0.019s][info][class,load] java.lang.runtime.SwitchBootstraps$$Lambda/0x800000036 source: shared objects file
[0.019s][info][class,load] java.lang.reflect.ProxyGenerator$$Lambda/0x800000083 source: shared objects file
[0.019s][info][class,load] java.lang.reflect.ProxyGenerator$$Lambda/0x800000084 source: shared objects file
[0.019s][info][class,load] java.lang.reflect.ProxyGenerator$$Lambda/0x800000085 source: shared objects file
[0.019s][info][class,load] java.lang.reflect.ProxyGenerator$$Lambda/0x800000086 source: shared objects file
[0.019s][info][class,load] java.lang.reflect.ProxyGenerator$$Lambda/0x800000087 source: shared objects file
[0.019s][info][class,load] java.lang.reflect.ProxyGenerator$$Lambda/0x800000088 source: shared objects file
[0.019s][info][class,load] java.lang.StringConcatHelper$StringConcatBase source: shared objects file
[0.019s][info][class,load] java.lang.String$$StringConcat/0x800000061 source: shared objects file
[0.019s][info][class,load] jdk.internal.module.ModuleBootstrap source: shared objects file
[0.019s][info][class,load] jdk.internal.module.ModuleBootstrap$$Lambda/0x80000000c source: shared objects file
[0.019s][info][class,load] jdk.internal.module.ModuleBootstrap$$Lambda/0x80000000d source: shared objects file
[0.019s][info][class,load] jdk.internal.module.ModuleBootstrap$$Lambda/0x800000007 source: shared objects file
[0.019s][info][class,load] jdk.internal.module.ModuleBootstrap$$Lambda/0x800000009 source: shared objects file
[0.019s][info][class,load] jdk.internal.module.ModuleBootstrap$$Lambda/0x80000000b source: shared objects file
[0.019s][info][class,load] jdk.internal.module.ModuleBootstrap$$Lambda/0x800000002 source: shared objects file
[0.019s][info][class,load] jdk.internal.module.ModuleBootstrap$$Lambda/0x800000004 source: shared objects file
[0.019s][info][class,load] jdk.internal.module.ModuleBootstrap$$Lambda/0x800000031 source: shared objects file
[0.019s][info][class,load] java.lang.invoke.LambdaForm$DMH/0x80000000a source: shared objects file
[0.019s][info][class,load] java.lang.invoke.LambdaForm$DMH/0x800000003 source: shared objects file
[0.019s][info][class,load] java.lang.invoke.LambdaForm$DMH/0x800000010 source: shared objects file
[0.019s][info][class,load] java.lang.invoke.LambdaForm$DMH/0x800000035 source: shared objects file
[0.019s][info][class,load] java.lang.invoke.LambdaForm$DMH/0x800000033 source: shared objects file
[0.019s][info][class,load] java.lang.invoke.LambdaForm$DMH/0x800000015 source: shared objects file
[0.019s][info][class,load] java.lang.StringLatin1 source: shared objects file
[0.019s][info][class,load] java.lang.StringUTF16 source: shared objects file
[0.019s][info][class,load] java.lang.Character$CharacterCache source: shared objects file
[0.019s][info][class,load] java.lang.CharacterData source: shared objects file
[0.019s][info][class,load] java.lang.CharacterDataLatin1 source: shared objects file
[0.019s][info][class,load] java.lang.Byte$ByteCache source: shared objects file
[0.019s][info][class,load] java.lang.Short$ShortCache source: shared objects file
[0.019s][info][class,load] java.lang.Integer$IntegerCache source: shared objects file
[0.019s][info][class,load] java.lang.Long$LongCache source: shared objects file
[0.019s][info][class,load] java.lang.Shutdown source: shared objects file
[0.019s][info][class,load] java.lang.reflect.Array source: shared objects file
[0.019s][info][class,load] java.util.Arrays source: shared objects file
[0.019s][info][class,load] jdk.internal.misc.Signal source: shared objects file
[0.019s][info][class,load] jdk.internal.util.Preconditions source: shared objects file
[0.019s][info][class,load] sun.invoke.util.ValueConversions source: shared objects file
[0.019s][info][class,load] jdk.internal.loader.NativeLibraries source: shared objects file
[0.019s][info][class,load] java.lang.VersionProps source: shared objects file
[0.019s][info][class,load] java.lang.ArithmeticException source: shared objects file
[0.019s][info][class,load] java.lang.IndexOutOfBoundsException source: shared objects file
[0.019s][info][class,load] java.lang.ArrayIndexOutOfBoundsException source: shared objects file
[0.019s][info][class,load] java.lang.CloneNotSupportedException source: shared objects file
[0.019s][info][class,load] java.lang.IllegalAccessException source: shared objects file
[0.019s][info][class,load] java.lang.IllegalArgumentException source: shared objects file
[0.019s][info][class,load] java.lang.IllegalStateException source: shared objects file
[0.019s][info][class,load] java.lang.InstantiationException source: shared objects file
[0.019s][info][class,load] java.lang.IncompatibleClassChangeError source: shared objects file
[0.019s][info][class,load] java.lang.InstantiationError source: shared objects file
[0.019s][info][class,load] java.lang.InterruptedException source: shared objects file
[0.019s][info][class,load] java.lang.NoSuchMethodException source: shared objects file
[0.019s][info][class,load] java.lang.NullPointerException source: shared objects file
[0.019s][info][class,load] java.lang.UnsupportedOperationException source: shared objects file
[0.019s][info][class,load] java.lang.reflect.InvocationTargetException source: shared objects file
[0.019s][info][class,load] java.io.IOException source: shared objects file
[0.019s][info][class,load] java.lang.IllegalAccessError source: shared objects file
[0.019s][info][class,load] java.lang.NoSuchFieldError source: shared objects file
[0.019s][info][class,load] java.lang.NoSuchMethodError source: shared objects file
[0.019s][info][class,load] java.lang.SecurityException source: shared objects file
[0.019s][info][class,load] java.util.concurrent.atomic.AtomicReferenceFieldUpdater source: shared objects file
[0.019s][info][class,load] java.util.concurrent.atomic.AtomicReferenceFieldUpdater$AtomicReferenceFieldUpdaterImpl source: shared objects file
[0.019s][info][class,load] java.lang.Math source: shared objects file
[0.019s][info][class,load] java.lang.StrictMath source: shared objects file
[0.019s][info][class,load] java.lang.StringCoding source: shared objects file
[0.019s][info][class,load] java.math.BigInteger source: shared objects file
[0.019s][info][class,load] jdk.internal.util.ArraysSupport source: shared objects file
[0.019s][info][class,load] java.util.zip.Checksum source: shared objects file
[0.019s][info][class,load] java.util.zip.CRC32 source: shared objects file
[0.019s][info][class,load] jdk.internal.misc.ScopedMemoryAccess source: shared objects file
[0.019s][info][class,load] jdk.internal.reflect.Reflection source: shared objects file
[0.019s][info][class,load] java.lang.invoke.Invokers$Holder source: shared objects file
[0.019s][info][class,load] java.lang.invoke.DirectMethodHandle$Holder source: shared objects file
[0.019s][info][class,load] java.lang.invoke.LambdaForm$Holder source: shared objects file
[0.019s][info][class,load] java.lang.invoke.DelegatingMethodHandle$Holder source: shared objects file
[0.019s][info][class,load] jdk.internal.misc.CDS source: shared objects file
[0.019s][info][class,load] java.util.Objects source: shared objects file
[0.019s][info][class,load] java.nio.charset.Charset source: shared objects file
[0.019s][info][class,load] sun.nio.cs.HistoricallyNamedCharset source: shared objects file
[0.019s][info][class,load] sun.nio.cs.Unicode source: shared objects file
[0.019s][info][class,load] sun.nio.cs.UTF_8 source: shared objects file
[0.019s][info][class,load] sun.nio.cs.ISO_8859_1 source: shared objects file
[0.019s][info][class,load] sun.nio.cs.US_ASCII source: shared objects file
[0.019s][info][class,load] java.nio.charset.CharsetDecoder source: shared objects file
[0.019s][info][class,load] java.nio.charset.CodingErrorAction source: shared objects file
[0.019s][info][class,load] java.nio.charset.CharacterCodingException source: shared objects file
[0.019s][info][class,load] java.io.UnsupportedEncodingException source: shared objects file
[0.019s][info][class,load] java.nio.charset.CharsetEncoder source: shared objects file
[0.019s][info][class,load] java.nio.ByteBuffer source: shared objects file
[0.019s][info][class,load] java.lang.Readable source: shared objects file
[0.019s][info][class,load] java.nio.CharBuffer source: shared objects file
[0.019s][info][class,load] java.nio.charset.CoderResult source: shared objects file
[0.019s][info][class,load] java.lang.foreign.MemorySegment source: shared objects file
[0.019s][info][class,load] java.util.Comparator source: shared objects file
[0.019s][info][class,load] java.lang.StringConcatHelper source: shared objects file
[0.019s][info][class,load] java.util.regex.MatchResult source: shared objects file
[0.019s][info][class,load] java.util.regex.Matcher source: shared objects file
[0.019s][info][class,load] java.util.Locale source: shared objects file
[0.019s][info][class,load] java.util.Spliterator source: shared objects file
[0.019s][info][class,load] java.util.Spliterator$OfPrimitive source: shared objects file
[0.019s][info][class,load] java.util.Spliterator$OfInt source: shared objects file
[0.019s][info][class,load] java.lang.StringLatin1$CharsSpliterator source: shared objects file
[0.019s][info][class,load] java.util.stream.StreamSupport source: shared objects file
[0.019s][info][class,load] java.io.Flushable source: shared objects file
[0.019s][info][class,load] java.util.Formatter source: shared objects file
[0.019s][info][class,load] java.util.Optional source: shared objects file
[0.019s][info][class,load] java.io.ObjectStreamField source: shared objects file
[0.019s][info][class,load] java.lang.String$CaseInsensitiveComparator source: shared objects file
[0.019s][info][class,load] java.lang.invoke.LambdaMetafactory source: shared objects file
[0.019s][info][class,load] java.lang.invoke.MethodHandles$Lookup source: shared objects file
[0.019s][info][class,load] java.lang.invoke.MethodHandles source: shared objects file
[0.019s][info][class,load] java.util.Spliterators source: shared objects file
[0.019s][info][class,load] java.lang.constant.ClassDesc source: shared objects file
[0.019s][info][class,load] java.lang.constant.MethodHandleDesc source: shared objects file
[0.019s][info][class,load] java.lang.constant.MethodTypeDesc source: shared objects file
[0.019s][info][class,load] java.lang.constant.DynamicConstantDesc source: shared objects file
[0.019s][info][class,load] java.lang.reflect.Modifier source: shared objects file
[0.019s][info][class,load] java.lang.reflect.TypeVariable source: shared objects file
[0.019s][info][class,load] jdk.internal.loader.BootLoader source: shared objects file
[0.019s][info][class,load] jdk.internal.reflect.ReflectionFactory source: shared objects file
[0.019s][info][class,load] sun.reflect.generics.repository.AbstractRepository source: shared objects file
[0.019s][info][class,load] sun.reflect.generics.repository.GenericDeclRepository source: shared objects file
[0.019s][info][class,load] sun.reflect.generics.repository.ClassRepository source: shared objects file
[0.019s][info][class,load] java.lang.Class$ReflectionData source: shared objects file
[0.019s][info][class,load] java.lang.reflect.AccessFlag$Location source: shared objects file
[0.019s][info][class,load] java.lang.Class$EnclosingMethodInfo source: shared objects file
[0.019s][info][class,load] sun.reflect.generics.repository.ConstructorRepository source: shared objects file
[0.019s][info][class,load] sun.reflect.generics.repository.MethodRepository source: shared objects file
[0.019s][info][class,load] java.lang.reflect.GenericArrayType source: shared objects file
[0.019s][info][class,load] java.lang.NoSuchFieldException source: shared objects file
[0.019s][info][class,load] java.lang.PublicMethods$MethodList source: shared objects file
[0.019s][info][class,load] jdk.internal.module.Resources source: shared objects file
[0.019s][info][class,load] java.util.Set source: shared objects file
[0.019s][info][class,load] java.lang.Class$Atomic source: shared objects file
[0.019s][info][class,load] sun.reflect.generics.scope.Scope source: shared objects file
[0.019s][info][class,load] sun.reflect.generics.scope.AbstractScope source: shared objects file
[0.019s][info][class,load] sun.reflect.generics.scope.ClassScope source: shared objects file
[0.019s][info][class,load] sun.reflect.generics.factory.GenericsFactory source: shared objects file
[0.019s][info][class,load] sun.reflect.generics.factory.CoreReflectionFactory source: shared objects file
[0.020s][info][class,load] java.util.AbstractSet source: shared objects file
[0.020s][info][class,load] java.util.HashSet source: shared objects file
[0.020s][info][class,load] java.util.SequencedSet source: shared objects file
[0.020s][info][class,load] java.util.LinkedHashSet source: shared objects file
[0.020s][info][class,load] java.lang.PublicMethods source: shared objects file
[0.020s][info][class,load] java.util.HashMap source: shared objects file
[0.020s][info][class,load] java.lang.Class$AnnotationData source: shared objects file
[0.020s][info][class,load] java.util.Map$Entry source: shared objects file
[0.020s][info][class,load] sun.reflect.annotation.AnnotationType source: shared objects file
[0.020s][info][class,load] java.util.SequencedMap source: shared objects file
[0.020s][info][class,load] java.util.LinkedHashMap source: shared objects file
[0.020s][info][class,load] sun.invoke.util.Wrapper source: shared objects file
[0.020s][info][class,load] jdk.internal.constant.ConstantUtils source: shared objects file
[0.020s][info][class,load] java.lang.NamedPackage source: shared objects file
[0.020s][info][class,load] java.lang.Package source: shared objects file
[0.020s][info][class,load] java.lang.reflect.AccessFlag source: shared objects file
[0.020s][info][class,load] java.util.WeakHashMap source: shared objects file
[0.020s][info][class,load] java.lang.ClassValue$ClassValueMap source: shared objects file
[0.020s][info][class,load] java.lang.ClassValue source: shared objects file
[0.020s][info][class,load] java.lang.AssertionError source: shared objects file
[0.020s][info][class,load] java.lang.ClassLoader$ParallelLoaders source: shared objects file
[0.020s][info][class,load] jdk.internal.perf.PerfCounter source: shared objects file
[0.020s][info][class,load] java.security.cert.Certificate source: shared objects file
[0.020s][info][class,load] java.util.Enumeration source: shared objects file
[0.020s][info][class,load] java.lang.CompoundEnumeration source: shared objects file
[0.020s][info][class,load] jdk.internal.misc.VM source: shared objects file
[0.020s][info][class,load] jdk.internal.util.StaticProperty source: shared objects file
[0.020s][info][class,load] java.io.File source: shared objects file
[0.020s][info][class,load] java.io.UncheckedIOException source: shared objects file
[0.020s][info][class,load] jdk.internal.loader.NativeLibrary source: shared objects file
[0.020s][info][class,load] jdk.internal.access.SharedSecrets source: shared objects file
[0.020s][info][class,load] jdk.internal.access.JavaIOAccess source: shared objects file
[0.020s][info][class,load] jdk.internal.util.SystemProps source: shared objects file
[0.020s][info][class,load] java.lang.ProcessEnvironment source: shared objects file
[0.020s][info][class,load] jdk.internal.logger.LazyLoggers source: shared objects file
[0.020s][info][class,load] java.lang.System$LoggerFinder source: shared objects file
[0.020s][info][class,load] java.lang.Runtime source: shared objects file
[0.020s][info][class,load] java.io.OutputStream source: shared objects file
[0.020s][info][class,load] java.io.FilterOutputStream source: shared objects file
[0.020s][info][class,load] java.io.PrintStream source: shared objects file
[0.020s][info][class,load] java.io.BufferedOutputStream source: shared objects file
[0.020s][info][class,load] java.io.FileInputStream source: shared objects file
[0.020s][info][class,load] java.lang.System$In source: shared objects file
[0.020s][info][class,load] java.io.FileDescriptor source: shared objects file
[0.020s][info][class,load] java.io.FileOutputStream source: shared objects file
[0.020s][info][class,load] java.lang.System$Out source: shared objects file
[0.020s][info][class,load] java.io.FilterInputStream source: shared objects file
[0.020s][info][class,load] java.io.BufferedInputStream source: shared objects file
[0.020s][info][class,load] java.lang.Terminator source: shared objects file
[0.020s][info][class,load] jdk.internal.access.JavaLangRefAccess source: shared objects file
[0.020s][info][class,load] jdk.internal.access.JavaLangAccess source: shared objects file
[0.020s][info][class,load] java.lang.System$1 source: shared objects file
[0.020s][info][class,load] java.io.Console source: shared objects file
[0.020s][info][class,load] java.lang.System$Logger source: shared objects file
[0.020s][info][class,load] java.lang.System$Logger$Level source: shared objects file
[0.020s][info][class,load] java.util.IdentityHashMap source: shared objects file
[0.020s][info][class,load] java.security.PermissionCollection source: shared objects file
[0.020s][info][class,load] java.security.Permissions source: shared objects file
[0.020s][info][class,load] java.security.Principal source: shared objects file
[0.020s][info][class,load] java.security.SecureClassLoader$CodeSourceKey source: shared objects file
[0.020s][info][class,load] java.security.SecureClassLoader$1 source: shared objects file
[0.020s][info][class,load] java.lang.ref.ReferenceQueue source: shared objects file
[0.020s][info][class,load] jdk.internal.ref.Cleaner source: shared objects file
[0.020s][info][class,load] java.lang.ref.Reference$ReferenceHandler source: shared objects file
[0.020s][info][class,load] java.lang.ref.Reference$1 source: shared objects file
[0.020s][info][class,load] java.lang.ref.Finalizer$FinalizerThread source: shared objects file
[0.020s][info][class,load] jdk.internal.vm.StackableScope source: shared objects file
[0.020s][info][class,load] jdk.internal.vm.ThreadContainer source: shared objects file
[0.020s][info][class,load] java.util.concurrent.TimeUnit source: shared objects file
[0.020s][info][class,load] java.lang.Thread$ThreadIdentifiers source: shared objects file
[0.020s][info][class,load] java.lang.ThreadLocal$ThreadLocalMap source: shared objects file
[0.020s][info][class,load] java.lang.ThreadLocal source: shared objects file
[0.020s][info][class,load] java.lang.Thread$ThreadNumbering source: shared objects file
[0.020s][info][class,load] jdk.internal.misc.CarrierThreadLocal source: shared objects file
[0.020s][info][class,load] jdk.internal.misc.TerminatingThreadLocal source: shared objects file
[0.020s][info][class,load] sun.nio.ch.Interruptible source: shared objects file
[0.020s][info][class,load] java.lang.Thread$State source: shared objects file
[0.020s][info][class,load] java.util.concurrent.Future source: shared objects file
[0.020s][info][class,load] java.util.concurrent.Executor source: shared objects file
[0.020s][info][class,load] java.util.concurrent.RejectedExecutionException source: shared objects file
[0.020s][info][class,load] java.util.concurrent.CountDownLatch source: shared objects file
[0.020s][info][class,load] jdk.internal.vm.ThreadContainers source: shared objects file
[0.020s][info][class,load] jdk.internal.misc.InnocuousThread source: shared objects file
[0.020s][info][class,load] java.util.Properties$LineReader source: shared objects file
[0.020s][info][class,load] java.util.HexFormat source: shared objects file
[0.020s][info][class,load] java.io.Writer source: shared objects file
[0.020s][info][class,load] java.io.BufferedWriter source: shared objects file
[0.020s][info][class,load] java.io.OutputStreamWriter source: shared objects file
[0.020s][info][class,load] java.util.Collections$SynchronizedCollection source: shared objects file
[0.020s][info][class,load] java.util.Collections$SynchronizedSet source: shared objects file
[0.020s][info][class,load] java.util.Properties$EntrySet source: shared objects file
[0.020s][info][class,load] java.util.Date source: shared objects file
[0.020s][info][class,load] java.util.concurrent.ConcurrentHashMap$CollectionView source: shared objects file
[0.020s][info][class,load] java.util.concurrent.ConcurrentHashMap$KeySetView source: shared objects file
[0.020s][info][class,load] java.util.Hashtable$Entry source: shared objects file
[0.020s][info][class,load] java.util.Hashtable$Enumerator source: shared objects file
[0.020s][info][class,load] java.util.ConcurrentModificationException source: shared objects file
[0.020s][info][class,load] java.util.ImmutableCollections source: shared objects file
[0.020s][info][class,load] java.util.ImmutableCollections$AbstractImmutableMap source: shared objects file
[0.020s][info][class,load] java.util.ImmutableCollections$MapN source: shared objects file
[0.020s][info][class,load] java.util.KeyValueHolder source: shared objects file
[0.020s][info][class,load] java.lang.module.ModuleDescriptor$Version source: shared objects file
[0.020s][info][class,load] java.lang.ModuleLayer source: shared objects file
[0.020s][info][class,load] java.lang.Module$EnableNativeAccess source: shared objects file
[0.020s][info][class,load] jdk.internal.module.ModuleBootstrap$IllegalNativeAccess source: shared objects file
[0.020s][info][class,load] java.lang.Module$ReflectionData source: shared objects file
[0.020s][info][class,load] java.lang.module.Configuration source: shared objects file
[0.020s][info][class,load] java.lang.module.ResolvedModule source: shared objects file
[0.020s][info][class,load] jdk.internal.module.ModuleLoaderMap source: shared objects file
[0.020s][info][class,load] java.lang.module.ModuleReference source: shared objects file
[0.020s][info][class,load] java.net.URI source: shared objects file
[0.020s][info][class,load] jdk.internal.module.ServicesCatalog source: shared objects file
[0.020s][info][class,load] java.lang.module.ModuleDescriptor$Exports source: shared objects file
[0.020s][info][class,load] java.lang.module.ModuleDescriptor$Opens source: shared objects file
[0.020s][info][class,load] java.lang.classfile.ClassFile$Option source: shared objects file
[0.020s][info][class,load] java.lang.classfile.ClassFileElement source: shared objects file
[0.020s][info][class,load] java.lang.classfile.ClassElement source: shared objects file
[0.020s][info][class,load] java.lang.classfile.MethodElement source: shared objects file
[0.020s][info][class,load] java.lang.classfile.FieldElement source: shared objects file
[0.020s][info][class,load] java.lang.classfile.AccessFlags source: shared objects file
[0.020s][info][class,load] java.lang.classfile.ClassFileBuilder source: shared objects file
[0.020s][info][class,load] java.lang.classfile.ClassBuilder source: shared objects file
[0.020s][info][class,load] java.lang.classfile.Attribute source: shared objects file
[0.020s][info][class,load] java.lang.classfile.attribute.RuntimeVisibleAnnotationsAttribute source: shared objects file
[0.020s][info][class,load] java.lang.Module$ArchivedData source: shared objects file
[0.020s][info][class,load] java.lang.reflect.InaccessibleObjectException source: shared objects file
[0.020s][info][class,load] jdk.internal.access.JavaLangReflectAccess source: shared objects file
[0.020s][info][class,load] java.lang.reflect.ReflectAccess source: shared objects file
[0.020s][info][class,load] sun.reflect.generics.scope.MethodScope source: shared objects file
[0.020s][info][class,load] java.util.StringJoiner source: shared objects file
[0.020s][info][class,load] sun.reflect.annotation.ExceptionProxy source: shared objects file
[0.020s][info][class,load] java.lang.TypeNotPresentException source: shared objects file
[0.020s][info][class,load] java.lang.reflect.Executable$ParameterData source: shared objects file
[0.020s][info][class,load] java.lang.reflect.ParameterizedType source: shared objects file
[0.020s][info][class,load] sun.reflect.generics.reflectiveObjects.ParameterizedTypeImpl source: shared objects file
[0.020s][info][class,load] sun.reflect.generics.scope.ConstructorScope source: shared objects file
[0.020s][info][class,load] jdk.internal.vm.Continuation$Pinned source: shared objects file
[0.020s][info][class,load] java.lang.StackWalker$Option source: shared objects file
[0.020s][info][class,load] java.util.EnumSet source: shared objects file
[0.020s][info][class,load] jdk.internal.vm.ContinuationSupport source: shared objects file
[0.020s][info][class,load] jdk.internal.reflect.DirectConstructorHandleAccessor source: shared objects file
[0.020s][info][class,load] java.lang.invoke.MethodTypeForm source: shared objects file
[0.020s][info][class,load] java.lang.invoke.MemberName$Factory source: shared objects file
[0.020s][info][class,load] java.lang.invoke.DirectMethodHandle$Special source: shared objects file
[0.020s][info][class,load] java.lang.invoke.DirectMethodHandle$Interface source: shared objects file
[0.020s][info][class,load] java.lang.invoke.DirectMethodHandle$Accessor source: shared objects file
[0.020s][info][class,load] java.lang.invoke.DirectMethodHandle$Constructor source: shared objects file
[0.020s][info][class,load] java.lang.invoke.BoundMethodHandle source: shared objects file
[0.020s][info][class,load] java.lang.invoke.LambdaForm$Kind source: shared objects file
[0.020s][info][class,load] java.lang.invoke.MethodHandleStatics source: shared objects file
[0.020s][info][class,load] java.lang.invoke.LambdaForm$Name source: shared objects file
[0.020s][info][class,load] java.lang.invoke.LambdaForm$NamedFunction source: shared objects file
[0.020s][info][class,load] java.lang.invoke.Invokers source: shared objects file
[0.020s][info][class,load] sun.invoke.util.VerifyAccess source: shared objects file
[0.020s][info][class,load] java.lang.invoke.DirectMethodHandle$1 source: shared objects file
[0.020s][info][class,load] java.lang.invoke.DirectMethodHandle$2 source: shared objects file
[0.020s][info][class,load] java.lang.MatchException source: shared objects file
[0.020s][info][class,load] java.lang.invoke.InvokerBytecodeGenerator source: shared objects file
[0.020s][info][class,load] java.lang.invoke.MethodHandleInfo source: shared objects file
[0.020s][info][class,load] java.lang.invoke.LambdaFormEditor source: shared objects file
[0.020s][info][class,load] java.lang.constant.DirectMethodHandleDesc$Kind source: shared objects file
[0.020s][info][class,load] java.lang.invoke.MethodHandleImpl$Intrinsic source: shared objects file
[0.020s][info][class,load] java.lang.invoke.DelegatingMethodHandle source: shared objects file
[0.020s][info][class,load] java.lang.constant.DirectMethodHandleDesc source: shared objects file
[0.020s][info][class,load] java.lang.invoke.VarHandle$AccessMode source: shared objects file
[0.020s][info][class,load] java.lang.invoke.VarHandle$AccessType source: shared objects file
[0.020s][info][class,load] java.lang.invoke.VarHandle$AccessDescriptor source: shared objects file
[0.020s][info][class,load] java.lang.invoke.VarForm source: shared objects file
[0.020s][info][class,load] java.lang.invoke.VarHandleGuards source: shared objects file
[0.020s][info][class,load] java.lang.invoke.VarHandleByteArrayAsChars$ByteArrayViewVarHandle source: shared objects file
[0.020s][info][class,load] java.lang.invoke.VarHandleByteArrayAsDoubles$ByteArrayViewVarHandle source: shared objects file
[0.020s][info][class,load] java.lang.invoke.VarHandleByteArrayAsFloats$ByteArrayViewVarHandle source: shared objects file
[0.020s][info][class,load] java.lang.invoke.VarHandleByteArrayAsInts$ByteArrayViewVarHandle source: shared objects file
[0.020s][info][class,load] java.lang.invoke.VarHandleByteArrayAsLongs$ByteArrayViewVarHandle source: shared objects file
[0.020s][info][class,load] java.lang.invoke.VarHandleByteArrayAsShorts$ByteArrayViewVarHandle source: shared objects file
[0.020s][info][class,load] java.lang.invoke.VarHandleBooleans$FieldInstanceReadOnly source: shared objects file
[0.020s][info][class,load] java.lang.invoke.VarHandleInts$FieldInstanceReadOnly source: shared objects file
[0.020s][info][class,load] java.lang.invoke.VarHandleReferences$Array source: shared objects file
[0.020s][info][class,load] java.lang.invoke.VarHandleReferences$FieldInstanceReadOnly source: shared objects file
[0.020s][info][class,load] java.lang.invoke.MethodHandleImpl$ArrayAccess source: shared objects file
[0.020s][info][class,load] java.lang.invoke.LambdaForm$BasicType source: shared objects file
[0.020s][info][class,load] sun.invoke.util.VerifyType source: shared objects file
[0.020s][info][class,load] java.lang.invoke.MethodHandleImpl$AsVarargsCollector source: shared objects file
[0.020s][info][class,load] java.lang.invoke.ClassSpecializer$SpeciesData source: shared objects file
[0.020s][info][class,load] java.lang.invoke.BoundMethodHandle$SpeciesData source: shared objects file
[0.020s][info][class,load] java.lang.invoke.MethodHandleImpl$Makers source: shared objects file
[0.020s][info][class,load] java.lang.invoke.MethodHandleImpl$CountingWrapper source: shared objects file
[0.020s][info][class,load] java.lang.invoke.MethodHandleImpl$IntrinsicMethodHandle source: shared objects file
[0.020s][info][class,load] java.lang.invoke.SimpleMethodHandle source: shared objects file
[0.020s][info][class,load] java.lang.invoke.MethodHandleImpl$LoopClauses source: shared objects file
[0.020s][info][class,load] java.lang.invoke.MethodHandleImpl$CasesHolder source: shared objects file
[0.020s][info][class,load] jdk.internal.access.JavaLangInvokeAccess source: shared objects file
[0.020s][info][class,load] java.lang.invoke.MethodHandleImpl$1 source: shared objects file
[0.020s][info][class,load] java.lang.invoke.MethodHandleImpl$2 source: shared objects file
[0.020s][info][class,load] java.lang.invoke.VarHandles source: shared objects file
[0.020s][info][class,load] java.lang.invoke.MethodHandleImpl$CountingWrapper$1 source: shared objects file
[0.020s][info][class,load] java.lang.invoke.MethodHandleImpl$Makers$3 source: shared objects file
[0.020s][info][class,load] java.lang.invoke.MethodHandleImpl$Makers$2 source: shared objects file
[0.020s][info][class,load] java.lang.invoke.MethodHandleImpl$Makers$1 source: shared objects file
[0.020s][info][class,load] jdk.internal.util.ReferencedKeySet source: shared objects file
[0.020s][info][class,load] sun.invoke.util.BytecodeDescriptor source: shared objects file
[0.020s][info][class,load] java.lang.invoke.MethodType$1 source: shared objects file
[0.020s][info][class,load] java.lang.invoke.BootstrapMethodInvoker source: shared objects file
[0.020s][info][class,load] java.lang.ref.Cleaner source: shared objects file
[0.020s][info][class,load] jdk.internal.ref.CleanerFactory source: shared objects file
[0.020s][info][class,load] java.lang.ref.Cleaner$Cleanable source: shared objects file
[0.020s][info][class,load] jdk.internal.util.DecimalDigits source: shared objects file
[0.020s][info][class,load] jdk.internal.math.ToDecimal source: shared objects file
[0.020s][info][class,load] jdk.internal.math.DoubleToDecimal source: shared objects file
[0.020s][info][class,load] sun.nio.ch.DirectBuffer source: shared objects file
[0.020s][info][class,load] jdk.internal.access.JavaLangModuleAccess source: shared objects file
[0.020s][info][class,load] java.nio.file.Watchable source: shared objects file
[0.020s][info][class,load] java.nio.file.Path source: shared objects file
[0.020s][info][class,load] java.lang.module.ModuleFinder source: shared objects file
[0.020s][info][class,load] java.io.ByteArrayOutputStream source: shared objects file
[0.020s][info][class,load] java.io.EOFException source: shared objects file
[0.020s][info][class,load] java.net.MalformedURLException source: shared objects file
[0.020s][info][class,load] sun.net.util.IPAddressUtil source: shared objects file
[0.020s][info][class,load] java.net.URLStreamHandler source: shared objects file
[0.020s][info][class,load] sun.net.www.protocol.jar.Handler source: shared objects file
[0.020s][info][class,load] java.net.URISyntaxException source: shared objects file
[0.020s][info][class,load] java.net.InetAddress source: shared objects file
[0.020s][info][class,load] java.net.UnknownHostException source: shared objects file
[0.020s][info][class,load] java.net.URL$ThreadTrackHolder source: shared objects file
[0.020s][info][class,load] jdk.internal.misc.ThreadTracker source: shared objects file
[0.020s][info][class,load] java.net.URLStreamHandlerFactory source: shared objects file
[0.020s][info][class,load] java.net.spi.URLStreamHandlerProvider source: shared objects file
[0.020s][info][class,load] java.util.ServiceLoader source: shared objects file
[0.020s][info][class,load] java.io.ObjectStreamException source: shared objects file
[0.020s][info][class,load] java.io.InvalidObjectException source: shared objects file
[0.020s][info][class,load] java.net.URL$DefaultFactory source: shared objects file
[0.020s][info][class,load] jdk.internal.access.JavaNetURLAccess source: shared objects file
[0.020s][info][class,load] java.net.URL$1 source: shared objects file
[0.020s][info][class,load] java.util.jar.Attributes source: shared objects file
[0.020s][info][class,load] java.util.jar.JarVerifier source: shared objects file
[0.020s][info][class,load] java.util.jar.Manifest$FastInputStream source: shared objects file
[0.020s][info][class,load] jdk.internal.loader.URLClassPath source: shared objects file
[0.020s][info][class,load] jdk.internal.loader.BuiltinClassLoader$LoadedModule source: shared objects file
[0.020s][info][class,load] java.lang.module.ModuleReader source: shared objects file
[0.020s][info][class,load] jdk.internal.loader.BuiltinClassLoader$1 source: shared objects file
[0.020s][info][class,load] jdk.internal.module.ModulePatcher$PatchedModuleReader source: shared objects file
[0.020s][info][class,load] jdk.internal.loader.Resource source: shared objects file
[0.020s][info][class,load] jdk.internal.access.JavaUtilJarAccess source: shared objects file
[0.020s][info][class,load] java.util.jar.Attributes$Name source: shared objects file
[0.020s][info][class,load] jdk.internal.loader.BuiltinClassLoader$2 source: shared objects file
[0.020s][info][class,load] jdk.internal.loader.ArchivedClassLoaders source: shared objects file
[0.020s][info][class,load] jdk.internal.module.ModulePatcher source: shared objects file
[0.020s][info][class,load] java.nio.file.OpenOption source: shared objects file
[0.020s][info][class,load] java.nio.file.CopyOption source: shared objects file
[0.020s][info][class,load] java.nio.file.LinkOption source: shared objects file
[0.020s][info][class,load] jdk.internal.loader.ClassLoaders$BootClassLoader source: shared objects file
[0.020s][info][class,load] sun.net.util.URLUtil source: shared objects file
[0.020s][info][class,load] java.util.concurrent.ConcurrentHashMap$Node source: shared objects file
[0.020s][info][class,load] java.util.concurrent.ConcurrentHashMap$Traverser source: shared objects file
[0.020s][info][class,load] java.util.concurrent.ConcurrentHashMap$ReservationNode source: shared objects file
[0.020s][info][class,load] java.util.concurrent.ConcurrentHashMap$ValuesView source: shared objects file
[0.020s][info][class,load] java.util.concurrent.ConcurrentHashMap$EntrySetView source: shared objects file
[0.020s][info][class,load] java.util.concurrent.locks.Lock source: shared objects file
[0.020s][info][class,load] java.util.concurrent.locks.ReentrantLock source: shared objects file
[0.020s][info][class,load] java.util.concurrent.ConcurrentHashMap$Segment source: shared objects file
[0.020s][info][class,load] java.util.AbstractMap$SimpleImmutableEntry source: shared objects file
[0.020s][info][class,load] java.util.concurrent.ConcurrentHashMap$BaseIterator source: shared objects file
[0.020s][info][class,load] java.util.concurrent.ConcurrentHashMap$KeyIterator source: shared objects file
[0.020s][info][class,load] java.util.concurrent.ConcurrentHashMap$ValueIterator source: shared objects file
[0.020s][info][class,load] java.util.random.RandomGenerator source: shared objects file
[0.020s][info][class,load] java.util.Random source: shared objects file
[0.020s][info][class,load] java.util.concurrent.ThreadLocalRandom source: shared objects file
[0.020s][info][class,load] java.util.concurrent.ConcurrentHashMap$CounterCell source: shared objects file
[0.020s][info][class,load] java.util.concurrent.ConcurrentHashMap$ForwardingNode source: shared objects file
[0.020s][info][class,load] java.util.concurrent.atomic.AtomicReference source: shared objects file
[0.020s][info][class,load] java.util.concurrent.locks.LockSupport source: shared objects file
[0.020s][info][class,load] java.util.concurrent.ConcurrentHashMap$KeySpliterator source: shared objects file
[0.020s][info][class,load] java.util.concurrent.ConcurrentHashMap$MapEntry source: shared objects file
[0.020s][info][class,load] java.util.concurrent.ConcurrentHashMap$EntryIterator source: shared objects file
[0.020s][info][class,load] java.util.AbstractMap$1 source: shared objects file
[0.020s][info][class,load] java.util.AbstractMap$2 source: shared objects file
[0.020s][info][class,load] java.util.AbstractMap$ValueIterator source: shared objects file
[0.020s][info][class,load] java.util.AbstractMap$KeyIterator source: shared objects file
[0.020s][info][class,load] java.util.NoSuchElementException source: shared objects file
[0.020s][info][class,load] java.util.ArrayList$Itr source: shared objects file
[0.020s][info][class,load] java.util.ArrayList$SubList source: shared objects file
[0.020s][info][class,load] java.util.ArrayList$ArrayListSpliterator source: shared objects file
[0.020s][info][class,load] java.util.function.UnaryOperator source: shared objects file
[0.020s][info][class,load] java.util.ListIterator source: shared objects file
[0.020s][info][class,load] java.util.ArrayList$SubList$1 source: shared objects file
[0.020s][info][class,load] java.util.AbstractList$RandomAccessSpliterator source: shared objects file
[0.020s][info][class,load] java.util.ImmutableCollections$AbstractImmutableCollection source: shared objects file
[0.020s][info][class,load] java.util.ImmutableCollections$AbstractImmutableList source: shared objects file
[0.020s][info][class,load] java.util.ImmutableCollections$List12 source: shared objects file
[0.020s][info][class,load] java.util.ImmutableCollections$ListN source: shared objects file
[0.020s][info][class,load] java.util.AbstractList$Itr source: shared objects file
[0.020s][info][class,load] java.util.AbstractList$ListItr source: shared objects file
[0.020s][info][class,load] java.lang.StackTraceElement$HashedModules source: shared objects file
[0.020s][info][class,load] java.lang.foreign.MemorySegment$Scope source: shared objects file
[0.020s][info][class,load] jdk.internal.foreign.MemorySessionImpl source: shared objects file
[0.020s][info][class,load] java.nio.Buffer$1 source: shared objects file
[0.020s][info][class,load] jdk.internal.access.JavaNioAccess source: shared objects file
[0.020s][info][class,load] java.nio.Buffer$2 source: shared objects file
[0.020s][info][class,load] java.nio.IntBuffer source: shared objects file
[0.020s][info][class,load] java.nio.LongBuffer source: shared objects file
[0.020s][info][class,load] java.lang.StackStreamFactory source: shared objects file
[0.020s][info][class,load] java.lang.StackStreamFactory$StackFrameTraverser source: shared objects file
[0.020s][info][class,load] java.lang.StackWalker$ExtendedOption source: shared objects file
[0.020s][info][class,load] java.lang.StackStreamFactory$FrameBuffer source: shared objects file
[0.020s][info][class,load] java.lang.StackStreamFactory$WalkerState source: shared objects file
[0.020s][info][class,load] java.lang.constant.ConstantDescs source: shared objects file
[0.020s][info][class,load] java.lang.Character$Subset source: shared objects file
[0.020s][info][class,load] java.lang.Character$UnicodeBlock source: shared objects file
[0.020s][info][class,load] jdk.internal.math.FloatingDecimal source: shared objects file
[0.020s][info][class,load] java.lang.NumberFormatException source: shared objects file
[0.020s][info][class,load] java.util.Comparators$NaturalOrderComparator source: shared objects file
[0.020s][info][class,load] jdk.internal.misc.OSEnvironment source: shared objects file
[0.020s][info][class,load] jdk.internal.misc.VM$BufferPool source: shared objects file
[0.020s][info][class,load] java.lang.Process source: shared objects file
[0.020s][info][class,load] java.io.Reader source: shared objects file
[0.020s][info][class,load] java.io.InputStreamReader source: shared objects file
[0.020s][info][class,load] java.io.BufferedReader source: shared objects file
[0.020s][info][class,load] java.util.ImmutableCollections$AbstractImmutableSet source: shared objects file
[0.020s][info][class,load] java.util.ImmutableCollections$Set12 source: shared objects file
[0.020s][info][class,load] java.util.ImmutableCollections$SetN source: shared objects file
[0.020s][info][class,load] java.util.ImmutableCollections$Set12$1 source: shared objects file
[0.020s][info][class,load] java.util.ImmutableCollections$MapN$MapNIterator source: shared objects file
[0.020s][info][class,load] java.util.ImmutableCollections$MapN$1 source: shared objects file
[0.020s][info][class,load] java.util.ImmutableCollections$SetN$SetNIterator source: shared objects file
[0.020s][info][class,load] java.util.ImmutableCollections$ListItr source: shared objects file
[0.020s][info][class,load] java.util.ImmutableCollections$Access source: shared objects file
[0.020s][info][class,load] jdk.internal.access.JavaUtilCollectionAccess source: shared objects file
[0.020s][info][class,load] java.util.ImmutableCollections$Access$1 source: shared objects file
[0.020s][info][class,load] java.security.Security source: shared objects file
[0.020s][info][class,load] java.io.DataOutput source: shared objects file
[0.020s][info][class,load] java.io.DataInput source: shared objects file
[0.020s][info][class,load] java.io.RandomAccessFile source: shared objects file
[0.020s][info][class,load] jdk.internal.access.JavaNetUriAccess source: shared objects file
[0.021s][info][class,load] jdk.internal.access.JavaIOFileDescriptorAccess source: shared objects file
[0.021s][info][class,load] jdk.internal.access.JavaSecurityPropertiesAccess source: shared objects file
[0.021s][info][class,load] jdk.internal.access.JavaUtilZipFileAccess source: shared objects file
[0.021s][info][class,load] jdk.internal.access.JavaUtilResourceBundleAccess source: shared objects file
[0.021s][info][class,load] jdk.internal.access.JavaIORandomAccessFileAccess source: shared objects file
[0.021s][info][class,load] jdk.internal.reflect.MethodHandleAccessorFactory source: shared objects file
[0.021s][info][class,load] java.io.Externalizable source: shared objects file
[0.021s][info][class,load] java.io.ObjectStreamClass source: shared objects file
[0.021s][info][class,load] java.lang.reflect.ClassFileFormatVersion source: shared objects file
[0.021s][info][class,load] jdk.internal.reflect.ReflectionFactory$Config source: shared objects file
[0.021s][info][class,load] java.security.GeneralSecurityException source: shared objects file
[0.021s][info][class,load] java.security.NoSuchAlgorithmException source: shared objects file
[0.021s][info][class,load] java.math.BigDecimal source: shared objects file
[0.021s][info][class,load] java.lang.ref.ReferenceQueue$Lock source: shared objects file
[0.021s][info][class,load] java.lang.ref.ReferenceQueue$Null source: shared objects file
[0.021s][info][class,load] java.lang.StringConcatHelper$Concat1 source: shared objects file
[0.021s][info][class,load] jdk.internal.util.SystemProps$Raw source: shared objects file
[0.021s][info][class,load] java.nio.charset.spi.CharsetProvider source: shared objects file
[0.021s][info][class,load] java.util.SortedMap source: shared objects file
[0.021s][info][class,load] java.util.NavigableMap source: shared objects file
[0.021s][info][class,load] java.util.TreeMap source: shared objects file
[0.021s][info][class,load] sun.nio.cs.StandardCharsets source: shared objects file
[0.021s][info][class,load] java.nio.charset.StandardCharsets source: shared objects file
[0.021s][info][class,load] sun.nio.cs.UTF_8$Decoder source: shared objects file
[0.021s][info][class,load] sun.nio.cs.UTF_8$Encoder source: shared objects file
[0.021s][info][class,load] sun.nio.cs.UTF_16 source: shared objects file
[0.021s][info][class,load] sun.nio.cs.UTF_16BE source: shared objects file
[0.021s][info][class,load] sun.nio.cs.UTF_16LE source: shared objects file
[0.021s][info][class,load] sun.nio.cs.UTF_32 source: shared objects file
[0.021s][info][class,load] sun.nio.cs.UTF_32BE source: shared objects file
[0.021s][info][class,load] sun.nio.cs.UTF_32LE source: shared objects file
[0.021s][info][class,load] java.util.HashMap$Node source: shared objects file
[0.021s][info][class,load] java.util.LinkedHashMap$Entry source: shared objects file
[0.021s][info][class,load] java.util.HashMap$TreeNode source: shared objects file
[0.021s][info][class,load] java.util.HashMap$KeySet source: shared objects file
[0.021s][info][class,load] java.util.HashMap$Values source: shared objects file
[0.021s][info][class,load] java.util.HashMap$EntrySet source: shared objects file
[0.021s][info][class,load] java.util.HashMap$HashMapSpliterator source: shared objects file
[0.021s][info][class,load] java.util.HashMap$EntrySpliterator source: shared objects file
[0.021s][info][class,load] java.util.HashMap$ValueSpliterator source: shared objects file
[0.021s][info][class,load] java.util.HashMap$KeySpliterator source: shared objects file
[0.021s][info][class,load] java.util.HashMap$HashIterator source: shared objects file
[0.021s][info][class,load] java.util.HashMap$EntryIterator source: shared objects file
[0.021s][info][class,load] java.util.HashMap$ValueIterator source: shared objects file
[0.021s][info][class,load] java.util.HashMap$KeyIterator source: shared objects file
[0.021s][info][class,load] java.lang.ApplicationShutdownHooks source: shared objects file
[0.021s][info][class,load] java.util.StringTokenizer source: shared objects file
[0.021s][info][class,load] java.lang.Runtime$Version source: shared objects file
[0.021s][info][class,load] java.util.concurrent.locks.AbstractQueuedSynchronizer source: shared objects file
[0.021s][info][class,load] java.util.concurrent.locks.ReentrantLock$Sync source: shared objects file
[0.021s][info][class,load] java.util.concurrent.locks.ReentrantLock$NonfairSync source: shared objects file
[0.021s][info][class,load] java.util.concurrent.locks.Condition source: shared objects file
[0.021s][info][class,load] java.util.concurrent.locks.AbstractQueuedSynchronizer$ConditionObject source: shared objects file
[0.021s][info][class,load] jdk.internal.misc.Blocker source: shared objects file
[0.021s][info][class,load] java.io.FileNotFoundException source: shared objects file
[0.021s][info][class,load] jdk.internal.ref.PhantomCleanable source: shared objects file
[0.021s][info][class,load] java.io.FileCleanable source: shared objects file
[0.021s][info][class,load] java.nio.channels.Channel source: shared objects file
[0.021s][info][class,load] java.nio.channels.InterruptibleChannel source: shared objects file
[0.021s][info][class,load] java.nio.channels.spi.AbstractInterruptibleChannel source: shared objects file
[0.021s][info][class,load] java.nio.channels.ReadableByteChannel source: shared objects file
[0.021s][info][class,load] java.nio.channels.WritableByteChannel source: shared objects file
[0.021s][info][class,load] java.nio.channels.ByteChannel source: shared objects file
[0.021s][info][class,load] java.nio.channels.SeekableByteChannel source: shared objects file
[0.021s][info][class,load] java.nio.channels.GatheringByteChannel source: shared objects file
[0.021s][info][class,load] java.nio.channels.ScatteringByteChannel source: shared objects file
[0.021s][info][class,load] java.nio.channels.FileChannel source: shared objects file
[0.021s][info][class,load] java.io.FileInputStream$1 source: shared objects file
[0.021s][info][class,load] sun.nio.ch.FileChannelImpl source: shared objects file
[0.021s][info][class,load] java.io.FileDescriptor$1 source: shared objects file
[0.021s][info][class,load] java.util.Locale$Category source: shared objects file
[0.021s][info][class,load] sun.nio.cs.StreamEncoder source: shared objects file
[0.021s][info][class,load] java.util.TimSort source: shared objects file
[0.021s][info][class,load] java.util.Arrays$LegacyMergeSort source: shared objects file
[0.021s][info][class,load] java.util.ComparableTimSort source: shared objects file
[0.021s][info][class,load] java.util.Arrays$ArrayList source: shared objects file
[0.021s][info][class,load] java.util.Arrays$ArrayItr source: shared objects file
[0.021s][info][class,load] java.nio.ByteOrder source: shared objects file
[0.021s][info][class,load] java.nio.MappedByteBuffer source: shared objects file
[0.021s][info][class,load] java.nio.DirectByteBuffer source: shared objects file
[0.021s][info][class,load] java.nio.HeapByteBuffer source: shared objects file
[0.021s][info][class,load] java.nio.Bits source: shared objects file
[0.021s][info][class,load] jdk.internal.util.Preconditions$4 source: shared objects file
[0.021s][info][class,load] jdk.internal.util.Preconditions$1 source: shared objects file
[0.021s][info][class,load] jdk.internal.util.Preconditions$2 source: shared objects file
[0.021s][info][class,load] jdk.internal.util.Preconditions$3 source: shared objects file
[0.021s][info][class,load] jdk.internal.misc.Signal$Handler source: shared objects file
[0.021s][info][class,load] java.lang.Terminator$1 source: shared objects file
[0.021s][info][class,load] jdk.internal.misc.Signal$NativeHandler source: shared objects file
[0.021s][info][class,load] java.util.Collections$UnmodifiableCollection source: shared objects file
[0.021s][info][class,load] java.util.Collections$UnmodifiableSet source: shared objects file
[0.021s][info][class,load] java.util.SortedSet source: shared objects file
[0.021s][info][class,load] java.util.NavigableSet source: shared objects file
[0.021s][info][class,load] java.util.Collections$UnmodifiableList source: shared objects file
[0.021s][info][class,load] java.util.Collections$UnmodifiableRandomAccessList source: shared objects file
[0.021s][info][class,load] java.util.Collections$UnmodifiableMap source: shared objects file
[0.021s][info][class,load] java.util.Collections$SynchronizedMap source: shared objects file
[0.021s][info][class,load] java.util.Collections$EmptyIterator source: shared objects file
[0.021s][info][class,load] java.util.Collections$EmptyEnumeration source: shared objects file
[0.021s][info][class,load] java.util.Collections$SingletonSet source: shared objects file
[0.021s][info][class,load] java.util.Collections$1 source: shared objects file
[0.021s][info][class,load] java.util.Collections$2 source: shared objects file
[0.021s][info][class,load] java.util.Collections$SingletonList source: shared objects file
[0.021s][info][class,load] java.util.Collections$SingletonMap source: shared objects file
[0.021s][info][class,load] java.util.Collections$ReverseComparator source: shared objects file
[0.021s][info][class,load] java.util.Collections$ReverseComparator2 source: shared objects file
[0.021s][info][class,load] java.util.Collections$3 source: shared objects file
[0.021s][info][class,load] java.util.Collections$SetFromMap source: shared objects file
[0.021s][info][class,load] java.util.Queue source: shared objects file
[0.021s][info][class,load] java.util.Deque source: shared objects file
[0.021s][info][class,load] java.util.Collections$EmptySet source: shared objects file
[0.021s][info][class,load] java.util.Collections$EmptyList source: shared objects file
[0.021s][info][class,load] java.util.Collections$EmptyMap source: shared objects file
[0.021s][info][class,load] java.util.Collections$UnmodifiableMap$UnmodifiableEntrySet source: shared objects file
[0.021s][info][class,load] java.util.Collections$UnmodifiableMap$UnmodifiableEntrySet$UnmodifiableEntry source: shared objects file
[0.021s][info][class,load] java.util.Collections$UnmodifiableMap$UnmodifiableEntrySet$UnmodifiableEntrySetSpliterator source: shared objects file
[0.021s][info][class,load] java.util.Collections$UnmodifiableMap$UnmodifiableEntrySet$1 source: shared objects file
[0.021s][info][class,load] java.util.Collections$UnmodifiableCollection$1 source: shared objects file
[0.021s][info][class,load] jdk.internal.util.ClassFileDumper source: shared objects file
[0.021s][info][class,load] java.lang.CharacterData00 source: shared objects file
[0.021s][info][class,load] java.util.concurrent.atomic.AtomicInteger source: shared objects file
[0.021s][info][class,load] java.nio.file.attribute.FileAttribute source: shared objects file
[0.021s][info][class,load] java.nio.file.Files source: shared objects file
[0.021s][info][class,load] jdk.internal.module.ModuleBootstrap$Counters source: shared objects file
[0.021s][info][class,load] jdk.internal.module.ArchivedBootLayer source: shared objects file
[0.021s][info][class,load] jdk.internal.module.ArchivedModuleGraph source: shared objects file
[0.021s][info][class,load] jdk.internal.module.SystemModuleFinders source: shared objects file
[0.021s][info][class,load] jdk.internal.module.SystemModules source: shared objects file
[0.021s][info][class,load] jdk.internal.module.ModuleResolution source: shared objects file
[0.021s][info][class,load] java.lang.module.ModuleDescriptor$Modifier source: shared objects file
[0.021s][info][class,load] java.lang.module.ModuleDescriptor$Builder source: shared objects file
[0.021s][info][class,load] java.lang.module.ModuleDescriptor$1 source: shared objects file
[0.021s][info][class,load] java.lang.module.ModuleDescriptor$Provides source: shared objects file
[0.021s][info][class,load] java.lang.module.ModuleDescriptor$Requires source: shared objects file
[0.021s][info][class,load] java.lang.module.ModuleDescriptor$Requires$Modifier source: shared objects file
[0.021s][info][class,load] java.util.BitSet source: shared objects file
[0.021s][info][class,load] java.lang.invoke.MethodHandles$1 source: shared objects file
[0.021s][info][class,load] java.lang.invoke.MethodHandles$Lookup$ClassDefiner source: shared objects file
[0.021s][info][class,load] java.lang.invoke.MethodHandles$Lookup$ClassOption source: shared objects file
[0.021s][info][class,load] jdk.internal.reflect.Reflection$1Holder source: shared objects file
[0.021s][info][class,load] java.lang.classfile.CompoundElement source: shared objects file
[0.021s][info][class,load] java.lang.classfile.AttributedElement source: shared objects file
[0.021s][info][class,load] java.lang.classfile.ClassModel source: shared objects file
[0.021s][info][class,load] java.lang.classfile.constantpool.PoolEntry source: shared objects file
[0.021s][info][class,load] java.lang.classfile.constantpool.LoadableConstantEntry source: shared objects file
[0.021s][info][class,load] java.lang.classfile.constantpool.ClassEntry source: shared objects file
[0.021s][info][class,load] java.lang.invoke.InfoFromMemberName source: shared objects file
[0.021s][info][class,load] java.io.FileSystem source: shared objects file
[0.021s][info][class,load] java.io.File$PathStatus source: shared objects file
[0.021s][info][class,load] java.nio.file.FileSystems source: shared objects file
[0.021s][info][class,load] java.nio.file.FileSystem source: shared objects file
[0.021s][info][class,load] java.io.DefaultFileSystem source: shared objects file
[0.021s][info][class,load] java.io.UnixFileSystem source: shared objects file
[0.021s][info][class,load] jdk.internal.module.ModuleReferenceImpl source: shared objects file
[0.021s][info][class,load] java.util.zip.ZipEntry source: shared objects file
[0.021s][info][class,load] java.util.jar.JarEntry source: shared objects file
[0.021s][info][class,load] java.nio.file.attribute.BasicFileAttributes source: shared objects file
[0.021s][info][class,load] java.nio.file.Paths source: shared objects file
[0.021s][info][class,load] jdk.internal.module.ModuleTarget source: shared objects file
[0.021s][info][class,load] jdk.internal.module.ModuleHashes source: shared objects file
[0.021s][info][class,load] jdk.internal.module.ModuleHashes$HashSupplier source: shared objects file
[0.021s][info][class,load] jdk.internal.module.Checks source: shared objects file
[0.021s][info][class,load] jdk.internal.module.ModuleLoaderMap$Modules source: shared objects file
[0.021s][info][class,load] jdk.internal.module.ModuleLoaderMap$Mapper source: shared objects file
[0.021s][info][class,load] jdk.internal.module.SystemModulesMap source: shared objects file
[0.021s][info][class,load] jdk.internal.module.SystemModuleFinders$SystemModuleFinder source: shared objects file
[0.021s][info][class,load] jdk.internal.module.SystemModuleFinders$SystemImage source: shared objects file
[0.021s][info][class,load] jdk.internal.jimage.ImageReader source: shared objects file
[0.021s][info][class,load] jdk.internal.module.SystemModuleFinders$1 source: shared objects file
[0.021s][info][class,load] jdk.internal.module.SystemModuleFinders$2 source: shared objects file
[0.021s][info][class,load] jdk.internal.jimage.ImageLocation source: shared objects file
[0.021s][info][class,load] jdk.internal.module.SystemModuleFinders$SystemModuleReader source: shared objects file
[0.021s][info][class,load] java.net.URI$Parser source: shared objects file
[0.021s][info][class,load] java.net.URI$1 source: shared objects file
[0.021s][info][class,load] jdk.internal.module.SystemModules$all source: shared objects file
[0.021s][info][class,load] jdk.internal.module.SystemModules$default source: shared objects file
[0.021s][info][class,load] jdk.internal.module.Builder source: shared objects file
[0.021s][info][class,load] jdk.internal.module.ModuleHashes$Builder source: shared objects file
[0.021s][info][class,load] java.lang.reflect.AccessFlag$AccessFlagSet source: shared objects file
[0.021s][info][class,load] jdk.internal.loader.NativeLibraries$NativeLibraryContext source: shared objects file
[0.021s][info][class,load] jdk.internal.loader.NativeLibraries$NativeLibraryImpl source: shared objects file
[0.021s][info][class,load] jdk.internal.loader.NativeLibraries$LibraryPaths source: shared objects file
[0.021s][info][class,load] jdk.internal.loader.ClassLoaderHelper source: shared objects file
[0.021s][info][class,load] jdk.internal.loader.NativeLibraries$1 source: shared objects file
[0.021s][info][class,load] jdk.internal.loader.NativeLibraries$CountedLock source: shared objects file
[0.021s][info][class,load] jdk.internal.loader.NativeLibraries$2 source: shared objects file
[0.021s][info][class,load] jdk.internal.loader.NativeLibraries$NativeLibraryContext$1 source: shared objects file
[0.021s][info][class,load] jdk.internal.util.OSVersion source: shared objects file
[0.021s][info][class,load] java.io.NotSerializableException source: shared objects file
[0.021s][info][class,load] java.util.WeakHashMap$Entry source: shared objects file
[0.021s][info][class,load] java.util.WeakHashMap$KeySet source: shared objects file
[0.021s][info][class,load] java.util.WeakHashMap$HashIterator source: shared objects file
[0.021s][info][class,load] java.util.WeakHashMap$KeyIterator source: shared objects file
[0.021s][info][class,load] java.util.ArrayDeque source: shared objects file
[0.021s][info][class,load] jdk.internal.loader.URLClassPath$Loader source: shared objects file
[0.021s][info][class,load] sun.net.www.ParseUtil source: shared objects file
[0.021s][info][class,load] jdk.internal.loader.URLClassPath$1 source: shared objects file
[0.021s][info][class,load] jdk.internal.loader.URLClassPath$JarLoader source: shared objects file
[0.021s][info][class,load] jdk.internal.loader.URLClassPath$JarLoader$1 source: shared objects file
[0.021s][info][class,load] jdk.internal.loader.URLClassPath$Loader$1 source: shared objects file
[0.021s][info][class,load] sun.net.www.protocol.file.Handler source: shared objects file
[0.021s][info][class,load] sun.net.www.protocol.jrt.Handler source: shared objects file
[0.021s][info][class,load] java.net.SocketException source: shared objects file
[0.021s][info][class,load] sun.net.util.IPAddressUtil$MASKS source: shared objects file
[0.021s][info][class,load] java.util.ArrayDeque$DeqIterator source: shared objects file
[0.021s][info][class,load] jdk.internal.module.ServicesCatalog$ServiceProvider source: shared objects file
[0.021s][info][class,load] jdk.internal.loader.AbstractClassLoaderValue source: shared objects file
[0.021s][info][class,load] jdk.internal.loader.ClassLoaderValue source: shared objects file
[0.021s][info][class,load] jdk.internal.loader.AbstractClassLoaderValue$Sub source: shared objects file
[0.021s][info][class,load] jdk.internal.loader.AbstractClassLoaderValue$Memoizer source: shared objects file
[0.021s][info][class,load] java.lang.ModuleLayer$Controller source: shared objects file
[0.021s][info][class,load] java.lang.reflect.UndeclaredThrowableException source: shared objects file
[0.021s][info][class,load] java.util.concurrent.CopyOnWriteArrayList$COWIterator source: shared objects file
[0.021s][info][class,load] java.util.Spliterators$EmptySpliterator source: shared objects file
[0.021s][info][class,load] java.util.Spliterators$EmptySpliterator$OfRef source: shared objects file
[0.021s][info][class,load] java.util.Spliterators$ArraySpliterator source: shared objects file
[0.021s][info][class,load] java.util.Spliterators$IteratorSpliterator source: shared objects file
[0.021s][info][class,load] java.util.Spliterators$1Adapter source: shared objects file
[0.021s][info][class,load] java.util.Spliterators$AbstractSpliterator source: shared objects file
[0.021s][info][class,load] java.util.stream.ReferencePipeline$Head source: shared objects file
[0.021s][info][class,load] java.util.stream.StreamOpFlag source: shared objects file
[0.021s][info][class,load] java.util.stream.IntPipeline$Head source: shared objects file
[0.021s][info][class,load] java.util.stream.StreamShape source: shared objects file
[0.021s][info][class,load] java.util.stream.Nodes source: shared objects file
[0.021s][info][class,load] java.util.stream.StreamSpliterators$AbstractWrappingSpliterator source: shared objects file
[0.021s][info][class,load] java.util.stream.StreamSpliterators$WrappingSpliterator source: shared objects file
[0.021s][info][class,load] java.util.stream.ReferencePipeline$StatelessOp source: shared objects file
[0.021s][info][class,load] java.util.stream.ReferencePipeline$2 source: shared objects file
[0.021s][info][class,load] java.util.stream.ReferencePipeline$3 source: shared objects file
[0.021s][info][class,load] java.util.stream.IntPipeline$StatelessOp source: shared objects file
[0.021s][info][class,load] java.util.stream.ReferencePipeline$4 source: shared objects file
[0.021s][info][class,load] java.util.stream.ReferencePipeline$7 source: shared objects file
[0.021s][info][class,load] java.util.stream.DistinctOps source: shared objects file
[0.021s][info][class,load] java.util.stream.SliceOps source: shared objects file
[0.021s][info][class,load] java.util.stream.ForEachOps source: shared objects file
[0.021s][info][class,load] java.util.stream.Node source: shared objects file
[0.021s][info][class,load] java.util.stream.MatchOps$MatchKind source: shared objects file
[0.021s][info][class,load] java.util.stream.ReduceOps source: shared objects file
[0.021s][info][class,load] java.util.stream.Collector source: shared objects file
[0.021s][info][class,load] java.util.stream.Collector$Characteristics source: shared objects file
[0.021s][info][class,load] java.util.stream.ReferencePipeline$StatefulOp source: shared objects file
[0.021s][info][class,load] java.util.stream.ReferencePipeline$7$1FlatMap source: shared objects file
[0.021s][info][class,load] java.util.stream.Sink$ChainedReference source: shared objects file
[0.021s][info][class,load] java.util.stream.ReferencePipeline$4$1 source: shared objects file
[0.021s][info][class,load] java.util.stream.ReferencePipeline$3$1 source: shared objects file
[0.021s][info][class,load] java.util.stream.ReferencePipeline$2$1 source: shared objects file
[0.021s][info][class,load] java.util.stream.Node$Builder source: shared objects file
[0.021s][info][class,load] java.util.stream.Streams$AbstractStreamBuilderImpl source: shared objects file
[0.021s][info][class,load] java.util.stream.Stream$Builder source: shared objects file
[0.021s][info][class,load] java.util.stream.Streams$StreamBuilderImpl source: shared objects file
[0.021s][info][class,load] java.util.stream.Streams$ConcatSpliterator source: shared objects file
[0.021s][info][class,load] java.util.stream.Streams$ConcatSpliterator$OfRef source: shared objects file
[0.021s][info][class,load] java.util.stream.Streams source: shared objects file
[0.021s][info][class,load] java.util.stream.AbstractSpinedBuffer source: shared objects file
[0.021s][info][class,load] java.util.stream.SpinedBuffer source: shared objects file
[0.021s][info][class,load] java.util.stream.TerminalOp source: shared objects file
[0.021s][info][class,load] java.util.stream.StreamOpFlag$MaskBuilder source: shared objects file
[0.021s][info][class,load] java.util.EnumMap source: shared objects file
[0.021s][info][class,load] java.util.stream.StreamOpFlag$Type source: shared objects file
[0.021s][info][class,load] java.util.EnumMap$1 source: shared objects file
[0.021s][info][class,load] java.lang.PublicMethods$Key source: shared objects file
[0.021s][info][class,load] java.lang.annotation.RetentionPolicy source: shared objects file
[0.021s][info][class,load] sun.reflect.annotation.AnnotationTypeMismatchExceptionProxy source: shared objects file
[0.021s][info][class,load] java.lang.reflect.InvocationHandler source: shared objects file
[0.021s][info][class,load] sun.reflect.annotation.AnnotationInvocationHandler source: shared objects file
[0.021s][info][class,load] sun.reflect.generics.parser.SignatureParser source: shared objects file
[0.021s][info][class,load] sun.reflect.generics.visitor.TypeTreeVisitor source: shared objects file
[0.021s][info][class,load] sun.reflect.generics.visitor.Reifier source: shared objects file
[0.021s][info][class,load] sun.reflect.generics.tree.Tree source: shared objects file
[0.021s][info][class,load] sun.reflect.generics.tree.TypeTree source: shared objects file
[0.021s][info][class,load] sun.reflect.generics.tree.ReturnType source: shared objects file
[0.021s][info][class,load] sun.reflect.generics.tree.TypeSignature source: shared objects file
[0.021s][info][class,load] jdk.internal.reflect.DirectMethodHandleAccessor source: shared objects file
[0.021s][info][class,load] jdk.internal.reflect.MethodHandleAccessorFactory$LazyStaticHolder source: shared objects file
[0.021s][info][class,load] jdk.internal.util.ReferencedKeyMap source: shared objects file
[0.021s][info][class,load] jdk.internal.util.ReferenceKey source: shared objects file
[0.021s][info][class,load] jdk.internal.util.ReferencedKeyMap$1 source: shared objects file
[0.021s][info][class,load] jdk.internal.util.SoftReferenceKey source: shared objects file
[0.021s][info][class,load] jdk.internal.util.WeakReferenceKey source: shared objects file
[0.021s][info][class,load] jdk.internal.util.StrongReferenceKey source: shared objects file
[0.021s][info][class,load] sun.invoke.util.Wrapper$Format source: shared objects file
[0.021s][info][class,load] jdk.internal.constant.MethodTypeDescImpl source: shared objects file
[0.021s][info][class,load] jdk.internal.constant.ClassOrInterfaceDescImpl source: shared objects file
[0.021s][info][class,load] jdk.internal.constant.PrimitiveClassDescImpl source: shared objects file
[0.021s][info][class,load] jdk.internal.constant.ArrayClassDescImpl source: shared objects file
[0.021s][info][class,load] java.lang.constant.MethodHandleDesc$1 source: shared objects file
[0.021s][info][class,load] jdk.internal.constant.DirectMethodHandleDescImpl source: shared objects file
[0.021s][info][class,load] jdk.internal.constant.DirectMethodHandleDescImpl$1 source: shared objects file
[0.021s][info][class,load] java.lang.constant.DynamicConstantDesc$AnonymousDynamicConstantDesc source: shared objects file
[0.021s][info][class,load] sun.invoke.util.ValueConversions$WrapperCache source: shared objects file
[0.021s][info][class,load] sun.invoke.util.ValueConversions$1 source: shared objects file
[0.021s][info][class,load] java.lang.classfile.TypeKind source: shared objects file
[0.021s][info][class,load] java.lang.invoke.ClassSpecializer source: shared objects file
[0.021s][info][class,load] java.lang.invoke.BoundMethodHandle$Species_L source: shared objects file
[0.021s][info][class,load] java.lang.invoke.BoundMethodHandle$Species_I source: shared objects file
[0.021s][info][class,load] java.lang.invoke.BoundMethodHandle$Species_D source: shared objects file
[0.021s][info][class,load] java.lang.classfile.constantpool.ConstantPool source: shared objects file
[0.021s][info][class,load] java.lang.classfile.constantpool.ConstantPoolBuilder source: shared objects file
[0.021s][info][class,load] java.lang.invoke.InvokerBytecodeGenerator$ClassData source: shared objects file
[0.021s][info][class,load] java.lang.invoke.InvokerBytecodeGenerator$1 source: shared objects file
[0.021s][info][class,load] java.lang.invoke.InvokerBytecodeGenerator$2 source: shared objects file
[0.021s][info][class,load] java.lang.classfile.CodeBuilder source: shared objects file
[0.021s][info][class,load] java.lang.invoke.TypeConvertingMethodAdapter source: shared objects file
[0.021s][info][class,load] java.lang.invoke.InvokerBytecodeGenerator$8 source: shared objects file
[0.021s][info][class,load] java.lang.invoke.InvokerBytecodeGenerator$3 source: shared objects file
[0.021s][info][class,load] java.lang.invoke.InvokerBytecodeGenerator$4 source: shared objects file
[0.021s][info][class,load] java.lang.classfile.Opcode source: shared objects file
[0.021s][info][class,load] java.lang.classfile.instruction.SwitchCase source: shared objects file
[0.021s][info][class,load] java.lang.classfile.AnnotationElement source: shared objects file
[0.021s][info][class,load] java.lang.classfile.Annotation source: shared objects file
[0.021s][info][class,load] java.lang.classfile.Label source: shared objects file
[0.021s][info][class,load] java.lang.invoke.InvokerBytecodeGenerator$4$1 source: shared objects file
[0.021s][info][class,load] jdk.internal.classfile.impl.AnnotationImpl$AnnotationElementImpl source: shared objects file
[0.021s][info][class,load] jdk.internal.classfile.impl.TemporaryConstantPool source: shared objects file
[0.021s][info][class,load] java.lang.classfile.AnnotationValue source: shared objects file
[0.021s][info][class,load] jdk.internal.classfile.impl.AnnotationImpl source: shared objects file
[0.021s][info][class,load] java.lang.classfile.AnnotationValue$OfClass source: shared objects file
[0.021s][info][class,load] java.lang.classfile.AnnotationValue$OfConstant source: shared objects file
[0.021s][info][class,load] java.lang.classfile.AnnotationValue$OfString source: shared objects file
[0.021s][info][class,load] java.lang.classfile.AnnotationValue$OfLong source: shared objects file
[0.021s][info][class,load] java.lang.classfile.AnnotationValue$OfInt source: shared objects file
[0.021s][info][class,load] java.lang.classfile.AnnotationValue$OfChar source: shared objects file
[0.021s][info][class,load] java.lang.classfile.AnnotationValue$OfShort source: shared objects file
[0.021s][info][class,load] java.lang.classfile.AnnotationValue$OfByte source: shared objects file
[0.021s][info][class,load] java.lang.classfile.AnnotationValue$OfBoolean source: shared objects file
[0.021s][info][class,load] java.lang.classfile.AnnotationValue$OfDouble source: shared objects file
[0.021s][info][class,load] java.lang.classfile.AnnotationValue$OfFloat source: shared objects file
[0.021s][info][class,load] java.lang.classfile.AnnotationValue$OfAnnotation source: shared objects file
[0.021s][info][class,load] java.lang.classfile.AnnotationValue$OfArray source: shared objects file
[0.021s][info][class,load] jdk.internal.classfile.impl.Util source: shared objects file
[0.021s][info][class,load] jdk.internal.classfile.impl.AbstractPoolEntry source: shared objects file
[0.021s][info][class,load] java.lang.classfile.constantpool.AnnotationConstantValueEntry source: shared objects file
[0.021s][info][class,load] java.lang.classfile.constantpool.Utf8Entry source: shared objects file
[0.021s][info][class,load] jdk.internal.classfile.impl.AbstractPoolEntry$Utf8EntryImpl source: shared objects file
[0.021s][info][class,load] java.lang.classfile.constantpool.ConstantValueEntry source: shared objects file
[0.021s][info][class,load] java.lang.classfile.constantpool.IntegerEntry source: shared objects file
[0.021s][info][class,load] jdk.internal.classfile.impl.AbstractPoolEntry$IntegerEntryImpl source: shared objects file
[0.021s][info][class,load] jdk.internal.classfile.impl.AbstractPoolEntry$AbstractRefEntry source: shared objects file
[0.021s][info][class,load] jdk.internal.classfile.impl.AbstractPoolEntry$AbstractNamedEntry source: shared objects file
[0.021s][info][class,load] jdk.internal.classfile.impl.AbstractPoolEntry$ClassEntryImpl source: shared objects file
[0.022s][info][class,load] jdk.internal.classfile.impl.AbstractPoolEntry$AbstractRefsEntry source: shared objects file
[0.022s][info][class,load] java.lang.classfile.constantpool.NameAndTypeEntry source: shared objects file
[0.022s][info][class,load] jdk.internal.classfile.impl.AbstractPoolEntry$NameAndTypeEntryImpl source: shared objects file
[0.022s][info][class,load] java.lang.classfile.constantpool.MemberRefEntry source: shared objects file
[0.022s][info][class,load] jdk.internal.classfile.impl.AbstractPoolEntry$AbstractMemberRefEntry source: shared objects file
[0.022s][info][class,load] java.lang.classfile.constantpool.FieldRefEntry source: shared objects file
[0.022s][info][class,load] jdk.internal.classfile.impl.AbstractPoolEntry$FieldRefEntryImpl source: shared objects file
[0.022s][info][class,load] java.lang.classfile.constantpool.MethodRefEntry source: shared objects file
[0.022s][info][class,load] jdk.internal.classfile.impl.AbstractPoolEntry$MethodRefEntryImpl source: shared objects file
[0.022s][info][class,load] java.lang.classfile.constantpool.InterfaceMethodRefEntry source: shared objects file
[0.022s][info][class,load] jdk.internal.classfile.impl.AbstractPoolEntry$InterfaceMethodRefEntryImpl source: shared objects file
[0.022s][info][class,load] java.lang.classfile.constantpool.StringEntry source: shared objects file
[0.022s][info][class,load] jdk.internal.classfile.impl.AbstractPoolEntry$StringEntryImpl source: shared objects file
[0.022s][info][class,load] jdk.internal.classfile.impl.SplitConstantPool source: shared objects file
[0.022s][info][class,load] java.lang.classfile.ClassReader source: shared objects file
[0.022s][info][class,load] jdk.internal.classfile.impl.ClassReaderImpl source: shared objects file
[0.022s][info][class,load] jdk.internal.classfile.impl.AbstractPoolEntry$Utf8EntryImpl$State source: shared objects file
[0.022s][info][class,load] java.lang.classfile.BufWriter source: shared objects file
[0.022s][info][class,load] jdk.internal.classfile.impl.BufWriterImpl source: shared objects file
[0.022s][info][class,load] jdk.internal.classfile.impl.AnnotationImpl$OfClassImpl source: shared objects file
[0.022s][info][class,load] java.lang.classfile.AnnotationValue$OfEnum source: shared objects file
[0.022s][info][class,load] jdk.internal.classfile.impl.AnnotationImpl$OfEnumImpl source: shared objects file
[0.022s][info][class,load] jdk.internal.classfile.impl.AnnotationImpl$OfArrayImpl source: shared objects file
[0.022s][info][class,load] jdk.internal.classfile.impl.AnnotationImpl$OfBooleanImpl source: shared objects file
[0.022s][info][class,load] jdk.internal.classfile.impl.AnnotationImpl$OfIntImpl source: shared objects file
[0.022s][info][class,load] jdk.internal.classfile.impl.AnnotationImpl$OfStringImpl source: shared objects file
[0.022s][info][class,load] jdk.internal.classfile.impl.AbstractElement source: shared objects file
[0.022s][info][class,load] jdk.internal.classfile.impl.Util$Writable source: shared objects file
[0.022s][info][class,load] jdk.internal.classfile.impl.UnboundAttribute source: shared objects file
[0.022s][info][class,load] jdk.internal.classfile.impl.UnboundAttribute$UnboundRuntimeVisibleAnnotationsAttribute source: shared objects file
[0.022s][info][class,load] jdk.internal.classfile.impl.BoundAttribute source: shared objects file
[0.022s][info][class,load] jdk.internal.classfile.impl.BoundAttribute$BoundRuntimeVisibleAnnotationsAttribute source: shared objects file
[0.022s][info][class,load] java.lang.classfile.attribute.AnnotationDefaultAttribute source: shared objects file
[0.022s][info][class,load] java.lang.classfile.attribute.BootstrapMethodsAttribute source: shared objects file
[0.022s][info][class,load] java.lang.classfile.CodeModel source: shared objects file
[0.022s][info][class,load] java.lang.classfile.attribute.CodeAttribute source: shared objects file
[0.022s][info][class,load] java.lang.classfile.attribute.DeprecatedAttribute source: shared objects file
[0.022s][info][class,load] java.lang.classfile.attribute.ExceptionsAttribute source: shared objects file
[0.022s][info][class,load] java.lang.classfile.attribute.InnerClassesAttribute source: shared objects file
[0.022s][info][class,load] java.lang.classfile.attribute.MethodParametersAttribute source: shared objects file
[0.022s][info][class,load] java.lang.classfile.attribute.NestHostAttribute source: shared objects file
[0.022s][info][class,load] java.lang.classfile.attribute.NestMembersAttribute source: shared objects file
[0.022s][info][class,load] java.lang.classfile.attribute.RuntimeInvisibleAnnotationsAttribute source: shared objects file
[0.022s][info][class,load] java.lang.classfile.attribute.RuntimeInvisibleParameterAnnotationsAttribute source: shared objects file
[0.022s][info][class,load] java.lang.classfile.CodeElement source: shared objects file
[0.022s][info][class,load] java.lang.classfile.attribute.RuntimeVisibleTypeAnnotationsAttribute source: shared objects file
[0.022s][info][class,load] java.lang.classfile.attribute.SignatureAttribute source: shared objects file
[0.022s][info][class,load] java.lang.classfile.attribute.SourceDebugExtensionAttribute source: shared objects file
[0.022s][info][class,load] java.lang.classfile.attribute.SourceFileAttribute source: shared objects file
[0.022s][info][class,load] java.lang.classfile.attribute.StackMapTableAttribute source: shared objects file
[0.022s][info][class,load] java.lang.classfile.CustomAttribute source: shared objects file
[0.022s][info][class,load] java.lang.classfile.Superclass source: shared objects file
[0.022s][info][class,load] java.lang.classfile.Interfaces source: shared objects file
[0.022s][info][class,load] java.lang.classfile.ClassFileVersion source: shared objects file
[0.022s][info][class,load] java.lang.classfile.FieldModel source: shared objects file
[0.022s][info][class,load] java.lang.classfile.MethodModel source: shared objects file
[0.022s][info][class,load] java.lang.classfile.Attributes source: shared objects file
[0.022s][info][class,load] java.lang.classfile.AttributeMapper source: shared objects file
[0.022s][info][class,load] jdk.internal.classfile.impl.AbstractDirectBuilder source: shared objects file
[0.022s][info][class,load] jdk.internal.classfile.impl.DirectClassBuilder source: shared objects file
[0.022s][info][class,load] jdk.internal.classfile.impl.LabelContext source: shared objects file
[0.022s][info][class,load] jdk.internal.classfile.impl.TerminalCodeBuilder source: shared objects file
[0.022s][info][class,load] jdk.internal.classfile.impl.DirectCodeBuilder source: shared objects file
[0.022s][info][class,load] java.lang.classfile.MethodBuilder source: shared objects file
[0.022s][info][class,load] jdk.internal.classfile.impl.MethodInfo source: shared objects file
[0.022s][info][class,load] jdk.internal.classfile.impl.TerminalMethodBuilder source: shared objects file
[0.022s][info][class,load] jdk.internal.classfile.impl.DirectMethodBuilder source: shared objects file
[0.022s][info][class,load] java.lang.classfile.FieldBuilder source: shared objects file
[0.022s][info][class,load] jdk.internal.classfile.impl.TerminalFieldBuilder source: shared objects file
[0.022s][info][class,load] jdk.internal.classfile.impl.DirectFieldBuilder source: shared objects file
[0.022s][info][class,load] jdk.internal.classfile.impl.UnboundAttribute$AdHocAttribute source: shared objects file
[0.022s][info][class,load] java.lang.classfile.attribute.InnerClassInfo source: shared objects file
[0.022s][info][class,load] jdk.internal.classfile.impl.UnboundAttribute$UnboundInnerClassInfo source: shared objects file
[0.022s][info][class,load] jdk.internal.classfile.impl.UnboundAttribute$UnboundStackMapTableAttribute source: shared objects file
[0.022s][info][class,load] jdk.internal.classfile.impl.UnboundAttribute$UnboundSourceFileAttribute source: shared objects file
[0.022s][info][class,load] jdk.internal.classfile.impl.UnboundAttribute$UnboundExceptionsAttribute source: shared objects file
[0.022s][info][class,load] jdk.internal.classfile.impl.AbstractAttributeMapper source: shared objects file
[0.022s][info][class,load] jdk.internal.classfile.impl.AbstractAttributeMapper$AnnotationDefaultMapper source: shared objects file
[0.022s][info][class,load] jdk.internal.classfile.impl.AbstractAttributeMapper$BootstrapMethodsMapper source: shared objects file
[0.022s][info][class,load] jdk.internal.classfile.impl.AbstractAttributeMapper$CodeMapper source: shared objects file
[0.022s][info][class,load] jdk.internal.classfile.impl.AbstractAttributeMapper$DeprecatedMapper source: shared objects file
[0.022s][info][class,load] jdk.internal.classfile.impl.AbstractAttributeMapper$ExceptionsMapper source: shared objects file
[0.022s][info][class,load] jdk.internal.classfile.impl.AbstractAttributeMapper$InnerClassesMapper source: shared objects file
[0.022s][info][class,load] jdk.internal.classfile.impl.AbstractAttributeMapper$MethodParametersMapper source: shared objects file
[0.022s][info][class,load] jdk.internal.classfile.impl.AbstractAttributeMapper$NestHostMapper source: shared objects file
[0.022s][info][class,load] jdk.internal.classfile.impl.AbstractAttributeMapper$NestMembersMapper source: shared objects file
[0.022s][info][class,load] jdk.internal.classfile.impl.AbstractAttributeMapper$RuntimeInvisibleAnnotationsMapper source: shared objects file
[0.022s][info][class,load] jdk.internal.classfile.impl.AbstractAttributeMapper$RuntimeInvisibleParameterAnnotationsMapper source: shared objects file
[0.022s][info][class,load] jdk.internal.classfile.impl.AbstractAttributeMapper$RuntimeVisibleAnnotationsMapper source: shared objects file
[0.022s][info][class,load] jdk.internal.classfile.impl.AbstractAttributeMapper$RuntimeVisibleTypeAnnotationsMapper source: shared objects file
[0.022s][info][class,load] jdk.internal.classfile.impl.AbstractAttributeMapper$SignatureMapper source: shared objects file
[0.022s][info][class,load] jdk.internal.classfile.impl.AbstractAttributeMapper$SourceDebugExtensionMapper source: shared objects file
[0.022s][info][class,load] jdk.internal.classfile.impl.AbstractAttributeMapper$SourceFileMapper source: shared objects file
[0.022s][info][class,load] jdk.internal.classfile.impl.AbstractAttributeMapper$StackMapTableMapper source: shared objects file
[0.022s][info][class,load] java.lang.classfile.AttributeMapper$AttributeStability source: shared objects file
[0.022s][info][class,load] jdk.internal.classfile.impl.AnnotationReader source: shared objects file
[0.022s][info][class,load] java.lang.invoke.BoundMethodHandle$Specializer source: shared objects file
[0.022s][info][class,load] java.lang.invoke.ClassSpecializer$Factory source: shared objects file
[0.022s][info][class,load] java.lang.invoke.BoundMethodHandle$Specializer$Factory source: shared objects file
[0.022s][info][class,load] jdk.internal.vm.annotation.Stable source: shared objects file
[0.022s][info][class,load] java.lang.invoke.ClassSpecializer$1 source: shared objects file
[0.022s][info][class,load] java.lang.invoke.ClassSpecializer$Factory$1 source: shared objects file
[0.022s][info][class,load] java.lang.invoke.ClassSpecializer$Factory$1$5 source: shared objects file
[0.022s][info][class,load] java.lang.invoke.ClassSpecializer$Factory$1$5$1 source: shared objects file
[0.022s][info][class,load] java.lang.invoke.ClassSpecializer$Factory$1$4 source: shared objects file
[0.022s][info][class,load] java.lang.invoke.ClassSpecializer$Factory$1$3 source: shared objects file
[0.022s][info][class,load] java.lang.invoke.ClassSpecializer$Factory$1$2 source: shared objects file
[0.022s][info][class,load] java.lang.invoke.ClassSpecializer$Factory$1$1Var source: shared objects file
[0.022s][info][class,load] java.lang.invoke.ClassSpecializer$Factory$1$1 source: shared objects file
[0.022s][info][class,load] java.lang.invoke.LambdaFormEditor$Transform source: shared objects file
[0.022s][info][class,load] java.lang.invoke.LambdaFormEditor$TransformKey source: shared objects file
[0.022s][info][class,load] java.lang.invoke.LambdaFormBuffer source: shared objects file
[0.022s][info][class,load] java.lang.invoke.LambdaFormEditor$1 source: shared objects file
[0.022s][info][class,load] java.lang.classfile.BootstrapMethodEntry source: shared objects file
[0.022s][info][class,load] jdk.internal.classfile.impl.BootstrapMethodEntryImpl source: shared objects file
[0.022s][info][class,load] jdk.internal.classfile.impl.EntryMap source: shared objects file
[0.022s][info][class,load] jdk.internal.classfile.impl.Util$1WithCodeMethodHandler source: shared objects file
[0.022s][info][class,load] jdk.internal.classfile.impl.RawBytecodeHelper$CodeRange source: shared objects file
[0.022s][info][class,load] java.lang.classfile.Opcode$Kind source: shared objects file
[0.022s][info][class,load] jdk.internal.classfile.impl.RawBytecodeHelper source: shared objects file
[0.022s][info][class,load] java.lang.classfile.ClassFile$StackMapsOption source: shared objects file
[0.022s][info][class,load] jdk.internal.classfile.impl.ClassImpl source: shared objects file
[0.022s][info][class,load] jdk.internal.classfile.impl.ClassHierarchyImpl source: shared objects file
[0.022s][info][class,load] jdk.internal.classfile.impl.AttributeHolder source: shared objects file
[0.022s][info][class,load] jdk.internal.classfile.impl.AccessFlagsImpl source: shared objects file
[0.022s][info][class,load] jdk.internal.classfile.impl.SuperclassImpl source: shared objects file
[0.022s][info][class,load] jdk.internal.classfile.impl.BoundAttribute$BoundSourceFileAttribute source: shared objects file
[0.022s][info][class,load] jdk.internal.classfile.impl.BoundAttribute$BoundCodeAttribute source: shared objects file
[0.022s][info][class,load] jdk.internal.classfile.impl.BoundAttribute$BoundRuntimeInvisibleAnnotationsAttribute source: shared objects file
[0.022s][info][class,load] jdk.internal.classfile.impl.BoundAttribute$BoundRuntimeInvisibleParameterAnnotationsAttribute source: shared objects file
[0.022s][info][class,load] jdk.internal.classfile.impl.BoundAttribute$BoundRuntimeVisibleTypeAnnotationsAttribute source: shared objects file
[0.022s][info][class,load] jdk.internal.classfile.impl.BoundAttribute$BoundAnnotationDefaultAttr source: shared objects file
[0.022s][info][class,load] jdk.internal.classfile.impl.BoundAttribute$BoundInnerClassesAttribute source: shared objects file
[0.022s][info][class,load] jdk.internal.classfile.impl.BoundAttribute$BoundBootstrapMethodsAttribute source: shared objects file
[0.022s][info][class,load] jdk.internal.classfile.impl.BoundAttribute$BoundNestMembersAttribute source: shared objects file
[0.022s][info][class,load] jdk.internal.classfile.impl.BoundAttribute$BoundExceptionsAttribute source: shared objects file
[0.022s][info][class,load] jdk.internal.classfile.impl.BoundAttribute$BoundSourceDebugExtensionAttribute source: shared objects file
[0.022s][info][class,load] jdk.internal.classfile.impl.BoundAttribute$BoundNestHostAttribute source: shared objects file
[0.022s][info][class,load] jdk.internal.classfile.impl.BoundAttribute$BoundSignatureAttribute source: shared objects file
[0.022s][info][class,load] jdk.internal.classfile.impl.BoundAttribute$BoundDeprecatedAttribute source: shared objects file
[0.022s][info][class,load] jdk.internal.classfile.impl.BoundAttribute$BoundMethodParametersAttribute source: shared objects file
[0.022s][info][class,load] jdk.internal.classfile.impl.MethodImpl source: shared objects file
[0.022s][info][class,load] jdk.internal.classfile.impl.CodeImpl source: shared objects file
[0.022s][info][class,load] java.lang.classfile.PseudoInstruction source: shared objects file
[0.022s][info][class,load] java.lang.classfile.instruction.LabelTarget source: shared objects file
[0.022s][info][class,load] jdk.internal.classfile.impl.LabelImpl source: shared objects file
[0.022s][info][class,load] jdk.internal.classfile.impl.AbstractPseudoInstruction source: shared objects file
[0.022s][info][class,load] java.lang.classfile.instruction.ExceptionCatch source: shared objects file
[0.022s][info][class,load] jdk.internal.classfile.impl.AbstractPseudoInstruction$ExceptionCatchImpl source: shared objects file
[0.022s][info][class,load] jdk.internal.classfile.impl.DirectCodeBuilder$4 source: shared objects file
[0.022s][info][class,load] jdk.internal.classfile.impl.DirectCodeBuilder$DeferredLabel source: shared objects file
[0.022s][info][class,load] jdk.internal.classfile.impl.BytecodeHelpers source: shared objects file
[0.022s][info][class,load] jdk.internal.classfile.impl.DirectCodeBuilder$8 source: shared objects file
[0.022s][info][class,load] java.lang.classfile.instruction.CharacterRange source: shared objects file
[0.022s][info][class,load] java.lang.classfile.instruction.LocalVariable source: shared objects file
[0.022s][info][class,load] java.lang.classfile.instruction.LocalVariableType source: shared objects file
[0.022s][info][class,load] java.lang.classfile.Instruction source: shared objects file
[0.022s][info][class,load] java.lang.classfile.instruction.LoadInstruction source: shared objects file
[0.022s][info][class,load] java.lang.classfile.instruction.StoreInstruction source: shared objects file
[0.022s][info][class,load] java.lang.classfile.instruction.ReturnInstruction source: shared objects file
[0.022s][info][class,load] java.lang.classfile.instruction.ArrayLoadInstruction source: shared objects file
[0.022s][info][class,load] java.lang.classfile.instruction.ArrayStoreInstruction source: shared objects file
[0.022s][info][class,load] java.lang.classfile.CodeBuilder$1 source: shared objects file
[0.022s][info][class,load] java.lang.classfile.instruction.NopInstruction source: shared objects file
[0.022s][info][class,load] java.lang.classfile.instruction.ConstantInstruction source: shared objects file
[0.022s][info][class,load] java.lang.classfile.instruction.OperatorInstruction source: shared objects file
[0.022s][info][class,load] java.lang.classfile.instruction.ThrowInstruction source: shared objects file
[0.022s][info][class,load] java.lang.classfile.instruction.ConvertInstruction source: shared objects file
[0.022s][info][class,load] java.lang.classfile.instruction.StackInstruction source: shared objects file
[0.022s][info][class,load] java.lang.classfile.instruction.MonitorInstruction source: shared objects file
[0.022s][info][class,load] java.lang.classfile.instruction.ConstantInstruction$IntrinsicConstantInstruction source: shared objects file
[0.022s][info][class,load] jdk.internal.util.ModifiedUtf source: shared objects file
[0.022s][info][class,load] sun.invoke.empty.Empty source: shared objects file
[0.022s][info][class,load] jdk.internal.classfile.impl.BytecodeHelpers$1 source: shared objects file
[0.022s][info][class,load] jdk.internal.classfile.impl.StackCounter source: shared objects file
[0.022s][info][class,load] jdk.internal.classfile.impl.StackMapGenerator source: shared objects file
[0.022s][info][class,load] jdk.internal.classfile.impl.StackMapGenerator$Type source: shared objects file
[0.022s][info][class,load] jdk.internal.classfile.impl.StackMapGenerator$Frame source: shared objects file
[0.022s][info][class,load] jdk.internal.classfile.impl.StackMapGenerator$1 source: shared objects file
[0.022s][info][class,load] jdk.internal.classfile.impl.RawBytecodeHelper$1 source: shared objects file
[0.022s][info][class,load] java.lang.classfile.ClassHierarchyResolver source: shared objects file
[0.022s][info][class,load] jdk.internal.classfile.impl.ClassHierarchyImpl$CachedClassHierarchyResolver source: shared objects file
[0.022s][info][class,load] java.lang.classfile.ClassHierarchyResolver$ClassHierarchyInfo source: shared objects file
[0.022s][info][class,load] jdk.internal.classfile.impl.ClassHierarchyImpl$ClassHierarchyInfoImpl source: shared objects file
[0.022s][info][class,load] jdk.internal.classfile.impl.ClassHierarchyImpl$ClassLoadingClassHierarchyResolver source: shared objects file
[0.022s][info][class,load] jdk.internal.classfile.impl.ClassHierarchyImpl$ClassLoadingClassHierarchyResolver$1 source: shared objects file
[0.022s][info][class,load] jdk.internal.classfile.impl.ClassHierarchyImpl$CachedClassHierarchyResolver$1 source: shared objects file
[0.022s][info][class,load] java.lang.classfile.ClassHierarchyResolver$1Factory source: shared objects file
[0.022s][info][class,load] java.lang.invoke.AbstractValidatingLambdaMetafactory source: shared objects file
[0.022s][info][class,load] java.lang.invoke.InnerClassLambdaMetafactory source: shared objects file
[0.022s][info][class,load] java.lang.invoke.LambdaProxyClassArchive source: shared objects file
[0.022s][info][class,load] java.lang.invoke.InnerClassLambdaMetafactory$1 source: shared objects file
[0.022s][info][class,load] java.lang.invoke.InnerClassLambdaMetafactory$3 source: shared objects file
[0.022s][info][class,load] java.lang.invoke.InnerClassLambdaMetafactory$SerializationSupport source: shared objects file
[0.022s][info][class,load] java.lang.invoke.InnerClassLambdaMetafactory$4 source: shared objects file
[0.022s][info][class,load] java.lang.invoke.InnerClassLambdaMetafactory$6 source: shared objects file
[0.022s][info][class,load] jdk.internal.classfile.impl.InterfacesImpl source: shared objects file
[0.022s][info][class,load] java.lang.invoke.TypeConvertingMethodAdapter$1 source: shared objects file
[0.022s][info][class,load] java.lang.invoke.TypeConvertingMethodAdapter$BoxHolder source: shared objects file
[0.022s][info][class,load] java.util.stream.MatchOps$MatchOp source: shared objects file
[0.022s][info][class,load] java.util.stream.MatchOps$BooleanTerminalSink source: shared objects file
[0.022s][info][class,load] java.util.function.IntConsumer source: shared objects file
[0.022s][info][class,load] java.util.stream.Sink$OfInt source: shared objects file
[0.022s][info][class,load] java.util.stream.MatchOps$2MatchSink source: shared objects file
[0.022s][info][class,load] java.util.stream.MatchOps$1MatchSink source: shared objects file
[0.022s][info][class,load] sun.launcher.LauncherHelper source: shared objects file
[0.022s][info][class,load] java.util.TimeZone source: shared objects file
[0.022s][info][class,load] sun.util.calendar.ZoneInfoFile source: shared objects file
[0.022s][info][class,load] java.util.TreeSet source: shared objects file
[0.022s][info][class,load] java.text.Format source: shared objects file
[0.022s][info][class,load] java.text.MessageFormat source: shared objects file
[0.022s][info][class,load] jdk.internal.misc.MethodFinder source: shared objects file
[0.022s][info][class,load] sun.security.util.Debug source: shared objects file
[0.022s][info][class,load] java.util.jar.JarFile$JarFileEntry source: shared objects file
[0.022s][info][class,load] sun.security.util.SignatureFileVerifier source: shared objects file
[0.022s][info][class,load] java.util.jar.JavaUtilJarAccessImpl source: shared objects file
[0.022s][info][class,load] java.util.zip.ZipException source: shared objects file
[0.022s][info][class,load] java.util.zip.ZipUtils source: shared objects file
[0.022s][info][class,load] java.util.zip.ZipCoder source: shared objects file
[0.022s][info][class,load] java.util.zip.ZipFile$CleanableResource source: shared objects file
[0.022s][info][class,load] java.util.zip.ZipFile$Source source: shared objects file
[0.022s][info][class,load] java.util.zip.ZipFile$EntryPos source: shared objects file
[0.022s][info][class,load] java.util.zip.ZipFile$ZipFileInputStream source: shared objects file
[0.022s][info][class,load] java.util.zip.InflaterInputStream source: shared objects file
[0.022s][info][class,load] java.util.zip.ZipFile$ZipFileInflaterInputStream source: shared objects file
[0.022s][info][class,load] java.util.zip.ZipFile$EntrySpliterator source: shared objects file
[0.022s][info][class,load] java.util.zip.ZipFile$1 source: shared objects file
[0.022s][info][class,load] java.util.zip.ZipFile$Source$End source: shared objects file
[0.022s][info][class,load] java.util.zip.ZipFile$Source$Key source: shared objects file
[0.022s][info][class,load] java.util.zip.ZipFile$InflaterCleanupAction source: shared objects file
[0.022s][info][class,load] java.util.zip.ZipCoder$UTF8ZipCoder source: shared objects file
[0.022s][info][class,load] java.util.zip.Inflater source: shared objects file
[0.022s][info][class,load] jdk.internal.ref.CleanerFactory$1 source: shared objects file
[0.022s][info][class,load] jdk.internal.ref.CleanerImpl source: shared objects file
[0.022s][info][class,load] jdk.internal.ref.CleanerImpl$PhantomCleanableRef source: shared objects file
[0.022s][info][class,load] java.lang.ref.Cleaner$1 source: shared objects file
[0.022s][info][class,load] jdk.internal.ref.CleanerImpl$CleanableList source: shared objects file
[0.022s][info][class,load] jdk.internal.ref.CleanerImpl$CleanerCleanable source: shared objects file
[0.022s][info][class,load] jdk.internal.ref.CleanerImpl$InnocuousThreadFactory source: shared objects file
[0.022s][info][class,load] jdk.internal.ref.CleanerImpl$CleanableList$Node source: shared objects file
[0.022s][info][class,load] sun.nio.fs.DefaultFileSystemProvider source: shared objects file
[0.022s][info][class,load] java.nio.file.spi.FileSystemProvider source: shared objects file
[0.022s][info][class,load] sun.nio.fs.AbstractFileSystemProvider source: shared objects file
[0.022s][info][class,load] sun.nio.fs.UnixFileSystemProvider source: shared objects file
[0.022s][info][class,load] sun.nio.fs.BsdFileSystemProvider source: shared objects file
[0.022s][info][class,load] sun.nio.fs.MacOSXFileSystemProvider source: shared objects file
[0.022s][info][class,load] sun.nio.fs.UnixFileSystem source: shared objects file
[0.022s][info][class,load] sun.nio.fs.BsdFileSystem source: shared objects file
[0.022s][info][class,load] sun.nio.fs.MacOSXFileSystem source: shared objects file
[0.022s][info][class,load] java.nio.file.attribute.AttributeView source: shared objects file
[0.022s][info][class,load] java.nio.file.attribute.FileAttributeView source: shared objects file
[0.022s][info][class,load] java.nio.file.attribute.BasicFileAttributeView source: shared objects file
[0.022s][info][class,load] sun.nio.fs.UnixPath source: shared objects file
[0.022s][info][class,load] sun.nio.fs.Util source: shared objects file
[0.022s][info][class,load] sun.nio.fs.BsdFileAttributeViews source: shared objects file
[0.022s][info][class,load] sun.nio.fs.DynamicFileAttributeView source: shared objects file
[0.022s][info][class,load] sun.nio.fs.AbstractBasicFileAttributeView source: shared objects file
[0.022s][info][class,load] sun.nio.fs.UnixFileAttributeViews$Basic source: shared objects file
[0.022s][info][class,load] sun.nio.fs.BsdFileAttributeViews$Basic source: shared objects file
[0.022s][info][class,load] sun.nio.fs.UnixUriUtils source: shared objects file
[0.022s][info][class,load] java.nio.file.attribute.PosixFileAttributes source: shared objects file
[0.022s][info][class,load] sun.nio.fs.UnixFileAttributes source: shared objects file
[0.022s][info][class,load] sun.nio.fs.UnixFileModeAttribute source: shared objects file
[0.022s][info][class,load] sun.nio.fs.UnixChannelFactory source: shared objects file
[0.022s][info][class,load] sun.nio.fs.UnixNativeDispatcher source: shared objects file
[0.022s][info][class,load] java.util.concurrent.ExecutorService source: shared objects file
[0.022s][info][class,load] java.nio.file.StandardOpenOption source: shared objects file
[0.022s][info][class,load] java.nio.channels.Channels source: shared objects file
[0.022s][info][class,load] java.nio.file.FileSystemException source: shared objects file
[0.022s][info][class,load] java.nio.file.NoSuchFileException source: shared objects file
[0.022s][info][class,load] sun.nio.ch.IOStatus source: shared objects file
[0.022s][info][class,load] sun.nio.fs.UnixMountEntry source: shared objects file
[0.022s][info][class,load] sun.nio.fs.UnixFileStoreAttributes source: shared objects file
[0.022s][info][class,load] java.nio.file.attribute.FileTime source: shared objects file
[0.022s][info][class,load] sun.nio.ch.Util source: shared objects file
[0.022s][info][class,load] java.util.concurrent.ExecutionException source: shared objects file
[0.022s][info][class,load] sun.nio.fs.UnixFileKey source: shared objects file
[0.022s][info][class,load] java.nio.file.FileSystemNotFoundException source: shared objects file
[0.022s][info][class,load] sun.nio.fs.NativeBuffers source: shared objects file
[0.022s][info][class,load] sun.nio.fs.NativeBuffer source: shared objects file
[0.022s][info][class,load] java.nio.file.attribute.PosixFilePermission source: shared objects file
[0.022s][info][class,load] sun.nio.fs.UnixFileAttributes$UnixAsBasicFileAttributes source: shared objects file
[0.022s][info][class,load] sun.nio.fs.NativeBuffers$1 source: shared objects file
[0.022s][info][class,load] jdk.internal.misc.TerminatingThreadLocal$1 source: shared objects file
[0.022s][info][class,load] java.lang.ThreadLocal$SuppliedThreadLocal source: shared objects file
[0.022s][info][class,load] java.lang.ThreadLocal$ThreadLocalMap$Entry source: shared objects file
[0.022s][info][class,load] java.util.IdentityHashMap$KeySet source: shared objects file
[0.022s][info][class,load] java.util.IdentityHashMap$Values source: shared objects file
[0.022s][info][class,load] java.util.IdentityHashMap$EntrySet source: shared objects file
[0.022s][info][class,load] java.util.IdentityHashMap$IdentityHashMapSpliterator source: shared objects file
[0.022s][info][class,load] java.util.IdentityHashMap$KeySpliterator source: shared objects file
[0.022s][info][class,load] java.util.IdentityHashMap$IdentityHashMapIterator source: shared objects file
[0.022s][info][class,load] java.util.IdentityHashMap$EntryIterator source: shared objects file
[0.022s][info][class,load] java.util.IdentityHashMap$EntryIterator$Entry source: shared objects file
[0.022s][info][class,load] java.util.IdentityHashMap$ValueIterator source: shared objects file
[0.022s][info][class,load] java.util.IdentityHashMap$KeyIterator source: shared objects file
[0.022s][info][class,load] sun.nio.fs.NativeBuffer$Deallocator source: shared objects file
[0.022s][info][class,load] jdk.internal.util.ByteArray source: shared objects file
[0.022s][info][class,load] java.io.DataInputStream source: shared objects file
[0.022s][info][class,load] java.io.RandomAccessFile$2 source: shared objects file
[0.022s][info][class,load] java.time.temporal.TemporalAccessor source: shared objects file
[0.022s][info][class,load] java.time.temporal.Temporal source: shared objects file
[0.022s][info][class,load] java.time.temporal.TemporalAdjuster source: shared objects file
[0.022s][info][class,load] java.time.chrono.ChronoLocalDateTime source: shared objects file
[0.022s][info][class,load] java.time.LocalDateTime source: shared objects file
[0.022s][info][class,load] java.time.ZoneId source: shared objects file
[0.022s][info][class,load] java.time.zone.ZoneRules source: shared objects file
[0.022s][info][class,load] java.time.DateTimeException source: shared objects file
[0.022s][info][class,load] java.time.Instant source: shared objects file
[0.022s][info][class,load] java.time.temporal.TemporalAmount source: shared objects file
[0.022s][info][class,load] java.time.Duration source: shared objects file
[0.022s][info][class,load] java.time.temporal.TemporalUnit source: shared objects file
[0.022s][info][class,load] java.time.temporal.ChronoUnit source: shared objects file
[0.022s][info][class,load] java.time.ZoneOffset source: shared objects file
[0.022s][info][class,load] jdk.internal.perf.Perf source: shared objects file
[0.022s][info][class,load] jdk.internal.perf.PerfCounter$CoreCounters source: shared objects file
[0.022s][info][class,load] java.nio.DirectByteBuffer$Deallocator source: shared objects file
[0.022s][info][class,load] java.nio.DirectByteBufferR source: shared objects file
[0.022s][info][class,load] java.nio.DirectIntBufferU source: shared objects file
[0.022s][info][class,load] java.nio.DirectLongBufferU source: shared objects file
[0.022s][info][class,load] java.util.concurrent.atomic.AtomicLong source: shared objects file
[0.022s][info][class,load] java.nio.Bits$1 source: shared objects file
[0.022s][info][class,load] java.time.chrono.ChronoZonedDateTime source: shared objects file
[0.022s][info][class,load] java.time.ZonedDateTime source: shared objects file
[0.022s][info][class,load] java.util.zip.Inflater$InflaterZStreamRef source: shared objects file
[0.022s][info][class,load] sun.security.jca.Providers source: shared objects file
[0.022s][info][class,load] sun.util.locale.BaseLocale source: shared objects file
[0.022s][info][class,load] java.util.Locale$LocaleCache source: shared objects file
[0.022s][info][class,load] java.util.Locale$LocaleKey source: shared objects file
[0.022s][info][class,load] sun.util.locale.LocaleExtensions source: shared objects file
[0.022s][info][class,load] sun.util.locale.LocaleUtils source: shared objects file
[0.022s][info][class,load] sun.util.locale.InternalLocaleBuilder source: shared objects file
[0.022s][info][class,load] sun.util.locale.provider.LocaleServiceProviderPool source: shared objects file
[0.022s][info][class,load] sun.util.locale.LanguageTag source: shared objects file
[0.022s][info][class,load] java.text.ParsePosition source: shared objects file
[0.022s][info][class,load] java.util.MissingResourceException source: shared objects file
[0.022s][info][class,load] java.util.spi.LocaleServiceProvider source: shared objects file
[0.022s][info][class,load] java.util.spi.LocaleNameProvider source: shared objects file
[0.022s][info][class,load] sun.util.locale.provider.LocaleResources source: shared objects file
[0.022s][info][class,load] java.util.Locale$Builder source: shared objects file
[0.022s][info][class,load] sun.util.locale.BaseLocale$1InterningCache source: shared objects file
[0.022s][info][class,load] java.util.AbstractSequentialList source: shared objects file
[0.022s][info][class,load] java.util.LinkedList source: shared objects file
[0.022s][info][class,load] sun.util.logging.PlatformLogger source: shared objects file
[0.022s][info][class,load] java.util.LinkedHashMap$LinkedKeySet source: shared objects file
[0.022s][info][class,load] java.util.LinkedHashMap$LinkedValues source: shared objects file
[0.022s][info][class,load] java.util.LinkedHashMap$LinkedEntrySet source: shared objects file
[0.022s][info][class,load] java.util.LinkedHashMap$LinkedHashIterator source: shared objects file
[0.022s][info][class,load] java.util.LinkedHashMap$LinkedEntryIterator source: shared objects file
[0.022s][info][class,load] java.util.LinkedHashMap$LinkedValueIterator source: shared objects file
[0.022s][info][class,load] java.util.LinkedHashMap$LinkedKeyIterator source: shared objects file
[0.022s][info][class,load] jdk.internal.loader.FileURLMapper source: shared objects file
[0.022s][info][class,load] java.net.HttpURLConnection source: shared objects file
[0.023s][info][class,load] sun.nio.ByteBuffered source: shared objects file
[0.023s][info][class,load] java.lang.Package$VersionInfo source: shared objects file
[0.023s][info][class,load] java.util.zip.Checksum$1 source: shared objects file
[0.023s][info][class,load] java.security.Guard source: shared objects file
[0.023s][info][class,load] java.security.Permission source: shared objects file
[0.023s][info][class,load] java.security.AllPermission source: shared objects file
[0.023s][info][class,load] java.lang.invoke.StringConcatFactory source: shared objects file
[0.023s][info][class,load] java.net.URLClassLoader$1 source: shared objects file
[0.023s][info][class,load] java.nio.file.FileSystems$DefaultFileSystemHolder source: shared objects file
[0.023s][info][class,load] java.util.UUID source: shared objects file
[0.023s][info][class,load] java.nio.file.attribute.PosixFilePermissions source: shared objects file
[0.023s][info][class,load] java.nio.file.attribute.PosixFilePermissions$1 source: shared objects file
[0.023s][info][class,load] java.util.stream.Collectors$CollectorImpl source: shared objects file
[0.023s][info][class,load] java.util.RegularEnumSet source: shared objects file
[0.023s][info][class,load] java.util.RegularEnumSet$EnumSetIterator source: shared objects file
[0.023s][info][class,load] java.util.stream.ReduceOps$ReduceOp source: shared objects file
[0.023s][info][class,load] java.util.stream.ReduceOps$2 source: shared objects file
[0.023s][info][class,load] java.util.stream.ReduceOps$3 source: shared objects file
[0.023s][info][class,load] java.util.stream.ReduceOps$Box source: shared objects file
[0.023s][info][class,load] java.util.stream.TerminalSink source: shared objects file
[0.023s][info][class,load] java.util.stream.ReduceOps$AccumulatingSink source: shared objects file
[0.023s][info][class,load] java.util.stream.ReduceOps$3ReducingSink source: shared objects file
[0.023s][info][class,load] java.util.stream.ReduceOps$2ReducingSink source: shared objects file
[0.023s][info][class,load] java.lang.invoke.StringConcatFactory$InlineHiddenClassStrategy source: shared objects file
[0.023s][info][class,load] java.lang.invoke.StringConcatFactory$InlineHiddenClassStrategy$MethodHandlePair source: shared objects file
[0.023s][info][class,load] java.lang.invoke.StringConcatFactory$InlineHiddenClassStrategy$7 source: shared objects file
[0.023s][info][class,load] java.lang.invoke.StringConcatFactory$InlineHiddenClassStrategy$6 source: shared objects file
[0.023s][info][class,load] java.lang.invoke.StringConcatFactory$InlineHiddenClassStrategy$5 source: shared objects file
[0.023s][info][class,load] java.lang.invoke.StringConcatFactory$InlineHiddenClassStrategy$4 source: shared objects file
[0.023s][info][class,load] java.lang.invoke.StringConcatFactory$InlineHiddenClassStrategy$3 source: shared objects file
[0.023s][info][class,load] java.lang.invoke.StringConcatFactory$InlineHiddenClassStrategy$3$4 source: shared objects file
[0.023s][info][class,load] java.lang.invoke.StringConcatFactory$InlineHiddenClassStrategy$3$3 source: shared objects file
[0.023s][info][class,load] java.lang.invoke.StringConcatFactory$InlineHiddenClassStrategy$3$2 source: shared objects file
[0.023s][info][class,load] java.lang.invoke.StringConcatFactory$InlineHiddenClassStrategy$3$1 source: shared objects file
[0.023s][info][class,load] java.lang.invoke.StringConcatFactory$InlineHiddenClassStrategy$2 source: shared objects file
[0.023s][info][class,load] java.lang.invoke.StringConcatFactory$InlineHiddenClassStrategy$1 source: shared objects file
[0.023s][info][class,load] java.lang.invoke.BoundMethodHandle$Species_LL source: shared objects file
[0.023s][info][class,load] sun.security.util.SecurityConstants source: shared objects file
[0.023s][info][class,load] java.io.FilePermission source: shared objects file
[0.023s][info][class,load] jdk.internal.misc.ThreadTracker$ThreadRef source: shared objects file
[0.023s][info][class,load] java.util.ServiceConfigurationError source: shared objects file
[0.023s][info][class,load] java.util.ServiceLoader$Provider source: shared objects file
[0.023s][info][class,load] java.util.ServiceLoader$ProviderImpl source: shared objects file
[0.023s][info][class,load] java.util.ServiceLoader$LayerLookupIterator source: shared objects file
[0.023s][info][class,load] java.util.ServiceLoader$ModuleServicesLookupIterator source: shared objects file
[0.023s][info][class,load] java.util.ServiceLoader$LazyClassPathLookupIterator source: shared objects file
[0.023s][info][class,load] java.util.ServiceLoader$1 source: shared objects file
[0.023s][info][class,load] java.util.ServiceLoader$2 source: shared objects file
[0.023s][info][class,load] jdk.internal.jimage.ImageReaderFactory source: shared objects file
[0.023s][info][class,load] jdk.internal.jimage.ImageReaderFactory$1 source: shared objects file
[0.023s][info][class,load] jdk.internal.jimage.BasicImageReader source: shared objects file
[0.023s][info][class,load] jdk.internal.jimage.ImageReader$SharedImageReader source: shared objects file
[0.023s][info][class,load] java.security.PrivilegedAction source: shared objects file
[0.023s][info][class,load] jdk.internal.jimage.BasicImageReader$1 source: shared objects file
[0.023s][info][class,load] java.security.AccessController source: shared objects file
[0.023s][info][class,load] jdk.internal.jimage.NativeImageBuffer source: shared objects file
[0.023s][info][class,load] jdk.internal.jimage.ImageHeader source: shared objects file
[0.023s][info][class,load] jdk.internal.jimage.ImageStrings source: shared objects file
[0.023s][info][class,load] jdk.internal.jimage.ImageStringsReader source: shared objects file
[0.023s][info][class,load] jdk.internal.jimage.decompressor.Decompressor source: shared objects file
[0.023s][info][class,load] java.security.AccessControlException source: shared objects file
[0.023s][info][class,load] java.security.AccessControlContext source: shared objects file
[0.023s][info][class,load] jdk.internal.jimage.NativeImageBuffer$1 source: shared objects file
[0.023s][info][class,load] java.nio.DirectIntBufferRU source: shared objects file
[0.023s][info][class,load] java.time.temporal.TemporalField source: shared objects file
[0.023s][info][class,load] java.time.temporal.ChronoField source: shared objects file
[0.023s][info][class,load] java.time.temporal.ValueRange source: shared objects file
[0.023s][info][class,load] java.time.temporal.TemporalQueries source: shared objects file
[0.023s][info][class,load] java.time.format.ResolverStyle source: shared objects file
[0.023s][info][class,load] java.time.chrono.Chronology source: shared objects file
[0.023s][info][class,load] java.time.chrono.AbstractChronology source: shared objects file
[0.023s][info][class,load] java.time.chrono.IsoChronology source: shared objects file
[0.023s][info][class,load] java.time.format.DateTimeFormatterBuilder$DateTimePrinterParser source: shared objects file
[0.023s][info][class,load] java.time.format.DateTimeFormatterBuilder$CompositePrinterParser source: shared objects file
[0.023s][info][class,load] java.time.format.DecimalStyle source: shared objects file
[0.023s][info][class,load] java.time.format.DateTimePrintContext source: shared objects file
[0.023s][info][class,load] java.time.format.DateTimeParseException source: shared objects file
[0.023s][info][class,load] java.time.chrono.ChronoPeriod source: shared objects file
[0.023s][info][class,load] java.time.Period source: shared objects file
[0.023s][info][class,load] java.time.format.SignStyle source: shared objects file
[0.023s][info][class,load] java.time.temporal.IsoFields source: shared objects file
[0.023s][info][class,load] sun.util.locale.provider.CalendarDataUtility source: shared objects file
[0.023s][info][class,load] java.time.format.FormatStyle source: shared objects file
[0.023s][info][class,load] java.time.format.DateTimeFormatterBuilder$SettingsParser source: shared objects file
[0.023s][info][class,load] java.time.format.DateTimeFormatterBuilder$NumberPrinterParser source: shared objects file
[0.023s][info][class,load] java.time.format.DateTimeFormatterBuilder$NanosPrinterParser source: shared objects file
[0.023s][info][class,load] java.time.format.TextStyle source: shared objects file
[0.023s][info][class,load] java.time.format.DateTimeFormatterBuilder$TextPrinterParser source: shared objects file
[0.023s][info][class,load] java.time.format.DateTimeTextProvider source: shared objects file
[0.023s][info][class,load] java.time.format.DateTimeTextProvider$LocaleStore source: shared objects file
[0.023s][info][class,load] java.time.format.DateTimeFormatterBuilder$1 source: shared objects file
[0.023s][info][class,load] java.time.format.DateTimeFormatterBuilder$InstantPrinterParser source: shared objects file
[0.023s][info][class,load] java.time.format.DateTimeFormatterBuilder$OffsetIdPrinterParser source: shared objects file
[0.023s][info][class,load] java.time.format.DateTimeFormatterBuilder$ZoneIdPrinterParser source: shared objects file
[0.023s][info][class,load] java.time.format.DateTimeFormatterBuilder$LocalizedPrinterParser source: shared objects file
[0.023s][info][class,load] java.time.format.DateTimeFormatterBuilder$CharLiteralPrinterParser source: shared objects file
[0.023s][info][class,load] java.time.format.DateTimeFormatterBuilder$StringLiteralPrinterParser source: shared objects file
[0.023s][info][class,load] java.time.format.DateTimeFormatterBuilder$2 source: shared objects file
[0.023s][info][class,load] java.time.temporal.JulianFields source: shared objects file
[0.023s][info][class,load] java.time.zone.ZoneRulesProvider source: shared objects file
[0.023s][info][class,load] java.time.ZoneRegion source: shared objects file
[0.023s][info][class,load] java.util.regex.Pattern$Node source: shared objects file
[0.023s][info][class,load] java.util.regex.Pattern$Start source: shared objects file
[0.023s][info][class,load] java.util.regex.ASCII source: shared objects file
[0.023s][info][class,load] java.util.regex.Pattern$GroupHead source: shared objects file
[0.023s][info][class,load] java.util.regex.Pattern$SliceNode source: shared objects file
[0.023s][info][class,load] java.util.regex.Pattern$Slice source: shared objects file
[0.023s][info][class,load] java.util.regex.Pattern$BnM source: shared objects file
[0.023s][info][class,load] java.util.regex.Pattern$StartS source: shared objects file
[0.023s][info][class,load] java.util.regex.Pattern$Begin source: shared objects file
[0.023s][info][class,load] java.util.regex.Pattern$First source: shared objects file
[0.023s][info][class,load] java.util.regex.Pattern$Loop source: shared objects file
[0.023s][info][class,load] java.util.regex.Pattern$BranchConn source: shared objects file
[0.023s][info][class,load] java.util.regex.Pattern$Branch source: shared objects file
[0.023s][info][class,load] java.util.regex.Pattern$Dollar source: shared objects file
[0.023s][info][class,load] java.util.regex.Pattern$CharProperty source: shared objects file
[0.023s][info][class,load] java.util.regex.Pattern$BitClass source: shared objects file
[0.023s][info][class,load] java.util.regex.Pattern$BmpCharProperty source: shared objects file
[0.023s][info][class,load] java.util.regex.Pattern$Pos source: shared objects file
[0.023s][info][class,load] java.util.regex.Pattern$Ques source: shared objects file
[0.023s][info][class,load] java.util.regex.Pattern$Qtype source: shared objects file
[0.023s][info][class,load] java.util.regex.Pattern$TreeInfo source: shared objects file
[0.023s][info][class,load] java.util.regex.Pattern$Curly source: shared objects file
[0.023s][info][class,load] java.util.regex.Pattern$GroupTail source: shared objects file
[0.023s][info][class,load] java.util.regex.Pattern$LazyLoop source: shared objects file
[0.023s][info][class,load] java.util.regex.Pattern$Prolog source: shared objects file
[0.023s][info][class,load] java.util.regex.Pattern$CharPropertyGreedy source: shared objects file
[0.023s][info][class,load] java.util.regex.Pattern$BmpCharPropertyGreedy source: shared objects file
[0.023s][info][class,load] java.util.regex.Pattern$SliceI source: shared objects file
[0.023s][info][class,load] java.util.regex.Pattern$LastNode source: shared objects file
[0.023s][info][class,load] java.time.Year source: shared objects file
[0.023s][info][class,load] java.time.LocalTime source: shared objects file
[0.023s][info][class,load] java.time.chrono.ChronoLocalDate source: shared objects file
[0.023s][info][class,load] java.time.InstantSource source: shared objects file
[0.023s][info][class,load] java.time.Clock source: shared objects file
[0.023s][info][class,load] java.time.OffsetDateTime source: shared objects file
[0.023s][info][class,load] java.time.temporal.IsoFields$Field source: shared objects file
[0.023s][info][class,load] java.time.temporal.IsoFields$Unit source: shared objects file
[0.023s][info][class,load] java.time.temporal.IsoFields$Field$4 source: shared objects file
[0.023s][info][class,load] java.time.temporal.IsoFields$Field$3 source: shared objects file
[0.023s][info][class,load] java.time.temporal.IsoFields$Field$2 source: shared objects file
[0.023s][info][class,load] java.time.temporal.IsoFields$Field$1 source: shared objects file
[0.023s][info][class,load] java.time.LocalDate source: shared objects file
[0.023s][info][class,load] java.time.temporal.JulianFields$Field source: shared objects file
[0.023s][info][class,load] java.time.Month source: shared objects file
[0.023s][info][class,load] java.text.DecimalFormatSymbols source: shared objects file
[0.023s][info][class,load] java.util.Calendar source: shared objects file
[0.023s][info][class,load] java.time.format.DateTimeTextProvider$1 source: shared objects file
[0.023s][info][class,load] java.util.concurrent.atomic.AtomicReferenceArray source: shared objects file
[0.023s][info][class,load] java.lang.invoke.VarHandleReferences$FieldInstanceReadWrite source: shared objects file
[0.023s][info][class,load] java.lang.invoke.VarHandleBooleans$FieldInstanceReadWrite source: shared objects file
[0.023s][info][class,load] java.lang.invoke.VarHandleInts$FieldInstanceReadWrite source: shared objects file
[0.023s][info][class,load] java.lang.invoke.VarHandleByteArrayAsLongs$ArrayHandle source: shared objects file
[0.023s][info][class,load] java.lang.invoke.VarHandleByteArrayAsInts$ArrayHandle source: shared objects file
[0.023s][info][class,load] java.lang.invoke.VarHandleByteArrayAsShorts$ArrayHandle source: shared objects file
[0.023s][info][class,load] java.lang.invoke.VarHandleByteArrayAsChars$ArrayHandle source: shared objects file
[0.023s][info][class,load] java.lang.invoke.VarHandleByteArrayAsDoubles$ArrayHandle source: shared objects file
[0.023s][info][class,load] java.lang.invoke.VarHandleByteArrayAsFloats$ArrayHandle source: shared objects file
[0.023s][info][class,load] java.time.zone.ZoneOffsetTransition source: shared objects file
[0.023s][info][class,load] java.time.zone.Ser source: shared objects file
[0.023s][info][class,load] java.time.zone.ZoneOffsetTransitionRule source: shared objects file
[0.023s][info][class,load] java.nio.channels.ClosedChannelException source: shared objects file
[0.023s][info][class,load] java.lang.invoke.BoundMethodHandle$Species_LLL source: shared objects file
[0.023s][info][class,load] java.nio.channels.AsynchronousCloseException source: shared objects file
[0.023s][info][class,load] java.nio.channels.ClosedByInterruptException source: shared objects file
[0.023s][info][class,load] java.nio.channels.spi.AbstractInterruptibleChannel$1 source: shared objects file
[0.023s][info][class,load] sun.nio.fs.UnixChannelFactory$Flags source: shared objects file
[0.023s][info][class,load] sun.nio.fs.UnixChannelFactory$1 source: shared objects file
[0.023s][info][class,load] sun.nio.ch.NativeThreadSet source: shared objects file
[0.023s][info][class,load] sun.nio.ch.NativeDispatcher source: shared objects file
[0.023s][info][class,load] sun.nio.ch.FileDispatcher source: shared objects file
[0.023s][info][class,load] sun.nio.ch.FileChannelImpl$Closer source: shared objects file
[0.023s][info][class,load] sun.nio.ch.IOUtil source: shared objects file
[0.023s][info][class,load] java.nio.channels.SelectableChannel source: shared objects file
[0.023s][info][class,load] java.nio.channels.spi.AbstractSelectableChannel source: shared objects file
[0.023s][info][class,load] java.nio.channels.NetworkChannel source: shared objects file
[0.023s][info][class,load] java.nio.channels.SocketChannel source: shared objects file
[0.023s][info][class,load] sun.nio.ch.SelChImpl source: shared objects file
[0.023s][info][class,load] sun.nio.ch.SocketChannelImpl source: shared objects file
[0.023s][info][class,load] sun.nio.ch.UnixFileDispatcherImpl source: shared objects file
[0.023s][info][class,load] sun.nio.ch.FileDispatcherImpl source: shared objects file
[0.023s][info][class,load] sun.nio.ch.NativeThread source: shared objects file
[0.023s][info][class,load] java.util.stream.Node$OfPrimitive source: shared objects file
[0.023s][info][class,load] java.util.stream.Node$OfInt source: shared objects file
[0.023s][info][class,load] java.util.stream.Node$OfLong source: shared objects file
[0.023s][info][class,load] java.util.stream.Node$OfDouble source: shared objects file
[0.023s][info][class,load] java.util.stream.Nodes$ArrayNode source: shared objects file
[0.023s][info][class,load] java.util.stream.Nodes$FixedNodeBuilder source: shared objects file
[0.023s][info][class,load] java.util.stream.Nodes$SpinedNodeBuilder source: shared objects file
[0.023s][info][class,load] java.util.stream.Nodes$IntArrayNode source: shared objects file
[0.023s][info][class,load] java.util.stream.Node$Builder$OfInt source: shared objects file
[0.023s][info][class,load] java.util.stream.Nodes$IntFixedNodeBuilder source: shared objects file
[0.023s][info][class,load] java.util.stream.Nodes$EmptyNode source: shared objects file
[0.023s][info][class,load] java.util.stream.Nodes$EmptyNode$OfRef source: shared objects file
[0.023s][info][class,load] java.util.stream.Nodes$EmptyNode$OfInt source: shared objects file
[0.023s][info][class,load] java.util.stream.Nodes$EmptyNode$OfLong source: shared objects file
[0.023s][info][class,load] java.util.stream.Nodes$EmptyNode$OfDouble source: shared objects file
[0.023s][info][class,load] jdk.internal.invoke.MhUtil source: shared objects file
[0.023s][info][class,load] java.util.TreeMap$Entry source: shared objects file
[0.023s][info][class,load] java.util.TreeMap$KeySet source: shared objects file
[0.023s][info][class,load] java.util.TreeMap$Values source: shared objects file
[0.023s][info][class,load] java.util.TreeMap$EntrySet source: shared objects file
[0.023s][info][class,load] java.util.TreeMap$NavigableSubMap source: shared objects file
[0.023s][info][class,load] java.util.TreeMap$DescendingSubMap source: shared objects file
[0.023s][info][class,load] java.util.TreeMap$PrivateEntryIterator source: shared objects file
[0.023s][info][class,load] java.util.TreeMap$KeyIterator source: shared objects file
[0.023s][info][class,load] java.util.TreeMap$TreeMapSpliterator source: shared objects file
[0.023s][info][class,load] java.util.TreeMap$KeySpliterator source: shared objects file
[0.023s][info][class,load] java.util.TreeMap$NavigableSubMap$SubMapIterator source: shared objects file
[0.023s][info][class,load] java.util.TreeMap$NavigableSubMap$DescendingSubMapKeyIterator source: shared objects file
[0.023s][info][class,load] java.util.TreeMap$ValueIterator source: shared objects file
[0.023s][info][class,load] java.util.TreeMap$EntryIterator source: shared objects file
[0.023s][info][class,load] java.lang.invoke.BoundMethodHandle$Species_LLLL source: shared objects file
[0.023s][info][class,load] java.lang.ClassValue$Identity source: shared objects file
[0.023s][info][class,load] java.lang.ClassValue$Version source: shared objects file
[0.023s][info][class,load] java.lang.ClassValue$Entry source: shared objects file
[0.023s][info][class,load] java.lang.ClassValue$RemovalToken source: shared objects file
[0.023s][info][class,load] jdk.internal.classfile.impl.StackMapDecoder source: shared objects file
[0.023s][info][class,load] java.lang.invoke.BoundMethodHandle$Species_LLLLL source: shared objects file
[0.023s][info][class,load] java.util.EventObject source: shared objects file
[0.023s][info][class,load] java.util.EventListener source: shared objects file
[0.023s][info][class,load] java.lang.ThreadDeath source: shared objects file
[0.023s][info][class,load] java.util.concurrent.locks.ReadWriteLock source: shared objects file
[0.023s][info][class,load] java.util.concurrent.locks.ReentrantReadWriteLock source: shared objects file
[0.023s][info][class,load] java.util.AbstractQueue source: shared objects file
[0.023s][info][class,load] java.util.concurrent.ConcurrentLinkedQueue source: shared objects file
[0.023s][info][class,load] java.lang.ProcessEnvironment$StringEnvironment source: shared objects file
[0.023s][info][class,load] java.lang.ProcessEnvironment$ExternalData source: shared objects file
[0.023s][info][class,load] java.lang.ProcessEnvironment$Variable source: shared objects file
[0.023s][info][class,load] java.lang.ProcessEnvironment$Value source: shared objects file
[0.023s][info][class,load] java.lang.ProcessEnvironment$StringKeySet source: shared objects file
[0.023s][info][class,load] java.lang.ProcessEnvironment$StringKeySet$1 source: shared objects file
[0.023s][info][class,load] java.lang.ProcessEnvironment$StringEntrySet source: shared objects file
[0.023s][info][class,load] java.lang.ProcessEnvironment$StringEntrySet$1 source: shared objects file
[0.023s][info][class,load] java.lang.ProcessEnvironment$StringEntry source: shared objects file
[0.023s][info][class,load] java.lang.ProcessImpl source: shared objects file
[0.023s][info][class,load] java.lang.ProcessImpl$LaunchMechanism source: shared objects file
[0.023s][info][class,load] java.util.concurrent.CompletionStage source: shared objects file
[0.023s][info][class,load] java.util.concurrent.CompletableFuture source: shared objects file
[0.023s][info][class,load] java.util.concurrent.ForkJoinPool$ManagedBlocker source: shared objects file
[0.023s][info][class,load] java.util.regex.IntHashSet source: shared objects file
[0.023s][info][class,load] java.util.concurrent.locks.AbstractQueuedLongSynchronizer source: shared objects file
[0.023s][info][class,load] java.util.concurrent.locks.ReentrantReadWriteLock$Sync source: shared objects file
[0.023s][info][class,load] java.util.concurrent.locks.ReentrantReadWriteLock$NonfairSync source: shared objects file
[0.023s][info][class,load] java.util.concurrent.locks.ReentrantReadWriteLock$ReadLock source: shared objects file
[0.023s][info][class,load] java.util.concurrent.locks.ReentrantReadWriteLock$WriteLock source: shared objects file
[0.023s][info][class,load] java.util.concurrent.locks.ReentrantReadWriteLock$Sync$ThreadLocalHoldCounter source: shared objects file
[0.023s][info][class,load] java.util.concurrent.ConcurrentLinkedQueue$Node source: shared objects file
[0.023s][info][class,load] java.security.BasicPermission source: shared objects file
[0.023s][info][class,load] java.lang.RuntimePermission source: shared objects file
[0.023s][info][class,load] java.lang.StackStreamFactory$StackFrameBuffer source: shared objects file
[0.023s][info][class,load] java.util.stream.SliceOps$1 source: shared objects file
[0.023s][info][class,load] java.util.stream.SliceOps$1$1 source: shared objects file
[0.023s][info][class,load] java.util.stream.FindOps$FindSink source: shared objects file
[0.023s][info][class,load] java.util.stream.FindOps$FindSink$OfRef source: shared objects file
[0.023s][info][class,load] java.util.stream.FindOps$FindOp source: shared objects file
[0.023s][info][class,load] java.util.stream.ForEachOps$ForEachOp source: shared objects file
[0.023s][info][class,load] java.util.stream.ForEachOps$ForEachOp$OfRef source: shared objects file
[0.023s][info][class,load] sun.nio.cs.StreamDecoder source: shared objects file
[0.023s][info][class,load] java.nio.HeapCharBuffer source: shared objects file
[0.023s][info][class,load] java.util.stream.SortedOps$OfRef source: shared objects file
[0.023s][info][class,load] java.util.stream.SortedOps$AbstractRefSortingSink source: shared objects file
[0.023s][info][class,load] java.util.stream.SortedOps$RefSortingSink source: shared objects file
[0.023s][info][class,load] java.util.stream.SortedOps$SizedRefSortingSink source: shared objects file
[0.023s][info][class,load] java.util.concurrent.BlockingQueue source: shared objects file
[0.023s][info][class,load] java.util.concurrent.LinkedBlockingQueue source: shared objects file
[0.023s][info][class,load] java.util.concurrent.LinkedBlockingQueue$Node source: shared objects file
[0.023s][info][class,load] java.lang.InheritableThreadLocal source: shared objects file
[0.023s][info][class,load] java.util.concurrent.Delayed source: shared objects file
[0.023s][info][class,load] java.util.concurrent.ScheduledFuture source: shared objects file
[0.023s][info][class,load] java.util.concurrent.AbstractExecutorService source: shared objects file
[0.023s][info][class,load] java.util.concurrent.ThreadPoolExecutor source: shared objects file
[0.023s][info][class,load] java.util.concurrent.TimeoutException source: shared objects file
[0.023s][info][class,load] java.util.concurrent.ScheduledExecutorService source: shared objects file
[0.023s][info][class,load] java.util.Formatter$FormatString source: shared objects file
[0.023s][info][class,load] java.util.Formatter$FixedString source: shared objects file
[0.023s][info][class,load] java.util.Formatter$Conversion source: shared objects file
[0.023s][info][class,load] java.util.Formatter$FormatSpecifier source: shared objects file
[0.023s][info][class,load] java.util.Formatter$Flags source: shared objects file
[0.023s][info][class,load] java.util.Formattable source: shared objects file
[0.023s][info][class,load] java.text.spi.NumberFormatProvider source: shared objects file
[0.023s][info][class,load] java.util.concurrent.atomic.AtomicBoolean source: shared objects file
[0.023s][info][class,load] sun.util.calendar.ZoneInfo source: shared objects file
[0.023s][info][class,load] sun.util.calendar.CalendarSystem source: shared objects file
[0.023s][info][class,load] sun.util.calendar.AbstractCalendar source: shared objects file
[0.023s][info][class,load] java.util.GregorianCalendar source: shared objects file
[0.023s][info][class,load] sun.util.calendar.BaseCalendar source: shared objects file
[0.023s][info][class,load] sun.util.calendar.Gregorian source: shared objects file
[0.023s][info][class,load] sun.util.calendar.ZoneInfoFile$ZoneOffsetTransitionRule source: shared objects file
[0.023s][info][class,load] sun.util.calendar.ZoneInfoFile$Checksum source: shared objects file
[0.023s][info][class,load] java.io.PushbackInputStream source: shared objects file
[0.023s][info][class,load] java.time.zone.TzdbZoneRulesProvider source: shared objects file
[0.023s][info][class,load] java.time.LocalDate$1 source: shared objects file
[0.023s][info][class,load] java.time.OffsetTime source: shared objects file
[0.023s][info][class,load] java.time.LocalTime$1 source: shared objects file
[0.023s][info][class,load] java.net.URLDecoder source: shared objects file
[0.023s][info][class,load] java.util.stream.DistinctOps$1 source: shared objects file
[0.023s][info][class,load] java.util.stream.DistinctOps$1$2 source: shared objects file
[0.023s][info][class,load] java.util.Currency source: shared objects file
[0.023s][info][class,load] java.lang.annotation.Repeatable source: shared objects file
[0.023s][info][class,load] sun.reflect.generics.tree.Signature source: shared objects file
[0.023s][info][class,load] sun.reflect.generics.tree.ClassSignature source: shared objects file
[0.023s][info][class,load] sun.reflect.generics.tree.FormalTypeParameter source: shared objects file
[0.023s][info][class,load] sun.reflect.generics.tree.BaseType source: shared objects file
[0.023s][info][class,load] sun.reflect.generics.tree.TypeArgument source: shared objects file
[0.023s][info][class,load] sun.reflect.generics.tree.FieldTypeSignature source: shared objects file
[0.023s][info][class,load] sun.reflect.generics.tree.ClassTypeSignature source: shared objects file
[0.023s][info][class,load] sun.reflect.generics.tree.SimpleClassTypeSignature source: shared objects file
[0.023s][info][class,load] sun.reflect.generics.tree.BottomSignature source: shared objects file
[0.023s][info][class,load] sun.reflect.generics.tree.Wildcard source: shared objects file
[0.023s][info][class,load] sun.reflect.generics.tree.TypeVariableSignature source: shared objects file
[0.023s][info][class,load] sun.reflect.generics.tree.ArrayTypeSignature source: shared objects file
[0.023s][info][class,load] sun.reflect.generics.tree.ByteSignature source: shared objects file
[0.023s][info][class,load] sun.reflect.generics.tree.CharSignature source: shared objects file
[0.023s][info][class,load] sun.reflect.generics.tree.MethodTypeSignature source: shared objects file
[0.023s][info][class,load] sun.reflect.generics.tree.VoidDescriptor source: shared objects file
[0.023s][info][class,load] sun.reflect.generics.reflectiveObjects.LazyReflectiveObjectGenerator source: shared objects file
[0.023s][info][class,load] sun.reflect.generics.reflectiveObjects.TypeVariableImpl source: shared objects file
[0.023s][info][class,load] java.lang.reflect.WildcardType source: shared objects file
[0.023s][info][class,load] sun.reflect.generics.reflectiveObjects.WildcardTypeImpl source: shared objects file
[0.023s][info][class,load] java.lang.FunctionalInterface source: shared objects file
[0.023s][info][class,load] java.lang.annotation.Retention source: shared objects file
[0.023s][info][class,load] java.lang.annotation.Inherited source: shared objects file
[0.023s][info][class,load] java.lang.annotation.Documented source: shared objects file
[0.023s][info][class,load] java.lang.reflect.Proxy$ProxyBuilder source: shared objects file
[0.023s][info][class,load] java.lang.reflect.Proxy$1 source: shared objects file
[0.023s][info][class,load] java.lang.reflect.Proxy$ProxyBuilder$ProxyClassContext source: shared objects file
[0.023s][info][class,load] java.lang.WeakPairMap$Pair source: shared objects file
[0.023s][info][class,load] java.lang.WeakPairMap$WeakRefPeer source: shared objects file
[0.023s][info][class,load] java.lang.WeakPairMap$Pair$Lookup source: shared objects file
[0.023s][info][class,load] java.lang.WeakPairMap$Pair$Weak source: shared objects file
[0.024s][info][class,load] java.lang.WeakPairMap$Pair$Weak$1 source: shared objects file
[0.024s][info][class,load] java.lang.classfile.attribute.StackMapFrameInfo$VerificationTypeInfo source: shared objects file
[0.024s][info][class,load] java.lang.classfile.attribute.StackMapFrameInfo$ObjectVerificationTypeInfo source: shared objects file
[0.024s][info][class,load] java.lang.reflect.ProxyGenerator$ProxyMethod source: shared objects file
[0.024s][info][class,load] java.lang.classfile.attribute.StackMapFrameInfo source: shared objects file
[0.024s][info][class,load] java.lang.reflect.ProxyGenerator$PrimitiveTypeInfo source: shared objects file
[0.024s][info][class,load] jdk.internal.classfile.impl.StackMapDecoder$ObjectVerificationTypeInfoImpl source: shared objects file
[0.024s][info][class,load] java.lang.classfile.attribute.StackMapFrameInfo$SimpleVerificationTypeInfo source: shared objects file
[0.024s][info][class,load] jdk.internal.classfile.impl.StackMapDecoder$StackMapFrameImpl source: shared objects file
[0.024s][info][class,load] jdk.internal.classfile.impl.StackCounter$Target source: shared objects file
[0.024s][info][class,load] jdk.internal.classfile.impl.StackMapDecoder$1 source: shared objects file
[0.024s][info][class,load] java.lang.annotation.Target source: shared objects file
[0.024s][info][class,load] java.util.concurrent.CountDownLatch$Sync source: shared objects file
[0.024s][info][class,load] sun.util.logging.PlatformLogger$Bridge source: shared objects file
[0.024s][info][class,load] sun.util.logging.PlatformLogger$ConfigurableBridge source: shared objects file
[0.024s][info][class,load] jdk.internal.logger.BootstrapLogger source: shared objects file
[0.024s][info][class,load] java.lang.annotation.ElementType source: shared objects file
[0.024s][info][class,load] java.lang.ApplicationShutdownHooks$1 source: shared objects file
[0.024s][info][class,load] java.lang.Shutdown$Lock source: shared objects file
[0.024s][info][class,load] jdk.internal.logger.DefaultLoggerFinder source: shared objects file
[0.024s][info][class,load] sun.util.logging.PlatformLogger$ConfigurableBridge$LoggerConfiguration source: shared objects file
[0.024s][info][class,load] jdk.internal.logger.SimpleConsoleLogger source: shared objects file
[0.024s][info][class,load] jdk.internal.logger.LoggerFinderLoader source: shared objects file
[0.024s][info][class,load] jdk.internal.logger.LoggerFinderLoader$TemporaryLoggerFinder source: shared objects file
[0.024s][info][class,load] java.util.stream.Streams$2 source: shared objects file
[0.024s][info][class,load] jdk.internal.logger.BootstrapLogger$BootstrapExecutors source: shared objects file
[0.024s][info][class,load] sun.util.logging.PlatformLogger$Level source: shared objects file
[0.024s][info][class,load] jdk.internal.logger.BootstrapLogger$DetectBackend source: shared objects file
[0.024s][info][class,load] jdk.internal.logger.BootstrapLogger$LoggingBackend source: shared objects file
[0.024s][info][class,load] jdk.internal.logger.BootstrapLogger$RedirectedLoggers source: shared objects file
[0.024s][info][class,load] jdk.internal.logger.SurrogateLogger source: shared objects file
[0.024s][info][class,load] java.io.StringWriter source: shared objects file
[0.024s][info][class,load] jdk.internal.logger.SimpleConsoleLogger$Formatting source: shared objects file
[0.024s][info][class,load] java.text.ParseException source: shared objects file
[0.024s][info][class,load] java.util.concurrent.CopyOnWriteArraySet source: shared objects file
[0.024s][info][class,load] java.util.concurrent.ConcurrentLinkedDeque source: shared objects file
[0.024s][info][class,load] java.util.concurrent.ConcurrentLinkedDeque$Node source: shared objects file
[0.024s][info][class,load] java.util.concurrent.ConcurrentLinkedDeque$AbstractItr source: shared objects file
[0.024s][info][class,load] java.util.concurrent.ConcurrentLinkedDeque$Itr source: shared objects file
[0.024s][info][class,load] java.util.spi.CurrencyNameProvider source: shared objects file
[0.024s][info][class,load] java.security.SecureRandom source: shared objects file
[0.024s][info][class,load] java.time.ZonedDateTime$1 source: shared objects file
[0.024s][info][class,load] java.time.YearMonth source: shared objects file
[0.024s][info][class,load] java.time.MonthDay source: shared objects file
[0.024s][info][class,load] java.util.concurrent.Executors source: shared objects file
[0.024s][info][class,load] jdk.internal.util.random.RandomSupport source: shared objects file
[0.024s][info][class,load] java.lang.Deprecated source: shared objects file
[0.024s][info][class,load] java.util.concurrent.SynchronousQueue source: shared objects file
[0.024s][info][class,load] java.util.concurrent.Executors$DefaultThreadFactory source: shared objects file
[0.024s][info][class,load] jdk.internal.vm.SharedThreadContainer source: shared objects file
[0.024s][info][class,load] java.util.concurrent.RejectedExecutionHandler source: shared objects file
[0.024s][info][class,load] java.util.concurrent.ThreadPoolExecutor$AbortPolicy source: shared objects file
[0.024s][info][class,load] java.util.concurrent.Callable source: shared objects file
[0.024s][info][class,load] java.util.concurrent.CancellationException source: shared objects file
[0.024s][info][class,load] java.util.concurrent.TransferQueue source: shared objects file
[0.024s][info][class,load] java.util.concurrent.LinkedTransferQueue source: shared objects file
[0.024s][info][class,load] java.util.concurrent.SynchronousQueue$Transferer source: shared objects file
[0.024s][info][class,load] java.util.concurrent.LinkedTransferQueue$DualNode source: shared objects file
[0.024s][info][class,load] jdk.internal.vm.ThreadContainers$RootContainer source: shared objects file
[0.024s][info][class,load] jdk.internal.vm.ThreadContainers$RootContainer$TrackingRootContainer source: shared objects file
[0.024s][info][class,load] java.security.Provider$Service source: shared objects file
[0.024s][info][class,load] sun.security.jca.ProviderList source: shared objects file
[0.024s][info][class,load] sun.security.provider.SunEntries source: shared objects file
[0.024s][info][class,load] java.security.SecureRandomSpi source: shared objects file
[0.024s][info][class,load] java.security.SecureRandomParameters source: shared objects file
[0.024s][info][class,load] sun.security.provider.Sun source: shared objects file
[0.024s][info][class,load] sun.security.jca.ProviderConfig source: shared objects file
[0.024s][info][class,load] sun.security.jca.ProviderList$2 source: shared objects file
[0.024s][info][class,load] sun.security.jca.ProviderList$1 source: shared objects file
[0.024s][info][class,load] java.security.Provider$ServiceKey source: shared objects file
[0.024s][info][class,load] java.security.Provider$EngineDescription source: shared objects file
[0.024s][info][class,load] java.security.cert.CertStoreParameters source: shared objects file
[0.024s][info][class,load] javax.crypto.KDFParameters source: shared objects file
[0.024s][info][class,load] java.security.Policy$Parameters source: shared objects file
[0.024s][info][class,load] javax.security.auth.login.Configuration$Parameters source: shared objects file
[0.024s][info][class,load] java.security.Provider$UString source: shared objects file
[0.024s][info][class,load] jdk.internal.math.FloatingDecimal$BinaryToASCIIConverter source: shared objects file
[0.024s][info][class,load] jdk.internal.math.FloatingDecimal$ASCIIToBinaryConverter source: shared objects file
[0.024s][info][class,load] jdk.internal.math.FloatingDecimal$BinaryToASCIIBuffer source: shared objects file
[0.024s][info][class,load] jdk.internal.math.FloatingDecimal$PreparedASCIIToBinaryBuffer source: shared objects file
[0.024s][info][class,load] jdk.internal.math.MathUtils source: shared objects file
[0.024s][info][class,load] jdk.internal.math.FloatingDecimal$ASCIIToBinaryBuffer source: shared objects file
[0.024s][info][class,load] jdk.internal.math.FloatingDecimal$ExceptionalBinaryToASCIIBuffer source: shared objects file
[0.024s][info][class,load] jdk.internal.math.FloatingDecimal$1 source: shared objects file
[0.024s][info][class,load] jdk.internal.math.FDBigInteger source: shared objects file
[0.024s][info][class,load] java.security.Security$SecPropLoader source: shared objects file
[0.024s][info][class,load] java.security.Security$1 source: shared objects file
[0.024s][info][class,load] java.security.Security$2 source: shared objects file
[0.024s][info][class,load] java.security.Security$SecPropLoader$LoadingMode source: shared objects file
[0.024s][info][class,load] sun.nio.ch.Streams source: shared objects file
[0.024s][info][class,load] sun.nio.ch.ChannelInputStream source: shared objects file
[0.024s][info][class,load] sun.nio.ch.Util$BufferCache source: shared objects file
[0.024s][info][class,load] sun.nio.ch.Util$1 source: shared objects file
[0.024s][info][class,load] sun.security.provider.NativePRNG source: shared objects file
[0.024s][info][class,load] sun.security.provider.NativePRNG$Blocking source: shared objects file
[0.024s][info][class,load] sun.security.provider.NativePRNG$NonBlocking source: shared objects file
[0.024s][info][class,load] sun.security.util.SecurityProviderConstants source: shared objects file
[0.024s][info][class,load] sun.security.provider.NativePRNG$Variant source: shared objects file
[0.024s][info][class,load] sun.security.provider.NativePRNG$RandomIO source: shared objects file
[0.024s][info][class,load] sun.security.provider.FileInputStreamPool source: shared objects file
[0.024s][info][class,load] sun.security.provider.FileInputStreamPool$StreamRef source: shared objects file
[0.024s][info][class,load] sun.security.provider.FileInputStreamPool$UnclosableInputStream source: shared objects file
[0.024s][info][class,load] sun.security.util.KnownOIDs source: shared objects file
[0.024s][info][class,load] java.util.function.IntPredicate source: shared objects file
[0.024s][info][class,load] java.time.Clock$SystemClock source: shared objects file
[0.024s][info][class,load] java.io.StringReader source: shared objects file
[0.024s][info][class,load] jdk.internal.logger.LazyLoggers$1 source: shared objects file
[0.024s][info][class,load] jdk.internal.logger.LazyLoggers$LazyLoggerFactories source: shared objects file
[0.024s][info][class,load] sun.util.calendar.CalendarSystem$GregorianHolder source: shared objects file
[0.024s][info][class,load] jdk.internal.access.JavaBeansAccess source: shared objects file
[0.024s][info][class,load] jdk.internal.io.JdkConsoleProvider source: shared objects file
[0.024s][info][class,load] java.io.Console$1 source: shared objects file
[0.024s][info][class,load] jdk.internal.io.JdkConsole source: shared objects file
[0.024s][info][class,load] java.util.Vector source: shared objects file
[0.024s][info][class,load] java.util.Stack source: shared objects file
[0.024s][info][class,load] java.util.Vector$Itr source: shared objects file
[0.024s][info][class,load] java.util.concurrent.CompletionException source: shared objects file
[0.024s][info][class,load] java.time.temporal.TemporalQueries$1 source: shared objects file
[0.024s][info][class,load] java.time.temporal.TemporalQueries$2 source: shared objects file
[0.024s][info][class,load] java.time.temporal.TemporalQueries$3 source: shared objects file
[0.024s][info][class,load] java.time.temporal.TemporalQueries$4 source: shared objects file
[0.024s][info][class,load] java.time.temporal.TemporalQueries$5 source: shared objects file
[0.024s][info][class,load] java.time.temporal.TemporalQueries$6 source: shared objects file
[0.024s][info][class,load] java.time.temporal.TemporalQueries$7 source: shared objects file
[0.024s][info][class,load] java.io.CharConversionException source: shared objects file
[0.024s][info][class,load] java.text.spi.DecimalFormatSymbolsProvider source: shared objects file
[0.024s][info][class,load] sun.util.locale.provider.LocaleProviderAdapter$Type source: shared objects file
[0.024s][info][class,load] java.util.ResourceBundle$Control source: shared objects file
[0.024s][info][class,load] sun.util.locale.provider.JRELocaleConstants source: shared objects file
[0.024s][info][class,load] sun.util.locale.provider.LocaleDataMetaInfo source: shared objects file
[0.024s][info][class,load] java.util.spi.CalendarDataProvider source: shared objects file
[0.024s][info][class,load] sun.util.locale.provider.AvailableLanguageTags source: shared objects file
[0.024s][info][class,load] sun.util.locale.provider.CalendarDataProviderImpl source: shared objects file
[0.024s][info][class,load] sun.util.cldr.CLDRCalendarDataProviderImpl source: shared objects file
[0.024s][info][class,load] java.util.spi.TimeZoneNameProvider source: shared objects file
[0.024s][info][class,load] sun.util.locale.provider.TimeZoneNameProviderImpl source: shared objects file
[0.024s][info][class,load] sun.util.cldr.CLDRTimeZoneNameProviderImpl source: shared objects file
[0.024s][info][class,load] sun.util.cldr.CLDRBaseLocaleDataMetaInfo source: shared objects file
[0.024s][info][class,load] java.text.spi.BreakIteratorProvider source: shared objects file
[0.024s][info][class,load] sun.util.locale.provider.BreakIteratorProviderImpl source: shared objects file
[0.024s][info][class,load] java.text.spi.CollatorProvider source: shared objects file
[0.024s][info][class,load] sun.util.locale.provider.CollatorProviderImpl source: shared objects file
[0.024s][info][class,load] java.text.spi.DateFormatProvider source: shared objects file
[0.024s][info][class,load] sun.util.locale.provider.DateFormatProviderImpl source: shared objects file
[0.024s][info][class,load] java.text.spi.DateFormatSymbolsProvider source: shared objects file
[0.024s][info][class,load] sun.util.locale.provider.DateFormatSymbolsProviderImpl source: shared objects file
[0.024s][info][class,load] sun.util.locale.provider.DecimalFormatSymbolsProviderImpl source: shared objects file
[0.024s][info][class,load] sun.util.locale.provider.NumberFormatProviderImpl source: shared objects file
[0.024s][info][class,load] sun.util.locale.provider.CurrencyNameProviderImpl source: shared objects file
[0.024s][info][class,load] sun.util.locale.provider.LocaleNameProviderImpl source: shared objects file
[0.024s][info][class,load] sun.util.resources.LocaleData source: shared objects file
[0.024s][info][class,load] sun.util.locale.provider.JRELocaleProviderAdapter$AvailableJRELocales source: shared objects file
[0.024s][info][class,load] sun.util.locale.provider.BaseLocaleDataMetaInfo source: shared objects file
[0.024s][info][class,load] sun.util.locale.StringTokenIterator source: shared objects file
[0.024s][info][class,load] sun.util.locale.Extension source: shared objects file
[0.024s][info][class,load] sun.util.locale.UnicodeLocaleExtension source: shared objects file
[0.024s][info][class,load] sun.util.locale.InternalLocaleBuilder$CaseInsensitiveChar source: shared objects file
[0.024s][info][class,load] sun.util.locale.provider.LocaleResources$ResourceReference source: shared objects file
[0.024s][info][class,load] sun.util.resources.Bundles$Strategy source: shared objects file
[0.024s][info][class,load] sun.util.resources.LocaleData$LocaleDataStrategy source: shared objects file
[0.024s][info][class,load] sun.util.resources.Bundles source: shared objects file
[0.024s][info][class,load] java.util.spi.ResourceBundleProvider source: shared objects file
[0.024s][info][class,load] sun.util.resources.LocaleData$LocaleDataResourceBundleProvider source: shared objects file
[0.024s][info][class,load] sun.util.resources.LocaleData$CommonResourceBundleProvider source: shared objects file
[0.024s][info][class,load] java.util.ResourceBundle$SingleFormatControl source: shared objects file
[0.024s][info][class,load] java.util.ResourceBundle$NoFallbackControl source: shared objects file
[0.024s][info][class,load] java.util.ResourceBundle$ResourceBundleProviderHelper source: shared objects file
[0.024s][info][class,load] java.util.ResourceBundle$1 source: shared objects file
[0.024s][info][class,load] java.util.ResourceBundle$2 source: shared objects file
[0.024s][info][class,load] sun.util.resources.Bundles$CacheKey source: shared objects file
[0.024s][info][class,load] sun.util.resources.Bundles$CacheKeyReference source: shared objects file
[0.024s][info][class,load] sun.util.resources.Bundles$BundleReference source: shared objects file
[0.024s][info][class,load] sun.util.resources.Bundles$1 source: shared objects file
[0.024s][info][class,load] java.util.ListResourceBundle source: shared objects file
[0.024s][info][class,load] sun.text.resources.cldr.FormatData source: shared objects file
[0.024s][info][class,load] jdk.internal.classfile.impl.FieldImpl source: shared objects file
[0.024s][info][class,load] jdk.internal.classfile.impl.ClassImpl$1 source: shared objects file
[0.024s][info][class,load] java.lang.classfile.CompoundElement$1 source: shared objects file
[0.024s][info][class,load] jdk.internal.classfile.impl.ClassFileVersionImpl source: shared objects file
[0.024s][info][class,load] jdk.internal.misc.PreviewFeatures source: shared objects file
[0.024s][info][class,load] jdk.internal.classfile.impl.AbstractInstruction$SwitchCaseImpl source: shared objects file
[0.024s][info][class,load] jdk.internal.classfile.impl.AbstractInstruction source: shared objects file
[0.024s][info][class,load] jdk.internal.classfile.impl.CodeImpl$3 source: shared objects file
[0.024s][info][class,load] jdk.internal.classfile.impl.AbstractInstruction$UnboundInstruction source: shared objects file
[0.024s][info][class,load] jdk.internal.classfile.impl.AbstractInstruction$UnboundLoadInstruction source: shared objects file
[0.024s][info][class,load] jdk.internal.classfile.impl.AbstractInstruction$UnboundStoreInstruction source: shared objects file
[0.024s][info][class,load] jdk.internal.classfile.impl.AbstractInstruction$UnboundNopInstruction source: shared objects file
[0.024s][info][class,load] jdk.internal.classfile.impl.AbstractInstruction$UnboundReturnInstruction source: shared objects file
[0.024s][info][class,load] jdk.internal.classfile.impl.AbstractInstruction$UnboundThrowInstruction source: shared objects file
[0.024s][info][class,load] jdk.internal.classfile.impl.AbstractInstruction$UnboundArrayLoadInstruction source: shared objects file
[0.024s][info][class,load] jdk.internal.classfile.impl.AbstractInstruction$UnboundArrayStoreInstruction source: shared objects file
[0.024s][info][class,load] jdk.internal.classfile.impl.AbstractInstruction$UnboundStackInstruction source: shared objects file
[0.024s][info][class,load] jdk.internal.classfile.impl.AbstractInstruction$UnboundConvertInstruction source: shared objects file
[0.024s][info][class,load] jdk.internal.classfile.impl.AbstractInstruction$UnboundOperatorInstruction source: shared objects file
[0.024s][info][class,load] jdk.internal.classfile.impl.AbstractInstruction$UnboundIntrinsicConstantInstruction source: shared objects file
[0.024s][info][class,load] jdk.internal.classfile.impl.AbstractInstruction$UnboundMonitorInstruction source: shared objects file
[0.024s][info][class,load] java.util.concurrent.RunnableFuture source: shared objects file
[0.024s][info][class,load] java.util.concurrent.RunnableScheduledFuture source: shared objects file
[0.024s][info][class,load] sun.util.locale.provider.LocaleServiceProviderPool$AllAvailableLocales source: shared objects file
[0.024s][info][class,load] java.lang.Override source: shared objects file
[0.024s][info][class,load] sun.reflect.misc.ReflectUtil source: shared objects file
[0.024s][info][class,load] java.util.concurrent.atomic.AtomicIntegerArray source: shared objects file
[0.024s][info][class,load] java.util.concurrent.atomic.AtomicLongArray source: shared objects file
[0.024s][info][class,load] java.lang.reflect.AnnotatedType source: shared objects file
[0.024s][info][class,load] java.nio.file.ClosedWatchServiceException source: shared objects file
[0.024s][info][class,load] javax.net.ssl.TrustManagerFactory source: shared objects file
[0.024s][info][class,load] java.security.KeyStoreException source: shared objects file
[0.024s][info][class,load] java.security.UnrecoverableEntryException source: shared objects file
[0.024s][info][class,load] java.security.UnrecoverableKeyException source: shared objects file
[0.024s][info][class,load] javax.net.ssl.TrustManagerFactorySpi source: shared objects file
[0.024s][info][class,load] java.lang.invoke.BoundMethodHandle$Species_DL source: shared objects file
[0.024s][info][class,load] java.lang.invoke.BoundMethodHandle$Species_IL source: shared objects file
[0.034s][info][class,load] java.util.logging.Level source: shared objects file
[0.034s][info][class,load] java.util.logging.Level$KnownLevel$$Lambda/0x80000008f source: shared objects file
[0.034s][info][class,load] java.util.logging.Level$KnownLevel$$Lambda/0x800000090 source: shared objects file
[0.034s][info][class,load] java.util.logging.Level$KnownLevel$$Lambda/0x800000091 source: shared objects file
[0.034s][info][class,load] java.util.logging.Level$KnownLevel$$Lambda/0x800000092 source: shared objects file
[0.034s][info][class,load] java.util.logging.Level$KnownLevel$$Lambda/0x800000093 source: shared objects file
[0.034s][info][class,load] java.util.logging.Formatter source: shared objects file
[0.034s][info][class,load] java.util.logging.SimpleFormatter source: shared objects file
[0.034s][info][class,load] java.util.logging.SimpleFormatter$$Lambda/0x800000094 source: shared objects file
[0.034s][info][class,load] sun.management.spi.PlatformMBeanProvider source: shared objects file
[0.034s][info][class,load] sun.management.spi.PlatformMBeanProvider$PlatformComponent$$Lambda/0x8000000a0 source: shared objects file
[0.034s][info][class,load] sun.management.spi.PlatformMBeanProvider$PlatformComponent$$Lambda/0x8000000a1 source: shared objects file
[0.034s][info][class,load] java.util.logging.Level$$Lambda/0x80000008b source: shared objects file
[0.034s][info][class,load] java.util.logging.Level$$Lambda/0x80000008c source: shared objects file
[0.034s][info][class,load] java.util.logging.Level$$Lambda/0x80000008d source: shared objects file
[0.034s][info][class,load] java.util.logging.Level$$Lambda/0x80000008e source: shared objects file
[0.034s][info][class,load] java.lang.management.ManagementFactory source: shared objects file
[0.034s][info][class,load] java.lang.management.ManagementFactory$PlatformMBeanFinder$$Lambda/0x80000009e source: shared objects file
[0.034s][info][class,load] java.lang.management.ManagementFactory$PlatformMBeanFinder$$Lambda/0x80000009f source: shared objects file
[0.034s][info][class,load] sun.management.ManagementFactoryHelper source: shared objects file
[0.034s][info][class,load] javax.management.NotificationBroadcaster source: shared objects file
[0.034s][info][class,load] javax.management.NotificationEmitter source: shared objects file
[0.034s][info][class,load] sun.management.NotificationEmitterSupport source: shared objects file
[0.034s][info][class,load] javax.management.DynamicMBean source: shared objects file
[0.034s][info][class,load] com.sun.management.DiagnosticCommandMBean source: shared objects file
[0.034s][info][class,load] com.sun.management.internal.DiagnosticCommandImpl source: shared objects file
[0.034s][info][class,load] java.lang.management.PlatformManagedObject source: shared objects file
[0.034s][info][class,load] java.lang.management.RuntimeMXBean source: shared objects file
[0.034s][info][class,load] java.util.logging.Logger source: shared objects file
[0.034s][info][class,load] java.util.logging.LogManager source: shared objects file
[0.034s][info][class,load] java.util.logging.LogManager$LoggerContext source: shared objects file
[0.034s][info][class,load] java.util.logging.LogManager$SystemLoggerContext source: shared objects file
[0.034s][info][class,load] java.util.logging.LogManager$Cleaner source: shared objects file
[0.034s][info][class,load] java.util.logging.LogManager$RootLogger source: shared objects file
[0.034s][info][class,load] java.util.logging.Handler source: shared objects file
[0.034s][info][class,load] java.util.logging.LogManager$CloseOnReset source: shared objects file
[0.034s][info][class,load] java.util.logging.LogManager$LoggerWeakRef source: shared objects file
[0.034s][info][class,load] java.util.logging.LogManager$VisitedLoggers source: shared objects file
[0.034s][info][class,load] sun.util.logging.internal.LoggingProviderImpl$LogManagerAccess source: shared objects file
[0.034s][info][class,load] java.util.logging.LogManager$LoggingProviderAccess source: shared objects file
[0.034s][info][class,load] java.util.logging.LogManager$LogNode source: shared objects file
[0.034s][info][class,load] java.util.logging.StreamHandler source: shared objects file
[0.034s][info][class,load] java.util.logging.ConsoleHandler source: shared objects file
[0.034s][info][class,load] java.util.logging.ErrorManager source: shared objects file
[0.034s][info][class,load] java.util.logging.Level$KnownLevel source: shared objects file
[0.034s][info][class,load] sun.util.logging.internal.LoggingProviderImpl source: shared objects file
[0.034s][info][class,load] sun.util.logging.internal.LoggingProviderImpl$JULWrapper source: shared objects file
[0.034s][info][class,load] java.util.logging.Logger$ConfigurationData source: shared objects file
[0.034s][info][class,load] java.util.logging.Logger$SystemLoggerHelper source: shared objects file
[0.034s][info][class,load] java.util.logging.Logger$LoggerBundle source: shared objects file
[0.034s][info][class,load] java.beans.PropertyEditor source: shared objects file
[0.034s][info][class,load] java.beans.PropertyEditorSupport source: shared objects file
[0.034s][info][class,load] java.beans.Introspector source: shared objects file
[0.034s][info][class,load] java.beans.IntrospectionException source: shared objects file
[0.034s][info][class,load] java.beans.BeanInfo source: shared objects file
[0.034s][info][class,load] java.beans.FeatureDescriptor source: shared objects file
[0.034s][info][class,load] java.beans.PropertyDescriptor source: shared objects file
[0.034s][info][class,load] java.beans.EventSetDescriptor source: shared objects file
[0.034s][info][class,load] com.sun.beans.TypeResolver source: shared objects file
[0.034s][info][class,load] java.beans.Introspector$1 source: shared objects file
[0.034s][info][class,load] org.xml.sax.SAXException source: shared objects file
[0.034s][info][class,load] org.xml.sax.SAXParseException source: shared objects file
[0.034s][info][class,load] javax.xml.parsers.ParserConfigurationException source: shared objects file
[0.034s][info][class,load] org.xml.sax.ErrorHandler source: shared objects file
[0.034s][info][class,load] org.xml.sax.EntityResolver source: shared objects file
[0.034s][info][class,load] org.w3c.dom.Node source: shared objects file
[0.034s][info][class,load] java.beans.MethodRef source: shared objects file
[0.034s][info][class,load] java.beans.SimpleBeanInfo source: shared objects file
[0.034s][info][class,load] com.sun.beans.WildcardTypeImpl source: shared objects file
[0.034s][info][class,load] com.sun.beans.WeakCache source: shared objects file
[0.034s][info][class,load] javax.management.JMException source: shared objects file
[0.034s][info][class,load] javax.management.OperationsException source: shared objects file
[0.034s][info][class,load] javax.management.NotCompliantMBeanException source: shared objects file
[0.034s][info][class,load] javax.management.PersistentMBean source: shared objects file
[0.034s][info][class,load] javax.management.modelmbean.ModelMBeanNotificationBroadcaster source: shared objects file
[0.034s][info][class,load] javax.management.modelmbean.ModelMBean source: shared objects file
[0.034s][info][class,load] javax.management.MBeanRegistration source: shared objects file
[0.034s][info][class,load] javax.management.modelmbean.RequiredModelMBean source: shared objects file
[0.034s][info][class,load] javax.management.InstanceAlreadyExistsException source: shared objects file
[0.034s][info][class,load] javax.management.InstanceNotFoundException source: shared objects file
[0.034s][info][class,load] javax.naming.Context source: shared objects file
[0.034s][info][class,load] javax.naming.InitialContext source: shared objects file
[0.034s][info][class,load] javax.naming.NamingException source: shared objects file
[0.034s][info][class,load] javax.naming.NameNotFoundException source: shared objects file
[0.034s][info][class,load] java.lang.management.ManagementFactory$PlatformMBeanFinder source: shared objects file
[0.034s][info][class,load] sun.management.spi.PlatformMBeanProvider$PlatformComponent source: shared objects file
[0.034s][info][class,load] java.lang.management.DefaultPlatformMBeanProvider source: shared objects file
[0.034s][info][class,load] com.sun.management.internal.PlatformMBeanProviderImpl source: shared objects file
[0.034s][info][class,load] com.sun.management.internal.PlatformMBeanProviderImpl$1 source: shared objects file
[0.034s][info][class,load] com.sun.management.internal.PlatformMBeanProviderImpl$2 source: shared objects file
[0.034s][info][class,load] com.sun.management.internal.PlatformMBeanProviderImpl$3 source: shared objects file
[0.034s][info][class,load] com.sun.management.internal.PlatformMBeanProviderImpl$4 source: shared objects file
[0.034s][info][class,load] com.sun.management.internal.PlatformMBeanProviderImpl$5 source: shared objects file
[0.034s][info][class,load] com.sun.management.internal.PlatformMBeanProviderImpl$6 source: shared objects file
[0.034s][info][class,load] com.sun.management.internal.PlatformMBeanProviderImpl$7 source: shared objects file
[0.034s][info][class,load] jdk.management.HotSpotAOTCacheMXBean source: shared objects file
[0.034s][info][class,load] jdk.management.VirtualThreadSchedulerMXBean source: shared objects file
[0.034s][info][class,load] sun.management.VMManagement source: shared objects file
[0.034s][info][class,load] sun.management.RuntimeImpl source: shared objects file
[0.034s][info][class,load] sun.management.ManagementFactoryHelper$LoggingMXBeanAccess source: shared objects file
[0.034s][info][class,load] sun.management.VMManagementImpl source: shared objects file
[0.034s][info][class,load] jdk.management.jfr.internal.FlightRecorderMXBeanProvider source: shared objects file
[0.034s][info][class,load] jdk.management.jfr.FlightRecorderMXBean source: shared objects file
[0.034s][info][class,load] jdk.management.jfr.internal.FlightRecorderMXBeanProvider$SingleMBeanComponent source: shared objects file
[0.034s][info][class,load] java.lang.management.DefaultPlatformMBeanProvider$1 source: shared objects file
[0.034s][info][class,load] java.lang.management.DefaultPlatformMBeanProvider$2 source: shared objects file
[0.034s][info][class,load] java.lang.management.DefaultPlatformMBeanProvider$3 source: shared objects file
[0.034s][info][class,load] java.lang.management.DefaultPlatformMBeanProvider$4 source: shared objects file
[0.034s][info][class,load] java.lang.management.DefaultPlatformMBeanProvider$5 source: shared objects file
[0.034s][info][class,load] java.lang.management.DefaultPlatformMBeanProvider$6 source: shared objects file
[0.034s][info][class,load] java.lang.management.DefaultPlatformMBeanProvider$7 source: shared objects file
[0.034s][info][class,load] java.lang.management.DefaultPlatformMBeanProvider$8 source: shared objects file
[0.034s][info][class,load] java.lang.management.DefaultPlatformMBeanProvider$9 source: shared objects file
[0.034s][info][class,load] java.lang.management.DefaultPlatformMBeanProvider$10 source: shared objects file
[0.034s][info][class,load] java.lang.management.DefaultPlatformMBeanProvider$11 source: shared objects file
[0.034s][info][class,load] java.sql.Date source: shared objects file
[0.034s][info][class,load] java.sql.Timestamp source: shared objects file
[0.034s][info][class,load] sun.util.resources.cldr.provider.CLDRLocaleDataMetaInfo source: shared objects file
[0.034s][info][class,load] sun.util.resources.provider.LocaleDataProvider source: shared objects file
[0.034s][info][class,load] sun.text.resources.cldr.ext.FormatData_ko source: shared objects file
[0.034s][info][class,load] sun.util.resources.provider.NonBaseLocaleDataMetaInfo source: shared objects file
[0.037s][info][class,load] org.springframework.boot.loader.net.protocol.jar.JarUrlClassLoader source: shared objects file
[0.037s][info][class,load] org.springframework.boot.loader.net.protocol.jar.JarUrlClassLoader$$Lambda/0x800000059 source: shared objects file
[0.037s][info][class,load] org.springframework.boot.loader.launch.Launcher source: shared objects file
[0.037s][info][class,load] org.springframework.boot.loader.launch.ExecutableArchiveLauncher source: shared objects file
[0.037s][info][class,load] org.springframework.boot.loader.launch.ExecutableArchiveLauncher$$Lambda/0x800000055 source: shared objects file
[0.037s][info][class,load] org.springframework.boot.loader.launch.ExecutableArchiveLauncher$$Lambda/0x800000056 source: shared objects file
[0.037s][info][class,load] org.springframework.boot.loader.launch.Archive source: shared objects file
[0.037s][info][class,load] org.springframework.boot.loader.launch.Archive$$Lambda/0x800000057 source: shared objects file
[0.037s][info][class,load] org.springframework.boot.loader.zip.DataBlock source: shared objects file
[0.037s][info][class,load] org.springframework.boot.loader.zip.CloseableDataBlock source: shared objects file
[0.037s][info][class,load] org.springframework.boot.loader.zip.FileDataBlock source: shared objects file
[0.037s][info][class,load] org.springframework.boot.loader.zip.FileDataBlock$$Lambda/0x800000079 source: shared objects file
[0.037s][info][class,load] org.springframework.boot.loader.zip.ZipContent source: shared objects file
[0.037s][info][class,load] org.springframework.boot.loader.zip.ZipContent$SignatureFiles$$Lambda/0x80000007a source: shared objects file
[0.037s][info][class,load] org.springframework.boot.loader.net.protocol.jar.JarUrlConnection source: shared objects file
[0.037s][info][class,load] org.springframework.boot.loader.net.protocol.jar.JarUrlConnection$$Lambda/0x800000064 source: shared objects file
[0.037s][info][class,load] org.springframework.boot.loader.net.protocol.jar.UrlJarFiles source: shared objects file
[0.037s][info][class,load] org.springframework.boot.loader.net.protocol.jar.UrlJarFiles$$Lambda/0x800000066 source: shared objects file
[0.037s][info][class,load] org.springframework.boot.loader.net.protocol.nested.NestedLocation source: shared objects file
[0.037s][info][class,load] org.springframework.boot.loader.net.protocol.nested.NestedLocation$$Lambda/0x800000067 source: shared objects file
[0.037s][info][class,load] org.springframework.boot.loader.net.protocol.nested.NestedLocation$$Lambda/0x800000068 source: shared objects file
[0.037s][info][class,load] org.springframework.boot.loader.zip.ZipContent$$Lambda/0x80000006f source: shared objects file
[0.037s][info][class,load] org.springframework.boot.loader.jar.NestedJarFileResources source: shared objects file
[0.037s][info][class,load] org.springframework.boot.loader.jar.NestedJarFileResources$$Lambda/0x80000006d source: shared objects file
[0.037s][info][class,load] org.springframework.boot.loader.jar.NestedJarFileResources$$Lambda/0x80000006e source: shared objects file
[0.037s][info][class,load] org.springframework.boot.loader.jar.MetaInfVersionsInfo source: shared objects file
[0.037s][info][class,load] org.springframework.boot.loader.jar.MetaInfVersionsInfo$$Lambda/0x800000070 source: shared objects file
[0.037s][info][class,load] org.springframework.boot.loader.jar.MetaInfVersionsInfo$$Lambda/0x800000071 source: shared objects file
[0.037s][info][class,load] org.springframework.boot.loader.jar.MetaInfVersionsInfo$$Lambda/0x800000072 source: shared objects file
[0.037s][info][class,load] org.springframework.boot.loader.jar.MetaInfVersionsInfo$$Lambda/0x800000073 source: shared objects file
[0.037s][info][class,load] org.springframework.boot.loader.jar.NestedJarFile source: shared objects file
[0.037s][info][class,load] org.springframework.boot.loader.jar.NestedJarFile$$Lambda/0x80000005a source: shared objects file
[0.037s][info][class,load] org.springframework.boot.loader.jar.NestedJarFile$$Lambda/0x80000005b source: shared objects file
[0.037s][info][class,load] org.springframework.boot.loader.jar.NestedJarFile$$Lambda/0x80000005c source: shared objects file
[0.037s][info][class,load] org.springframework.boot.loader.net.protocol.jar.UrlNestedJarFile source: shared objects file
[0.037s][info][class,load] org.springframework.boot.loader.net.protocol.jar.UrlJarManifest$ManifestSupplier source: shared objects file
[0.037s][info][class,load] org.springframework.boot.loader.net.protocol.jar.UrlNestedJarFile$$Lambda/0x800000069 source: shared objects file
[0.037s][info][class,load] org.springframework.boot.loader.net.protocol.jar.UrlJarManifest source: shared objects file
[0.037s][info][class,load] org.springframework.boot.loader.net.protocol.jar.UrlJarManifest$$Lambda/0x80000006b source: shared objects file
[0.037s][info][class,load] org.springframework.boot.loader.launch.JarFileArchive source: shared objects file
[0.037s][info][class,load] org.springframework.boot.loader.launch.JarFileArchive$$Lambda/0x80000005e source: shared objects file
[0.037s][info][class,load] org.springframework.boot.loader.launch.JarFileArchive$$Lambda/0x80000005f source: shared objects file
[0.037s][info][class,load] org.springframework.boot.loader.launch.JarFileArchive$$Lambda/0x800000060 source: shared objects file
[0.037s][info][class,load] org.springframework.boot.loader.launch.JarLauncher source: shared objects file
[0.037s][info][class,load] org.springframework.boot.loader.launch.Archive$Entry source: shared objects file
[0.037s][info][class,load] org.springframework.boot.loader.net.protocol.Handlers source: shared objects file
[0.037s][info][class,load] org.springframework.boot.loader.launch.LaunchedClassLoader source: shared objects file
[0.037s][info][class,load] org.springframework.boot.loader.launch.JarModeRunner source: shared objects file
[0.037s][info][class,load] org.springframework.boot.loader.launch.LaunchedClassLoader$DefinePackageCallType source: shared objects file
[0.037s][info][class,load] org.springframework.boot.loader.net.protocol.jar.Optimizations source: shared objects file
[0.037s][info][class,load] org.springframework.boot.loader.net.protocol.jar.JarUrlClassLoader$OptimizedEnumeration source: shared objects file
[0.037s][info][class,load] org.springframework.boot.loader.net.protocol.jar.Handler source: shared objects file
[0.037s][info][class,load] org.springframework.boot.loader.net.protocol.nested.Handler source: shared objects file
[0.037s][info][class,load] org.springframework.boot.loader.jarmode.JarModeErrorException source: shared objects file
[0.037s][info][class,load] org.springframework.boot.loader.launch.JarFileArchive$JarArchiveEntry source: shared objects file
[0.037s][info][class,load] org.springframework.boot.loader.net.protocol.jar.JarUrl source: shared objects file
[0.037s][info][class,load] org.springframework.boot.loader.net.protocol.jar.Canonicalizer source: shared objects file
[0.037s][info][class,load] org.springframework.boot.loader.net.protocol.jar.UrlJarFileFactory source: shared objects file
[0.037s][info][class,load] org.springframework.boot.loader.net.protocol.jar.LazyDelegatingInputStream source: shared objects file
[0.037s][info][class,load] org.springframework.boot.loader.net.protocol.jar.JarUrlConnection$ConnectionInputStream source: shared objects file
[0.037s][info][class,load] org.springframework.boot.loader.net.util.UrlDecoder source: shared objects file
[0.037s][info][class,load] org.springframework.boot.loader.net.protocol.jar.JarUrlConnection$EmptyUrlStreamHandler source: shared objects file
[0.037s][info][class,load] org.springframework.boot.loader.net.protocol.nested.NestedUrlConnection source: shared objects file
[0.037s][info][class,load] org.springframework.boot.loader.ref.Cleaner source: shared objects file
[0.037s][info][class,load] org.springframework.boot.loader.net.protocol.nested.NestedUrlConnectionResources source: shared objects file
[0.037s][info][class,load] org.springframework.boot.loader.net.protocol.nested.NestedUrlConnection$ConnectionInputStream source: shared objects file
[0.037s][info][class,load] org.springframework.boot.loader.net.protocol.jar.UrlJarFiles$Cache source: shared objects file
[0.037s][info][class,load] org.springframework.boot.loader.net.protocol.jar.UrlJarFile source: shared objects file
[0.037s][info][class,load] org.springframework.boot.loader.net.protocol.jar.UrlJarEntry source: shared objects file
[0.037s][info][class,load] org.springframework.boot.loader.log.DebugLogger source: shared objects file
[0.037s][info][class,load] org.springframework.boot.loader.jar.NestedJarFile$RawZipDataInputStream source: shared objects file
[0.037s][info][class,load] org.springframework.boot.loader.jar.ManifestInfo source: shared objects file
[0.037s][info][class,load] org.springframework.boot.loader.jar.NestedJarFile$JarEntriesEnumeration source: shared objects file
[0.037s][info][class,load] org.springframework.boot.loader.zip.ZipContent$Entry source: shared objects file
[0.037s][info][class,load] org.springframework.boot.loader.jar.NestedJarFile$NestedJarEntry source: shared objects file
[0.037s][info][class,load] org.springframework.boot.loader.jar.NestedJarFile$JarEntryInputStream source: shared objects file
[0.037s][info][class,load] org.springframework.boot.loader.jar.ZipInflaterInputStream source: shared objects file
[0.037s][info][class,load] org.springframework.boot.loader.jar.NestedJarFile$JarEntryInflaterInputStream source: shared objects file
[0.037s][info][class,load] org.springframework.boot.loader.net.protocol.jar.JarFileUrlKey source: shared objects file
[0.037s][info][class,load] org.springframework.boot.loader.ref.DefaultCleaner source: shared objects file
[0.037s][info][class,load] org.springframework.boot.loader.log.DebugLogger$SystemErrDebugLogger source: shared objects file
[0.037s][info][class,load] org.springframework.boot.loader.log.DebugLogger$DisabledDebugLogger source: shared objects file
[0.037s][info][class,load] org.springframework.boot.loader.zip.ZipContent$Kind source: shared objects file
[0.037s][info][class,load] org.springframework.boot.loader.zip.NameOffsetLookups source: shared objects file
[0.037s][info][class,load] org.springframework.boot.loader.zip.ZipCentralDirectoryFileHeaderRecord source: shared objects file
[0.037s][info][class,load] org.springframework.boot.loader.zip.ZipString source: shared objects file
[0.037s][info][class,load] org.springframework.boot.loader.zip.ZipContent$Source source: shared objects file
[0.037s][info][class,load] org.springframework.boot.loader.zip.ZipContent$Loader source: shared objects file
[0.037s][info][class,load] org.springframework.boot.loader.zip.ZipContent$SignatureFiles source: shared objects file
[0.037s][info][class,load] org.springframework.boot.loader.zip.DataBlockInputStream source: shared objects file
[0.037s][info][class,load] org.springframework.boot.loader.zip.ZipEndOfCentralDirectoryRecord source: shared objects file
[0.037s][info][class,load] org.springframework.boot.loader.zip.ZipEndOfCentralDirectoryRecord$Located source: shared objects file
[0.037s][info][class,load] org.springframework.boot.loader.zip.Zip64EndOfCentralDirectoryLocator source: shared objects file
[0.037s][info][class,load] org.springframework.boot.loader.zip.Zip64EndOfCentralDirectoryRecord source: shared objects file
[0.037s][info][class,load] org.springframework.boot.loader.zip.FileDataBlock$FileAccess source: shared objects file
[0.037s][info][class,load] org.springframework.boot.loader.zip.FileDataBlock$Tracker source: shared objects file
[0.037s][info][class,load] org.springframework.boot.loader.zip.FileDataBlock$Tracker$1 source: shared objects file
[0.037s][info][class,load] org.springframework.boot.loader.zip.ZipString$CompareType source: shared objects file
[0.037s][info][class,load] org.springframework.boot.loader.zip.ZipLocalFileHeaderRecord source: shared objects file
[0.037s][info][class,load] jdk.jshell.execution.impl.ConsoleImpl$ConsoleProviderImpl source: shared objects file
[0.037s][info][class,load] jdk.internal.org.jline.JdkConsoleProviderImpl source: shared objects file
[0.041s][info][class,load] java.io.RandomAccessFile$1 source: jrt:/java.base
[0.050s][info][class,load] java.lang.invoke.LambdaForm$MH/0x000007fc03040000 source: __JVM_LookupDefineClass__
[0.050s][info][class,load] java.lang.invoke.LambdaForm$MH/0x000007fc03040400 source: __JVM_LookupDefineClass__
[0.050s][info][class,load] java.lang.invoke.LambdaForm$MH/0x000007fc03040800 source: __JVM_LookupDefineClass__
[0.051s][info][class,load] java.lang.invoke.LambdaForm$MH/0x000007fc03040c00 source: __JVM_LookupDefineClass__
[0.051s][info][class,load] java.lang.invoke.LambdaForm$MH/0x000007fc03041000 source: __JVM_LookupDefineClass__
[0.056s][info][class,load] java.lang.invoke.LambdaForm$MH/0x000007fc03041400 source: __JVM_LookupDefineClass__
[0.056s][info][class,load] java.lang.invoke.LambdaForm$MH/0x000007fc03041800 source: __JVM_LookupDefineClass__
[0.056s][info][class,load] java.lang.invoke.LambdaForm$MH/0x000007fc03041c00 source: __JVM_LookupDefineClass__
[0.056s][info][class,load] java.lang.invoke.LambdaForm$MH/0x000007fc03042000 source: __JVM_LookupDefineClass__
[0.057s][info][class,load] java.lang.invoke.LambdaForm$MH/0x000007fc03042400 source: __JVM_LookupDefineClass__
[0.057s][info][class,load] java.lang.invoke.LambdaForm$MH/0x000007fc03042800 source: __JVM_LookupDefineClass__
[0.058s][info][class,load] java.lang.invoke.LambdaForm$MH/0x000007fc03042c00 source: __JVM_LookupDefineClass__
[0.059s][info][class,load] com.petercoders.blog.BlogApplicationKt source: shared objects file
[0.059s][info][class,load] java.lang.invoke.LambdaForm$DMH/0x000007fc03043000 source: __JVM_LookupDefineClass__
[0.059s][info][class,load] java.lang.invoke.LambdaForm$MH/0x000007fc03043400 source: __JVM_LookupDefineClass__
[0.060s][info][class,load] java.lang.invoke.LambdaForm$MH/0x000007fc03043800 source: __JVM_LookupDefineClass__
[0.060s][info][class,load] java.lang.invoke.LambdaForm$MH/0x000007fc03043c00 source: __JVM_LookupDefineClass__
[0.069s][info][class,load] kotlin.jvm.internal.Intrinsics source: shared objects file
[0.069s][info][class,load] com.petercoders.blog.BlogApplication source: shared objects file
[0.076s][info][class,load] org.springframework.boot.SpringApplication source: shared objects file
[0.083s][info][class,load] org.apache.commons.logging.LogFactory source: shared objects file
[0.083s][info][class,load] org.apache.commons.logging.LogFactory$$Lambda/0x000007fc03044000 source: org.apache.commons.logging.LogFactory
[0.084s][info][class,load] org.apache.commons.logging.impl.WeakHashtable source: shared objects file
[0.084s][info][class,load] org.apache.commons.logging.LogFactory$$Lambda/0x000007fc03044230 source: org.apache.commons.logging.LogFactory
[0.084s][info][class,load] org.apache.commons.logging.impl.WeakHashtable$Referenced source: shared objects file
[0.084s][info][class,load] org.apache.commons.logging.LogFactory$$Lambda/0x000007fc03044458 source: org.apache.commons.logging.LogFactory
[0.086s][info][class,load] org.apache.commons.logging.LogFactory$$Lambda/0x000007fc03044688 source: org.apache.commons.logging.LogFactory
[0.086s][info][class,load] org.apache.commons.logging.LogFactory$$Lambda/0x000007fc030448b0 source: org.apache.commons.logging.LogFactory
[0.087s][info][class,load] org.apache.commons.logging.LogFactory$$Lambda/0x000007fc03044ad8 source: org.apache.commons.logging.LogFactory
[0.088s][info][class,load] org.apache.logging.log4j.spi.Provider source: shared objects file
[0.088s][info][class,load] org.apache.logging.slf4j.SLF4JProvider source: shared objects file
[0.089s][info][class,load] org.apache.logging.log4j.Logger source: shared objects file
[0.089s][info][class,load] org.apache.logging.log4j.spi.ExtendedLogger source: shared objects file
[0.090s][info][class,load] org.apache.logging.log4j.spi.LocationAwareLogger source: shared objects file
[0.090s][info][class,load] org.apache.logging.log4j.spi.AbstractLogger source: shared objects file
[0.090s][info][class,load] org.apache.logging.log4j.status.StatusLogger source: shared objects file
[0.090s][info][class,load] org.apache.logging.log4j.MarkerManager source: shared objects file
[0.090s][info][class,load] org.apache.logging.log4j.Marker source: shared objects file
[0.091s][info][class,load] org.apache.logging.log4j.util.StringBuilderFormattable source: shared objects file
[0.091s][info][class,load] org.apache.logging.log4j.MarkerManager$Log4jMarker source: shared objects file
[0.091s][info][class,load] org.apache.logging.log4j.MarkerManager$$Lambda/0x000007fc03044d08 source: org.apache.logging.log4j.MarkerManager
[0.092s][info][class,load] org.apache.logging.log4j.message.MessageFactory source: shared objects file
[0.092s][info][class,load] org.apache.logging.log4j.message.MessageFactory2 source: shared objects file
[0.092s][info][class,load] org.apache.logging.log4j.message.AbstractMessageFactory source: shared objects file
[0.092s][info][class,load] org.apache.logging.log4j.message.ParameterizedMessageFactory source: shared objects file
[0.092s][info][class,load] org.apache.logging.log4j.message.FlowMessageFactory source: shared objects file
[0.092s][info][class,load] org.apache.logging.log4j.message.DefaultFlowMessageFactory source: shared objects file
[0.093s][info][class,load] org.apache.logging.log4j.BridgeAware source: shared objects file
[0.093s][info][class,load] org.apache.logging.log4j.LogBuilder source: shared objects file
[0.093s][info][class,load] org.apache.logging.log4j.internal.DefaultLogBuilder source: shared objects file
[0.093s][info][class,load] org.apache.logging.log4j.spi.AbstractLogger$$Lambda/0x000007fc03045000 source: org.apache.logging.log4j.spi.AbstractLogger
[0.093s][info][class,load] org.apache.logging.log4j.Level source: shared objects file
[0.093s][info][class,load] org.apache.logging.log4j.spi.StandardLevel source: shared objects file
[0.093s][info][class,load] org.apache.logging.log4j.util.Strings source: shared objects file
[0.093s][info][class,load] org.apache.logging.log4j.util.Strings$$Lambda/0x000007fc03045228 source: org.apache.logging.log4j.util.Strings
[0.094s][info][class,load] org.apache.logging.log4j.status.StatusLogger$InstanceHolder source: shared objects file
[0.094s][info][class,load] org.apache.logging.log4j.message.ParameterizedNoReferenceMessageFactory source: shared objects file
[0.094s][info][class,load] org.apache.logging.log4j.status.StatusLogger$Config source: shared objects file
[0.094s][info][class,load] org.apache.logging.log4j.status.StatusLogger$PropertiesUtilsDouble source: shared objects file
[0.095s][info][class,load] java.lang.invoke.LambdaForm$DMH/0x000007fc03045800 source: __JVM_LookupDefineClass__
[0.095s][info][class,load] org.apache.logging.log4j.status.StatusLogger$PropertiesUtilsDouble$$Lambda/0x000007fc03045450 source: org.apache.logging.log4j.status.StatusLogger$PropertiesUtilsDouble
[0.097s][info][class,load] org.apache.logging.log4j.status.StatusListener source: shared objects file
[0.097s][info][class,load] org.apache.logging.log4j.status.StatusConsoleListener source: shared objects file
[0.097s][info][class,load] org.apache.logging.log4j.spi.LoggerContextFactory source: shared objects file
[0.097s][info][class,load] org.apache.logging.slf4j.SLF4JLoggerContextFactory source: shared objects file
[0.097s][info][class,load] org.apache.logging.log4j.spi.LoggerContext source: shared objects file
[0.097s][info][class,load] org.apache.logging.slf4j.SLF4JLoggerContext source: shared objects file
[0.097s][info][class,load] org.apache.logging.log4j.spi.LoggerRegistry source: shared objects file
[0.098s][info][class,load] org.apache.logging.log4j.util.LoaderUtil source: shared objects file
[0.098s][info][class,load] org.apache.logging.log4j.util.LazyBoolean source: shared objects file
[0.098s][info][class,load] java.lang.invoke.LambdaForm$DMH/0x000007fc03045c00 source: __JVM_LookupDefineClass__
[0.098s][info][class,load] java.lang.invoke.LambdaForm$DMH/0x000007fc03046000 source: __JVM_LookupDefineClass__
[0.098s][info][class,load] org.apache.logging.log4j.util.LoaderUtil$$Lambda/0x000007fc03047000 source: org.apache.logging.log4j.util.LoaderUtil
[0.098s][info][class,load] org.apache.logging.log4j.util.LoaderUtil$ThreadContextClassLoaderGetter source: shared objects file
[0.099s][info][class,load] org.apache.logging.log4j.util.PropertiesUtil source: shared objects file
[0.099s][info][class,load] org.apache.logging.log4j.util.PropertiesUtil$$Lambda/0x000007fc03047228 source: org.apache.logging.log4j.util.PropertiesUtil
[0.099s][info][class,load] org.apache.logging.log4j.util.Lazy source: shared objects file
[0.099s][info][class,load] org.apache.logging.log4j.util.LazyUtil$SafeLazy source: shared objects file
[0.099s][info][class,load] org.apache.logging.log4j.util.PropertySource source: shared objects file
[0.099s][info][class,load] org.apache.logging.log4j.util.PropertiesPropertySource source: shared objects file
[0.099s][info][class,load] org.apache.logging.log4j.util.PropertyFilePropertySource source: shared objects file
[0.100s][info][class,load] org.apache.logging.log4j.util.PropertiesUtil$Environment source: shared objects file
[0.100s][info][class,load] org.apache.logging.log4j.util.BiConsumer source: shared objects file
[0.100s][info][class,load] org.apache.logging.log4j.util.PropertiesUtil$Environment$$Lambda/0x000007fc03047450 source: org.apache.logging.log4j.util.PropertiesUtil$Environment
[0.100s][info][class,load] org.apache.logging.log4j.util.ServiceLoaderUtil source: shared objects file
[0.101s][info][class,load] org.apache.logging.log4j.util.ServiceLoaderUtil$ServiceLoaderSpliterator source: shared objects file
[0.101s][info][class,load] org.apache.logging.log4j.util.StackLocatorUtil source: shared objects file
[0.101s][info][class,load] org.apache.logging.log4j.util.StackLocator source: shared objects file
[0.101s][info][class,load] java.lang.invoke.LambdaForm$DMH/0x000007fc03046400 source: __JVM_LookupDefineClass__
[0.101s][info][class,load] org.apache.logging.log4j.util.StackLocator$$Lambda/0x000007fc030476a0 source: org.apache.logging.log4j.util.StackLocator
[0.102s][info][class,load] java.lang.invoke.LambdaForm$MH/0x000007fc03046800 source: __JVM_LookupDefineClass__
[0.102s][info][class,load] org.apache.logging.log4j.util.StackLocator$$Lambda/0x000007fc030478e8 source: org.apache.logging.log4j.util.StackLocator
[0.102s][info][class,load] org.apache.logging.log4j.util.OsgiServiceLocator source: shared objects file
[0.102s][info][class,load] org.apache.logging.log4j.util.ServiceLoaderUtil$$Lambda/0x000007fc03047b30 source: org.apache.logging.log4j.util.ServiceLoaderUtil
[0.103s][info][class,load] org.apache.logging.log4j.util.PropertiesUtil$Environment$$Lambda/0x000007fc03047d90 source: org.apache.logging.log4j.util.PropertiesUtil$Environment
[0.103s][info][class,load] org.springframework.boot.logging.log4j2.SpringBootPropertySource source: shared objects file
[0.104s][info][class,load] org.apache.logging.log4j.util.EnvironmentPropertySource source: shared objects file
[0.104s][info][class,load] org.apache.logging.log4j.util.SystemPropertiesPropertySource source: shared objects file
[0.104s][info][class,load] org.apache.logging.log4j.util.LazyUtil source: shared objects file
[0.104s][info][class,load] org.apache.logging.log4j.util.LazyUtil$1 source: shared objects file
[0.104s][info][class,load] org.apache.logging.log4j.util.Cast source: shared objects file
[0.104s][info][class,load] org.apache.logging.log4j.util.PropertySource$Util source: shared objects file
[0.104s][info][class,load] org.apache.logging.log4j.util.PropertySource$Comparator source: shared objects file
[0.105s][info][class,load] org.apache.logging.log4j.util.PropertiesUtil$Environment$$Lambda/0x000007fc03046c00 source: org.apache.logging.log4j.util.PropertiesUtil$Environment
[0.105s][info][class,load] org.apache.logging.log4j.util.PropertiesUtil$Environment$$Lambda/0x000007fc03048000 source: org.apache.logging.log4j.util.PropertiesUtil$Environment
[0.105s][info][class,load] org.apache.logging.log4j.spi.ThreadContextMap source: shared objects file
[0.105s][info][class,load] org.apache.logging.log4j.spi.ThreadContextMap2 source: shared objects file
[0.105s][info][class,load] org.apache.logging.log4j.spi.CleanableThreadContextMap source: shared objects file
[0.105s][info][class,load] org.apache.logging.slf4j.MDCContextMap source: shared objects file
[0.106s][info][class,load] org.apache.logging.log4j.util.ReadOnlyStringMap source: shared objects file
[0.106s][info][class,load] org.apache.logging.log4j.util.IndexedReadOnlyStringMap source: shared objects file
[0.106s][info][class,load] org.apache.logging.log4j.util.StringMap source: shared objects file
[0.106s][info][class,load] org.apache.logging.log4j.util.IndexedStringMap source: shared objects file
[0.106s][info][class,load] org.apache.logging.log4j.util.SortedArrayStringMap source: shared objects file
[0.106s][info][class,load] org.apache.logging.log4j.util.TriConsumer source: shared objects file
[0.106s][info][class,load] java.lang.invoke.LambdaForm$DMH/0x000007fc0304c000 source: __JVM_LookupDefineClass__
[0.106s][info][class,load] org.apache.logging.log4j.util.SortedArrayStringMap$$Lambda/0x000007fc03048258 source: org.apache.logging.log4j.util.SortedArrayStringMap
[0.106s][info][class,load] org.apache.commons.logging.impl.Slf4jLogFactory source: shared objects file
[0.106s][info][class,load] org.slf4j.MarkerFactory source: shared objects file
[0.106s][info][class,load] org.slf4j.LoggerFactory source: shared objects file
[0.106s][info][class,load] org.slf4j.spi.SLF4JServiceProvider source: shared objects file
[0.106s][info][class,load] org.slf4j.helpers.SubstituteServiceProvider source: shared objects file
[0.107s][info][class,load] org.slf4j.ILoggerFactory source: shared objects file
[0.107s][info][class,load] org.slf4j.helpers.SubstituteLoggerFactory source: shared objects file
[0.107s][info][class,load] org.slf4j.IMarkerFactory source: shared objects file
[0.107s][info][class,load] org.slf4j.helpers.BasicMarkerFactory source: shared objects file
[0.107s][info][class,load] org.slf4j.spi.MDCAdapter source: shared objects file
[0.107s][info][class,load] org.slf4j.helpers.BasicMDCAdapter source: shared objects file
[0.107s][info][class,load] org.slf4j.helpers.ThreadLocalMapOfStacks source: shared objects file
[0.107s][info][class,load] org.slf4j.helpers.BasicMDCAdapter$1 source: shared objects file
[0.107s][info][class,load] org.slf4j.helpers.NOP_FallbackServiceProvider source: shared objects file
[0.107s][info][class,load] org.slf4j.helpers.NOPLoggerFactory source: shared objects file
[0.107s][info][class,load] org.slf4j.helpers.NOPMDCAdapter source: shared objects file
[0.107s][info][class,load] org.slf4j.helpers.Util source: shared objects file
[0.108s][info][class,load] ch.qos.logback.classic.spi.LogbackServiceProvider source: shared objects file
[0.108s][info][class,load] ch.qos.logback.core.spi.PropertyContainer source: shared objects file
[0.108s][info][class,load] ch.qos.logback.core.Context source: shared objects file
[0.109s][info][class,load] ch.qos.logback.core.spi.LifeCycle source: shared objects file
[0.109s][info][class,load] ch.qos.logback.core.ContextBase source: shared objects file
[0.109s][info][class,load] ch.qos.logback.classic.LoggerContext source: shared objects file
[0.109s][info][class,load] ch.qos.logback.core.status.StatusManager source: shared objects file
[0.109s][info][class,load] ch.qos.logback.core.BasicStatusManager source: shared objects file
[0.109s][info][class,load] ch.qos.logback.core.helpers.CyclicBuffer source: shared objects file
[0.109s][info][class,load] ch.qos.logback.core.spi.LogbackLock source: shared objects file
[0.109s][info][class,load] ch.qos.logback.classic.spi.TurboFilterList source: shared objects file
[0.110s][info][class,load] ch.qos.logback.classic.spi.LoggerContextVO source: shared objects file
[0.110s][info][class,load] org.slf4j.Logger source: shared objects file
[0.110s][info][class,load] org.slf4j.spi.LocationAwareLogger source: shared objects file
[0.110s][info][class,load] org.slf4j.spi.LoggingEventAware source: shared objects file
[0.110s][info][class,load] ch.qos.logback.core.spi.AppenderAttachable source: shared objects file
[0.110s][info][class,load] ch.qos.logback.classic.Logger source: shared objects file
[0.110s][info][class,load] ch.qos.logback.classic.Level source: shared objects file
[0.110s][info][class,load] ch.qos.logback.classic.util.LogbackMDCAdapter source: shared objects file
[0.110s][info][class,load] org.slf4j.MDC source: shared objects file
[0.111s][info][class,load] ch.qos.logback.classic.util.ContextInitializer source: shared objects file
[0.111s][info][class,load] ch.qos.logback.classic.util.ContextInitializer$1 source: shared objects file
[0.111s][info][class,load] ch.qos.logback.core.spi.ContextAware source: shared objects file
[0.111s][info][class,load] ch.qos.logback.core.spi.ContextAwareImpl source: shared objects file
[0.111s][info][class,load] ch.qos.logback.classic.spi.Configurator source: shared objects file
[0.111s][info][class,load] ch.qos.logback.core.util.Loader source: shared objects file
[0.111s][info][class,load] ch.qos.logback.core.util.OptionHelper source: shared objects file
[0.111s][info][class,load] ch.qos.logback.core.util.CoreVersionUtil source: shared objects file
[0.112s][info][class,load] ch.qos.logback.core.CoreConstants source: shared objects file
[0.112s][info][class,load] ch.qos.logback.classic.util.ClassicVersionUtil source: shared objects file
[0.112s][info][class,load] ch.qos.logback.classic.ClassicConstants source: shared objects file
[0.112s][info][class,load] ch.qos.logback.core.util.VersionUtil source: shared objects file
[0.112s][info][class,load] ch.qos.logback.core.status.Status source: shared objects file
[0.112s][info][class,load] ch.qos.logback.core.status.StatusBase source: shared objects file
[0.112s][info][class,load] ch.qos.logback.core.status.InfoStatus source: shared objects file
[0.113s][info][class,load] ch.qos.logback.core.util.StatusListenerConfigHelper source: shared objects file
[0.113s][info][class,load] ch.qos.logback.classic.util.ClassicEnvUtil source: shared objects file
[0.113s][info][class,load] ch.qos.logback.core.spi.ContextAwareBase source: shared objects file
[0.113s][info][class,load] org.springframework.boot.logging.logback.RootLogLevelConfigurator source: shared objects file
[0.113s][info][class,load] ch.qos.logback.classic.spi.ConfiguratorRank source: shared objects file
[0.113s][info][class,load] ch.qos.logback.classic.spi.Configurator$ExecutionStatus source: shared objects file
[0.114s][info][class,load] java.lang.String$$StringConcat/0x000007fc0304c400 source: __JVM_LookupDefineClass__
[0.114s][info][class,load] java.lang.invoke.LambdaForm$DMH/0x000007fc0304c800 source: __JVM_LookupDefineClass__
[0.114s][info][class,load] java.lang.invoke.LambdaForm$DMH/0x000007fc0304cc00 source: __JVM_LookupDefineClass__
[0.114s][info][class,load] java.lang.invoke.LambdaForm$BMH/0x000007fc0304d000 source: __JVM_LookupDefineClass__
[0.114s][info][class,load] java.lang.invoke.LambdaForm$MH/0x000007fc0304d400 source: __JVM_LookupDefineClass__
[0.115s][info][class,load] java.lang.invoke.LambdaForm$MH/0x000007fc0304d800 source: __JVM_LookupDefineClass__
[0.115s][info][class,load] ch.qos.logback.classic.util.DefaultJoranConfigurator source: shared objects file
[0.115s][info][class,load] ch.qos.logback.classic.BasicConfigurator source: shared objects file
[0.115s][info][class,load] ch.qos.logback.core.spi.FilterAttachable source: shared objects file
[0.115s][info][class,load] ch.qos.logback.core.Appender source: shared objects file
[0.115s][info][class,load] ch.qos.logback.core.UnsynchronizedAppenderBase source: shared objects file
[0.115s][info][class,load] ch.qos.logback.core.OutputStreamAppender source: shared objects file
[0.115s][info][class,load] ch.qos.logback.core.ConsoleAppender source: shared objects file
[0.116s][info][class,load] ch.qos.logback.core.spi.FilterAttachableImpl source: shared objects file
[0.116s][info][class,load] ch.qos.logback.core.util.COWArrayList source: shared objects file
[0.116s][info][class,load] ch.qos.logback.core.filter.Filter source: shared objects file
[0.116s][info][class,load] ch.qos.logback.core.util.SimpleTimeBasedGuard source: shared objects file
[0.116s][info][class,load] ch.qos.logback.core.joran.spi.ConsoleTarget source: shared objects file
[0.116s][info][class,load] ch.qos.logback.core.joran.spi.ConsoleTarget$1 source: shared objects file
[0.116s][info][class,load] ch.qos.logback.core.joran.spi.ConsoleTarget$2 source: shared objects file
[0.116s][info][class,load] ch.qos.logback.core.encoder.Encoder source: shared objects file
[0.116s][info][class,load] ch.qos.logback.core.encoder.EncoderBase source: shared objects file
[0.116s][info][class,load] ch.qos.logback.core.encoder.LayoutWrappingEncoder source: shared objects file
[0.116s][info][class,load] ch.qos.logback.core.Layout source: shared objects file
[0.116s][info][class,load] ch.qos.logback.core.LayoutBase source: shared objects file
[0.116s][info][class,load] ch.qos.logback.classic.layout.TTLLLayout source: shared objects file
[0.116s][info][class,load] ch.qos.logback.core.util.CachingDateFormatter source: shared objects file
[0.120s][info][class,load] ch.qos.logback.core.util.CachingDateFormatter$CacheTuple source: shared objects file
[0.121s][info][class,load] ch.qos.logback.core.pattern.Converter source: shared objects file
[0.121s][info][class,load] ch.qos.logback.core.pattern.FormattingConverter source: shared objects file
[0.121s][info][class,load] ch.qos.logback.core.pattern.DynamicConverter source: shared objects file
[0.121s][info][class,load] ch.qos.logback.classic.pattern.ClassicConverter source: shared objects file
[0.121s][info][class,load] ch.qos.logback.classic.pattern.ThrowableHandlingConverter source: shared objects file
[0.121s][info][class,load] ch.qos.logback.classic.pattern.ThrowableProxyConverter source: shared objects file
[0.121s][info][class,load] ch.qos.logback.core.util.ReentryGuardFactory$GuardType source: shared objects file
[0.121s][info][class,load] ch.qos.logback.core.util.ReentryGuardFactory source: shared objects file
[0.121s][info][class,load] ch.qos.logback.core.util.ReentryGuard source: shared objects file
[0.121s][info][class,load] ch.qos.logback.core.util.ReentryGuard$ReentryGuardImpl source: shared objects file
[0.121s][info][class,load] ch.qos.logback.core.spi.AppenderAttachableImpl source: shared objects file
[0.121s][info][class,load] ch.qos.logback.core.status.StatusUtil source: shared objects file
[0.121s][info][class,load] ch.qos.logback.core.util.StatusPrinter source: shared objects file
[0.121s][info][class,load] ch.qos.logback.core.util.StatusPrinter2 source: shared objects file
[0.121s][info][class,load] org.slf4j.helpers.Reporter source: shared objects file
[0.121s][info][class,load] org.slf4j.helpers.Reporter$TargetChoice source: shared objects file
[0.121s][info][class,load] org.slf4j.helpers.Reporter$Level source: shared objects file
[0.121s][info][class,load] org.slf4j.Marker source: shared objects file
[0.121s][info][class,load] org.slf4j.helpers.BasicMarker source: shared objects file
[0.121s][info][class,load] org.apache.commons.logging.LogFactory$$Lambda/0x000007fc03048480 source: org.apache.commons.logging.LogFactory
[0.122s][info][class,load] org.apache.commons.logging.impl.WeakHashtable$WeakKey source: shared objects file
[0.122s][info][class,load] org.apache.commons.logging.Log source: shared objects file
[0.122s][info][class,load] org.apache.commons.logging.impl.Slf4jLogFactory$$Lambda/0x000007fc030486a8 source: org.apache.commons.logging.impl.Slf4jLogFactory
[0.122s][info][class,load] ch.qos.logback.classic.util.LoggerNameUtil source: shared objects file
[0.122s][info][class,load] org.apache.commons.logging.impl.Slf4jLogFactory$Slf4jLocationAwareLog source: shared objects file
[0.122s][info][class,load] org.springframework.boot.SpringApplicationShutdownHook source: shared objects file
[0.122s][info][class,load] org.springframework.boot.SpringApplicationShutdownHandlers source: shared objects file
[0.122s][info][class,load] org.springframework.boot.SpringApplicationShutdownHook$Handlers source: shared objects file
[0.122s][info][class,load] org.springframework.context.ApplicationListener source: shared objects file
[0.122s][info][class,load] org.springframework.boot.SpringApplicationShutdownHook$ApplicationContextClosedListener source: shared objects file
[0.123s][info][class,load] org.springframework.boot.ApplicationContextFactory source: shared objects file
[0.123s][info][class,load] org.springframework.boot.DefaultApplicationContextFactory source: shared objects file
[0.123s][info][class,load] org.springframework.core.metrics.ApplicationStartup source: shared objects file
[0.123s][info][class,load] org.springframework.core.metrics.DefaultApplicationStartup source: shared objects file
[0.123s][info][class,load] org.springframework.core.metrics.StartupStep source: shared objects file
[0.123s][info][class,load] org.springframework.core.metrics.DefaultApplicationStartup$DefaultStartupStep source: shared objects file
[0.123s][info][class,load] org.springframework.core.metrics.StartupStep$Tags source: shared objects file
[0.123s][info][class,load] org.springframework.core.metrics.DefaultApplicationStartup$DefaultStartupStep$DefaultTags source: shared objects file
[0.123s][info][class,load] org.springframework.boot.ApplicationProperties source: shared objects file
[0.123s][info][class,load] org.springframework.util.Assert source: shared objects file
[0.124s][info][class,load] org.springframework.boot.WebApplicationType source: shared objects file
[0.124s][info][class,load] org.springframework.core.io.support.SpringFactoriesLoader source: shared objects file
[0.124s][info][class,load] org.springframework.core.io.support.SpringFactoriesLoader$FailureHandler source: shared objects file
[0.124s][info][class,load] org.springframework.core.io.support.SpringFactoriesLoader$FailureHandler$$Lambda/0x000007fc030488f0 source: org.springframework.core.io.support.SpringFactoriesLoader
[0.124s][info][class,load] org.springframework.core.io.support.SpringFactoriesLoader$FailureHandler$$Lambda/0x000007fc03048b28 source: org.springframework.core.io.support.SpringFactoriesLoader
[0.124s][info][class,load] org.springframework.core.io.support.SpringFactoriesLoader$FailureHandler$$Lambda/0x000007fc03048d68 source: org.springframework.core.io.support.SpringFactoriesLoader
[0.125s][info][class,load] org.springframework.util.ConcurrentReferenceHashMap source: shared objects file
[0.125s][info][class,load] org.springframework.util.ConcurrentReferenceHashMap$ReferenceType source: shared objects file
[0.125s][info][class,load] org.springframework.util.ConcurrentReferenceHashMap$Segment source: shared objects file
[0.125s][info][class,load] org.springframework.util.ConcurrentReferenceHashMap$ReferenceManager source: shared objects file
[0.125s][info][class,load] org.springframework.util.ConcurrentReferenceHashMap$Reference source: shared objects file
[0.125s][info][class,load] org.springframework.util.StringUtils source: shared objects file
[0.125s][info][class,load] org.springframework.core.io.support.SpringFactoriesLoader$$Lambda/0x000007fc03048f98 source: org.springframework.core.io.support.SpringFactoriesLoader
[0.126s][info][class,load] org.springframework.util.ConcurrentReferenceHashMap$Restructure source: shared objects file
[0.126s][info][class,load] org.springframework.util.ConcurrentReferenceHashMap$Task source: shared objects file
[0.126s][info][class,load] org.springframework.util.ConcurrentReferenceHashMap$6 source: shared objects file
[0.126s][info][class,load] org.springframework.util.ConcurrentReferenceHashMap$TaskOption source: shared objects file
[0.126s][info][class,load] org.springframework.util.ConcurrentReferenceHashMap$Entries source: shared objects file
[0.126s][info][class,load] java.lang.invoke.LambdaForm$DMH/0x000007fc0304dc00 source: __JVM_LookupDefineClass__
[0.126s][info][class,load] org.springframework.util.ConcurrentReferenceHashMap$Segment$$Lambda/0x000007fc030491e0 source: org.springframework.util.ConcurrentReferenceHashMap
[0.126s][info][class,load] java.lang.invoke.LambdaForm$DMH/0x000007fc0304e000 source: __JVM_LookupDefineClass__
[0.126s][info][class,load] java.lang.invoke.LambdaForm$DMH/0x000007fc0304e400 source: __JVM_LookupDefineClass__
[0.127s][info][class,load] java.lang.invoke.LambdaForm$MH/0x000007fc0304e800 source: __JVM_LookupDefineClass__
[0.127s][info][class,load] org.springframework.util.ConcurrentReferenceHashMap$Entry source: shared objects file
[0.127s][info][class,load] org.springframework.util.ConcurrentReferenceHashMap$SoftEntryReference source: shared objects file
[0.127s][info][class,load] org.springframework.core.io.support.SpringFactoriesLoader$Factories source: shared objects file
[0.127s][info][class,load] org.springframework.core.io.support.SpringFactoriesLoader$$Lambda/0x000007fc03049410 source: org.springframework.core.io.support.SpringFactoriesLoader
[0.128s][info][class,load] org.springframework.core.io.InputStreamSource source: shared objects file
[0.128s][info][class,load] org.springframework.core.io.Resource source: shared objects file
[0.128s][info][class,load] org.springframework.core.io.AbstractResource source: shared objects file
[0.128s][info][class,load] org.springframework.core.io.AbstractFileResolvingResource source: shared objects file
[0.128s][info][class,load] org.springframework.core.io.UrlResource source: shared objects file
[0.128s][info][class,load] org.springframework.core.io.support.PropertiesLoaderUtils source: shared objects file
[0.128s][info][class,load] org.springframework.util.ResourceUtils source: shared objects file
[0.129s][info][class,load] org.springframework.util.CollectionUtils source: shared objects file
[0.129s][info][class,load] org.springframework.core.io.support.SpringFactoriesLoader$$Lambda/0x000007fc03049660 source: org.springframework.core.io.support.SpringFactoriesLoader
[0.129s][info][class,load] org.springframework.core.io.support.SpringFactoriesLoader$$Lambda/0x000007fc030498a0 source: org.springframework.core.io.support.SpringFactoriesLoader
[0.129s][info][class,load] org.springframework.core.io.support.SpringFactoriesLoader$$Lambda/0x000007fc03049af0 source: org.springframework.core.io.support.SpringFactoriesLoader
[0.129s][info][class,load] org.springframework.core.io.support.SpringFactoriesLoader$$Lambda/0x000007fc03049d38 source: org.springframework.core.io.support.SpringFactoriesLoader
[0.130s][info][class,load] org.springframework.core.io.support.SpringFactoriesLoader$$Lambda/0x000007fc03049f78 source: org.springframework.core.io.support.SpringFactoriesLoader
[0.130s][info][class,load] org.springframework.boot.WebApplicationType$Deducer source: shared objects file
[0.130s][info][class,load] org.springframework.core.log.LogMessage source: shared objects file
[0.130s][info][class,load] org.springframework.core.log.LogMessage$FormatMessage source: shared objects file
[0.130s][info][class,load] org.springframework.core.log.LogMessage$FormatMessage2 source: shared objects file
[0.130s][info][class,load] ch.qos.logback.core.spi.FilterReply source: shared objects file
[0.131s][info][class,load] org.springframework.core.OrderComparator source: shared objects file
[0.131s][info][class,load] org.springframework.core.annotation.AnnotationAwareOrderComparator source: shared objects file
[0.131s][info][class,load] org.springframework.util.ClassUtils source: shared objects file
[0.131s][info][class,load] org.springframework.boot.bootstrap.BootstrapRegistryInitializer source: shared objects file
[0.132s][info][class,load] org.springframework.util.ObjectUtils source: shared objects file
[0.132s][info][class,load] org.springframework.context.ApplicationContextInitializer source: shared objects file
[0.132s][info][class,load] org.springframework.core.Ordered source: shared objects file
[0.132s][info][class,load] org.springframework.beans.factory.aot.BeanRegistrationExcludeFilter source: shared objects file
[0.132s][info][class,load] org.springframework.boot.autoconfigure.SharedMetadataReaderFactoryContextInitializer source: shared objects file
[0.132s][info][class,load] org.springframework.core.io.support.SpringFactoriesLoader$$Lambda/0x000007fc0304a1b0 source: org.springframework.core.io.support.SpringFactoriesLoader
[0.132s][info][class,load] org.springframework.core.io.support.SpringFactoriesLoader$FactoryInstantiator source: shared objects file
[0.133s][info][class,load] org.springframework.core.KotlinDetector source: shared objects file
[0.133s][info][class,load] kotlin.Metadata source: shared objects file
[0.133s][info][class,load] kotlin.jvm.JvmInline source: shared objects file
[0.133s][info][class,load] kotlin.coroutines.Continuation source: shared objects file
[0.133s][info][class,load] kotlin.reflect.full.KClasses source: shared objects file
[0.133s][info][class,load] org.springframework.core.io.support.SpringFactoriesLoader$FactoryInstantiator$$Lambda/0x000007fc0304a3e0 source: org.springframework.core.io.support.SpringFactoriesLoader
[0.134s][info][class,load] org.springframework.util.ReflectionUtils source: shared objects file
[0.134s][info][class,load] org.springframework.util.ReflectionUtils$MethodFilter source: shared objects file
[0.134s][info][class,load] org.springframework.util.ReflectionUtils$$Lambda/0x000007fc0304a610 source: org.springframework.util.ReflectionUtils
[0.134s][info][class,load] org.springframework.util.ReflectionUtils$FieldFilter source: shared objects file
[0.134s][info][class,load] org.springframework.util.ReflectionUtils$$Lambda/0x000007fc0304a848 source: org.springframework.util.ReflectionUtils
[0.134s][info][class,load] org.springframework.boot.autoconfigure.logging.ConditionEvaluationReportLoggingListener source: shared objects file
[0.134s][info][class,load] org.springframework.boot.logging.LogLevel source: shared objects file
[0.134s][info][class,load] org.springframework.boot.logging.LogLevel$LogMethod source: shared objects file
[0.135s][info][class,load] java.lang.invoke.LambdaForm$DMH/0x000007fc0304ec00 source: __JVM_LookupDefineClass__
[0.135s][info][class,load] org.springframework.boot.logging.LogLevel$$Lambda/0x000007fc0304aa80 source: org.springframework.boot.logging.LogLevel
[0.135s][info][class,load] org.springframework.boot.logging.LogLevel$$Lambda/0x000007fc0304aca8 source: org.springframework.boot.logging.LogLevel
[0.135s][info][class,load] org.springframework.boot.logging.LogLevel$$Lambda/0x000007fc0304aed0 source: org.springframework.boot.logging.LogLevel
[0.135s][info][class,load] org.springframework.boot.logging.LogLevel$$Lambda/0x000007fc0304b0f8 source: org.springframework.boot.logging.LogLevel
[0.135s][info][class,load] org.springframework.boot.logging.LogLevel$$Lambda/0x000007fc0304b320 source: org.springframework.boot.logging.LogLevel
[0.135s][info][class,load] org.springframework.boot.logging.LogLevel$$Lambda/0x000007fc0304b548 source: org.springframework.boot.logging.LogLevel
[0.136s][info][class,load] org.springframework.boot.context.ConfigurationWarningsApplicationContextInitializer source: shared objects file
[0.136s][info][class,load] org.springframework.boot.context.ContextIdApplicationContextInitializer source: shared objects file
[0.136s][info][class,load] org.springframework.boot.io.ProtocolResolverApplicationContextInitializer source: shared objects file
[0.136s][info][class,load] org.springframework.core.PriorityOrdered source: shared objects file
[0.136s][info][class,load] org.springframework.core.annotation.MergedAnnotations$SearchStrategy source: shared objects file
[0.136s][info][class,load] org.springframework.core.annotation.MergedAnnotations source: shared objects file
[0.137s][info][class,load] org.springframework.core.annotation.RepeatableContainers source: shared objects file
[0.137s][info][class,load] org.springframework.core.annotation.RepeatableContainers$StandardRepeatableContainers source: shared objects file
[0.137s][info][class,load] org.springframework.core.annotation.AnnotationFilter source: shared objects file
[0.137s][info][class,load] org.springframework.core.annotation.PackagesAnnotationFilter source: shared objects file
[0.137s][info][class,load] org.springframework.core.annotation.AnnotationFilter$1 source: shared objects file
[0.137s][info][class,load] org.springframework.core.annotation.AnnotationFilter$2 source: shared objects file
[0.137s][info][class,load] org.springframework.core.annotation.MergedAnnotations$Search source: shared objects file
[0.137s][info][class,load] org.springframework.core.annotation.MergedAnnotations$Search$$Lambda/0x000007fc0304b770 source: org.springframework.core.annotation.MergedAnnotations
[0.137s][info][class,load] org.springframework.core.annotation.MergedAnnotations$Search$$Lambda/0x000007fc0304b9c8 source: org.springframework.core.annotation.MergedAnnotations
[0.138s][info][class,load] org.springframework.core.annotation.TypeMappedAnnotations source: shared objects file
[0.138s][info][class,load] org.springframework.core.annotation.RepeatableContainers$NoRepeatableContainers source: shared objects file
[0.138s][info][class,load] org.springframework.core.annotation.AnnotationsScanner source: shared objects file
[0.138s][info][class,load] org.springframework.core.annotation.OrderUtils source: shared objects file
[0.138s][info][class,load] org.springframework.core.annotation.Order source: shared objects file
[0.138s][info][class,load] org.springframework.core.annotation.AnnotationsProcessor source: shared objects file
[0.138s][info][class,load] org.springframework.core.annotation.TypeMappedAnnotations$MergedAnnotationFinder source: shared objects file
[0.138s][info][class,load] org.springframework.core.annotation.MergedAnnotationSelectors source: shared objects file
[0.138s][info][class,load] org.springframework.core.annotation.MergedAnnotationSelector source: shared objects file
[0.138s][info][class,load] org.springframework.core.annotation.MergedAnnotationSelectors$Nearest source: shared objects file
[0.138s][info][class,load] org.springframework.core.annotation.MergedAnnotationSelectors$FirstDirectlyDeclared source: shared objects file
[0.138s][info][class,load] org.springframework.core.annotation.AnnotationsScanner$1 source: shared objects file
[0.139s][info][class,load] jdk.proxy1.$Proxy0 source: __dynamic_proxy__
[0.140s][info][class,load] jdk.proxy1.$Proxy1 source: __dynamic_proxy__
[0.140s][info][class,load] org.springframework.util.ConcurrentReferenceHashMap$1 source: shared objects file
[0.140s][info][class,load] org.springframework.core.annotation.MergedAnnotation source: shared objects file
[0.140s][info][class,load] org.springframework.core.annotation.AbstractMergedAnnotation source: shared objects file
[0.140s][info][class,load] org.springframework.core.annotation.MissingMergedAnnotation source: shared objects file
[0.140s][info][class,load] org.springframework.core.DecoratingProxy source: shared objects file
[0.141s][info][class,load] org.springframework.boot.autoconfigure.preinitialize.BackgroundPreinitializingApplicationListener source: shared objects file
[0.141s][info][class,load] org.springframework.core.NativeDetector source: shared objects file
[0.141s][info][class,load] org.springframework.boot.ClearCachesApplicationListener source: shared objects file
[0.141s][info][class,load] org.springframework.beans.factory.Aware source: shared objects file
[0.141s][info][class,load] org.springframework.context.ApplicationContextAware source: shared objects file
[0.141s][info][class,load] org.springframework.boot.builder.ParentContextCloserApplicationListener source: shared objects file
[0.141s][info][class,load] org.springframework.boot.context.FileEncodingApplicationListener source: shared objects file
[0.142s][info][class,load] org.springframework.context.event.SmartApplicationListener source: shared objects file
[0.142s][info][class,load] org.springframework.context.event.GenericApplicationListener source: shared objects file
[0.142s][info][class,load] org.springframework.boot.context.logging.LoggingApplicationListener source: shared objects file
[0.142s][info][class,load] org.springframework.boot.context.properties.source.ConfigurationPropertyName source: shared objects file
[0.142s][info][class,load] org.springframework.boot.context.properties.source.ConfigurationPropertyName$Elements source: shared objects file
[0.142s][info][class,load] org.springframework.boot.context.properties.source.ConfigurationPropertyName$ElementType source: shared objects file
[0.142s][info][class,load] org.springframework.boot.context.properties.source.ConfigurationPropertyName$ToStringFormat source: shared objects file
[0.142s][info][class,load] org.springframework.boot.context.properties.source.ConfigurationPropertyName$ElementsParser source: shared objects file
[0.143s][info][class,load] org.springframework.boot.context.properties.bind.Bindable source: shared objects file
[0.143s][info][class,load] org.springframework.boot.context.properties.bind.Bindable$BindRestriction source: shared objects file
[0.143s][info][class,load] org.springframework.core.ResolvableType source: shared objects file
[0.143s][info][class,load] org.springframework.core.ResolvableType$EmptyType source: shared objects file
[0.143s][info][class,load] org.springframework.core.ResolvableType$$Lambda/0x000007fc0304bc20 source: org.springframework.core.ResolvableType
[0.143s][info][class,load] org.springframework.core.SerializableTypeWrapper source: shared objects file
[0.143s][info][class,load] org.springframework.core.SerializableTypeWrapper$SerializableTypeProxy source: shared objects file
[0.143s][info][class,load] org.springframework.core.ResolvableType$SyntheticParameterizedType source: shared objects file
[0.144s][info][class,load] org.springframework.core.ResolvableType$VariableResolver source: shared objects file
[0.144s][info][class,load] org.springframework.core.ResolvableType$TypeVariablesVariableResolver source: shared objects file
[0.144s][info][class,load] org.springframework.util.MultiValueMap source: shared objects file
[0.144s][info][class,load] org.springframework.core.ResolvableType$DefaultVariableResolver source: shared objects file
[0.144s][info][class,load] org.springframework.util.MultiValueMapAdapter source: shared objects file
[0.144s][info][class,load] org.springframework.util.LinkedMultiValueMap source: shared objects file
[0.144s][info][class,load] org.springframework.util.MultiValueMapAdapter$$Lambda/0x000007fc0304f000 source: org.springframework.util.MultiValueMapAdapter
[0.144s][info][class,load] org.springframework.context.ApplicationEvent source: shared objects file
[0.144s][info][class,load] org.springframework.boot.context.event.SpringApplicationEvent source: shared objects file
[0.144s][info][class,load] org.springframework.boot.context.event.ApplicationStartingEvent source: shared objects file
[0.144s][info][class,load] org.springframework.boot.context.event.ApplicationEnvironmentPreparedEvent source: shared objects file
[0.144s][info][class,load] org.springframework.boot.context.event.ApplicationPreparedEvent source: shared objects file
[0.145s][info][class,load] org.springframework.context.event.ApplicationContextEvent source: shared objects file
[0.145s][info][class,load] org.springframework.context.event.ContextClosedEvent source: shared objects file
[0.145s][info][class,load] org.springframework.boot.context.event.ApplicationFailedEvent source: shared objects file
[0.145s][info][class,load] org.springframework.core.env.EnvironmentCapable source: shared objects file
[0.145s][info][class,load] org.springframework.beans.factory.BeanFactory source: shared objects file
[0.145s][info][class,load] org.springframework.beans.factory.ListableBeanFactory source: shared objects file
[0.145s][info][class,load] org.springframework.beans.factory.HierarchicalBeanFactory source: shared objects file
[0.145s][info][class,load] org.springframework.context.MessageSource source: shared objects file
[0.145s][info][class,load] org.springframework.context.ApplicationEventPublisher source: shared objects file
[0.145s][info][class,load] org.springframework.core.io.ResourceLoader source: shared objects file
[0.145s][info][class,load] org.springframework.core.io.support.ResourcePatternResolver source: shared objects file
[0.145s][info][class,load] org.springframework.context.ApplicationContext source: shared objects file
[0.145s][info][class,load] org.springframework.boot.support.AnsiOutputApplicationListener source: shared objects file
[0.146s][info][class,load] org.springframework.boot.support.EnvironmentPostProcessorApplicationListener source: shared objects file
[0.146s][info][class,load] org.springframework.boot.support.EnvironmentPostProcessorsFactory source: shared objects file
[0.146s][info][class,load] org.springframework.boot.support.EnvironmentPostProcessorApplicationListener$$Lambda/0x000007fc0304f248 source: org.springframework.boot.support.EnvironmentPostProcessorApplicationListener
[0.146s][info][class,load] org.springframework.boot.logging.DeferredLogFactory source: shared objects file
[0.146s][info][class,load] org.springframework.boot.logging.DeferredLogs source: shared objects file
[0.146s][info][class,load] org.springframework.boot.logging.DeferredLog$Lines source: shared objects file
[0.146s][info][class,load] org.springframework.boot.SpringApplication$$Lambda/0x000007fc0304f490 source: org.springframework.boot.SpringApplication
[0.146s][info][class,load] org.springframework.boot.SpringApplication$$Lambda/0x000007fc0304f6e0 source: org.springframework.boot.SpringApplication
[0.146s][info][class,load] org.springframework.boot.SpringApplication$$Lambda/0x000007fc0304f938 source: org.springframework.boot.SpringApplication
[0.146s][info][class,load] org.springframework.boot.SpringApplication$Startup source: shared objects file
[0.146s][info][class,load] org.springframework.boot.SpringApplication$StandardStartup source: shared objects file
[0.147s][info][class,load] org.springframework.boot.bootstrap.BootstrapRegistry source: shared objects file
[0.147s][info][class,load] org.springframework.boot.bootstrap.BootstrapContext source: shared objects file
[0.147s][info][class,load] org.springframework.boot.bootstrap.ConfigurableBootstrapContext source: shared objects file
[0.147s][info][class,load] org.springframework.boot.bootstrap.DefaultBootstrapContext source: shared objects file
[0.147s][info][class,load] org.springframework.context.event.ApplicationEventMulticaster source: shared objects file
[0.147s][info][class,load] org.springframework.beans.factory.BeanClassLoaderAware source: shared objects file
[0.147s][info][class,load] org.springframework.beans.factory.BeanFactoryAware source: shared objects file
[0.147s][info][class,load] org.springframework.context.event.AbstractApplicationEventMulticaster source: shared objects file
[0.147s][info][class,load] org.springframework.context.event.SimpleApplicationEventMulticaster source: shared objects file
[0.147s][info][class,load] org.springframework.context.event.AbstractApplicationEventMulticaster$DefaultListenerRetriever source: shared objects file
[0.147s][info][class,load] org.springframework.boot.SpringApplication$$Lambda/0x000007fc0304fb80 source: org.springframework.boot.SpringApplication
[0.147s][info][class,load] org.springframework.core.io.support.SpringFactoriesLoader$ArgumentResolver source: shared objects file
[0.147s][info][class,load] org.springframework.core.io.support.SpringFactoriesLoader$ArgumentResolver$$Lambda/0x000007fc0304fdc0 source: org.springframework.core.io.support.SpringFactoriesLoader
[0.147s][info][class,load] org.springframework.core.io.support.SpringFactoriesLoader$ArgumentResolver$$Lambda/0x000007fc03050000 source: org.springframework.core.io.support.SpringFactoriesLoader
[0.147s][info][class,load] org.springframework.core.io.support.SpringFactoriesLoader$ArgumentResolver$1 source: shared objects file
[0.147s][info][class,load] java.lang.invoke.LambdaForm$DMH/0x000007fc03054000 source: __JVM_LookupDefineClass__
[0.147s][info][class,load] org.springframework.core.io.support.SpringFactoriesLoader$ArgumentResolver$$Lambda/0x000007fc03050250 source: org.springframework.core.io.support.SpringFactoriesLoader
[0.148s][info][class,load] org.springframework.boot.SpringApplicationRunListener source: shared objects file
[0.148s][info][class,load] org.springframework.boot.context.event.EventPublishingRunListener source: shared objects file
[0.148s][info][class,load] java.lang.invoke.LambdaForm$DMH/0x000007fc03054400 source: __JVM_LookupDefineClass__
[0.148s][info][class,load] org.springframework.core.io.support.SpringFactoriesLoader$FactoryInstantiator$$Lambda/0x000007fc030504a0 source: org.springframework.core.io.support.SpringFactoriesLoader
[0.148s][info][class,load] java.lang.invoke.LambdaForm$MH/0x000007fc03054800 source: __JVM_LookupDefineClass__
[0.148s][info][class,load] java.lang.invoke.LambdaForm$MH/0x000007fc03054c00 source: __JVM_LookupDefineClass__
[0.148s][info][class,load] org.springframework.boot.SpringApplicationRunListeners source: shared objects file
[0.148s][info][class,load] org.springframework.boot.SpringApplicationRunListeners$$Lambda/0x000007fc030506f0 source: org.springframework.boot.SpringApplicationRunListeners
[0.148s][info][class,load] org.springframework.boot.SpringApplicationRunListeners$$Lambda/0x000007fc03050930 source: org.springframework.boot.SpringApplicationRunListeners
[0.148s][info][class,load] org.springframework.boot.context.event.EventPublishingRunListener$$Lambda/0x000007fc03050b70 source: org.springframework.boot.context.event.EventPublishingRunListener
[0.149s][info][class,load] org.springframework.aop.framework.AopProxyUtils source: shared objects file
[0.149s][info][class,load] org.springframework.aop.TargetClassAware source: shared objects file
[0.149s][info][class,load] org.springframework.aop.framework.Advised source: shared objects file
[0.149s][info][class,load] org.springframework.core.ResolvableTypeProvider source: shared objects file
[0.149s][info][class,load] org.springframework.context.event.AbstractApplicationEventMulticaster$ListenerCacheKey source: shared objects file
[0.149s][info][class,load] org.springframework.context.event.AbstractApplicationEventMulticaster$CachedListenerRetriever source: shared objects file
[0.149s][info][class,load] org.springframework.context.event.GenericApplicationListenerAdapter source: shared objects file
[0.149s][info][class,load] org.springframework.aop.support.AopUtils source: shared objects file
[0.150s][info][class,load] org.springframework.aop.SpringProxy source: shared objects file
[0.150s][info][class,load] org.springframework.boot.builder.ParentContextApplicationContextInitializer$ParentContextAvailableEvent source: shared objects file
[0.150s][info][class,load] org.springframework.context.event.ContextRefreshedEvent source: shared objects file
[0.150s][info][class,load] org.springframework.boot.logging.LoggingSystem source: shared objects file
[0.150s][info][class,load] org.springframework.boot.logging.LoggingSystemFactory source: shared objects file
[0.150s][info][class,load] org.springframework.boot.logging.DelegatingLoggingSystemFactory source: shared objects file
[0.150s][info][class,load] org.springframework.boot.logging.LoggingSystemFactory$$Lambda/0x000007fc03050db0 source: org.springframework.boot.logging.LoggingSystemFactory
[0.151s][info][class,load] org.springframework.boot.logging.java.JavaLoggingSystem$Factory source: shared objects file
[0.151s][info][class,load] jdk.proxy2.$Proxy2 source: shared objects file
[0.151s][info][class,load] org.springframework.boot.logging.log4j2.Log4J2LoggingSystem$Factory source: shared objects file
[0.152s][info][class,load] org.springframework.boot.logging.logback.LogbackLoggingSystem$Factory source: shared objects file
[0.152s][info][class,load] org.springframework.core.annotation.AttributeMethods source: shared objects file
[0.152s][info][class,load] org.springframework.core.annotation.IntrospectionFailureLogger source: shared objects file
[0.152s][info][class,load] org.springframework.core.annotation.IntrospectionFailureLogger$1 source: shared objects file
[0.152s][info][class,load] org.springframework.core.annotation.IntrospectionFailureLogger$2 source: shared objects file
[0.152s][info][class,load] org.springframework.core.annotation.IntrospectionFailureLogger$3 source: shared objects file
[0.152s][info][class,load] org.springframework.core.annotation.AttributeMethods$$Lambda/0x000007fc03050ff8 source: org.springframework.core.annotation.AttributeMethods
[0.152s][info][class,load] org.springframework.core.annotation.AttributeMethods$$Lambda/0x000007fc03051298 source: org.springframework.core.annotation.AttributeMethods
[0.152s][info][class,load] org.springframework.core.annotation.RepeatableContainers$StandardRepeatableContainers$$Lambda/0x000007fc030514e0 source: org.springframework.core.annotation.RepeatableContainers
[0.153s][info][class,load] org.springframework.core.annotation.AnnotationTypeMappings source: shared objects file
[0.153s][info][class,load] org.springframework.core.annotation.AnnotationTypeMappings$Cache source: shared objects file
[0.153s][info][class,load] org.springframework.core.annotation.AnnotationTypeMappings$$Lambda/0x000007fc03051728 source: org.springframework.core.annotation.AnnotationTypeMappings
[0.153s][info][class,load] org.springframework.core.annotation.AnnotationTypeMapping source: shared objects file
[0.153s][info][class,load] org.springframework.core.annotation.AnnotationTypeMapping$MirrorSets$MirrorSet source: shared objects file
[0.153s][info][class,load] org.springframework.core.annotation.AnnotationTypeMapping$MirrorSets source: shared objects file
[0.153s][info][class,load] org.springframework.core.annotation.AliasFor source: shared objects file
[0.154s][info][class,load] jdk.proxy1.$Proxy3 source: __dynamic_proxy__
[0.154s][info][class,load] jdk.proxy1.$Proxy4 source: __dynamic_proxy__
[0.154s][info][class,load] org.springframework.core.annotation.AnnotationTypeMappings$$Lambda/0x000007fc03051978 source: org.springframework.core.annotation.AnnotationTypeMappings
[0.154s][info][class,load] org.springframework.core.annotation.TypeMappedAnnotation source: shared objects file
[0.154s][info][class,load] org.springframework.core.annotation.ValueExtractor source: shared objects file
[0.154s][info][class,load] org.springframework.core.annotation.AnnotationUtils source: shared objects file
[0.154s][info][class,load] org.springframework.core.annotation.TypeMappedAnnotation$$Lambda/0x000007fc03051bb0 source: org.springframework.core.annotation.TypeMappedAnnotation
[0.155s][info][class,load] org.springframework.boot.logging.AbstractLoggingSystem source: shared objects file
[0.155s][info][class,load] org.springframework.beans.factory.aot.BeanFactoryInitializationAotProcessor source: shared objects file
[0.155s][info][class,load] org.springframework.boot.logging.logback.LogbackLoggingSystem source: shared objects file
[0.155s][info][class,load] org.springframework.boot.logging.LoggerConfigurationComparator source: shared objects file
[0.155s][info][class,load] org.springframework.boot.logging.AbstractLoggingSystem$LogLevels source: shared objects file
[0.155s][info][class,load] ch.qos.logback.classic.turbo.TurboFilter source: shared objects file
[0.155s][info][class,load] org.springframework.boot.logging.logback.LogbackLoggingSystem$1 source: shared objects file
[0.155s][info][class,load] org.springframework.boot.logging.logback.LogbackLoggingSystem$$Lambda/0x000007fc03051dd8 source: org.springframework.boot.logging.logback.LogbackLoggingSystem
[0.156s][info][class,load] org.slf4j.bridge.SLF4JBridgeHandler source: shared objects file
[0.156s][info][class,load] org.springframework.boot.context.event.ApplicationReadyEvent source: shared objects file
[0.157s][info][class,load] org.springframework.boot.ApplicationArguments source: shared objects file
[0.157s][info][class,load] org.springframework.boot.DefaultApplicationArguments source: shared objects file
[0.157s][info][class,load] org.springframework.core.env.PropertySource source: shared objects file
[0.157s][info][class,load] org.springframework.core.env.EnumerablePropertySource source: shared objects file
[0.157s][info][class,load] org.springframework.core.env.CommandLinePropertySource source: shared objects file
[0.157s][info][class,load] org.springframework.core.env.SimpleCommandLinePropertySource source: shared objects file
[0.157s][info][class,load] org.springframework.boot.DefaultApplicationArguments$Source source: shared objects file
[0.157s][info][class,load] org.springframework.core.env.SimpleCommandLineArgsParser source: shared objects file
[0.157s][info][class,load] org.springframework.core.env.CommandLineArgs source: shared objects file
[0.157s][info][class,load] org.springframework.core.env.PropertyResolver source: shared objects file
[0.157s][info][class,load] org.springframework.core.env.Environment source: shared objects file
[0.157s][info][class,load] org.springframework.core.env.ConfigurablePropertyResolver source: shared objects file
[0.157s][info][class,load] org.springframework.core.env.ConfigurableEnvironment source: shared objects file
[0.157s][info][class,load] org.springframework.boot.DefaultApplicationContextFactory$$Lambda/0x000007fc03052008 source: org.springframework.boot.DefaultApplicationContextFactory
[0.157s][info][class,load] org.springframework.core.env.AbstractEnvironment source: shared objects file
[0.158s][info][class,load] org.springframework.core.env.StandardEnvironment source: shared objects file
[0.158s][info][class,load] org.springframework.boot.ApplicationEnvironment source: shared objects file
[0.158s][info][class,load] org.springframework.core.env.PropertySources source: shared objects file
[0.158s][info][class,load] org.springframework.core.env.MutablePropertySources source: shared objects file
[0.158s][info][class,load] org.springframework.boot.context.properties.source.ConfigurationPropertySources source: shared objects file
[0.158s][info][class,load] org.springframework.core.env.AbstractPropertyResolver source: shared objects file
[0.158s][info][class,load] org.springframework.boot.context.properties.source.ConfigurationPropertySourcesPropertyResolver source: shared objects file
[0.158s][info][class,load] org.springframework.core.SpringProperties source: shared objects file
[0.158s][info][class,load] org.springframework.util.SystemPropertyUtils source: shared objects file
[0.158s][info][class,load] org.springframework.util.PropertyPlaceholderHelper source: shared objects file
[0.158s][info][class,load] org.springframework.util.PlaceholderParser source: shared objects file
[0.158s][info][class,load] org.springframework.core.env.PropertySourcesPropertyResolver source: shared objects file
[0.158s][info][class,load] org.springframework.boot.context.properties.source.ConfigurationPropertySourcesPropertyResolver$DefaultResolver source: shared objects file
[0.159s][info][class,load] org.springframework.core.env.MapPropertySource source: shared objects file
[0.159s][info][class,load] org.springframework.core.env.PropertiesPropertySource source: shared objects file
[0.159s][info][class,load] org.springframework.core.env.SystemEnvironmentPropertySource source: shared objects file
[0.160s][info][class,load] org.springframework.core.convert.ConversionService source: shared objects file
[0.160s][info][class,load] org.springframework.core.convert.converter.ConverterRegistry source: shared objects file
[0.160s][info][class,load] org.springframework.core.convert.support.ConfigurableConversionService source: shared objects file
[0.160s][info][class,load] org.springframework.core.convert.support.GenericConversionService source: shared objects file
[0.160s][info][class,load] org.springframework.format.FormatterRegistry source: shared objects file
[0.160s][info][class,load] org.springframework.context.EmbeddedValueResolverAware source: shared objects file
[0.160s][info][class,load] org.springframework.format.support.FormattingConversionService source: shared objects file
[0.160s][info][class,load] org.springframework.boot.convert.ApplicationConversionService source: shared objects file
[0.160s][info][class,load] org.springframework.core.convert.converter.GenericConverter source: shared objects file
[0.160s][info][class,load] org.springframework.core.convert.support.GenericConversionService$NoOpConverter source: shared objects file
[0.160s][info][class,load] org.springframework.core.convert.support.GenericConversionService$Converters source: shared objects file
[0.160s][info][class,load] org.springframework.core.convert.support.DefaultConversionService source: shared objects file
[0.160s][info][class,load] org.springframework.core.convert.converter.ConverterFactory source: shared objects file
[0.160s][info][class,load] org.springframework.core.convert.converter.ConditionalConverter source: shared objects file
[0.160s][info][class,load] org.springframework.core.convert.support.NumberToNumberConverterFactory source: shared objects file
[0.161s][info][class,load] org.springframework.core.convert.converter.ConditionalGenericConverter source: shared objects file
[0.161s][info][class,load] org.springframework.core.convert.support.GenericConversionService$ConverterFactoryAdapter source: shared objects file
[0.161s][info][class,load] org.springframework.core.convert.converter.GenericConverter$ConvertiblePair source: shared objects file
[0.161s][info][class,load] org.springframework.core.convert.support.GenericConversionService$ConvertersForPair source: shared objects file
[0.161s][info][class,load] org.springframework.core.convert.support.GenericConversionService$Converters$$Lambda/0x000007fc03052240 source: org.springframework.core.convert.support.GenericConversionService
[0.161s][info][class,load] org.springframework.core.convert.support.StringToNumberConverterFactory source: shared objects file
[0.161s][info][class,load] org.springframework.core.convert.converter.Converter source: shared objects file
[0.161s][info][class,load] org.springframework.core.convert.support.ObjectToStringConverter source: shared objects file
[0.161s][info][class,load] org.springframework.core.convert.support.GenericConversionService$ConverterAdapter source: shared objects file
[0.161s][info][class,load] org.springframework.core.convert.support.StringToCharacterConverter source: shared objects file
[0.161s][info][class,load] org.springframework.core.convert.support.NumberToCharacterConverter source: shared objects file
[0.161s][info][class,load] org.springframework.core.convert.support.CharacterToNumberFactory source: shared objects file
[0.161s][info][class,load] org.springframework.core.convert.support.StringToBooleanConverter source: shared objects file
[0.161s][info][class,load] org.springframework.core.convert.support.StringToEnumConverterFactory source: shared objects file
[0.161s][info][class,load] org.springframework.core.convert.support.AbstractConditionalEnumConverter source: shared objects file
[0.161s][info][class,load] org.springframework.core.convert.support.EnumToStringConverter source: shared objects file
[0.162s][info][class,load] org.springframework.core.convert.support.IntegerToEnumConverterFactory source: shared objects file
[0.162s][info][class,load] org.springframework.core.convert.support.EnumToIntegerConverter source: shared objects file
[0.162s][info][class,load] org.springframework.core.convert.support.StringToLocaleConverter source: shared objects file
[0.162s][info][class,load] org.springframework.core.convert.support.StringToCharsetConverter source: shared objects file
[0.162s][info][class,load] org.springframework.core.convert.support.StringToCurrencyConverter source: shared objects file
[0.162s][info][class,load] org.springframework.core.convert.support.StringToPropertiesConverter source: shared objects file
[0.162s][info][class,load] org.springframework.core.convert.support.PropertiesToStringConverter source: shared objects file
[0.162s][info][class,load] org.springframework.core.convert.support.StringToUUIDConverter source: shared objects file
[0.162s][info][class,load] org.springframework.core.convert.support.StringToPatternConverter source: shared objects file
[0.162s][info][class,load] org.springframework.core.convert.support.StringToRegexConverter source: shared objects file
[0.163s][info][class,load] kotlin.text.Regex source: shared objects file
[0.163s][info][class,load] org.springframework.core.convert.support.ArrayToCollectionConverter source: shared objects file
[0.163s][info][class,load] org.springframework.core.convert.support.CollectionToArrayConverter source: shared objects file
[0.163s][info][class,load] org.springframework.core.convert.support.ArrayToArrayConverter source: shared objects file
[0.163s][info][class,load] org.springframework.core.convert.support.CollectionToCollectionConverter source: shared objects file
[0.163s][info][class,load] org.springframework.core.convert.support.MapToMapConverter source: shared objects file
[0.163s][info][class,load] org.springframework.core.convert.support.ArrayToStringConverter source: shared objects file
[0.163s][info][class,load] org.springframework.core.convert.support.CollectionToStringConverter source: shared objects file
[0.163s][info][class,load] org.springframework.core.convert.support.StringToArrayConverter source: shared objects file
[0.163s][info][class,load] org.springframework.core.convert.support.ArrayToObjectConverter source: shared objects file
[0.163s][info][class,load] org.springframework.core.convert.support.ObjectToArrayConverter source: shared objects file
[0.163s][info][class,load] org.springframework.core.convert.support.StringToCollectionConverter source: shared objects file
[0.163s][info][class,load] org.springframework.core.convert.support.CollectionToObjectConverter source: shared objects file
[0.163s][info][class,load] org.springframework.core.convert.support.ObjectToCollectionConverter source: shared objects file
[0.163s][info][class,load] org.springframework.core.convert.support.StreamConverter source: shared objects file
[0.163s][info][class,load] org.springframework.core.convert.TypeDescriptor source: shared objects file
[0.164s][info][class,load] org.springframework.core.convert.TypeDescriptor$AnnotatedElementSupplier source: shared objects file
[0.164s][info][class,load] org.springframework.core.annotation.AnnotatedElementAdapter source: shared objects file
[0.164s][info][class,load] org.springframework.core.convert.TypeDescriptor$$Lambda/0x000007fc03052488 source: org.springframework.core.convert.TypeDescriptor
[0.164s][info][class,load] org.springframework.core.convert.support.ByteBufferConverter source: shared objects file
[0.164s][info][class,load] org.springframework.core.convert.support.DateToInstantConverter source: shared objects file
[0.164s][info][class,load] org.springframework.core.convert.support.InstantToDateConverter source: shared objects file
[0.164s][info][class,load] org.springframework.core.convert.support.StringToTimeZoneConverter source: shared objects file
[0.164s][info][class,load] org.springframework.core.convert.support.ZoneIdToTimeZoneConverter source: shared objects file
[0.164s][info][class,load] org.springframework.core.convert.support.ZonedDateTimeToCalendarConverter source: shared objects file
[0.164s][info][class,load] org.springframework.core.convert.support.ObjectToObjectConverter source: shared objects file
[0.164s][info][class,load] org.springframework.core.convert.support.IdToEntityConverter source: shared objects file
[0.165s][info][class,load] org.springframework.core.convert.support.FallbackObjectToStringConverter source: shared objects file
[0.165s][info][class,load] org.springframework.core.convert.support.ObjectToOptionalConverter source: shared objects file
[0.165s][info][class,load] org.springframework.core.convert.support.OptionalToObjectConverter source: shared objects file
[0.165s][info][class,load] org.springframework.format.support.DefaultFormattingConversionService source: shared objects file
[0.165s][info][class,load] org.springframework.context.support.EmbeddedValueResolutionSupport source: shared objects file
[0.165s][info][class,load] org.springframework.format.AnnotationFormatterFactory source: shared objects file
[0.165s][info][class,load] org.springframework.format.number.NumberFormatAnnotationFormatterFactory source: shared objects file
[0.165s][info][class,load] org.springframework.core.GenericTypeResolver source: shared objects file
[0.165s][info][class,load] org.springframework.format.annotation.NumberFormat source: shared objects file
[0.166s][info][class,load] org.springframework.core.GenericTypeResolver$$Lambda/0x000007fc030526c8 source: org.springframework.core.GenericTypeResolver
[0.166s][info][class,load] org.springframework.util.NumberUtils source: shared objects file
[0.166s][info][class,load] org.springframework.format.support.FormattingConversionService$AnnotationPrinterConverter source: shared objects file
[0.166s][info][class,load] org.springframework.format.support.FormattingConversionService$AnnotationParserConverter source: shared objects file
[0.166s][info][class,load] org.springframework.format.FormatterRegistrar source: shared objects file
[0.166s][info][class,load] org.springframework.format.datetime.standard.DateTimeFormatterRegistrar source: shared objects file
[0.166s][info][class,load] org.springframework.format.datetime.standard.DateTimeFormatterRegistrar$Type source: shared objects file
[0.166s][info][class,load] org.springframework.format.datetime.standard.DateTimeFormatterFactory source: shared objects file
[0.166s][info][class,load] org.springframework.format.datetime.standard.DateTimeConverters source: shared objects file
[0.166s][info][class,load] org.springframework.format.datetime.DateFormatterRegistrar source: shared objects file
[0.166s][info][class,load] org.springframework.format.datetime.DateFormatterRegistrar$DateToLongConverter source: shared objects file
[0.167s][info][class,load] org.springframework.format.datetime.DateFormatterRegistrar$DateToCalendarConverter source: shared objects file
[0.167s][info][class,load] org.springframework.format.datetime.DateFormatterRegistrar$CalendarToDateConverter source: shared objects file
[0.167s][info][class,load] org.springframework.format.datetime.DateFormatterRegistrar$CalendarToLongConverter source: shared objects file
[0.167s][info][class,load] org.springframework.format.datetime.DateFormatterRegistrar$LongToDateConverter source: shared objects file
[0.167s][info][class,load] org.springframework.format.datetime.DateFormatterRegistrar$LongToCalendarConverter source: shared objects file
[0.167s][info][class,load] org.springframework.format.datetime.standard.DateTimeConverters$LocalDateTimeToLocalDateConverter source: shared objects file
[0.167s][info][class,load] org.springframework.format.datetime.standard.DateTimeConverters$LocalDateTimeToLocalTimeConverter source: shared objects file
[0.167s][info][class,load] org.springframework.format.datetime.standard.DateTimeConverters$ZonedDateTimeToLocalDateConverter source: shared objects file
[0.167s][info][class,load] org.springframework.format.datetime.standard.DateTimeConverters$ZonedDateTimeToLocalTimeConverter source: shared objects file
[0.167s][info][class,load] org.springframework.format.datetime.standard.DateTimeConverters$ZonedDateTimeToLocalDateTimeConverter source: shared objects file
[0.167s][info][class,load] org.springframework.format.datetime.standard.DateTimeConverters$ZonedDateTimeToOffsetDateTimeConverter source: shared objects file
[0.167s][info][class,load] org.springframework.format.datetime.standard.DateTimeConverters$ZonedDateTimeToInstantConverter source: shared objects file
[0.167s][info][class,load] org.springframework.format.datetime.standard.DateTimeConverters$OffsetDateTimeToLocalDateConverter source: shared objects file
[0.167s][info][class,load] org.springframework.format.datetime.standard.DateTimeConverters$OffsetDateTimeToLocalTimeConverter source: shared objects file
[0.167s][info][class,load] org.springframework.format.datetime.standard.DateTimeConverters$OffsetDateTimeToLocalDateTimeConverter source: shared objects file
[0.168s][info][class,load] org.springframework.format.datetime.standard.DateTimeConverters$OffsetDateTimeToZonedDateTimeConverter source: shared objects file
[0.168s][info][class,load] org.springframework.format.datetime.standard.DateTimeConverters$OffsetDateTimeToInstantConverter source: shared objects file
[0.168s][info][class,load] org.springframework.format.datetime.standard.DateTimeConverters$CalendarToZonedDateTimeConverter source: shared objects file
[0.168s][info][class,load] org.springframework.format.datetime.standard.DateTimeConverters$CalendarToOffsetDateTimeConverter source: shared objects file
[0.168s][info][class,load] org.springframework.format.datetime.standard.DateTimeConverters$CalendarToLocalDateConverter source: shared objects file
[0.168s][info][class,load] org.springframework.format.datetime.standard.DateTimeConverters$CalendarToLocalTimeConverter source: shared objects file
[0.168s][info][class,load] org.springframework.format.datetime.standard.DateTimeConverters$CalendarToLocalDateTimeConverter source: shared objects file
[0.168s][info][class,load] org.springframework.format.datetime.standard.DateTimeConverters$CalendarToInstantConverter source: shared objects file
[0.168s][info][class,load] org.springframework.format.datetime.standard.DateTimeConverters$LongToInstantConverter source: shared objects file
[0.168s][info][class,load] org.springframework.format.datetime.standard.DateTimeConverters$InstantToLongConverter source: shared objects file
[0.168s][info][class,load] org.springframework.format.Printer source: shared objects file
[0.168s][info][class,load] org.springframework.format.datetime.standard.TemporalAccessorPrinter source: shared objects file
[0.168s][info][class,load] org.springframework.format.Parser source: shared objects file
[0.168s][info][class,load] org.springframework.format.datetime.standard.TemporalAccessorParser source: shared objects file
[0.168s][info][class,load] org.springframework.format.support.FormattingConversionService$PrinterConverter source: shared objects file
[0.168s][info][class,load] org.springframework.format.support.FormattingConversionService$ParserConverter source: shared objects file
[0.168s][info][class,load] org.springframework.format.Formatter source: shared objects file
[0.169s][info][class,load] org.springframework.format.datetime.standard.InstantFormatter source: shared objects file
[0.169s][info][class,load] org.springframework.format.datetime.standard.PeriodFormatter source: shared objects file
[0.169s][info][class,load] org.springframework.format.datetime.standard.DurationFormatter source: shared objects file
[0.169s][info][class,load] org.springframework.format.annotation.DurationFormat$Style source: shared objects file
[0.169s][info][class,load] org.springframework.format.datetime.standard.YearFormatter source: shared objects file
[0.169s][info][class,load] org.springframework.format.datetime.standard.MonthFormatter source: shared objects file
[0.169s][info][class,load] org.springframework.format.datetime.standard.YearMonthFormatter source: shared objects file
[0.169s][info][class,load] org.springframework.format.datetime.standard.MonthDayFormatter source: shared objects file
[0.169s][info][class,load] org.springframework.format.datetime.standard.Jsr310DateTimeFormatAnnotationFormatterFactory source: shared objects file
[0.169s][info][class,load] org.springframework.format.annotation.DateTimeFormat source: shared objects file
[0.169s][info][class,load] org.springframework.format.datetime.standard.DurationFormatAnnotationFormatterFactory source: shared objects file
[0.169s][info][class,load] org.springframework.format.annotation.DurationFormat source: shared objects file
[0.169s][info][class,load] org.springframework.format.datetime.DateTimeFormatAnnotationFormatterFactory source: shared objects file
[0.170s][info][class,load] org.springframework.boot.convert.CharArrayFormatter source: shared objects file
[0.170s][info][class,load] org.springframework.format.support.FormattingConversionService$$Lambda/0x000007fc030528f8 source: org.springframework.format.support.FormattingConversionService
[0.170s][info][class,load] org.springframework.boot.convert.InetAddressFormatter source: shared objects file
[0.171s][info][class,load] org.springframework.boot.convert.IsoOffsetFormatter source: shared objects file
[0.171s][info][class,load] org.springframework.boot.convert.ArrayToDelimitedStringConverter source: shared objects file
[0.171s][info][class,load] org.springframework.boot.convert.CollectionToDelimitedStringConverter source: shared objects file
[0.171s][info][class,load] org.springframework.boot.convert.DelimitedStringToArrayConverter source: shared objects file
[0.171s][info][class,load] org.springframework.boot.convert.DelimitedStringToCollectionConverter source: shared objects file
[0.171s][info][class,load] org.springframework.boot.convert.StringToDurationConverter source: shared objects file
[0.171s][info][class,load] org.springframework.boot.convert.DurationToStringConverter source: shared objects file
[0.171s][info][class,load] org.springframework.boot.convert.NumberToDurationConverter source: shared objects file
[0.171s][info][class,load] org.springframework.boot.convert.DurationToNumberConverter source: shared objects file
[0.171s][info][class,load] org.springframework.boot.convert.StringToPeriodConverter source: shared objects file
[0.172s][info][class,load] org.springframework.boot.convert.PeriodToStringConverter source: shared objects file
[0.172s][info][class,load] org.springframework.boot.convert.NumberToPeriodConverter source: shared objects file
[0.172s][info][class,load] org.springframework.boot.convert.StringToDataSizeConverter source: shared objects file
[0.172s][info][class,load] org.springframework.util.unit.DataSize source: shared objects file
[0.172s][info][class,load] org.springframework.boot.convert.NumberToDataSizeConverter source: shared objects file
[0.172s][info][class,load] org.springframework.boot.convert.StringToFileConverter source: shared objects file
[0.172s][info][class,load] org.springframework.boot.convert.InputStreamSourceToByteArrayConverter source: shared objects file
[0.172s][info][class,load] org.springframework.boot.convert.LenientObjectToEnumConverterFactory source: shared objects file
[0.172s][info][class,load] org.springframework.boot.convert.LenientStringToEnumConverterFactory source: shared objects file
[0.172s][info][class,load] org.springframework.boot.convert.LenientBooleanToEnumConverterFactory source: shared objects file
[0.173s][info][class,load] org.springframework.boot.convert.CharSequenceToObjectConverter source: shared objects file
[0.173s][info][class,load] org.springframework.boot.env.PropertySourceInfo source: shared objects file
[0.173s][info][class,load] org.springframework.boot.ApplicationInfoPropertySource source: shared objects file
[0.173s][info][class,load] org.springframework.boot.system.ApplicationPid source: shared objects file
[0.174s][info][class,load] org.springframework.boot.origin.OriginLookup source: shared objects file
[0.174s][info][class,load] org.springframework.boot.context.properties.source.ConfigurationPropertySourcesPropertySource source: shared objects file
[0.174s][info][class,load] org.springframework.boot.context.properties.source.SpringConfigurationPropertySources source: shared objects file
[0.174s][info][class,load] org.springframework.core.env.PropertySource$StubPropertySource source: shared objects file
[0.174s][info][class,load] org.springframework.core.env.PropertySource$ComparisonPropertySource source: shared objects file
[0.174s][info][class,load] org.springframework.boot.SpringApplicationRunListeners$$Lambda/0x000007fc03052b28 source: org.springframework.boot.SpringApplicationRunListeners
[0.174s][info][class,load] org.springframework.boot.support.SpringFactoriesEnvironmentPostProcessorsFactory source: shared objects file
[0.175s][info][class,load] org.springframework.boot.EnvironmentPostProcessor source: shared objects file
[0.175s][info][class,load] org.springframework.boot.cloud.CloudFoundryVcapEnvironmentPostProcessor source: shared objects file
[0.175s][info][class,load] org.springframework.boot.logging.DeferredLogs$$Lambda/0x000007fc03052d68 source: org.springframework.boot.logging.DeferredLogs
[0.175s][info][class,load] org.springframework.boot.logging.DeferredLog source: shared objects file
[0.175s][info][class,load] org.springframework.boot.context.config.ConfigDataEnvironmentPostProcessor source: shared objects file
[0.175s][info][class,load] java.lang.invoke.LambdaForm$MH/0x000007fc03055000 source: __JVM_LookupDefineClass__
[0.176s][info][class,load] java.lang.invoke.LambdaForm$MH/0x000007fc03055400 source: __JVM_LookupDefineClass__
[0.176s][info][class,load] org.springframework.boot.support.RandomValuePropertySourceEnvironmentPostProcessor source: shared objects file
[0.176s][info][class,load] org.springframework.boot.support.SpringApplicationJsonEnvironmentPostProcessor source: shared objects file
[0.176s][info][class,load] org.springframework.boot.support.SystemEnvironmentPropertySourceEnvironmentPostProcessor source: shared objects file
[0.176s][info][class,load] org.springframework.boot.env.EnvironmentPostProcessor source: shared objects file
[0.176s][info][class,load] org.springframework.boot.support.SpringFactoriesEnvironmentPostProcessorsFactory$Adapter source: shared objects file
[0.176s][info][class,load] org.springframework.boot.support.SpringFactoriesEnvironmentPostProcessorsFactory$$Lambda/0x000007fc03052f98 source: org.springframework.boot.support.SpringFactoriesEnvironmentPostProcessorsFactory
[0.176s][info][class,load] org.springframework.boot.support.SpringFactoriesEnvironmentPostProcessorsFactory$$Lambda/0x000007fc030531e0 source: org.springframework.boot.support.SpringFactoriesEnvironmentPostProcessorsFactory
[0.177s][info][class,load] org.springframework.aot.AotDetector source: shared objects file
[0.177s][info][class,load] org.springframework.core.NativeDetector$Context source: shared objects file
[0.177s][info][class,load] org.springframework.boot.env.RandomValuePropertySource source: shared objects file
[0.180s][info][class,load] jdk.internal.event.Event source: jrt:/java.base
[0.180s][info][class,load] jdk.internal.event.SecurityProviderServiceEvent source: jrt:/java.base
[0.180s][info][class,load] org.springframework.boot.logging.DeferredLog$Line source: shared objects file
[0.180s][info][class,load] org.springframework.boot.support.SystemEnvironmentPropertySourceEnvironmentPostProcessor$OriginAwareSystemEnvironmentPropertySource source: shared objects file
[0.180s][info][class,load] org.springframework.boot.cloud.CloudPlatform source: shared objects file
[0.180s][info][class,load] org.springframework.boot.cloud.CloudPlatform$1 source: shared objects file
[0.180s][info][class,load] org.springframework.boot.cloud.CloudPlatform$2 source: shared objects file
[0.180s][info][class,load] org.springframework.boot.cloud.CloudPlatform$3 source: shared objects file
[0.180s][info][class,load] org.springframework.boot.cloud.CloudPlatform$4 source: shared objects file
[0.180s][info][class,load] org.springframework.boot.cloud.CloudPlatform$5 source: shared objects file
[0.180s][info][class,load] org.springframework.boot.cloud.CloudPlatform$6 source: shared objects file
[0.181s][info][class,load] org.springframework.boot.cloud.CloudPlatform$7 source: shared objects file
[0.181s][info][class,load] org.springframework.boot.cloud.CloudPlatform$8 source: shared objects file
[0.181s][info][class,load] org.springframework.boot.context.properties.source.SpringConfigurationPropertySources$SourcesIterator source: shared objects file
[0.181s][info][class,load] org.springframework.boot.context.properties.source.ConfigurationPropertySource source: shared objects file
[0.181s][info][class,load] org.springframework.boot.context.properties.source.SpringConfigurationPropertySources$$Lambda/0x000007fc03053408 source: org.springframework.boot.context.properties.source.SpringConfigurationPropertySources
[0.181s][info][class,load] org.springframework.boot.context.properties.source.SpringConfigurationPropertySource source: shared objects file
[0.181s][info][class,load] org.springframework.boot.context.properties.source.PropertyMapper source: shared objects file
[0.181s][info][class,load] org.springframework.boot.context.properties.source.DefaultPropertyMapper source: shared objects file
[0.181s][info][class,load] org.springframework.boot.context.properties.source.PropertyMapper$$Lambda/0x000007fc03053658 source: org.springframework.boot.context.properties.source.PropertyMapper
[0.181s][info][class,load] org.springframework.boot.context.properties.source.SystemEnvironmentPropertyMapper source: shared objects file
[0.181s][info][class,load] org.springframework.boot.context.properties.source.IterableConfigurationPropertySource source: shared objects file
[0.181s][info][class,load] org.springframework.boot.context.properties.source.CachingConfigurationPropertySource source: shared objects file
[0.181s][info][class,load] org.springframework.boot.context.properties.source.SpringIterableConfigurationPropertySource source: shared objects file
[0.182s][info][class,load] org.springframework.boot.context.properties.source.ConfigurationPropertyCaching source: shared objects file
[0.182s][info][class,load] org.springframework.boot.context.properties.source.SoftReferenceConfigurationPropertyCache source: shared objects file
[0.182s][info][class,load] org.springframework.boot.context.properties.source.ConfigurationPropertyCaching$CacheOverride source: shared objects file
[0.182s][info][class,load] java.lang.invoke.LambdaForm$DMH/0x000007fc03055800 source: __JVM_LookupDefineClass__
[0.182s][info][class,load] org.springframework.boot.context.properties.source.SoftReferenceConfigurationPropertyCache$$Lambda/0x000007fc030538b0 source: org.springframework.boot.context.properties.source.SoftReferenceConfigurationPropertyCache
[0.182s][info][class,load] org.springframework.boot.context.properties.source.DefaultPropertyMapper$LastMapping source: shared objects file
[0.182s][info][class,load] org.springframework.boot.context.properties.source.SpringIterableConfigurationPropertySource$Cache source: shared objects file
[0.182s][info][class,load] org.springframework.boot.context.properties.source.SpringIterableConfigurationPropertySource$$Lambda/0x000007fc03053af0 source: org.springframework.boot.context.properties.source.SpringIterableConfigurationPropertySource
[0.182s][info][class,load] org.springframework.boot.context.properties.source.SpringIterableConfigurationPropertySource$$Lambda/0x000007fc03053d20 source: org.springframework.boot.context.properties.source.SpringIterableConfigurationPropertySource
[0.182s][info][class,load] org.springframework.core.env.PropertiesPropertySource$$Lambda/0x000007fc03056000 source: org.springframework.core.env.PropertiesPropertySource
[0.182s][info][class,load] org.springframework.core.env.PropertiesPropertySource$$Lambda/0x000007fc03056258 source: org.springframework.core.env.PropertiesPropertySource
[0.182s][info][class,load] org.springframework.boot.context.properties.source.SpringIterableConfigurationPropertySource$Cache$$Lambda/0x000007fc03056480 source: org.springframework.boot.context.properties.source.SpringIterableConfigurationPropertySource
[0.183s][info][class,load] org.springframework.boot.context.properties.source.ConfigurationPropertyName$Form source: shared objects file
[0.183s][info][class,load] org.springframework.boot.context.properties.source.SpringIterableConfigurationPropertySource$Cache$Data source: shared objects file
[0.183s][info][class,load] org.springframework.boot.context.properties.source.SystemEnvironmentPropertyMapper$$Lambda/0x000007fc030566c8 source: org.springframework.boot.context.properties.source.SystemEnvironmentPropertyMapper
[0.183s][info][class,load] org.springframework.boot.context.properties.source.ConfigurationPropertyName$$Lambda/0x000007fc03056928 source: org.springframework.boot.context.properties.source.ConfigurationPropertyName
[0.183s][info][class,load] org.springframework.boot.context.properties.source.ConfigurationPropertyName$ElementCharPredicate source: shared objects file
[0.183s][info][class,load] org.springframework.boot.context.properties.source.ConfigurationPropertyName$$Lambda/0x000007fc03056b58 source: org.springframework.boot.context.properties.source.ConfigurationPropertyName
[0.184s][info][class,load] org.springframework.boot.context.properties.source.ConfigurationPropertyName$$Lambda/0x000007fc03056d80 source: org.springframework.boot.context.properties.source.ConfigurationPropertyName
[0.184s][info][class,load] org.springframework.boot.context.properties.source.SystemEnvironmentPropertyMapper$$Lambda/0x000007fc03056fb0 source: org.springframework.boot.context.properties.source.SystemEnvironmentPropertyMapper
[0.184s][info][class,load] org.springframework.boot.context.properties.source.SystemEnvironmentPropertyMapper$$Lambda/0x000007fc03057200 source: org.springframework.boot.context.properties.source.SystemEnvironmentPropertyMapper
[0.185s][info][class,load] org.springframework.boot.support.SpringApplicationJsonEnvironmentPostProcessor$JsonPropertyValue source: shared objects file
[0.185s][info][class,load] org.springframework.boot.support.SpringApplicationJsonEnvironmentPostProcessor$$Lambda/0x000007fc03057458 source: org.springframework.boot.support.SpringApplicationJsonEnvironmentPostProcessor
[0.185s][info][class,load] org.springframework.boot.support.SpringApplicationJsonEnvironmentPostProcessor$$Lambda/0x000007fc030576a0 source: org.springframework.boot.support.SpringApplicationJsonEnvironmentPostProcessor
[0.185s][info][class,load] org.springframework.boot.support.SpringApplicationJsonEnvironmentPostProcessor$$Lambda/0x000007fc030578f8 source: org.springframework.boot.support.SpringApplicationJsonEnvironmentPostProcessor
[0.185s][info][class,load] org.springframework.core.io.DefaultResourceLoader source: shared objects file
[0.185s][info][class,load] org.springframework.boot.context.config.ConfigDataEnvironment source: shared objects file
[0.185s][info][class,load] org.springframework.boot.origin.OriginProvider source: shared objects file
[0.185s][info][class,load] org.springframework.boot.context.config.ConfigDataLocation source: shared objects file
[0.185s][info][class,load] org.springframework.boot.context.config.ConfigDataEnvironmentContributors$BinderOption source: shared objects file
[0.186s][info][class,load] org.springframework.boot.context.properties.bind.Binder source: shared objects file
[0.186s][info][class,load] org.springframework.boot.context.properties.bind.PlaceholdersResolver source: shared objects file
[0.186s][info][class,load] org.springframework.boot.context.properties.bind.PropertySourcesPlaceholdersResolver source: shared objects file
[0.186s][info][class,load] org.springframework.boot.context.properties.source.ConfigurationPropertySourcesCaching source: shared objects file
[0.186s][info][class,load] org.springframework.boot.context.properties.bind.BindConverter source: shared objects file
[0.186s][info][class,load] org.springframework.boot.context.properties.bind.BindConverter$TypeConverterConversionService source: shared objects file
[0.186s][info][class,load] org.springframework.boot.context.properties.bind.BindConverter$TypeConverterConverter source: shared objects file
[0.186s][info][class,load] org.springframework.beans.propertyeditors.CustomNumberEditor source: shared objects file
[0.187s][info][class,load] org.springframework.beans.propertyeditors.CustomBooleanEditor source: shared objects file
[0.187s][info][class,load] org.springframework.beans.propertyeditors.FileEditor source: shared objects file
[0.187s][info][class,load] org.springframework.beans.PropertyEditorRegistry source: shared objects file
[0.187s][info][class,load] org.springframework.beans.PropertyEditorRegistrySupport source: shared objects file
[0.187s][info][class,load] org.springframework.beans.TypeConverter source: shared objects file
[0.187s][info][class,load] org.springframework.beans.TypeConverterSupport source: shared objects file
[0.187s][info][class,load] org.springframework.beans.SimpleTypeConverter source: shared objects file
[0.187s][info][class,load] org.springframework.beans.TypeConverterDelegate source: shared objects file
[0.188s][info][class,load] org.springframework.boot.context.properties.bind.BindHandler source: shared objects file
[0.188s][info][class,load] org.springframework.boot.context.properties.bind.BindHandler$1 source: shared objects file
[0.188s][info][class,load] org.springframework.boot.context.properties.bind.BindConstructorProvider source: shared objects file
[0.188s][info][class,load] org.springframework.boot.context.properties.bind.DefaultBindConstructorProvider source: shared objects file
[0.188s][info][class,load] org.springframework.boot.context.properties.bind.DataObjectBinder source: shared objects file
[0.188s][info][class,load] org.springframework.boot.context.properties.bind.ValueObjectBinder source: shared objects file
[0.188s][info][class,load] org.springframework.boot.context.properties.bind.JavaBeanBinder source: shared objects file
[0.188s][info][class,load] org.springframework.boot.context.properties.bind.BindMethod source: shared objects file
[0.189s][info][class,load] org.springframework.boot.context.config.ConfigDataNotFoundAction source: shared objects file
[0.189s][info][class,load] org.springframework.boot.context.properties.bind.BindContext source: shared objects file
[0.189s][info][class,load] org.springframework.boot.context.properties.bind.Binder$Context source: shared objects file
[0.189s][info][class,load] org.springframework.boot.context.properties.source.ConfigurationPropertySourcesCaching$CacheOverrides source: shared objects file
[0.189s][info][class,load] org.springframework.boot.context.properties.source.ConfigurationPropertySourcesCaching$$Lambda/0x000007fc03057b38 source: org.springframework.boot.context.properties.source.ConfigurationPropertySourcesCaching
[0.189s][info][class,load] org.springframework.boot.context.properties.source.SoftReferenceConfigurationPropertyCache$ActiveCacheOverride source: shared objects file
[0.189s][info][class,load] org.springframework.boot.context.properties.source.ConfigurationPropertyState source: shared objects file
[0.189s][info][class,load] org.springframework.boot.context.properties.source.ConfigurationPropertyName$$Lambda/0x000007fc03057d78 source: org.springframework.boot.context.properties.source.ConfigurationPropertyName
[0.189s][info][class,load] org.springframework.boot.context.properties.bind.DataObjectPropertyBinder source: shared objects file
[0.189s][info][class,load] org.springframework.boot.context.properties.bind.Binder$$Lambda/0x000007fc03055c00 source: org.springframework.boot.context.properties.bind.Binder
[0.190s][info][class,load] java.lang.invoke.LambdaForm$DMH/0x000007fc03058000 source: __JVM_LookupDefineClass__
[0.190s][info][class,load] org.springframework.boot.context.properties.bind.Binder$$Lambda/0x000007fc0305c000 source: org.springframework.boot.context.properties.bind.Binder
[0.190s][info][class,load] java.lang.invoke.LambdaForm$DMH/0x000007fc03058400 source: __JVM_LookupDefineClass__
[0.190s][info][class,load] java.lang.invoke.LambdaForm$DMH/0x000007fc03058800 source: __JVM_LookupDefineClass__
[0.190s][info][class,load] java.lang.invoke.LambdaForm$MH/0x000007fc03058c00 source: __JVM_LookupDefineClass__
[0.190s][info][class,load] java.lang.invoke.LambdaForm$DMH/0x000007fc03059000 source: __JVM_LookupDefineClass__
[0.190s][info][class,load] org.springframework.boot.context.properties.bind.Binder$$Lambda/0x000007fc0305c230 source: org.springframework.boot.context.properties.bind.Binder
[0.190s][info][class,load] java.lang.invoke.LambdaForm$DMH/0x000007fc03059400 source: __JVM_LookupDefineClass__
[0.190s][info][class,load] java.lang.invoke.LambdaForm$DMH/0x000007fc03059800 source: __JVM_LookupDefineClass__
[0.190s][info][class,load] java.lang.invoke.LambdaForm$MH/0x000007fc03059c00 source: __JVM_LookupDefineClass__
[0.190s][info][class,load] org.springframework.core.ParameterNameDiscoverer source: shared objects file
[0.190s][info][class,load] org.springframework.boot.context.properties.bind.ValueObjectBinder$Discoverer source: shared objects file
[0.190s][info][class,load] org.springframework.core.PrioritizedParameterNameDiscoverer source: shared objects file
[0.190s][info][class,load] org.springframework.core.DefaultParameterNameDiscoverer source: shared objects file
[0.190s][info][class,load] org.springframework.core.KotlinReflectionParameterNameDiscoverer source: shared objects file
[0.190s][info][class,load] org.springframework.core.StandardReflectionParameterNameDiscoverer source: shared objects file
[0.191s][info][class,load] java.lang.invoke.LambdaForm$DMH/0x000007fc0305a000 source: __JVM_LookupDefineClass__
[0.191s][info][class,load] org.springframework.boot.context.properties.bind.ValueObjectBinder$Discoverer$$Lambda/0x000007fc0305c480 source: org.springframework.boot.context.properties.bind.ValueObjectBinder
[0.191s][info][class,load] org.springframework.boot.context.properties.bind.ValueObjectBinder$Discoverer$$Lambda/0x000007fc0305c6b8 source: org.springframework.boot.context.properties.bind.ValueObjectBinder
[0.191s][info][class,load] org.springframework.boot.context.properties.bind.ValueObjectBinder$ValueObject source: shared objects file
[0.191s][info][class,load] org.springframework.boot.context.properties.bind.JavaBeanBinder$BeanProperties source: shared objects file
[0.191s][info][class,load] org.springframework.boot.context.properties.bind.JavaBeanBinder$Bean source: shared objects file
[0.191s][info][class,load] org.springframework.boot.context.properties.bind.BindConverter$ResolvableTypeDescriptor source: shared objects file
[0.191s][info][class,load] java.lang.invoke.LambdaForm$DMH/0x000007fc0305a400 source: __JVM_LookupDefineClass__
[0.191s][info][class,load] org.springframework.boot.context.properties.source.ConfigurationPropertySourcesCaching$CacheOverrides$$Lambda/0x000007fc0305c8f0 source: org.springframework.boot.context.properties.source.ConfigurationPropertySourcesCaching
[0.191s][info][class,load] org.springframework.boot.context.properties.bind.BindResult source: shared objects file
[0.191s][info][class,load] org.springframework.boot.context.config.ConfigDataNotFoundAction$1 source: shared objects file
[0.191s][info][class,load] org.springframework.boot.context.config.ConfigDataNotFoundAction$2 source: shared objects file
[0.191s][info][class,load] org.springframework.boot.context.config.ConfigDataLocationResolvers source: shared objects file
[0.191s][info][class,load] org.springframework.boot.context.config.ConfigDataLocationResolvers$$Lambda/0x000007fc0305cb28 source: org.springframework.boot.context.config.ConfigDataLocationResolvers
[0.192s][info][class,load] org.springframework.boot.context.config.ConfigDataLocationResolver source: shared objects file
[0.192s][info][class,load] org.springframework.boot.context.config.ConfigTreeConfigDataLocationResolver source: shared objects file
[0.192s][info][class,load] org.springframework.boot.context.config.LocationResourceLoader source: shared objects file
[0.192s][info][class,load] org.springframework.boot.context.config.LocationResourceLoader$$Lambda/0x000007fc0305cd50 source: org.springframework.boot.context.config.LocationResourceLoader
[0.192s][info][class,load] java.lang.invoke.LambdaForm$DMH/0x000007fc0305a800 source: __JVM_LookupDefineClass__
[0.193s][info][class,load] java.util.Comparator$$Lambda/0x000007fc030014d8 source: java.util.Comparator
[0.193s][info][class,load] org.springframework.boot.context.config.LocationResourceLoader$$Lambda/0x000007fc0305cf98 source: org.springframework.boot.context.config.LocationResourceLoader
[0.193s][info][class,load] org.springframework.boot.context.config.StandardConfigDataLocationResolver source: shared objects file
[0.193s][info][class,load] java.lang.invoke.LambdaForm$MH/0x000007fc0305ac00 source: __JVM_LookupDefineClass__
[0.193s][info][class,load] java.lang.invoke.LambdaForm$MH/0x000007fc0305b000 source: __JVM_LookupDefineClass__
[0.193s][info][class,load] java.lang.invoke.LambdaForm$MH/0x000007fc0305b400 source: __JVM_LookupDefineClass__
[0.193s][info][class,load] org.springframework.boot.env.PropertySourceLoader source: shared objects file
[0.193s][info][class,load] org.springframework.boot.env.PropertiesPropertySourceLoader source: shared objects file
[0.194s][info][class,load] org.springframework.boot.env.YamlPropertySourceLoader source: shared objects file
[0.195s][info][class,load] org.springframework.boot.context.properties.bind.AggregateBinder source: shared objects file
[0.195s][info][class,load] org.springframework.boot.context.properties.bind.IndexedElementsBinder source: shared objects file
[0.195s][info][class,load] org.springframework.boot.context.properties.bind.ArrayBinder source: shared objects file
[0.195s][info][class,load] java.lang.invoke.LambdaForm$MH/0x000007fc0305b800 source: __JVM_LookupDefineClass__
[0.195s][info][class,load] org.springframework.boot.context.properties.bind.AggregateElementBinder source: shared objects file
[0.195s][info][class,load] org.springframework.boot.context.properties.bind.Binder$$Lambda/0x000007fc0305d1e0 source: org.springframework.boot.context.properties.bind.Binder
[0.195s][info][class,load] org.springframework.boot.context.properties.bind.Binder$$Lambda/0x000007fc0305d420 source: org.springframework.boot.context.properties.bind.Binder
[0.196s][info][class,load] org.springframework.boot.context.properties.bind.AggregateBinder$AggregateSupplier source: shared objects file
[0.196s][info][class,load] org.springframework.boot.context.properties.bind.IndexedElementsBinder$IndexedCollectionSupplier source: shared objects file
[0.196s][info][class,load] org.springframework.boot.context.properties.bind.ArrayBinder$$Lambda/0x000007fc0305d650 source: org.springframework.boot.context.properties.bind.ArrayBinder
[0.196s][info][class,load] org.springframework.boot.context.properties.bind.IndexedElementsBinder$$Lambda/0x000007fc0305d878 source: org.springframework.boot.context.properties.bind.IndexedElementsBinder
[0.196s][info][class,load] org.springframework.boot.context.properties.source.FilteredConfigurationPropertiesSource source: shared objects file
[0.196s][info][class,load] org.springframework.boot.context.properties.source.FilteredIterableConfigurationPropertiesSource source: shared objects file
[0.196s][info][class,load] org.springframework.boot.context.properties.source.SpringIterableConfigurationPropertySource$$Lambda/0x000007fc0305dad8 source: org.springframework.boot.context.properties.source.SpringIterableConfigurationPropertySource
[0.196s][info][class,load] org.springframework.boot.context.properties.bind.Binder$$Lambda/0x000007fc0305dd30 source: org.springframework.boot.context.properties.bind.Binder
[0.196s][info][class,load] java.lang.invoke.LambdaForm$DMH/0x000007fc0305bc00 source: __JVM_LookupDefineClass__
[0.196s][info][class,load] java.lang.invoke.LambdaForm$MH/0x000007fc03060000 source: __JVM_LookupDefineClass__
[0.196s][info][class,load] org.springframework.boot.context.config.StandardConfigDataLocationResolver$$Lambda/0x000007fc0305df60 source: org.springframework.boot.context.config.StandardConfigDataLocationResolver
[0.197s][info][class,load] org.springframework.boot.context.config.SystemEnvironmentConfigDataLocationResolver source: shared objects file
[0.197s][info][class,load] org.springframework.boot.context.config.SystemEnvironmentConfigDataLocationResolver$$Lambda/0x000007fc0305e190 source: org.springframework.boot.context.config.SystemEnvironmentConfigDataLocationResolver
[0.197s][info][class,load] org.springframework.boot.context.config.ConfigDataEnvironmentUpdateListener source: shared objects file
[0.197s][info][class,load] org.springframework.boot.context.config.ConfigDataEnvironmentUpdateListener$1 source: shared objects file
[0.197s][info][class,load] org.springframework.boot.context.config.ConfigDataLoaders source: shared objects file
[0.197s][info][class,load] org.springframework.boot.context.config.ConfigDataLoaders$$Lambda/0x000007fc0305e3d8 source: org.springframework.boot.context.config.ConfigDataLoaders
[0.197s][info][class,load] org.springframework.boot.context.config.ConfigDataLoader source: shared objects file
[0.197s][info][class,load] org.springframework.boot.context.config.ConfigTreeConfigDataLoader source: shared objects file
[0.197s][info][class,load] org.springframework.boot.context.config.StandardConfigDataLoader source: shared objects file
[0.197s][info][class,load] org.springframework.boot.context.config.ConfigData$Option source: shared objects file
[0.197s][info][class,load] org.springframework.boot.context.config.ConfigData$PropertySourceOptions source: shared objects file
[0.197s][info][class,load] org.springframework.boot.context.config.ConfigData$AlwaysPropertySourceOptions source: shared objects file
[0.197s][info][class,load] org.springframework.boot.context.config.ConfigData$Options source: shared objects file
[0.197s][info][class,load] org.springframework.boot.context.config.SystemEnvironmentConfigDataLoader source: shared objects file
[0.198s][info][class,load] org.springframework.boot.context.config.ConfigDataResource source: shared objects file
[0.198s][info][class,load] org.springframework.boot.context.config.ConfigTreeConfigDataResource source: shared objects file
[0.198s][info][class,load] org.springframework.boot.context.config.StandardConfigDataResource source: shared objects file
[0.198s][info][class,load] org.springframework.boot.context.config.SystemEnvironmentConfigDataResource source: shared objects file
[0.198s][info][class,load] org.springframework.boot.env.DefaultPropertiesPropertySource source: shared objects file
[0.198s][info][class,load] org.springframework.core.log.LogMessage$FormatMessage1 source: shared objects file
[0.198s][info][class,load] org.springframework.boot.context.config.ConfigDataEnvironmentContributor source: shared objects file
[0.198s][info][class,load] org.springframework.boot.context.config.ConfigDataEnvironmentContributor$Kind source: shared objects file
[0.199s][info][class,load] org.springframework.boot.context.config.ConfigDataProperties source: shared objects file
[0.199s][info][class,load] org.springframework.boot.context.config.ConfigDataProperties$$Lambda/0x000007fc0305e600 source: org.springframework.boot.context.config.ConfigDataProperties
[0.199s][info][class,load] org.springframework.boot.context.config.ConfigDataEnvironmentContributors source: shared objects file
[0.199s][info][class,load] org.springframework.boot.context.config.ConfigDataEnvironmentContributors$$Lambda/0x000007fc0305e858 source: org.springframework.boot.context.config.ConfigDataEnvironmentContributors
[0.199s][info][class,load] org.springframework.boot.context.config.ConfigDataEnvironmentContributor$ImportPhase source: shared objects file
[0.199s][info][class,load] org.springframework.boot.context.config.ConfigDataImporter source: shared objects file
[0.199s][info][class,load] org.springframework.boot.context.config.ConfigDataActivationContext source: shared objects file
[0.199s][info][class,load] org.springframework.boot.context.config.ConfigDataEnvironment$$Lambda/0x000007fc0305eab0 source: org.springframework.boot.context.config.ConfigDataEnvironment
[0.200s][info][class,load] org.springframework.boot.bootstrap.BootstrapRegistry$InstanceSupplier source: shared objects file
[0.200s][info][class,load] org.springframework.boot.bootstrap.BootstrapRegistry$InstanceSupplier$$Lambda/0x000007fc0305ece0 source: org.springframework.boot.bootstrap.BootstrapRegistry
[0.200s][info][class,load] org.springframework.boot.bootstrap.BootstrapRegistry$Scope source: shared objects file
[0.200s][info][class,load] org.springframework.boot.bootstrap.BootstrapRegistry$InstanceSupplier$1 source: shared objects file
[0.200s][info][class,load] org.springframework.boot.bootstrap.DefaultBootstrapContext$$Lambda/0x000007fc0305ef30 source: org.springframework.boot.bootstrap.DefaultBootstrapContext
[0.200s][info][class,load] org.springframework.boot.context.config.ConfigDataEnvironmentContributor$ContributorIterator source: shared objects file
[0.200s][info][class,load] org.springframework.boot.context.config.ConfigDataLocationResolverContext source: shared objects file
[0.200s][info][class,load] org.springframework.boot.context.config.ConfigDataEnvironmentContributors$ContributorConfigDataLocationResolverContext source: shared objects file
[0.200s][info][class,load] org.springframework.boot.context.config.ConfigDataLoaderContext source: shared objects file
[0.200s][info][class,load] org.springframework.boot.context.config.ConfigDataEnvironmentContributors$ContributorDataLoaderContext source: shared objects file
[0.200s][info][class,load] org.springframework.boot.context.config.ConfigDataLocationResolvers$$Lambda/0x000007fc0305f160 source: org.springframework.boot.context.config.ConfigDataLocationResolvers
[0.200s][info][class,load] org.springframework.boot.context.config.StandardConfigDataReference source: shared objects file
[0.200s][info][class,load] java.lang.String$$StringConcat/0x000007fc03060400 source: __JVM_LookupDefineClass__
[0.201s][info][class,load] java.lang.invoke.LambdaForm$MH/0x000007fc03060800 source: __JVM_LookupDefineClass__
[0.201s][info][class,load] org.springframework.boot.context.config.LocationResourceLoader$$Lambda/0x000007fc0305f390 source: org.springframework.boot.context.config.LocationResourceLoader
[0.201s][info][class,load] org.springframework.core.io.WritableResource source: shared objects file
[0.201s][info][class,load] org.springframework.core.io.FileUrlResource source: shared objects file
[0.201s][info][class,load] org.springframework.boot.context.config.LocationResourceLoader$ResourceType source: shared objects file
[0.201s][info][class,load] org.springframework.boot.context.config.LocationResourceLoader$$Lambda/0x000007fc0305f5c0 source: org.springframework.boot.context.config.LocationResourceLoader
[0.201s][info][class,load] org.springframework.boot.context.config.LocationResourceLoader$$Lambda/0x000007fc0305f7f0 source: org.springframework.boot.context.config.LocationResourceLoader
[0.202s][info][class,load] org.springframework.boot.context.config.LocationResourceLoader$$Lambda/0x000007fc0305fa20 source: org.springframework.boot.context.config.LocationResourceLoader
[0.202s][info][class,load] org.springframework.boot.context.config.LocationResourceLoader$$Lambda/0x000007fc0305fc50 source: org.springframework.boot.context.config.LocationResourceLoader
[0.202s][info][class,load] org.springframework.core.io.ClassPathResource source: shared objects file
[0.202s][info][class,load] org.springframework.core.io.FileSystemResource source: shared objects file
[0.202s][info][class,load] java.lang.invoke.LambdaForm$DMH/0x000007fc03060c00 source: __JVM_LookupDefineClass__
[0.202s][info][class,load] org.springframework.boot.context.config.StandardConfigDataLocationResolver$$Lambda/0x000007fc03064000 source: org.springframework.boot.context.config.StandardConfigDataLocationResolver
[0.202s][info][class,load] org.springframework.boot.context.config.StandardConfigDataLocationResolver$$Lambda/0x000007fc03064258 source: org.springframework.boot.context.config.StandardConfigDataLocationResolver
[0.202s][info][class,load] org.springframework.boot.context.config.StandardConfigDataLocationResolver$$Lambda/0x000007fc030644a8 source: org.springframework.boot.context.config.StandardConfigDataLocationResolver
[0.202s][info][class,load] org.springframework.boot.context.config.ConfigDataResolutionResult source: shared objects file
[0.203s][info][class,load] org.springframework.boot.context.config.ConfigDataLoaders$$Lambda/0x000007fc030646d0 source: org.springframework.boot.context.config.ConfigDataLoaders
[0.203s][info][class,load] org.springframework.boot.context.config.ConfigDataLoaders$$Lambda/0x000007fc03064900 source: org.springframework.boot.context.config.ConfigDataLoaders
[0.203s][info][class,load] org.springframework.core.log.LogMessage$SupplierMessage source: shared objects file
[0.203s][info][class,load] org.springframework.boot.context.config.ConfigData source: shared objects file
[0.203s][info][class,load] org.springframework.boot.context.config.ConfigDataEnvironmentContributors$$Lambda/0x000007fc03064b30 source: org.springframework.boot.context.config.ConfigDataEnvironmentContributors
[0.203s][info][class,load] org.springframework.boot.context.config.ConfigDataEnvironmentContributors$$Lambda/0x000007fc03064d60 source: org.springframework.boot.context.config.ConfigDataEnvironmentContributors
[0.203s][info][class,load] java.lang.invoke.LambdaForm$DMH/0x000007fc03061000 source: __JVM_LookupDefineClass__
[0.203s][info][class,load] org.springframework.boot.context.config.ConfigDataEnvironmentContributor$$Lambda/0x000007fc03064fa0 source: org.springframework.boot.context.config.ConfigDataEnvironmentContributor
[0.204s][info][class,load] java.lang.String$$StringConcat/0x000007fc03061400 source: __JVM_LookupDefineClass__
[0.204s][info][class,load] org.springframework.boot.context.config.ConfigDataException source: shared objects file
[0.204s][info][class,load] org.springframework.boot.context.config.ConfigDataNotFoundException source: shared objects file
[0.204s][info][class,load] org.springframework.boot.context.config.ConfigDataResourceNotFoundException source: shared objects file
[0.204s][info][class,load] org.springframework.boot.origin.Origin source: shared objects file
[0.204s][info][class,load] org.springframework.boot.origin.OriginTrackedResource source: shared objects file
[0.205s][info][class,load] org.yaml.snakeyaml.Yaml source: shared objects file
[0.205s][info][class,load] org.springframework.beans.factory.config.YamlProcessor source: shared objects file
[0.205s][info][class,load] org.springframework.boot.env.OriginTrackedYamlLoader source: shared objects file
[0.205s][info][class,load] org.springframework.beans.factory.config.YamlProcessor$ResolutionMethod source: shared objects file
[0.205s][info][class,load] org.springframework.beans.factory.config.YamlProcessor$MatchCallback source: shared objects file
[0.205s][info][class,load] org.springframework.boot.env.OriginTrackedYamlLoader$$Lambda/0x000007fc030651e0 source: org.springframework.boot.env.OriginTrackedYamlLoader
[0.205s][info][class,load] org.yaml.snakeyaml.LoaderOptions source: shared objects file
[0.206s][info][class,load] org.yaml.snakeyaml.inspector.TagInspector source: shared objects file
[0.206s][info][class,load] org.yaml.snakeyaml.inspector.UnTrustedTagInspector source: shared objects file
[0.206s][info][class,load] org.yaml.snakeyaml.constructor.BaseConstructor source: shared objects file
[0.206s][info][class,load] org.yaml.snakeyaml.constructor.SafeConstructor source: shared objects file
[0.206s][info][class,load] org.springframework.boot.env.OriginTrackedYamlLoader$OriginTrackingConstructor source: shared objects file
[0.206s][info][class,load] org.yaml.snakeyaml.constructor.Construct source: shared objects file
[0.206s][info][class,load] org.yaml.snakeyaml.constructor.AbstractConstruct source: shared objects file
[0.206s][info][class,load] org.yaml.snakeyaml.constructor.SafeConstructor$ConstructUndefined source: shared objects file
[0.206s][info][class,load] org.yaml.snakeyaml.nodes.NodeId source: shared objects file
[0.207s][info][class,load] org.yaml.snakeyaml.TypeDescription source: shared objects file
[0.207s][info][class,load] org.yaml.snakeyaml.internal.Logger source: shared objects file
[0.207s][info][class,load] org.yaml.snakeyaml.nodes.Tag source: shared objects file
[0.207s][info][class,load] org.yaml.snakeyaml.util.UriEncoder source: shared objects file
[0.207s][info][class,load] org.yaml.snakeyaml.external.com.google.gdata.util.common.base.Escaper source: shared objects file
[0.207s][info][class,load] org.yaml.snakeyaml.external.com.google.gdata.util.common.base.UnicodeEscaper source: shared objects file
[0.207s][info][class,load] org.yaml.snakeyaml.external.com.google.gdata.util.common.base.PercentEscaper source: shared objects file
[0.207s][info][class,load] org.yaml.snakeyaml.external.com.google.gdata.util.common.base.UnicodeEscaper$2 source: shared objects file
[0.207s][info][class,load] org.yaml.snakeyaml.constructor.SafeConstructor$ConstructYamlNull source: shared objects file
[0.207s][info][class,load] org.yaml.snakeyaml.constructor.SafeConstructor$ConstructYamlBool source: shared objects file
[0.207s][info][class,load] org.yaml.snakeyaml.constructor.SafeConstructor$ConstructYamlInt source: shared objects file
[0.207s][info][class,load] org.yaml.snakeyaml.constructor.SafeConstructor$ConstructYamlFloat source: shared objects file
[0.207s][info][class,load] org.yaml.snakeyaml.constructor.SafeConstructor$ConstructYamlBinary source: shared objects file
[0.207s][info][class,load] org.yaml.snakeyaml.constructor.SafeConstructor$ConstructYamlTimestamp source: shared objects file
[0.207s][info][class,load] org.yaml.snakeyaml.constructor.SafeConstructor$ConstructYamlOmap source: shared objects file
[0.207s][info][class,load] org.yaml.snakeyaml.constructor.SafeConstructor$ConstructYamlPairs source: shared objects file
[0.208s][info][class,load] org.yaml.snakeyaml.constructor.SafeConstructor$ConstructYamlSet source: shared objects file
[0.208s][info][class,load] org.yaml.snakeyaml.constructor.SafeConstructor$ConstructYamlStr source: shared objects file
[0.208s][info][class,load] org.yaml.snakeyaml.constructor.SafeConstructor$ConstructYamlSeq source: shared objects file
[0.208s][info][class,load] org.yaml.snakeyaml.constructor.SafeConstructor$ConstructYamlMap source: shared objects file
[0.208s][info][class,load] org.yaml.snakeyaml.DumperOptions source: shared objects file
[0.208s][info][class,load] org.yaml.snakeyaml.DumperOptions$ScalarStyle source: shared objects file
[0.208s][info][class,load] org.yaml.snakeyaml.DumperOptions$FlowStyle source: shared objects file
[0.208s][info][class,load] org.yaml.snakeyaml.DumperOptions$LineBreak source: shared objects file
[0.208s][info][class,load] org.yaml.snakeyaml.DumperOptions$NonPrintableStyle source: shared objects file
[0.208s][info][class,load] org.yaml.snakeyaml.serializer.AnchorGenerator source: shared objects file
[0.208s][info][class,load] org.yaml.snakeyaml.serializer.NumberAnchorGenerator source: shared objects file
[0.209s][info][class,load] org.yaml.snakeyaml.representer.BaseRepresenter source: shared objects file
[0.209s][info][class,load] org.yaml.snakeyaml.representer.SafeRepresenter source: shared objects file
[0.209s][info][class,load] org.yaml.snakeyaml.representer.Representer source: shared objects file
[0.209s][info][class,load] org.yaml.snakeyaml.representer.BaseRepresenter$1 source: shared objects file
[0.209s][info][class,load] org.yaml.snakeyaml.representer.Represent source: shared objects file
[0.209s][info][class,load] org.yaml.snakeyaml.representer.SafeRepresenter$RepresentNull source: shared objects file
[0.209s][info][class,load] org.yaml.snakeyaml.representer.SafeRepresenter$RepresentString source: shared objects file
[0.209s][info][class,load] org.yaml.snakeyaml.representer.SafeRepresenter$RepresentBoolean source: shared objects file
[0.209s][info][class,load] org.yaml.snakeyaml.representer.SafeRepresenter$RepresentUuid source: shared objects file
[0.209s][info][class,load] org.yaml.snakeyaml.representer.SafeRepresenter$RepresentByteArray source: shared objects file
[0.209s][info][class,load] org.yaml.snakeyaml.representer.SafeRepresenter$RepresentPrimitiveArray source: shared objects file
[0.209s][info][class,load] org.yaml.snakeyaml.representer.SafeRepresenter$RepresentNumber source: shared objects file
[0.209s][info][class,load] org.yaml.snakeyaml.representer.SafeRepresenter$RepresentList source: shared objects file
[0.209s][info][class,load] org.yaml.snakeyaml.representer.SafeRepresenter$RepresentMap source: shared objects file
[0.209s][info][class,load] org.yaml.snakeyaml.representer.SafeRepresenter$RepresentSet source: shared objects file
[0.209s][info][class,load] org.yaml.snakeyaml.representer.SafeRepresenter$RepresentIterator source: shared objects file
[0.210s][info][class,load] org.yaml.snakeyaml.representer.SafeRepresenter$RepresentArray source: shared objects file
[0.210s][info][class,load] org.yaml.snakeyaml.representer.SafeRepresenter$RepresentDate source: shared objects file
[0.210s][info][class,load] org.yaml.snakeyaml.representer.SafeRepresenter$RepresentEnum source: shared objects file
[0.210s][info][class,load] org.yaml.snakeyaml.representer.Representer$RepresentJavaBean source: shared objects file
[0.210s][info][class,load] org.yaml.snakeyaml.resolver.Resolver source: shared objects file
[0.210s][info][class,load] org.springframework.boot.env.OriginTrackedYamlLoader$NoTimestampResolver source: shared objects file
[0.210s][info][class,load] org.yaml.snakeyaml.resolver.ResolverTuple source: shared objects file
[0.210s][info][class,load] org.yaml.snakeyaml.introspector.PropertyUtils source: shared objects file
[0.210s][info][class,load] org.yaml.snakeyaml.util.PlatformFeatureDetector source: shared objects file
[0.210s][info][class,load] org.yaml.snakeyaml.introspector.BeanAccess source: shared objects file
[0.210s][info][class,load] org.yaml.snakeyaml.reader.UnicodeReader source: shared objects file
[0.210s][info][class,load] org.yaml.snakeyaml.composer.Composer source: shared objects file
[0.210s][info][class,load] org.yaml.snakeyaml.parser.Parser source: shared objects file
[0.210s][info][class,load] org.yaml.snakeyaml.parser.ParserImpl source: shared objects file
[0.210s][info][class,load] org.yaml.snakeyaml.reader.StreamReader source: shared objects file
[0.211s][info][class,load] org.yaml.snakeyaml.scanner.Scanner source: shared objects file
[0.211s][info][class,load] org.yaml.snakeyaml.scanner.ScannerImpl source: shared objects file
[0.211s][info][class,load] org.yaml.snakeyaml.util.ArrayStack source: shared objects file
[0.211s][info][class,load] org.yaml.snakeyaml.error.Mark source: shared objects file
[0.211s][info][class,load] org.yaml.snakeyaml.tokens.Token source: shared objects file
[0.211s][info][class,load] org.yaml.snakeyaml.tokens.StreamStartToken source: shared objects file
[0.211s][info][class,load] org.yaml.snakeyaml.parser.VersionTagsTuple source: shared objects file
[0.211s][info][class,load] org.yaml.snakeyaml.parser.Production source: shared objects file
[0.211s][info][class,load] org.yaml.snakeyaml.parser.ParserImpl$ParseStreamStart source: shared objects file
[0.211s][info][class,load] org.yaml.snakeyaml.comments.CommentEventsCollector source: shared objects file
[0.211s][info][class,load] org.yaml.snakeyaml.comments.CommentType source: shared objects file
[0.211s][info][class,load] org.yaml.snakeyaml.comments.CommentEventsCollector$1 source: shared objects file
[0.211s][info][class,load] org.yaml.snakeyaml.util.MergeUtils source: shared objects file
[0.211s][info][class,load] org.yaml.snakeyaml.composer.Composer$1 source: shared objects file
[0.211s][info][class,load] org.yaml.snakeyaml.Yaml$1 source: shared objects file
[0.211s][info][class,load] org.yaml.snakeyaml.Yaml$YamlIterable source: shared objects file
[0.211s][info][class,load] org.yaml.snakeyaml.events.Event$ID source: shared objects file
[0.212s][info][class,load] org.yaml.snakeyaml.events.Event source: shared objects file
[0.212s][info][class,load] org.yaml.snakeyaml.events.StreamStartEvent source: shared objects file
[0.212s][info][class,load] org.yaml.snakeyaml.parser.ParserImpl$ParseImplicitDocumentStart source: shared objects file
[0.212s][info][class,load] org.yaml.snakeyaml.tokens.Token$ID source: shared objects file
[0.212s][info][class,load] org.yaml.snakeyaml.scanner.Constant source: shared objects file
[0.212s][info][class,load] org.yaml.snakeyaml.scanner.SimpleKey source: shared objects file
[0.212s][info][class,load] org.yaml.snakeyaml.tokens.ScalarToken source: shared objects file
[0.212s][info][class,load] org.yaml.snakeyaml.tokens.KeyToken source: shared objects file
[0.212s][info][class,load] org.yaml.snakeyaml.tokens.BlockMappingStartToken source: shared objects file
[0.212s][info][class,load] org.yaml.snakeyaml.tokens.ValueToken source: shared objects file
[0.212s][info][class,load] org.yaml.snakeyaml.events.DocumentStartEvent source: shared objects file
[0.212s][info][class,load] org.yaml.snakeyaml.parser.ParserImpl$ParseDocumentEnd source: shared objects file
[0.212s][info][class,load] org.yaml.snakeyaml.parser.ParserImpl$ParseBlockNode source: shared objects file
[0.212s][info][class,load] org.yaml.snakeyaml.events.NodeEvent source: shared objects file
[0.212s][info][class,load] org.yaml.snakeyaml.events.CollectionStartEvent source: shared objects file
[0.212s][info][class,load] org.yaml.snakeyaml.events.MappingStartEvent source: shared objects file
[0.212s][info][class,load] org.yaml.snakeyaml.parser.ParserImpl$ParseBlockMappingFirstKey source: shared objects file
[0.212s][info][class,load] org.yaml.snakeyaml.resolver.Resolver$1 source: shared objects file
[0.212s][info][class,load] org.yaml.snakeyaml.nodes.Node source: shared objects file
[0.212s][info][class,load] org.yaml.snakeyaml.nodes.CollectionNode source: shared objects file
[0.212s][info][class,load] org.yaml.snakeyaml.nodes.MappingNode source: shared objects file
[0.213s][info][class,load] org.yaml.snakeyaml.parser.ParserImpl$ParseBlockMappingKey source: shared objects file
[0.213s][info][class,load] org.yaml.snakeyaml.parser.ParserImpl$ParseBlockMappingValue source: shared objects file
[0.213s][info][class,load] org.yaml.snakeyaml.events.ImplicitTuple source: shared objects file
[0.213s][info][class,load] org.yaml.snakeyaml.events.ScalarEvent source: shared objects file
[0.213s][info][class,load] org.yaml.snakeyaml.nodes.ScalarNode source: shared objects file
[0.213s][info][class,load] org.yaml.snakeyaml.tokens.BlockEndToken source: shared objects file
[0.213s][info][class,load] org.yaml.snakeyaml.tokens.StreamEndToken source: shared objects file
[0.213s][info][class,load] org.yaml.snakeyaml.events.CollectionEndEvent source: shared objects file
[0.213s][info][class,load] org.yaml.snakeyaml.events.MappingEndEvent source: shared objects file
[0.213s][info][class,load] org.yaml.snakeyaml.nodes.NodeTuple source: shared objects file
[0.213s][info][class,load] org.yaml.snakeyaml.events.DocumentEndEvent source: shared objects file
[0.213s][info][class,load] org.yaml.snakeyaml.parser.ParserImpl$ParseDocumentStart source: shared objects file
[0.213s][info][class,load] org.yaml.snakeyaml.nodes.SequenceNode source: shared objects file
[0.213s][info][class,load] org.springframework.boot.env.OriginTrackedYamlLoader$KeyScalarNode source: shared objects file
[0.213s][info][class,load] org.springframework.boot.origin.TextResourceOrigin$Location source: shared objects file
[0.213s][info][class,load] org.springframework.boot.origin.TextResourceOrigin source: shared objects file
[0.213s][info][class,load] org.springframework.boot.origin.OriginTrackedValue source: shared objects file
[0.213s][info][class,load] org.springframework.boot.origin.OriginTrackedValue$OriginTrackedCharSequence source: shared objects file
[0.214s][info][class,load] org.springframework.beans.factory.config.YamlProcessor$$Lambda/0x000007fc03065410 source: org.springframework.beans.factory.config.YamlProcessor
[0.214s][info][class,load] org.springframework.core.CollectionFactory source: shared objects file
[0.214s][info][class,load] org.springframework.core.SortedProperties source: shared objects file
[0.214s][info][class,load] org.springframework.core.CollectionFactory$1 source: shared objects file
[0.214s][info][class,load] org.springframework.core.SortedProperties$$Lambda/0x000007fc03065650 source: org.springframework.core.SortedProperties
[0.214s][info][class,load] java.util.Map$Entry$$Lambda/0x000007fc03001780 source: java.util.Map
[0.214s][info][class,load] java.lang.invoke.LambdaForm$DMH/0x000007fc03061800 source: __JVM_LookupDefineClass__
[0.214s][info][class,load] org.springframework.beans.factory.config.YamlProcessor$$Lambda/0x000007fc03065898 source: org.springframework.beans.factory.config.YamlProcessor
[0.214s][info][class,load] java.lang.invoke.LambdaForm$DMH/0x000007fc03061c00 source: __JVM_LookupDefineClass__
[0.215s][info][class,load] java.lang.invoke.LambdaForm$DMH/0x000007fc03062000 source: __JVM_LookupDefineClass__
[0.215s][info][class,load] java.lang.invoke.LambdaForm$MH/0x000007fc03062400 source: __JVM_LookupDefineClass__
[0.215s][info][class,load] org.yaml.snakeyaml.events.StreamEndEvent source: shared objects file
[0.215s][info][class,load] org.springframework.boot.env.OriginTrackedMapPropertySource source: shared objects file
[0.215s][info][class,load] org.springframework.boot.context.config.ConfigDataEnvironmentContributorPlaceholdersResolver source: shared objects file
[0.215s][info][class,load] org.springframework.boot.context.properties.bind.AbstractBindHandler source: shared objects file
[0.215s][info][class,load] org.springframework.boot.context.config.ConfigDataLocationBindHandler source: shared objects file
[0.215s][info][class,load] org.springframework.boot.context.properties.bind.ValueObjectBinder$ValueObject$CacheKey source: shared objects file
[0.215s][info][class,load] org.springframework.boot.context.properties.bind.DefaultBindConstructorProvider$Constructors source: shared objects file
[0.215s][info][class,load] org.springframework.boot.context.config.ConfigDataProperties$Activate source: shared objects file
[0.215s][info][class,load] org.springframework.boot.context.properties.bind.DefaultBindConstructorProvider$Constructors$$Lambda/0x000007fc03065ad8 source: org.springframework.boot.context.properties.bind.DefaultBindConstructorProvider
[0.216s][info][class,load] org.springframework.boot.context.properties.bind.DefaultBindConstructorProvider$Constructors$$Lambda/0x000007fc03065d20 source: org.springframework.boot.context.properties.bind.DefaultBindConstructorProvider
[0.216s][info][class,load] org.springframework.beans.factory.annotation.Autowired source: shared objects file
[0.216s][info][class,load] org.springframework.boot.context.properties.bind.DefaultBindConstructorProvider$Constructors$$Lambda/0x000007fc03065f78 source: org.springframework.boot.context.properties.bind.DefaultBindConstructorProvider
[0.216s][info][class,load] org.springframework.boot.context.properties.bind.DefaultBindConstructorProvider$Constructors$$Lambda/0x000007fc030661d0 source: org.springframework.boot.context.properties.bind.DefaultBindConstructorProvider
[0.216s][info][class,load] org.springframework.boot.context.properties.bind.ConstructorBinding source: shared objects file
[0.216s][info][class,load] org.springframework.boot.context.properties.bind.DefaultBindConstructorProvider$Constructors$$Lambda/0x000007fc030663f8 source: org.springframework.boot.context.properties.bind.DefaultBindConstructorProvider
[0.216s][info][class,load] org.springframework.boot.context.properties.bind.ValueObjectBinder$DefaultValueObject source: shared objects file
[0.216s][info][class,load] org.springframework.boot.context.properties.bind.Name source: shared objects file
[0.217s][info][class,load] jdk.proxy2.$Proxy5 source: shared objects file
[0.217s][info][class,load] org.springframework.core.MethodParameter source: shared objects file
[0.217s][info][class,load] org.springframework.core.MethodParameter$$Lambda/0x000007fc03066628 source: org.springframework.core.MethodParameter
[0.217s][info][class,load] org.springframework.core.SerializableTypeWrapper$TypeProvider source: shared objects file
[0.217s][info][class,load] org.springframework.core.SerializableTypeWrapper$MethodParameterTypeProvider source: shared objects file
[0.217s][info][class,load] org.springframework.core.SerializableTypeWrapper$TypeProxyInvocationHandler source: shared objects file
[0.217s][info][class,load] org.springframework.core.$Proxy6 source: shared objects file
[0.218s][info][class,load] org.springframework.core.SerializableTypeWrapper$MethodInvokeTypeProvider source: shared objects file
[0.218s][info][class,load] org.springframework.boot.context.properties.bind.ValueObjectBinder$ConstructorParameter source: shared objects file
[0.218s][info][class,load] org.springframework.boot.context.properties.bind.DataObjectPropertyName source: shared objects file
[0.218s][info][class,load] org.springframework.boot.context.properties.bind.DefaultValue source: shared objects file
[0.218s][info][class,load] org.springframework.boot.context.config.ConfigDataEnvironmentContributors$$Lambda/0x000007fc03066850 source: org.springframework.boot.context.config.ConfigDataEnvironmentContributors
[0.218s][info][class,load] java.lang.invoke.LambdaForm$DMH/0x000007fc03062800 source: __JVM_LookupDefineClass__
[0.218s][info][class,load] java.lang.invoke.LambdaForm$DMH/0x000007fc03062c00 source: __JVM_LookupDefineClass__
[0.218s][info][class,load] java.lang.invoke.LambdaForm$MH/0x000007fc03063000 source: __JVM_LookupDefineClass__
[0.218s][info][class,load] org.springframework.boot.context.config.ConfigDataEnvironmentContributors$InactiveSourceChecker source: shared objects file
[0.218s][info][class,load] java.lang.invoke.LambdaForm$DMH/0x000007fc03063400 source: __JVM_LookupDefineClass__
[0.218s][info][class,load] org.springframework.boot.context.config.ConfigDataEnvironmentContributors$$Lambda/0x000007fc03066aa0 source: org.springframework.boot.context.config.ConfigDataEnvironmentContributors
[0.219s][info][class,load] java.lang.invoke.LambdaForm$DMH/0x000007fc03063800 source: __JVM_LookupDefineClass__
[0.219s][info][class,load] org.springframework.boot.context.config.ConfigDataEnvironmentContributors$$Lambda/0x000007fc03066d00 source: org.springframework.boot.context.config.ConfigDataEnvironmentContributors
[0.219s][info][class,load] org.springframework.boot.context.config.ConfigDataEnvironmentContributors$$Lambda/0x000007fc03066f60 source: org.springframework.boot.context.config.ConfigDataEnvironmentContributors
[0.220s][info][class,load] org.springframework.boot.cloud.CloudPlatform$7$$Lambda/0x000007fc030671a8 source: org.springframework.boot.cloud.CloudPlatform
[0.220s][info][class,load] org.springframework.boot.context.config.ConfigDataEnvironment$$Lambda/0x000007fc03067408 source: org.springframework.boot.context.config.ConfigDataEnvironment
[0.220s][info][class,load] org.springframework.boot.context.config.Profiles source: shared objects file
[0.221s][info][class,load] org.springframework.boot.context.config.ProfilesValidator source: shared objects file
[0.221s][info][class,load] org.springframework.boot.context.properties.bind.CollectionBinder source: shared objects file
[0.221s][info][class,load] org.springframework.boot.context.properties.bind.CollectionBinder$$Lambda/0x000007fc03067660 source: org.springframework.boot.context.properties.bind.CollectionBinder
[0.221s][info][class,load] org.springframework.boot.context.config.ConfigDataEnvironment$$Lambda/0x000007fc03067890 source: org.springframework.boot.context.config.ConfigDataEnvironment
[0.221s][info][class,load] org.springframework.boot.context.config.Profiles$$Lambda/0x000007fc03067ad0 source: org.springframework.boot.context.config.Profiles
[0.221s][info][class,load] org.springframework.boot.context.config.ProfilesValidator$$Lambda/0x000007fc03067cf8 source: org.springframework.boot.context.config.ProfilesValidator
[0.221s][info][class,load] org.springframework.boot.context.properties.bind.MapBinder source: shared objects file
[0.222s][info][class,load] org.springframework.boot.context.properties.bind.MapBinder$$Lambda/0x000007fc03063c00 source: org.springframework.boot.context.properties.bind.MapBinder
[0.222s][info][class,load] org.springframework.boot.context.properties.bind.MapBinder$EntryBinder source: shared objects file
[0.222s][info][class,load] org.springframework.boot.context.config.Profiles$$Lambda/0x000007fc03068000 source: org.springframework.boot.context.config.Profiles
[0.222s][info][class,load] org.springframework.boot.context.config.Profiles$Type source: shared objects file
[0.222s][info][class,load] org.springframework.boot.context.config.Profiles$Type$$Lambda/0x000007fc03068228 source: org.springframework.boot.context.config.Profiles
[0.222s][info][class,load] org.springframework.boot.context.config.Profiles$Type$$Lambda/0x000007fc03068470 source: org.springframework.boot.context.config.Profiles
[0.222s][info][class,load] org.springframework.boot.context.config.Profiles$$Lambda/0x000007fc030686b8 source: org.springframework.boot.context.config.Profiles
[0.222s][info][class,load] org.springframework.boot.context.config.Profiles$$Lambda/0x000007fc030688e8 source: org.springframework.boot.context.config.Profiles
[0.223s][info][class,load] org.springframework.boot.context.config.Profiles$$Lambda/0x000007fc03068b28 source: org.springframework.boot.context.config.Profiles
[0.223s][info][class,load] org.springframework.boot.context.config.ConfigDataLocationResolvers$$Lambda/0x000007fc03068d68 source: org.springframework.boot.context.config.ConfigDataLocationResolvers
[0.224s][info][class,load] org.springframework.boot.context.config.ConfigDataEnvironmentContributor$$Lambda/0x000007fc03068f98 source: org.springframework.boot.context.config.ConfigDataEnvironmentContributor
[0.225s][info][class,load] org.springframework.boot.context.config.InvalidConfigDataPropertyException source: shared objects file
[0.225s][info][class,load] org.springframework.boot.context.config.InvalidConfigDataPropertyException$$Lambda/0x000007fc030691f0 source: org.springframework.boot.context.config.InvalidConfigDataPropertyException
[0.225s][info][class,load] org.springframework.boot.ansi.AnsiOutput$Enabled source: shared objects file
[0.226s][info][class,load] org.springframework.boot.ansi.AnsiOutput source: shared objects file
[0.226s][info][class,load] org.springframework.boot.support.AnsiOutputApplicationListener$$Lambda/0x000007fc03069430 source: org.springframework.boot.support.AnsiOutputApplicationListener
[0.226s][info][class,load] org.springframework.boot.ansi.AnsiElement source: shared objects file
[0.226s][info][class,load] org.springframework.boot.ansi.AnsiColor source: shared objects file
[0.226s][info][class,load] org.springframework.boot.logging.LoggingSystemProperties source: shared objects file
[0.226s][info][class,load] org.springframework.boot.logging.logback.LogbackLoggingSystemProperties source: shared objects file
[0.226s][info][class,load] org.springframework.boot.logging.LoggingSystemProperties$$Lambda/0x000007fc03069668 source: org.springframework.boot.logging.LoggingSystemProperties
[0.226s][info][class,load] org.springframework.boot.logging.AbstractLoggingSystem$$Lambda/0x000007fc030698a0 source: org.springframework.boot.logging.AbstractLoggingSystem
[0.226s][info][class,load] org.springframework.boot.logging.LoggingSystemProperty source: shared objects file
[0.226s][info][class,load] org.springframework.boot.logging.LoggingSystemProperties$$Lambda/0x000007fc03069af0 source: org.springframework.boot.logging.LoggingSystemProperties
[0.226s][info][class,load] org.springframework.boot.origin.PropertySourceOrigin source: shared objects file
[0.227s][info][class,load] org.springframework.boot.context.properties.source.ConfigurationProperty source: shared objects file
[0.227s][info][class,load] org.springframework.util.PropertyPlaceholderHelper$PlaceholderResolver source: shared objects file
[0.227s][info][class,load] java.lang.invoke.LambdaForm$DMH/0x000007fc0306c000 source: __JVM_LookupDefineClass__
[0.227s][info][class,load] org.springframework.core.env.AbstractPropertyResolver$$Lambda/0x000007fc03069d38 source: org.springframework.core.env.AbstractPropertyResolver
[0.227s][info][class,load] org.springframework.core.convert.support.GenericConversionService$ConverterCacheKey source: shared objects file
[0.227s][info][class,load] org.springframework.core.convert.support.ConversionUtils source: shared objects file
[0.228s][info][class,load] org.springframework.boot.logging.LoggingSystemProperties$$Lambda/0x000007fc03069f68 source: org.springframework.boot.logging.LoggingSystemProperties
[0.228s][info][class,load] org.springframework.boot.logging.LoggingSystemProperties$$Lambda/0x000007fc0306a1b0 source: org.springframework.boot.logging.LoggingSystemProperties
[0.228s][info][class,load] org.springframework.boot.logging.LoggingSystemProperties$$Lambda/0x000007fc0306a400 source: org.springframework.boot.logging.LoggingSystemProperties
[0.228s][info][class,load] org.springframework.boot.logging.logback.RollingPolicySystemProperty source: shared objects file
[0.228s][info][class,load] org.springframework.boot.logging.LogFile source: shared objects file
[0.229s][info][class,load] org.springframework.boot.logging.LoggerGroups source: shared objects file
[0.229s][info][class,load] org.springframework.boot.logging.LoggerGroups$$Lambda/0x000007fc0306a650 source: org.springframework.boot.logging.LoggerGroups
[0.229s][info][class,load] org.springframework.boot.logging.LoggerGroup source: shared objects file
[0.231s][info][class,load] org.springframework.boot.logging.LoggingInitializationContext source: shared objects file
[0.231s][info][class,load] org.springframework.boot.logging.logback.LogbackLoggingSystem$$Lambda/0x000007fc0306a890 source: org.springframework.boot.logging.logback.LogbackLoggingSystem
[0.231s][info][class,load] ch.qos.logback.core.LifeCycleManager source: shared objects file
[0.231s][info][class,load] ch.qos.logback.core.util.ExecutorServiceUtil source: shared objects file
[0.231s][info][class,load] ch.qos.logback.core.util.ExecutorServiceUtil$1 source: shared objects file
[0.232s][info][class,load] ch.qos.logback.classic.spi.LoggerContextListener source: shared objects file
[0.232s][info][class,load] ch.qos.logback.classic.jul.LevelChangePropagator source: shared objects file
[0.232s][info][class,load] org.springframework.boot.logging.logback.LogbackLoggingSystem$$Lambda/0x000007fc0306aac0 source: org.springframework.boot.logging.logback.LogbackLoggingSystem
[0.232s][info][class,load] ch.qos.logback.core.status.StatusListener source: shared objects file
[0.232s][info][class,load] ch.qos.logback.core.status.OnPrintStreamStatusListenerBase source: shared objects file
[0.232s][info][class,load] ch.qos.logback.core.status.OnConsoleStatusListener source: shared objects file
[0.232s][info][class,load] org.springframework.boot.logging.logback.SystemStatusListener source: shared objects file
[0.232s][info][class,load] java.lang.invoke.LambdaForm$DMH/0x000007fc0306c400 source: __JVM_LookupDefineClass__
[0.232s][info][class,load] org.springframework.boot.logging.logback.SystemStatusListener$$Lambda/0x000007fc0306acf0 source: org.springframework.boot.logging.logback.SystemStatusListener
[0.232s][info][class,load] org.springframework.boot.logging.logback.SystemStatusListener$$Lambda/0x000007fc0306af48 source: org.springframework.boot.logging.logback.SystemStatusListener
[0.232s][info][class,load] java.lang.invoke.LambdaForm$DMH/0x000007fc0306c800 source: __JVM_LookupDefineClass__
[0.232s][info][class,load] org.springframework.boot.logging.logback.LogbackLoggingSystem$$Lambda/0x000007fc0306b188 source: org.springframework.boot.logging.logback.LogbackLoggingSystem
[0.233s][info][class,load] org.springframework.boot.logging.logback.LogbackConfigurator source: shared objects file
[0.233s][info][class,load] org.springframework.boot.logging.logback.DefaultLogbackConfiguration source: shared objects file
[0.233s][info][class,load] org.springframework.boot.ansi.AnsiStyle source: shared objects file
[0.233s][info][class,load] ch.qos.logback.core.pattern.CompositeConverter source: shared objects file
[0.233s][info][class,load] org.springframework.boot.logging.logback.ColorConverter source: shared objects file
[0.234s][info][class,load] org.springframework.boot.logging.logback.ColorConverter$$Lambda/0x000007fc0306b3c8 source: org.springframework.boot.logging.logback.ColorConverter
[0.234s][info][class,load] org.springframework.boot.logging.logback.ColorConverter$$Lambda/0x000007fc0306b620 source: org.springframework.boot.logging.logback.ColorConverter
[0.234s][info][class,load] org.springframework.boot.logging.logback.ColorConverter$$Lambda/0x000007fc0306b860 source: org.springframework.boot.logging.logback.ColorConverter
[0.234s][info][class,load] org.springframework.boot.ansi.AnsiBackground source: shared objects file
[0.234s][info][class,load] org.springframework.boot.logging.logback.ColorConverter$$Lambda/0x000007fc0306baa0 source: org.springframework.boot.logging.logback.ColorConverter
[0.234s][info][class,load] org.springframework.boot.logging.logback.ColorConverter$$Lambda/0x000007fc0306bcf8 source: org.springframework.boot.logging.logback.ColorConverter
[0.234s][info][class,load] org.springframework.boot.logging.logback.ColorConverter$$Lambda/0x000007fc0306e000 source: org.springframework.boot.logging.logback.ColorConverter
[0.234s][info][class,load] org.springframework.boot.logging.logback.ColorConverter$$Lambda/0x000007fc0306e260 source: org.springframework.boot.logging.logback.ColorConverter
[0.234s][info][class,load] java.lang.String$$StringConcat/0x000007fc0306cc00 source: __JVM_LookupDefineClass__
[0.234s][info][class,load] java.lang.invoke.LambdaForm$MH/0x000007fc0306d000 source: __JVM_LookupDefineClass__
[0.235s][info][class,load] org.springframework.boot.logging.logback.DefaultLogbackConfiguration$$Lambda/0x000007fc0306e4a8 source: org.springframework.boot.logging.logback.DefaultLogbackConfiguration
[0.235s][info][class,load] org.springframework.boot.logging.logback.CorrelationIdConverter source: shared objects file
[0.235s][info][class,load] org.springframework.boot.logging.logback.DefaultLogbackConfiguration$$Lambda/0x000007fc0306e6d0 source: org.springframework.boot.logging.logback.DefaultLogbackConfiguration
[0.235s][info][class,load] org.springframework.boot.logging.logback.EnclosedInSquareBracketsConverter source: shared objects file
[0.235s][info][class,load] org.springframework.boot.logging.logback.DefaultLogbackConfiguration$$Lambda/0x000007fc0306e8f8 source: org.springframework.boot.logging.logback.DefaultLogbackConfiguration
[0.235s][info][class,load] org.springframework.boot.logging.logback.WhitespaceThrowableProxyConverter source: shared objects file
[0.235s][info][class,load] org.springframework.boot.logging.logback.DefaultLogbackConfiguration$$Lambda/0x000007fc0306eb20 source: org.springframework.boot.logging.logback.DefaultLogbackConfiguration
[0.235s][info][class,load] ch.qos.logback.classic.pattern.ExtendedThrowableProxyConverter source: shared objects file
[0.235s][info][class,load] org.springframework.boot.logging.logback.ExtendedWhitespaceThrowableProxyConverter source: shared objects file
[0.235s][info][class,load] org.springframework.boot.logging.logback.DefaultLogbackConfiguration$$Lambda/0x000007fc0306ed48 source: org.springframework.boot.logging.logback.DefaultLogbackConfiguration
[0.235s][info][class,load] ch.qos.logback.core.subst.NodeToStringTransformer source: shared objects file
[0.235s][info][class,load] ch.qos.logback.core.subst.Tokenizer source: shared objects file
[0.235s][info][class,load] ch.qos.logback.core.subst.Tokenizer$TokenizerState source: shared objects file
[0.235s][info][class,load] ch.qos.logback.core.subst.Token source: shared objects file
[0.235s][info][class,load] ch.qos.logback.core.subst.Token$Type source: shared objects file
[0.235s][info][class,load] ch.qos.logback.core.subst.Parser source: shared objects file
[0.235s][info][class,load] ch.qos.logback.core.subst.Parser$1 source: shared objects file
[0.235s][info][class,load] ch.qos.logback.core.subst.Node source: shared objects file
[0.235s][info][class,load] ch.qos.logback.core.subst.Node$Type source: shared objects file
[0.236s][info][class,load] ch.qos.logback.core.subst.NodeToStringTransformer$1 source: shared objects file
[0.236s][info][class,load] ch.qos.logback.classic.jul.JULHelper source: shared objects file
[0.236s][info][class,load] ch.qos.logback.classic.filter.ThresholdFilter source: shared objects file
[0.236s][info][class,load] ch.qos.logback.core.pattern.PatternLayoutEncoderBase source: shared objects file
[0.236s][info][class,load] ch.qos.logback.classic.encoder.PatternLayoutEncoder source: shared objects file
[0.236s][info][class,load] ch.qos.logback.core.pattern.PatternLayoutBase source: shared objects file
[0.236s][info][class,load] ch.qos.logback.classic.PatternLayout source: shared objects file
[0.237s][info][class,load] ch.qos.logback.core.pattern.parser.Parser source: shared objects file
[0.237s][info][class,load] ch.qos.logback.core.pattern.parser.Token source: shared objects file
[0.237s][info][class,load] ch.qos.logback.core.pattern.IdentityCompositeConverter source: shared objects file
[0.237s][info][class,load] ch.qos.logback.core.pattern.parser.Parser$$Lambda/0x000007fc0306ef70 source: ch.qos.logback.core.pattern.parser.Parser
[0.237s][info][class,load] ch.qos.logback.core.pattern.ReplacingCompositeConverter source: shared objects file
[0.237s][info][class,load] ch.qos.logback.core.pattern.parser.Parser$$Lambda/0x000007fc0306f198 source: ch.qos.logback.core.pattern.parser.Parser
[0.237s][info][class,load] ch.qos.logback.classic.pattern.DateConverter source: shared objects file
[0.237s][info][class,load] ch.qos.logback.classic.PatternLayout$$Lambda/0x000007fc0306f3c0 source: ch.qos.logback.classic.PatternLayout
[0.237s][info][class,load] ch.qos.logback.classic.PatternLayout$$Lambda/0x000007fc0306f5e8 source: ch.qos.logback.classic.PatternLayout
[0.237s][info][class,load] ch.qos.logback.classic.pattern.MicrosecondConverter source: shared objects file
[0.237s][info][class,load] ch.qos.logback.classic.PatternLayout$$Lambda/0x000007fc0306f810 source: ch.qos.logback.classic.PatternLayout
[0.237s][info][class,load] ch.qos.logback.classic.PatternLayout$$Lambda/0x000007fc0306fa38 source: ch.qos.logback.classic.PatternLayout
[0.237s][info][class,load] ch.qos.logback.classic.pattern.EpochConverter source: shared objects file
[0.237s][info][class,load] ch.qos.logback.classic.PatternLayout$$Lambda/0x000007fc0306fc60 source: ch.qos.logback.classic.PatternLayout
[0.237s][info][class,load] ch.qos.logback.classic.PatternLayout$$Lambda/0x000007fc0306d800 source: ch.qos.logback.classic.PatternLayout
[0.237s][info][class,load] ch.qos.logback.classic.pattern.RelativeTimeConverter source: shared objects file
[0.237s][info][class,load] ch.qos.logback.classic.PatternLayout$$Lambda/0x000007fc0306da28 source: ch.qos.logback.classic.PatternLayout
[0.237s][info][class,load] ch.qos.logback.classic.PatternLayout$$Lambda/0x000007fc0306dc50 source: ch.qos.logback.classic.PatternLayout
[0.237s][info][class,load] ch.qos.logback.classic.pattern.LevelConverter source: shared objects file
[0.237s][info][class,load] ch.qos.logback.classic.PatternLayout$$Lambda/0x000007fc0306d400 source: ch.qos.logback.classic.PatternLayout
[0.237s][info][class,load] ch.qos.logback.classic.PatternLayout$$Lambda/0x000007fc03070000 source: ch.qos.logback.classic.PatternLayout
[0.237s][info][class,load] ch.qos.logback.classic.PatternLayout$$Lambda/0x000007fc03070228 source: ch.qos.logback.classic.PatternLayout
[0.238s][info][class,load] ch.qos.logback.classic.pattern.ThreadConverter source: shared objects file
[0.238s][info][class,load] ch.qos.logback.classic.PatternLayout$$Lambda/0x000007fc03070450 source: ch.qos.logback.classic.PatternLayout
[0.238s][info][class,load] ch.qos.logback.classic.PatternLayout$$Lambda/0x000007fc03070678 source: ch.qos.logback.classic.PatternLayout
[0.238s][info][class,load] ch.qos.logback.classic.pattern.NamedConverter source: shared objects file
[0.238s][info][class,load] ch.qos.logback.classic.pattern.LoggerConverter source: shared objects file
[0.238s][info][class,load] ch.qos.logback.classic.PatternLayout$$Lambda/0x000007fc030708a0 source: ch.qos.logback.classic.PatternLayout
[0.238s][info][class,load] ch.qos.logback.classic.PatternLayout$$Lambda/0x000007fc03070ac8 source: ch.qos.logback.classic.PatternLayout
[0.238s][info][class,load] ch.qos.logback.classic.PatternLayout$$Lambda/0x000007fc03070cf0 source: ch.qos.logback.classic.PatternLayout
[0.238s][info][class,load] ch.qos.logback.classic.pattern.MessageConverter source: shared objects file
[0.238s][info][class,load] ch.qos.logback.classic.PatternLayout$$Lambda/0x000007fc03070f18 source: ch.qos.logback.classic.PatternLayout
[0.238s][info][class,load] ch.qos.logback.classic.PatternLayout$$Lambda/0x000007fc03071140 source: ch.qos.logback.classic.PatternLayout
[0.238s][info][class,load] ch.qos.logback.classic.PatternLayout$$Lambda/0x000007fc03071368 source: ch.qos.logback.classic.PatternLayout
[0.238s][info][class,load] ch.qos.logback.classic.pattern.ClassOfCallerConverter source: shared objects file
[0.238s][info][class,load] ch.qos.logback.classic.PatternLayout$$Lambda/0x000007fc03071590 source: ch.qos.logback.classic.PatternLayout
[0.238s][info][class,load] ch.qos.logback.classic.PatternLayout$$Lambda/0x000007fc030717b8 source: ch.qos.logback.classic.PatternLayout
[0.238s][info][class,load] ch.qos.logback.classic.pattern.MethodOfCallerConverter source: shared objects file
[0.238s][info][class,load] ch.qos.logback.classic.PatternLayout$$Lambda/0x000007fc030719e0 source: ch.qos.logback.classic.PatternLayout
[0.238s][info][class,load] ch.qos.logback.classic.PatternLayout$$Lambda/0x000007fc03071c08 source: ch.qos.logback.classic.PatternLayout
[0.238s][info][class,load] ch.qos.logback.classic.pattern.LineOfCallerConverter source: shared objects file
[0.238s][info][class,load] ch.qos.logback.classic.PatternLayout$$Lambda/0x000007fc03071e30 source: ch.qos.logback.classic.PatternLayout
[0.238s][info][class,load] ch.qos.logback.classic.PatternLayout$$Lambda/0x000007fc03072058 source: ch.qos.logback.classic.PatternLayout
[0.238s][info][class,load] ch.qos.logback.classic.pattern.FileOfCallerConverter source: shared objects file
[0.238s][info][class,load] ch.qos.logback.classic.PatternLayout$$Lambda/0x000007fc03072280 source: ch.qos.logback.classic.PatternLayout
[0.238s][info][class,load] ch.qos.logback.classic.PatternLayout$$Lambda/0x000007fc030724a8 source: ch.qos.logback.classic.PatternLayout
[0.238s][info][class,load] ch.qos.logback.classic.pattern.MDCConverter source: shared objects file
[0.238s][info][class,load] ch.qos.logback.classic.PatternLayout$$Lambda/0x000007fc030726d0 source: ch.qos.logback.classic.PatternLayout
[0.238s][info][class,load] ch.qos.logback.classic.PatternLayout$$Lambda/0x000007fc030728f8 source: ch.qos.logback.classic.PatternLayout
[0.238s][info][class,load] ch.qos.logback.classic.PatternLayout$$Lambda/0x000007fc03072b20 source: ch.qos.logback.classic.PatternLayout
[0.238s][info][class,load] ch.qos.logback.classic.PatternLayout$$Lambda/0x000007fc03072d48 source: ch.qos.logback.classic.PatternLayout
[0.238s][info][class,load] ch.qos.logback.classic.pattern.RootCauseFirstThrowableProxyConverter source: shared objects file
[0.238s][info][class,load] ch.qos.logback.classic.PatternLayout$$Lambda/0x000007fc03072f70 source: ch.qos.logback.classic.PatternLayout
[0.238s][info][class,load] ch.qos.logback.classic.PatternLayout$$Lambda/0x000007fc03073198 source: ch.qos.logback.classic.PatternLayout
[0.238s][info][class,load] ch.qos.logback.classic.PatternLayout$$Lambda/0x000007fc030733c0 source: ch.qos.logback.classic.PatternLayout
[0.238s][info][class,load] ch.qos.logback.classic.PatternLayout$$Lambda/0x000007fc030735e8 source: ch.qos.logback.classic.PatternLayout
[0.238s][info][class,load] ch.qos.logback.classic.PatternLayout$$Lambda/0x000007fc03073810 source: ch.qos.logback.classic.PatternLayout
[0.238s][info][class,load] ch.qos.logback.classic.PatternLayout$$Lambda/0x000007fc03073a38 source: ch.qos.logback.classic.PatternLayout
[0.238s][info][class,load] ch.qos.logback.classic.pattern.NopThrowableInformationConverter source: shared objects file
[0.238s][info][class,load] ch.qos.logback.classic.PatternLayout$$Lambda/0x000007fc03073c60 source: ch.qos.logback.classic.PatternLayout
[0.238s][info][class,load] ch.qos.logback.classic.PatternLayout$$Lambda/0x000007fc03073e88 source: ch.qos.logback.classic.PatternLayout
[0.238s][info][class,load] ch.qos.logback.classic.pattern.ContextNameConverter source: shared objects file
[0.238s][info][class,load] ch.qos.logback.classic.PatternLayout$$Lambda/0x000007fc030740b0 source: ch.qos.logback.classic.PatternLayout
[0.239s][info][class,load] ch.qos.logback.classic.PatternLayout$$Lambda/0x000007fc030742d8 source: ch.qos.logback.classic.PatternLayout
[0.239s][info][class,load] ch.qos.logback.classic.pattern.CallerDataConverter source: shared objects file
[0.239s][info][class,load] ch.qos.logback.classic.PatternLayout$$Lambda/0x000007fc03074500 source: ch.qos.logback.classic.PatternLayout
[0.239s][info][class,load] ch.qos.logback.classic.pattern.MarkerConverter source: shared objects file
[0.239s][info][class,load] ch.qos.logback.classic.PatternLayout$$Lambda/0x000007fc03074728 source: ch.qos.logback.classic.PatternLayout
[0.239s][info][class,load] ch.qos.logback.classic.pattern.KeyValuePairConverter source: shared objects file
[0.239s][info][class,load] ch.qos.logback.classic.PatternLayout$$Lambda/0x000007fc03074950 source: ch.qos.logback.classic.PatternLayout
[0.239s][info][class,load] ch.qos.logback.classic.pattern.MaskedKeyValuePairConverter source: shared objects file
[0.239s][info][class,load] ch.qos.logback.classic.PatternLayout$$Lambda/0x000007fc03074b78 source: ch.qos.logback.classic.PatternLayout
[0.239s][info][class,load] ch.qos.logback.classic.pattern.PropertyConverter source: shared objects file
[0.239s][info][class,load] ch.qos.logback.classic.PatternLayout$$Lambda/0x000007fc03074da0 source: ch.qos.logback.classic.PatternLayout
[0.239s][info][class,load] ch.qos.logback.classic.pattern.LineSeparatorConverter source: shared objects file
[0.239s][info][class,load] ch.qos.logback.classic.PatternLayout$$Lambda/0x000007fc03074fc8 source: ch.qos.logback.classic.PatternLayout
[0.239s][info][class,load] ch.qos.logback.core.pattern.color.ForegroundCompositeConverterBase source: shared objects file
[0.239s][info][class,load] ch.qos.logback.core.pattern.color.BlackCompositeConverter source: shared objects file
[0.239s][info][class,load] ch.qos.logback.classic.PatternLayout$$Lambda/0x000007fc030751f0 source: ch.qos.logback.classic.PatternLayout
[0.239s][info][class,load] ch.qos.logback.core.pattern.color.RedCompositeConverter source: shared objects file
[0.239s][info][class,load] ch.qos.logback.classic.PatternLayout$$Lambda/0x000007fc03075418 source: ch.qos.logback.classic.PatternLayout
[0.239s][info][class,load] ch.qos.logback.core.pattern.color.GreenCompositeConverter source: shared objects file
[0.239s][info][class,load] ch.qos.logback.classic.PatternLayout$$Lambda/0x000007fc03075640 source: ch.qos.logback.classic.PatternLayout
[0.239s][info][class,load] ch.qos.logback.core.pattern.color.YellowCompositeConverter source: shared objects file
[0.239s][info][class,load] ch.qos.logback.classic.PatternLayout$$Lambda/0x000007fc03075868 source: ch.qos.logback.classic.PatternLayout
[0.239s][info][class,load] ch.qos.logback.core.pattern.color.BlueCompositeConverter source: shared objects file
[0.239s][info][class,load] ch.qos.logback.classic.PatternLayout$$Lambda/0x000007fc03075a90 source: ch.qos.logback.classic.PatternLayout
[0.239s][info][class,load] ch.qos.logback.core.pattern.color.MagentaCompositeConverter source: shared objects file
[0.239s][info][class,load] ch.qos.logback.classic.PatternLayout$$Lambda/0x000007fc03075cb8 source: ch.qos.logback.classic.PatternLayout
[0.239s][info][class,load] ch.qos.logback.core.pattern.color.CyanCompositeConverter source: shared objects file
[0.239s][info][class,load] ch.qos.logback.classic.PatternLayout$$Lambda/0x000007fc03075ee0 source: ch.qos.logback.classic.PatternLayout
[0.239s][info][class,load] ch.qos.logback.core.pattern.color.WhiteCompositeConverter source: shared objects file
[0.239s][info][class,load] ch.qos.logback.classic.PatternLayout$$Lambda/0x000007fc03076108 source: ch.qos.logback.classic.PatternLayout
[0.240s][info][class,load] ch.qos.logback.core.pattern.color.GrayCompositeConverter source: shared objects file
[0.240s][info][class,load] ch.qos.logback.classic.PatternLayout$$Lambda/0x000007fc03076330 source: ch.qos.logback.classic.PatternLayout
[0.240s][info][class,load] ch.qos.logback.core.pattern.color.BoldRedCompositeConverter source: shared objects file
[0.240s][info][class,load] ch.qos.logback.classic.PatternLayout$$Lambda/0x000007fc03076558 source: ch.qos.logback.classic.PatternLayout
[0.240s][info][class,load] ch.qos.logback.core.pattern.color.BoldGreenCompositeConverter source: shared objects file
[0.240s][info][class,load] ch.qos.logback.classic.PatternLayout$$Lambda/0x000007fc03076780 source: ch.qos.logback.classic.PatternLayout
[0.240s][info][class,load] ch.qos.logback.core.pattern.color.BoldYellowCompositeConverter source: shared objects file
[0.240s][info][class,load] ch.qos.logback.classic.PatternLayout$$Lambda/0x000007fc030769a8 source: ch.qos.logback.classic.PatternLayout
[0.240s][info][class,load] ch.qos.logback.core.pattern.color.BoldBlueCompositeConverter source: shared objects file
[0.240s][info][class,load] ch.qos.logback.classic.PatternLayout$$Lambda/0x000007fc03076bd0 source: ch.qos.logback.classic.PatternLayout
[0.240s][info][class,load] ch.qos.logback.core.pattern.color.BoldMagentaCompositeConverter source: shared objects file
[0.240s][info][class,load] ch.qos.logback.classic.PatternLayout$$Lambda/0x000007fc03076df8 source: ch.qos.logback.classic.PatternLayout
[0.240s][info][class,load] ch.qos.logback.core.pattern.color.BoldCyanCompositeConverter source: shared objects file
[0.240s][info][class,load] ch.qos.logback.classic.PatternLayout$$Lambda/0x000007fc03077020 source: ch.qos.logback.classic.PatternLayout
[0.240s][info][class,load] ch.qos.logback.core.pattern.color.BoldWhiteCompositeConverter source: shared objects file
[0.240s][info][class,load] ch.qos.logback.classic.PatternLayout$$Lambda/0x000007fc03077248 source: ch.qos.logback.classic.PatternLayout
[0.240s][info][class,load] ch.qos.logback.classic.pattern.color.HighlightingCompositeConverter source: shared objects file
[0.240s][info][class,load] ch.qos.logback.classic.PatternLayout$$Lambda/0x000007fc03077470 source: ch.qos.logback.classic.PatternLayout
[0.240s][info][class,load] ch.qos.logback.classic.pattern.LocalSequenceNumberConverter source: shared objects file
[0.240s][info][class,load] ch.qos.logback.classic.PatternLayout$$Lambda/0x000007fc03077698 source: ch.qos.logback.classic.PatternLayout
[0.240s][info][class,load] ch.qos.logback.classic.pattern.SequenceNumberConverter source: shared objects file
[0.240s][info][class,load] ch.qos.logback.classic.PatternLayout$$Lambda/0x000007fc030778c0 source: ch.qos.logback.classic.PatternLayout
[0.240s][info][class,load] ch.qos.logback.classic.PatternLayout$$Lambda/0x000007fc03077ae8 source: ch.qos.logback.classic.PatternLayout
[0.240s][info][class,load] ch.qos.logback.classic.pattern.PrefixCompositeConverter source: shared objects file
[0.240s][info][class,load] ch.qos.logback.classic.PatternLayout$$Lambda/0x000007fc03077d10 source: ch.qos.logback.classic.PatternLayout
[0.240s][info][class,load] ch.qos.logback.core.pattern.PostCompileProcessor source: shared objects file
[0.240s][info][class,load] ch.qos.logback.classic.pattern.EnsureExceptionHandling source: shared objects file
[0.240s][info][class,load] ch.qos.logback.core.pattern.util.IEscapeUtil source: shared objects file
[0.240s][info][class,load] ch.qos.logback.core.pattern.util.RegularEscapeUtil source: shared objects file
[0.241s][info][class,load] ch.qos.logback.core.pattern.parser.TokenStream source: shared objects file
[0.241s][info][class,load] ch.qos.logback.core.pattern.util.RestrictedEscapeUtil source: shared objects file
[0.241s][info][class,load] ch.qos.logback.core.pattern.parser.TokenStream$TokenizerState source: shared objects file
[0.241s][info][class,load] ch.qos.logback.core.pattern.parser.OptionTokenizer source: shared objects file
[0.241s][info][class,load] ch.qos.logback.core.pattern.util.AsIsEscapeUtil source: shared objects file
[0.241s][info][class,load] ch.qos.logback.core.pattern.parser.Node source: shared objects file
[0.241s][info][class,load] ch.qos.logback.core.pattern.parser.FormattingNode source: shared objects file
[0.241s][info][class,load] ch.qos.logback.core.pattern.parser.SimpleKeywordNode source: shared objects file
[0.241s][info][class,load] ch.qos.logback.core.pattern.parser.CompositeNode source: shared objects file
[0.241s][info][class,load] ch.qos.logback.core.pattern.FormatInfo source: shared objects file
[0.241s][info][class,load] ch.qos.logback.core.pattern.parser.Compiler source: shared objects file
[0.241s][info][class,load] ch.qos.logback.core.pattern.LiteralConverter source: shared objects file
[0.241s][info][class,load] ch.qos.logback.classic.pattern.NamedConverter$NameCache source: shared objects file
[0.242s][info][class,load] ch.qos.logback.classic.pattern.NamedConverter$CacheMissCalculator source: shared objects file
[0.242s][info][class,load] ch.qos.logback.core.pattern.ConverterUtil source: shared objects file
[0.242s][info][class,load] ch.qos.logback.classic.pattern.Abbreviator source: shared objects file
[0.242s][info][class,load] ch.qos.logback.classic.pattern.TargetLengthBasedClassNameAbbreviator source: shared objects file
[0.242s][info][class,load] org.springframework.boot.context.logging.LoggingApplicationListener$$Lambda/0x000007fc03078000 source: org.springframework.boot.context.logging.LoggingApplicationListener
[0.242s][info][class,load] org.springframework.boot.context.logging.LoggingApplicationListener$$Lambda/0x000007fc03078240 source: org.springframework.boot.context.logging.LoggingApplicationListener
[0.243s][info][class,load] org.springframework.boot.context.logging.LoggingApplicationListener$$Lambda/0x000007fc03078480 source: org.springframework.boot.context.logging.LoggingApplicationListener
[0.243s][info][class,load] org.springframework.boot.context.logging.LoggingApplicationListener$$Lambda/0x000007fc030786a8 source: org.springframework.boot.context.logging.LoggingApplicationListener
[0.243s][info][class,load] org.springframework.boot.logging.logback.LogbackLoggingSystem$$Lambda/0x000007fc030788e8 source: org.springframework.boot.logging.logback.LogbackLoggingSystem
[0.243s][info][class,load] org.springframework.boot.SpringApplicationShutdownHook$Handler source: shared objects file
[0.243s][info][class,load] org.springframework.boot.autoconfigure.preinitialize.BackgroundPreinitializingApplicationListener$Runner source: shared objects file
[0.243s][info][class,load] org.springframework.boot.autoconfigure.preinitialize.BackgroundPreinitializer source: shared objects file
[0.243s][info][class,load] org.springframework.boot.autoconfigure.preinitialize.CharsetsBackgroundPreinitializer source: shared objects file
[0.243s][info][class,load] org.springframework.boot.autoconfigure.preinitialize.ConversionServiceBackgroundPreinitializer source: shared objects file
[0.243s][info][class,load] org.springframework.boot.context.properties.bind.Bindable$$Lambda/0x000007fc03078b18 source: org.springframework.boot.context.properties.bind.Bindable
[0.243s][info][class,load] org.springframework.boot.context.properties.bind.Bindable$$Lambda/0x000007fc03078d48 source: org.springframework.boot.context.properties.bind.Bindable
[0.243s][info][class,load] org.springframework.boot.context.properties.bind.Bindable$$Lambda/0x000007fc03078f70 source: org.springframework.boot.context.properties.bind.Bindable
[0.244s][info][class,load] org.springframework.boot.context.properties.bind.JavaBeanBinder$Bean$CacheKey source: shared objects file
[0.244s][info][class,load] org.springframework.boot.context.properties.bind.JavaBeanBinder$BeanProperties$$Lambda/0x000007fc030791a0 source: org.springframework.boot.context.properties.bind.JavaBeanBinder
[0.244s][info][class,load] org.springframework.boot.context.properties.bind.JavaBeanBinder$BeanProperties$$Lambda/0x000007fc030793f0 source: org.springframework.boot.context.properties.bind.JavaBeanBinder
[0.244s][info][class,load] org.springframework.boot.Banner$Mode source: shared objects file
[0.244s][info][class,load] org.springframework.core.BridgeMethodResolver source: shared objects file
[0.244s][info][class,load] org.springframework.boot.context.properties.bind.JavaBeanBinder$BeanProperties$$Lambda/0x000007fc03079638 source: org.springframework.boot.context.properties.bind.JavaBeanBinder
[0.244s][info][class,load] org.springframework.boot.context.properties.bind.JavaBeanBinder$BeanProperties$$Lambda/0x000007fc03079880 source: org.springframework.boot.context.properties.bind.JavaBeanBinder
[0.244s][info][class,load] org.springframework.boot.context.properties.bind.JavaBeanBinder$BeanProperty source: shared objects file
[0.244s][info][class,load] org.springframework.boot.context.properties.bind.JavaBeanBinder$BeanProperties$$Lambda/0x000007fc03079ac8 source: org.springframework.boot.context.properties.bind.JavaBeanBinder
[0.244s][info][class,load] org.springframework.boot.context.properties.bind.JavaBeanBinder$BeanProperties$$Lambda/0x000007fc03079d00 source: org.springframework.boot.context.properties.bind.JavaBeanBinder
[0.245s][info][class,load] org.springframework.boot.context.properties.bind.JavaBeanBinder$BeanProperties$$Lambda/0x000007fc03079f50 source: org.springframework.boot.context.properties.bind.JavaBeanBinder
[0.245s][info][class,load] org.springframework.boot.context.properties.bind.JavaBeanBinder$BeanProperties$$Lambda/0x000007fc0307a188 source: org.springframework.boot.context.properties.bind.JavaBeanBinder
[0.245s][info][class,load] org.springframework.boot.context.properties.bind.JavaBeanBinder$BeanSupplier source: shared objects file
[0.245s][info][class,load] org.springframework.boot.context.properties.bind.JavaBeanBinder$Bean$$Lambda/0x000007fc0307a3c0 source: org.springframework.boot.context.properties.bind.JavaBeanBinder
[0.245s][info][class,load] org.springframework.boot.context.properties.bind.JavaBeanBinder$$Lambda/0x000007fc0307a5f0 source: org.springframework.boot.context.properties.bind.JavaBeanBinder
[0.245s][info][class,load] org.springframework.boot.context.properties.bind.JavaBeanBinder$$Lambda/0x000007fc0307a848 source: org.springframework.boot.context.properties.bind.JavaBeanBinder
[0.245s][info][class,load] org.springframework.boot.context.properties.bind.JavaBeanBinder$$Lambda/0x000007fc0307aa98 source: org.springframework.boot.context.properties.bind.JavaBeanBinder
[0.245s][info][class,load] org.springframework.boot.context.properties.bind.JavaBeanBinder$BeanProperty$$Lambda/0x000007fc0307ace0 source: org.springframework.boot.context.properties.bind.JavaBeanBinder
[0.245s][info][class,load] org.springframework.core.NestedRuntimeException source: shared objects file
[0.245s][info][class,load] org.springframework.core.convert.ConversionException source: shared objects file
[0.245s][info][class,load] org.springframework.core.convert.ConversionFailedException source: shared objects file
[0.246s][info][class,load] org.springframework.boot.EnvironmentConverter source: shared objects file
[0.246s][info][class,load] org.springframework.boot.DefaultApplicationContextFactory$$Lambda/0x000007fc0307af10 source: org.springframework.boot.DefaultApplicationContextFactory
[0.246s][info][class,load] org.springframework.boot.SpringApplicationBannerPrinter source: shared objects file
[0.246s][info][class,load] org.springframework.boot.Banner source: shared objects file
[0.246s][info][class,load] org.springframework.boot.SpringBootBanner source: shared objects file
[0.246s][info][class,load] org.springframework.core.io.ContextResource source: shared objects file
[0.246s][info][class,load] org.springframework.core.io.DefaultResourceLoader$ClassPathContextResource source: shared objects file
[0.246s][info][class,load] org.springframework.boot.SpringBootVersion source: shared objects file
[0.246s][info][class,load] org.springframework.boot.SpringApplicationBannerPrinter$PrintedBanner source: shared objects file
[0.247s][info][class,load] org.springframework.context.Lifecycle source: shared objects file
[0.247s][info][class,load] org.springframework.context.ConfigurableApplicationContext source: shared objects file
[0.247s][info][class,load] org.springframework.boot.DefaultApplicationContextFactory$$Lambda/0x000007fc0307b148 source: org.springframework.boot.DefaultApplicationContextFactory
[0.247s][info][class,load] org.springframework.boot.DefaultApplicationContextFactory$$Lambda/0x000007fc0307b380 source: org.springframework.boot.DefaultApplicationContextFactory
[0.247s][info][class,load] org.springframework.context.support.AbstractApplicationContext source: shared objects file
[0.248s][info][class,load] org.springframework.core.AliasRegistry source: shared objects file
[0.248s][info][class,load] org.springframework.beans.factory.support.BeanDefinitionRegistry source: shared objects file
[0.248s][info][class,load] org.springframework.context.support.GenericApplicationContext source: shared objects file
[0.248s][info][class,load] org.springframework.context.annotation.AnnotationConfigRegistry source: shared objects file
[0.248s][info][class,load] org.springframework.context.annotation.AnnotationConfigApplicationContext source: shared objects file
[0.248s][info][class,load] org.springframework.core.io.support.PathMatchingResourcePatternResolver source: shared objects file
[0.249s][info][class,load] org.springframework.core.io.support.PathMatchingResourcePatternResolver$$Lambda/0x000007fc0307b5b0 source: org.springframework.core.io.support.PathMatchingResourcePatternResolver
[0.249s][info][class,load] org.springframework.core.io.support.PathMatchingResourcePatternResolver$$Lambda/0x000007fc0307b7f8 source: org.springframework.core.io.support.PathMatchingResourcePatternResolver
[0.250s][info][class,load] org.springframework.util.PathMatcher source: shared objects file
[0.250s][info][class,load] org.springframework.util.AntPathMatcher source: shared objects file
[0.250s][info][class,load] org.springframework.util.AntPathMatcher$PathSeparatorPatternCache source: shared objects file
[0.251s][info][class,load] org.springframework.core.SimpleAliasRegistry source: shared objects file
[0.251s][info][class,load] org.springframework.beans.factory.config.SingletonBeanRegistry source: shared objects file
[0.251s][info][class,load] org.springframework.beans.factory.support.DefaultSingletonBeanRegistry source: shared objects file
[0.251s][info][class,load] org.springframework.beans.factory.support.FactoryBeanRegistrySupport source: shared objects file
[0.251s][info][class,load] org.springframework.beans.factory.config.ConfigurableBeanFactory source: shared objects file
[0.251s][info][class,load] org.springframework.beans.factory.support.AbstractBeanFactory source: shared objects file
[0.252s][info][class,load] org.springframework.beans.factory.config.AutowireCapableBeanFactory source: shared objects file
[0.252s][info][class,load] org.springframework.beans.factory.support.AbstractAutowireCapableBeanFactory source: shared objects file
[0.252s][info][class,load] org.springframework.beans.factory.config.ConfigurableListableBeanFactory source: shared objects file
[0.252s][info][class,load] org.springframework.beans.factory.support.DefaultListableBeanFactory source: shared objects file
[0.252s][info][class,load] org.springframework.beans.factory.support.AbstractBeanFactory$BeanPostProcessorCacheAwareList source: shared objects file
[0.252s][info][class,load] org.springframework.core.NamedThreadLocal source: shared objects file
[0.252s][info][class,load] org.springframework.beans.factory.BeanNameAware source: shared objects file
[0.252s][info][class,load] org.springframework.beans.factory.support.InstantiationStrategy source: shared objects file
[0.252s][info][class,load] org.springframework.beans.factory.support.SimpleInstantiationStrategy source: shared objects file
[0.252s][info][class,load] org.springframework.beans.factory.support.CglibSubclassingInstantiationStrategy source: shared objects file
[0.253s][info][class,load] org.springframework.beans.factory.support.AutowireCandidateResolver source: shared objects file
[0.253s][info][class,load] org.springframework.beans.factory.support.SimpleAutowireCandidateResolver source: shared objects file
[0.253s][info][class,load] org.springframework.context.annotation.AnnotatedBeanDefinitionReader source: shared objects file
[0.253s][info][class,load] org.springframework.beans.factory.support.BeanNameGenerator source: shared objects file
[0.253s][info][class,load] org.springframework.context.annotation.AnnotationBeanNameGenerator source: shared objects file
[0.253s][info][class,load] org.springframework.core.annotation.MergedAnnotation$Adapt source: shared objects file
[0.253s][info][class,load] org.springframework.context.annotation.ScopeMetadataResolver source: shared objects file
[0.253s][info][class,load] org.springframework.context.annotation.AnnotationScopeMetadataResolver source: shared objects file
[0.253s][info][class,load] org.springframework.context.annotation.Scope source: shared objects file
[0.253s][info][class,load] org.springframework.context.annotation.ScopedProxyMode source: shared objects file
[0.253s][info][class,load] org.springframework.context.annotation.ConditionEvaluator source: shared objects file
[0.254s][info][class,load] org.springframework.context.annotation.ConditionContext source: shared objects file
[0.254s][info][class,load] org.springframework.context.annotation.ConditionEvaluator$ConditionContextImpl source: shared objects file
[0.254s][info][class,load] org.springframework.context.annotation.AnnotationConfigUtils source: shared objects file
[0.254s][info][class,load] jakarta.annotation.PostConstruct source: shared objects file
[0.254s][info][class,load] org.springframework.beans.factory.support.GenericTypeAwareAutowireCandidateResolver source: shared objects file
[0.254s][info][class,load] org.springframework.beans.factory.annotation.QualifierAnnotationAutowireCandidateResolver source: shared objects file
[0.254s][info][class,load] org.springframework.context.annotation.ContextAnnotationAutowireCandidateResolver source: shared objects file
[0.254s][info][class,load] org.springframework.beans.factory.annotation.Value source: shared objects file
[0.254s][info][class,load] org.springframework.beans.factory.annotation.Qualifier source: shared objects file
[0.255s][info][class,load] org.springframework.core.AttributeAccessor source: shared objects file
[0.255s][info][class,load] org.springframework.core.AttributeAccessorSupport source: shared objects file
[0.255s][info][class,load] org.springframework.beans.BeanMetadataElement source: shared objects file
[0.255s][info][class,load] org.springframework.beans.BeanMetadataAttributeAccessor source: shared objects file
[0.255s][info][class,load] org.springframework.beans.factory.config.BeanDefinition source: shared objects file
[0.255s][info][class,load] org.springframework.beans.factory.support.AbstractBeanDefinition source: shared objects file
[0.255s][info][class,load] org.springframework.beans.factory.support.RootBeanDefinition source: shared objects file
[0.255s][info][class,load] org.springframework.beans.factory.config.BeanFactoryPostProcessor source: shared objects file
[0.255s][info][class,load] org.springframework.beans.factory.support.BeanDefinitionRegistryPostProcessor source: shared objects file
[0.255s][info][class,load] org.springframework.beans.factory.aot.BeanRegistrationAotProcessor source: shared objects file
[0.255s][info][class,load] org.springframework.context.ResourceLoaderAware source: shared objects file
[0.255s][info][class,load] org.springframework.context.ApplicationStartupAware source: shared objects file
[0.255s][info][class,load] org.springframework.context.EnvironmentAware source: shared objects file
[0.255s][info][class,load] org.springframework.context.annotation.ConfigurationClassPostProcessor source: shared objects file
[0.255s][info][class,load] org.springframework.beans.factory.support.MethodOverrides source: shared objects file
[0.256s][info][class,load] org.springframework.beans.factory.support.DefaultListableBeanFactory$$Lambda/0x000007fc0307ba50 source: org.springframework.beans.factory.support.DefaultListableBeanFactory
[0.256s][info][class,load] org.springframework.beans.factory.support.DefaultListableBeanFactory$$Lambda/0x000007fc0307bc90 source: org.springframework.beans.factory.support.DefaultListableBeanFactory
[0.256s][info][class,load] org.springframework.beans.factory.config.BeanDefinitionHolder source: shared objects file
[0.256s][info][class,load] org.springframework.beans.factory.config.BeanPostProcessor source: shared objects file
[0.256s][info][class,load] org.springframework.beans.factory.config.InstantiationAwareBeanPostProcessor source: shared objects file
[0.256s][info][class,load] org.springframework.beans.factory.config.SmartInstantiationAwareBeanPostProcessor source: shared objects file
[0.256s][info][class,load] org.springframework.beans.factory.support.MergedBeanDefinitionPostProcessor source: shared objects file
[0.256s][info][class,load] org.springframework.beans.factory.annotation.AutowiredAnnotationBeanPostProcessor source: shared objects file
[0.256s][info][class,load] org.springframework.beans.factory.config.DestructionAwareBeanPostProcessor source: shared objects file
[0.256s][info][class,load] org.springframework.beans.factory.annotation.InitDestroyAnnotationBeanPostProcessor source: shared objects file
[0.256s][info][class,load] org.springframework.context.annotation.CommonAnnotationBeanPostProcessor source: shared objects file
[0.256s][info][class,load] org.springframework.beans.factory.SmartInitializingSingleton source: shared objects file
[0.257s][info][class,load] org.springframework.context.event.EventListenerMethodProcessor source: shared objects file
[0.257s][info][class,load] org.springframework.context.event.EventListenerFactory source: shared objects file
[0.257s][info][class,load] org.springframework.context.event.DefaultEventListenerFactory source: shared objects file
[0.257s][info][class,load] org.springframework.context.annotation.ClassPathScanningCandidateComponentProvider source: shared objects file
[0.257s][info][class,load] org.springframework.context.annotation.ClassPathBeanDefinitionScanner source: shared objects file
[0.257s][info][class,load] org.springframework.beans.factory.support.BeanDefinitionDefaults source: shared objects file
[0.257s][info][class,load] org.springframework.core.type.filter.TypeFilter source: shared objects file
[0.257s][info][class,load] org.springframework.core.type.filter.AbstractTypeHierarchyTraversingFilter source: shared objects file
[0.257s][info][class,load] org.springframework.core.type.filter.AnnotationTypeFilter source: shared objects file
[0.257s][info][class,load] org.springframework.stereotype.Component source: shared objects file
[0.258s][info][class,load] org.springframework.stereotype.Indexed source: shared objects file
[0.258s][info][class,load] jdk.proxy2.$Proxy7 source: shared objects file
[0.258s][info][class,load] org.springframework.core.io.support.ResourcePatternUtils source: shared objects file
[0.259s][info][class,load] org.springframework.core.type.classreading.MetadataReaderFactory source: shared objects file
[0.259s][info][class,load] org.springframework.core.type.classreading.AbstractMetadataReaderFactory source: shared objects file
[0.259s][info][class,load] org.springframework.core.type.classreading.CachingMetadataReaderFactory source: shared objects file
[0.259s][info][class,load] org.springframework.core.type.classreading.MetadataReaderFactoryDelegate source: shared objects file
[0.259s][info][class,load] org.springframework.core.type.classreading.ClassFileMetadataReaderFactory source: shared objects file
[0.259s][info][class,load] org.springframework.core.type.classreading.MetadataReader source: shared objects file
[0.259s][info][class,load] org.springframework.core.io.DefaultResourceLoader$$Lambda/0x000007fc0307bef0 source: org.springframework.core.io.DefaultResourceLoader
[0.259s][info][class,load] org.springframework.context.index.CandidateComponentsIndexLoader source: shared objects file
[0.259s][info][class,load] org.springframework.context.index.CandidateComponentsIndex source: shared objects file
[0.259s][info][class,load] org.springframework.context.index.CandidateComponentsIndexLoader$$Lambda/0x000007fc0307c138 source: org.springframework.context.index.CandidateComponentsIndexLoader
[0.259s][info][class,load] org.springframework.boot.SpringApplication$$Lambda/0x000007fc0307c380 source: org.springframework.boot.SpringApplication
[0.259s][info][class,load] org.springframework.boot.autoconfigure.SharedMetadataReaderFactoryContextInitializer$CachingMetadataReaderFactoryPostProcessor source: shared objects file
[0.259s][info][class,load] org.springframework.boot.context.ContextIdApplicationContextInitializer$ContextId source: shared objects file
[0.260s][info][class,load] org.springframework.beans.factory.support.DefaultListableBeanFactory$$Lambda/0x000007fc0307c5b0 source: org.springframework.beans.factory.support.DefaultListableBeanFactory
[0.260s][info][class,load] org.springframework.beans.factory.support.DefaultListableBeanFactory$$Lambda/0x000007fc0307c810 source: org.springframework.beans.factory.support.DefaultListableBeanFactory
[0.260s][info][class,load] org.springframework.beans.factory.support.DefaultListableBeanFactory$$Lambda/0x000007fc0307ca50 source: org.springframework.beans.factory.support.DefaultListableBeanFactory
[0.260s][info][class,load] org.springframework.boot.autoconfigure.logging.ConditionEvaluationReportLoggingListener$ConditionEvaluationReportListener source: shared objects file
[0.260s][info][class,load] org.springframework.boot.autoconfigure.condition.ConditionEvaluationReport source: shared objects file
[0.260s][info][class,load] org.springframework.context.annotation.Condition source: shared objects file
[0.260s][info][class,load] org.springframework.boot.autoconfigure.condition.ConditionEvaluationReport$AncestorsMatchedCondition source: shared objects file
[0.260s][info][class,load] org.springframework.boot.autoconfigure.logging.ConditionEvaluationReportLoggingListener$ConditionEvaluationReportListener$$Lambda/0x000007fc0307ccb0 source: org.springframework.boot.autoconfigure.logging.ConditionEvaluationReportLoggingListener
[0.260s][info][class,load] org.springframework.boot.autoconfigure.logging.ConditionEvaluationReportLogger source: shared objects file
[0.260s][info][class,load] org.springframework.boot.context.ConfigurationWarningsApplicationContextInitializer$ConfigurationWarningsPostProcessor source: shared objects file
[0.260s][info][class,load] org.springframework.boot.context.ConfigurationWarningsApplicationContextInitializer$Check source: shared objects file
[0.260s][info][class,load] org.springframework.boot.context.ConfigurationWarningsApplicationContextInitializer$ComponentScanPackageCheck source: shared objects file
[0.261s][info][class,load] org.springframework.core.io.ProtocolResolver source: shared objects file
[0.261s][info][class,load] org.springframework.boot.io.Base64ProtocolResolver source: shared objects file
[0.261s][info][class,load] org.springframework.boot.io.ProtocolResolverApplicationContextInitializer$$Lambda/0x000007fc0307cee0 source: org.springframework.boot.io.ProtocolResolverApplicationContextInitializer
[0.261s][info][class,load] org.springframework.boot.SpringApplicationRunListeners$$Lambda/0x000007fc0307d120 source: org.springframework.boot.SpringApplicationRunListeners
[0.261s][info][class,load] org.springframework.boot.context.event.ApplicationContextInitializedEvent source: shared objects file
[0.261s][info][class,load] org.springframework.boot.bootstrap.BootstrapContextClosedEvent source: shared objects file
[0.261s][info][class,load] org.springframework.boot.StartupInfoLogger source: shared objects file
[0.261s][info][class,load] org.springframework.boot.StartupInfoLogger$$Lambda/0x000007fc0307d360 source: org.springframework.boot.StartupInfoLogger
[0.261s][info][class,load] org.springframework.boot.StartupInfoLogger$$Lambda/0x000007fc0307d590 source: org.springframework.boot.StartupInfoLogger
[0.261s][info][class,load] org.springframework.boot.StartupInfoLogger$$Lambda/0x000007fc0307d7b8 source: org.springframework.boot.StartupInfoLogger
[0.261s][info][class,load] org.springframework.boot.StartupInfoLogger$$Lambda/0x000007fc0307d9e8 source: org.springframework.boot.StartupInfoLogger
[0.261s][info][class,load] org.springframework.boot.StartupInfoLogger$$Lambda/0x000007fc0307dc18 source: org.springframework.boot.StartupInfoLogger
[0.261s][info][class,load] org.springframework.boot.StartupInfoLogger$$Lambda/0x000007fc0307de40 source: org.springframework.boot.StartupInfoLogger
[0.261s][info][class,load] org.springframework.boot.system.ApplicationHome source: shared objects file
[0.262s][info][class,load] org.springframework.boot.StartupInfoLogger$$Lambda/0x000007fc0307e070 source: org.springframework.boot.StartupInfoLogger
[0.262s][info][class,load] org.springframework.boot.StartupInfoLogger$$Lambda/0x000007fc0307e298 source: org.springframework.boot.StartupInfoLogger
[0.262s][info][class,load] ch.qos.logback.core.spi.DeferredProcessingAware source: shared objects file
[0.262s][info][class,load] ch.qos.logback.classic.spi.ILoggingEvent source: shared objects file
[0.262s][info][class,load] ch.qos.logback.classic.spi.LoggingEvent source: shared objects file
[0.262s][info][class,load] ch.qos.logback.classic.spi.EventArgUtil source: shared objects file
[0.262s][info][class,load] org.slf4j.helpers.MessageFormatter source: shared objects file
[0.262s][info][class,load] org.slf4j.helpers.NormalizedParameters source: shared objects file
[0.262s][info][class,load] org.slf4j.helpers.FormattingTuple source: shared objects file
[0.262s][info][class,load] ch.qos.logback.core.util.StringUtil source: shared objects file
[0.262s][info][class,load] ch.qos.logback.core.pattern.SpacePadder source: shared objects file
[0.262s][info][class,load] org.springframework.boot.StartupInfoLogger$$Lambda/0x000007fc0307e4c0 source: org.springframework.boot.StartupInfoLogger
[0.263s][info][class,load] org.springframework.boot.StartupInfoLogger$$Lambda/0x000007fc0307e6f0 source: org.springframework.boot.StartupInfoLogger
[0.263s][info][class,load] org.springframework.boot.SpringApplication$$Lambda/0x000007fc0307e920 source: org.springframework.boot.SpringApplication
[0.263s][info][class,load] org.springframework.boot.SpringApplication$PropertySourceOrderingBeanFactoryPostProcessor source: shared objects file
[0.263s][info][class,load] org.springframework.boot.BeanDefinitionLoader source: shared objects file
[0.263s][info][class,load] org.springframework.beans.factory.support.BeanDefinitionReader source: shared objects file
[0.263s][info][class,load] org.springframework.beans.factory.support.AbstractBeanDefinitionReader source: shared objects file
[0.263s][info][class,load] org.springframework.beans.factory.xml.XmlBeanDefinitionReader source: shared objects file
[0.264s][info][class,load] org.springframework.beans.factory.support.DefaultBeanNameGenerator source: shared objects file
[0.264s][info][class,load] org.springframework.beans.factory.xml.BeanDefinitionDocumentReader source: shared objects file
[0.264s][info][class,load] org.springframework.beans.factory.xml.DefaultBeanDefinitionDocumentReader source: shared objects file
[0.264s][info][class,load] org.springframework.beans.factory.parsing.ProblemReporter source: shared objects file
[0.264s][info][class,load] org.springframework.beans.factory.parsing.FailFastProblemReporter source: shared objects file
[0.264s][info][class,load] org.springframework.beans.factory.parsing.ReaderEventListener source: shared objects file
[0.264s][info][class,load] org.springframework.beans.factory.parsing.EmptyReaderEventListener source: shared objects file
[0.264s][info][class,load] org.springframework.beans.factory.parsing.SourceExtractor source: shared objects file
[0.264s][info][class,load] org.springframework.beans.factory.parsing.NullSourceExtractor source: shared objects file
[0.264s][info][class,load] org.springframework.beans.factory.xml.DocumentLoader source: shared objects file
[0.264s][info][class,load] org.springframework.beans.factory.xml.DefaultDocumentLoader source: shared objects file
[0.265s][info][class,load] org.springframework.util.xml.SimpleSaxErrorHandler source: shared objects file
[0.265s][info][class,load] org.springframework.util.xml.XmlValidationModeDetector source: shared objects file
[0.265s][info][class,load] org.springframework.beans.factory.xml.XmlBeanDefinitionReader$$Lambda/0x000007fc0307eb68 source: org.springframework.beans.factory.xml.XmlBeanDefinitionReader
[0.265s][info][class,load] org.springframework.core.NamedThreadLocal$SuppliedNamedThreadLocal source: shared objects file
[0.265s][info][class,load] org.springframework.boot.BeanDefinitionLoader$ClassExcludeFilter source: shared objects file
[0.265s][info][class,load] org.springframework.beans.factory.support.GenericBeanDefinition source: shared objects file
[0.265s][info][class,load] org.springframework.beans.factory.annotation.AnnotatedBeanDefinition source: shared objects file
[0.265s][info][class,load] org.springframework.beans.factory.annotation.AnnotatedGenericBeanDefinition source: shared objects file
[0.265s][info][class,load] org.springframework.core.type.ClassMetadata source: shared objects file
[0.265s][info][class,load] org.springframework.core.type.AnnotatedTypeMetadata source: shared objects file
[0.265s][info][class,load] org.springframework.core.type.AnnotationMetadata source: shared objects file
[0.265s][info][class,load] org.springframework.core.type.StandardClassMetadata source: shared objects file
[0.265s][info][class,load] org.springframework.core.type.StandardAnnotationMetadata source: shared objects file
[0.266s][info][class,load] org.springframework.boot.autoconfigure.SpringBootApplication source: shared objects file
[0.266s][info][class,load] jdk.proxy1.$Proxy8 source: __dynamic_proxy__
[0.266s][info][class,load] org.springframework.boot.SpringBootConfiguration source: shared objects file
[0.266s][info][class,load] org.springframework.boot.autoconfigure.EnableAutoConfiguration source: shared objects file
[0.266s][info][class,load] org.springframework.context.annotation.ComponentScan source: shared objects file
[0.267s][info][class,load] jdk.proxy2.$Proxy9 source: shared objects file
[0.267s][info][class,load] kotlin.annotation.Retention source: shared objects file
[0.267s][info][class,load] kotlin.annotation.Target source: shared objects file
[0.267s][info][class,load] jdk.proxy2.$Proxy10 source: shared objects file
[0.267s][info][class,load] org.springframework.context.annotation.Conditional source: shared objects file
[0.268s][info][class,load] org.springframework.core.annotation.TypeMappedAnnotations$IsPresent source: shared objects file
[0.268s][info][class,load] jdk.proxy2.$Proxy11 source: shared objects file
[0.268s][info][class,load] org.springframework.core.annotation.AnnotationTypeMapping$$Lambda/0x000007fc0307ed90 source: org.springframework.core.annotation.AnnotationTypeMapping
[0.268s][info][class,load] org.springframework.context.annotation.ComponentScan$Filter source: shared objects file
[0.268s][info][class,load] org.springframework.context.annotation.Configuration source: shared objects file
[0.269s][info][class,load] jdk.proxy2.$Proxy12 source: shared objects file
[0.269s][info][class,load] org.springframework.boot.autoconfigure.AutoConfigurationPackage source: shared objects file
[0.269s][info][class,load] org.springframework.context.annotation.Import source: shared objects file
[0.269s][info][class,load] jdk.proxy2.$Proxy13 source: shared objects file
[0.269s][info][class,load] org.springframework.context.annotation.FilterType source: shared objects file
[0.270s][info][class,load] org.springframework.boot.context.TypeExcludeFilter source: shared objects file
[0.270s][info][class,load] jdk.proxy2.$Proxy14 source: shared objects file
[0.270s][info][class,load] org.springframework.boot.autoconfigure.AutoConfigurationExcludeFilter source: shared objects file
[0.270s][info][class,load] jdk.proxy2.$Proxy15 source: shared objects file
[0.270s][info][class,load] org.springframework.core.annotation.AnnotationTypeMapping$$Lambda/0x000007fc0307efd8 source: org.springframework.core.annotation.AnnotationTypeMapping
[0.271s][info][class,load] jdk.proxy2.$Proxy16 source: shared objects file
[0.271s][info][class,load] jdk.proxy1.$Proxy17 source: __dynamic_proxy__
[0.271s][info][class,load] jdk.proxy2.$Proxy18 source: shared objects file
[0.272s][info][class,load] org.springframework.context.annotation.ImportSelector source: shared objects file
[0.272s][info][class,load] org.springframework.context.annotation.DeferredImportSelector source: shared objects file
[0.272s][info][class,load] org.springframework.boot.autoconfigure.AutoConfigurationImportSelector source: shared objects file
[0.272s][info][class,load] jdk.proxy2.$Proxy19 source: shared objects file
[0.272s][info][class,load] org.springframework.context.annotation.ComponentScans source: shared objects file
[0.272s][info][class,load] jdk.proxy1.$Proxy20 source: __dynamic_proxy__
[0.273s][info][class,load] jdk.proxy2.$Proxy21 source: shared objects file
[0.273s][info][class,load] org.springframework.context.annotation.ImportBeanDefinitionRegistrar source: shared objects file
[0.273s][info][class,load] org.springframework.boot.context.annotation.DeterminableImports source: shared objects file
[0.273s][info][class,load] org.springframework.boot.autoconfigure.AutoConfigurationPackages$Registrar source: shared objects file
[0.273s][info][class,load] kotlin.annotation.AnnotationRetention source: shared objects file
[0.273s][info][class,load] kotlin.jvm.internal.markers.KMappedMarker source: shared objects file
[0.273s][info][class,load] kotlin.enums.EnumEntries source: shared objects file
[0.273s][info][class,load] kotlin.enums.EnumEntriesKt source: shared objects file
[0.274s][info][class,load] kotlin.collections.AbstractCollection source: shared objects file
[0.274s][info][class,load] kotlin.collections.AbstractList source: shared objects file
[0.274s][info][class,load] kotlin.enums.EnumEntriesList source: shared objects file
[0.274s][info][class,load] kotlin.collections.AbstractList$Companion source: shared objects file
[0.274s][info][class,load] jdk.proxy2.$Proxy22 source: shared objects file
[0.274s][info][class,load] kotlin.annotation.AnnotationTarget source: shared objects file
[0.274s][info][class,load] kotlin.annotation.MustBeDocumented source: shared objects file
[0.274s][info][class,load] jdk.proxy2.$Proxy23 source: shared objects file
[0.275s][info][class,load] jdk.proxy2.$Proxy24 source: shared objects file
[0.275s][info][class,load] org.springframework.context.annotation.ConfigurationClassUtils source: shared objects file
[0.275s][info][class,load] org.springframework.core.Conventions source: shared objects file
[0.275s][info][class,load] org.springframework.context.annotation.ImportResource source: shared objects file
[0.275s][info][class,load] org.springframework.beans.BeanMetadataAttribute source: shared objects file
[0.275s][info][class,load] org.springframework.context.annotation.ScopeMetadata source: shared objects file
[0.275s][info][class,load] org.springframework.core.annotation.AnnotationTypeMappings$$Lambda/0x000007fc0307f200 source: org.springframework.core.annotation.AnnotationTypeMappings
[0.276s][info][class,load] org.springframework.core.annotation.AnnotationAttributes source: shared objects file
[0.276s][info][class,load] org.springframework.core.annotation.TypeMappedAnnotations$AggregatesSpliterator source: shared objects file
[0.276s][info][class,load] org.springframework.core.annotation.TypeMappedAnnotations$AggregatesCollector source: shared objects file
[0.276s][info][class,load] org.springframework.core.annotation.TypeMappedAnnotations$Aggregate source: shared objects file
[0.276s][info][class,load] org.springframework.context.annotation.AnnotationBeanNameGenerator$$Lambda/0x000007fc0307f450 source: org.springframework.context.annotation.AnnotationBeanNameGenerator
[0.276s][info][class,load] org.springframework.context.annotation.AnnotationBeanNameGenerator$$Lambda/0x000007fc0307f698 source: org.springframework.context.annotation.AnnotationBeanNameGenerator
[0.276s][info][class,load] org.springframework.context.annotation.AnnotationBeanNameGenerator$$Lambda/0x000007fc0307f8f0 source: org.springframework.context.annotation.AnnotationBeanNameGenerator
[0.276s][info][class,load] org.springframework.core.annotation.TypeMappedAnnotation$$Lambda/0x000007fc0307fb38 source: org.springframework.core.annotation.TypeMappedAnnotation
[0.276s][info][class,load] org.springframework.context.annotation.AnnotationBeanNameGenerator$$Lambda/0x000007fc0307fd68 source: org.springframework.context.annotation.AnnotationBeanNameGenerator
[0.277s][info][class,load] org.springframework.core.annotation.AbstractMergedAnnotation$$Lambda/0x000007fc03080000 source: org.springframework.core.annotation.AbstractMergedAnnotation
[0.277s][info][class,load] org.springframework.context.annotation.AnnotationBeanNameGenerator$$Lambda/0x000007fc03080248 source: org.springframework.context.annotation.AnnotationBeanNameGenerator
[0.277s][info][class,load] org.springframework.context.annotation.AnnotationBeanNameGenerator$$Lambda/0x000007fc03080498 source: org.springframework.context.annotation.AnnotationBeanNameGenerator
[0.277s][info][class,load] org.springframework.context.annotation.AnnotationBeanNameGenerator$$Lambda/0x000007fc030806e0 source: org.springframework.context.annotation.AnnotationBeanNameGenerator
[0.277s][info][class,load] org.springframework.context.annotation.Lazy source: shared objects file
[0.278s][info][class,load] org.springframework.context.annotation.Primary source: shared objects file
[0.278s][info][class,load] org.springframework.context.annotation.Fallback source: shared objects file
[0.278s][info][class,load] org.springframework.context.annotation.DependsOn source: shared objects file
[0.278s][info][class,load] org.springframework.context.annotation.Role source: shared objects file
[0.278s][info][class,load] org.springframework.context.annotation.Description source: shared objects file
[0.278s][info][class,load] org.springframework.context.annotation.Proxyable source: shared objects file
[0.278s][info][class,load] org.springframework.beans.factory.support.BeanDefinitionReaderUtils source: shared objects file
[0.278s][info][class,load] org.springframework.boot.SpringApplicationRunListeners$$Lambda/0x000007fc03080908 source: org.springframework.boot.SpringApplicationRunListeners
[0.279s][info][class,load] java.lang.String$$StringConcat/0x000007fc03084000 source: __JVM_LookupDefineClass__
[0.279s][info][class,load] java.lang.invoke.LambdaForm$MH/0x000007fc03084400 source: __JVM_LookupDefineClass__
[0.279s][info][class,load] org.springframework.boot.context.config.ConfigDataEnvironmentContributors$$Lambda/0x000007fc03080b48 source: org.springframework.boot.context.config.ConfigDataEnvironmentContributors
[0.282s][info][class,load] org.springframework.core.style.ToStringCreator source: shared objects file
[0.282s][info][class,load] org.springframework.core.style.ToStringStyler source: shared objects file
[0.282s][info][class,load] org.springframework.core.style.DefaultToStringStyler source: shared objects file
[0.282s][info][class,load] org.springframework.core.style.StylerUtils source: shared objects file
[0.282s][info][class,load] org.springframework.core.style.ValueStyler source: shared objects file
[0.282s][info][class,load] org.springframework.core.style.DefaultValueStyler source: shared objects file
[0.283s][info][class,load] org.springframework.beans.factory.BeanFactoryUtils source: shared objects file
[0.283s][info][class,load] org.springframework.context.Phased source: shared objects file
[0.283s][info][class,load] org.springframework.context.SmartLifecycle source: shared objects file
[0.283s][info][class,load] org.springframework.boot.context.logging.LoggingApplicationListener$Lifecycle source: shared objects file
[0.283s][info][class,load] org.springframework.core.env.MissingRequiredPropertiesException source: shared objects file
[0.283s][info][class,load] org.springframework.beans.factory.config.BeanExpressionResolver source: shared objects file
[0.283s][info][class,load] org.springframework.context.expression.StandardBeanExpressionResolver source: shared objects file
[0.283s][info][class,load] org.springframework.expression.ParserContext source: shared objects file
[0.283s][info][class,load] org.springframework.context.expression.StandardBeanExpressionResolver$1 source: shared objects file
[0.283s][info][class,load] org.springframework.expression.spel.SpelParserConfiguration source: shared objects file
[0.283s][info][class,load] org.springframework.expression.spel.SpelCompilerMode source: shared objects file
[0.284s][info][class,load] org.springframework.expression.ExpressionParser source: shared objects file
[0.284s][info][class,load] org.springframework.expression.common.TemplateAwareExpressionParser source: shared objects file
[0.284s][info][class,load] org.springframework.expression.spel.standard.SpelExpressionParser source: shared objects file
[0.284s][info][class,load] org.springframework.expression.Expression source: shared objects file
[0.284s][info][class,load] org.springframework.beans.PropertyEditorRegistrar source: shared objects file
[0.284s][info][class,load] org.springframework.beans.support.ResourceEditorRegistrar source: shared objects file
[0.284s][info][class,load] org.springframework.context.support.ApplicationContextAwareProcessor source: shared objects file
[0.284s][info][class,load] org.springframework.util.StringValueResolver source: shared objects file
[0.284s][info][class,load] org.springframework.beans.factory.config.EmbeddedValueResolver source: shared objects file
[0.284s][info][class,load] org.springframework.beans.factory.config.BeanExpressionContext source: shared objects file
[0.284s][info][class,load] org.springframework.context.ApplicationEventPublisherAware source: shared objects file
[0.284s][info][class,load] org.springframework.context.MessageSourceAware source: shared objects file
[0.284s][info][class,load] org.springframework.beans.factory.ObjectFactory source: shared objects file
[0.284s][info][class,load] org.springframework.context.support.ApplicationListenerDetector source: shared objects file
[0.285s][info][class,load] org.springframework.context.support.PostProcessorRegistrationDelegate source: shared objects file
[0.285s][info][class,load] org.springframework.beans.factory.FactoryBean source: shared objects file
[0.285s][info][class,load] org.springframework.boot.autoconfigure.SharedMetadataReaderFactoryContextInitializer$SharedMetadataReaderFactoryBean source: shared objects file
[0.285s][info][class,load] org.springframework.boot.autoconfigure.SharedMetadataReaderFactoryContextInitializer$CachingMetadataReaderFactoryPostProcessor$$Lambda/0x000007fc03080d90 source: org.springframework.boot.autoconfigure.SharedMetadataReaderFactoryContextInitializer
[0.285s][info][class,load] org.springframework.beans.factory.support.BeanDefinitionBuilder source: shared objects file
[0.285s][info][class,load] org.springframework.beans.PropertyValues source: shared objects file
[0.285s][info][class,load] org.springframework.beans.MutablePropertyValues source: shared objects file
[0.285s][info][class,load] org.springframework.beans.PropertyValue source: shared objects file
[0.285s][info][class,load] org.springframework.beans.factory.config.BeanReference source: shared objects file
[0.285s][info][class,load] org.springframework.beans.factory.config.RuntimeBeanReference source: shared objects file
[0.286s][info][class,load] org.springframework.core.annotation.TypeMappedAnnotation$$Lambda/0x000007fc03080fb8 source: org.springframework.core.annotation.TypeMappedAnnotation
[0.286s][info][class,load] org.springframework.core.ResolvableType$1 source: shared objects file
[0.286s][info][class,load] org.springframework.beans.factory.support.AbstractBeanFactory$BeanPostProcessorCache source: shared objects file
[0.287s][info][class,load] org.springframework.beans.factory.BeanFactoryUtils$$Lambda/0x000007fc030811e0 source: org.springframework.beans.factory.BeanFactoryUtils
[0.287s][info][class,load] org.springframework.beans.factory.support.NullBean source: shared objects file
[0.287s][info][class,load] org.springframework.beans.factory.support.AbstractBeanFactory$$Lambda/0x000007fc03081428 source: org.springframework.beans.factory.support.AbstractBeanFactory
[0.287s][info][class,load] org.springframework.beans.factory.support.DefaultListableBeanFactory$PreInstantiation source: shared objects file
[0.287s][info][class,load] org.springframework.beans.factory.support.AbstractBeanFactory$$Lambda/0x000007fc03081658 source: org.springframework.beans.factory.support.AbstractBeanFactory
[0.287s][info][class,load] org.springframework.beans.BeanUtils source: shared objects file
[0.287s][info][class,load] org.springframework.util.ConcurrentReferenceHashMap$KeySet source: shared objects file
[0.287s][info][class,load] org.springframework.context.annotation.FullyQualifiedAnnotationBeanNameGenerator source: shared objects file
[0.287s][info][class,load] org.springframework.beans.factory.parsing.PassThroughSourceExtractor source: shared objects file
[0.288s][info][class,load] org.springframework.beans.PropertyAccessor source: shared objects file
[0.288s][info][class,load] org.springframework.beans.ConfigurablePropertyAccessor source: shared objects file
[0.288s][info][class,load] org.springframework.beans.AbstractPropertyAccessor source: shared objects file
[0.288s][info][class,load] org.springframework.beans.AbstractNestablePropertyAccessor source: shared objects file
[0.288s][info][class,load] org.springframework.beans.BeanWrapper source: shared objects file
[0.288s][info][class,load] org.springframework.beans.BeanWrapperImpl source: shared objects file
[0.288s][info][class,load] org.springframework.beans.factory.support.AbstractBeanFactory$BeanFactoryDefaultEditorRegistrar source: shared objects file
[0.288s][info][class,load] org.springframework.beans.factory.support.BeanDefinitionValueResolver source: shared objects file
[0.288s][info][class,load] org.springframework.beans.factory.config.AutowiredPropertyMarker source: shared objects file
[0.288s][info][class,load] org.springframework.context.expression.StandardBeanExpressionResolver$$Lambda/0x000007fc03081888 source: org.springframework.context.expression.StandardBeanExpressionResolver
[0.288s][info][class,load] org.springframework.expression.common.LiteralExpression source: shared objects file
[0.289s][info][class,load] org.springframework.expression.EvaluationContext source: shared objects file
[0.289s][info][class,load] org.springframework.expression.spel.support.StandardEvaluationContext source: shared objects file
[0.289s][info][class,load] org.springframework.context.expression.StandardBeanExpressionResolver$$Lambda/0x000007fc03081ad8 source: org.springframework.context.expression.StandardBeanExpressionResolver
[0.289s][info][class,load] org.springframework.expression.TypeComparator source: shared objects file
[0.289s][info][class,load] org.springframework.expression.spel.support.StandardTypeComparator source: shared objects file
[0.289s][info][class,load] org.springframework.expression.OperatorOverloader source: shared objects file
[0.289s][info][class,load] org.springframework.expression.spel.support.StandardOperatorOverloader source: shared objects file
[0.289s][info][class,load] org.springframework.expression.TypedValue source: shared objects file
[0.289s][info][class,load] org.springframework.expression.TargetedAccessor source: shared objects file
[0.289s][info][class,load] org.springframework.expression.PropertyAccessor source: shared objects file
[0.289s][info][class,load] org.springframework.context.expression.BeanExpressionContextAccessor source: shared objects file
[0.289s][info][class,load] org.springframework.expression.spel.support.ReflectivePropertyAccessor source: shared objects file
[0.289s][info][class,load] org.springframework.context.expression.BeanFactoryAccessor source: shared objects file
[0.290s][info][class,load] org.springframework.asm.Opcodes source: shared objects file
[0.290s][info][class,load] org.springframework.expression.spel.CompilablePropertyAccessor source: shared objects file
[0.290s][info][class,load] org.springframework.expression.spel.support.MapAccessor source: shared objects file
[0.290s][info][class,load] org.springframework.context.expression.EnvironmentAccessor source: shared objects file
[0.290s][info][class,load] org.springframework.expression.BeanResolver source: shared objects file
[0.290s][info][class,load] org.springframework.context.expression.BeanFactoryResolver source: shared objects file
[0.290s][info][class,load] org.springframework.expression.TypeLocator source: shared objects file
[0.290s][info][class,load] org.springframework.expression.spel.support.StandardTypeLocator source: shared objects file
[0.290s][info][class,load] org.springframework.expression.TypeConverter source: shared objects file
[0.290s][info][class,load] org.springframework.expression.spel.support.StandardTypeConverter source: shared objects file
[0.290s][info][class,load] org.springframework.context.expression.StandardBeanExpressionResolver$$Lambda/0x000007fc03081d28 source: org.springframework.context.expression.StandardBeanExpressionResolver
[0.290s][info][class,load] org.springframework.util.function.ThrowingSupplier source: shared objects file
[0.290s][info][class,load] org.springframework.beans.factory.support.InstanceSupplier source: shared objects file
[0.290s][info][class,load] org.springframework.beans.factory.InitializingBean source: shared objects file
[0.291s][info][class,load] org.springframework.beans.factory.DisposableBean source: shared objects file
[0.291s][info][class,load] org.springframework.beans.factory.support.DisposableBeanAdapter source: shared objects file
[0.291s][info][class,load] org.springframework.beans.factory.support.DefaultSingletonBeanRegistry$$Lambda/0x000007fc03081f58 source: org.springframework.beans.factory.support.DefaultSingletonBeanRegistry
[0.291s][info][class,load] org.springframework.beans.factory.SmartFactoryBean source: shared objects file
[0.291s][info][class,load] org.springframework.beans.factory.support.DefaultSingletonBeanRegistry$$Lambda/0x000007fc030821b8 source: org.springframework.beans.factory.support.DefaultSingletonBeanRegistry
[0.291s][info][class,load] org.springframework.beans.factory.support.DefaultSingletonBeanRegistry$$Lambda/0x000007fc03082400 source: org.springframework.beans.factory.support.DefaultSingletonBeanRegistry
[0.291s][info][class,load] org.springframework.beans.PropertyAccessorUtils source: shared objects file
[0.291s][info][class,load] org.springframework.beans.CachedIntrospectionResults source: shared objects file
[0.291s][info][class,load] org.springframework.beans.BeanInfoFactory source: shared objects file
[0.291s][info][class,load] org.springframework.beans.SimpleBeanInfoFactory source: shared objects file
[0.291s][info][class,load] org.springframework.beans.PropertyDescriptorUtils source: shared objects file
[0.291s][info][class,load] org.springframework.beans.factory.support.RegisteredBean source: shared objects file
[0.291s][info][class,load] org.springframework.beans.factory.aot.BeanRegistrationAotContribution source: shared objects file
[0.291s][info][class,load] org.springframework.beans.factory.aot.BeanFactoryInitializationAotContribution source: shared objects file
[0.292s][info][class,load] org.springframework.beans.BeansException source: shared objects file
[0.292s][info][class,load] org.springframework.beans.PropertyDescriptorUtils$BasicPropertyDescriptor source: shared objects file
[0.292s][info][class,load] org.springframework.beans.SimpleBeanInfoFactory$1 source: shared objects file
[0.292s][info][class,load] org.springframework.beans.GenericTypeAwarePropertyDescriptor source: shared objects file
[0.292s][info][class,load] org.springframework.core.convert.Property source: shared objects file
[0.292s][info][class,load] org.springframework.core.convert.TypeDescriptor$$Lambda/0x000007fc03082648 source: org.springframework.core.convert.TypeDescriptor
[0.293s][info][class,load] org.springframework.beans.factory.config.TypedStringValue source: shared objects file
[0.293s][info][class,load] org.springframework.beans.AbstractNestablePropertyAccessor$PropertyTokenHolder source: shared objects file
[0.293s][info][class,load] org.springframework.beans.AbstractNestablePropertyAccessor$PropertyHandler source: shared objects file
[0.293s][info][class,load] org.springframework.beans.BeanWrapperImpl$BeanPropertyHandler source: shared objects file
[0.293s][info][class,load] java.lang.invoke.LambdaForm$MH/0x000007fc03084800 source: __JVM_LookupDefineClass__
[0.293s][info][class,load] java.lang.invoke.LambdaForm$MH/0x000007fc03084c00 source: __JVM_LookupDefineClass__
[0.293s][info][class,load] java.lang.invoke.LambdaForm$MH/0x000007fc03085000 source: __JVM_LookupDefineClass__
[0.293s][info][class,load] org.springframework.context.support.PostProcessorRegistrationDelegate$$Lambda/0x000007fc03082888 source: org.springframework.context.support.PostProcessorRegistrationDelegate
[0.293s][info][class,load] org.springframework.aop.framework.AopInfrastructureBean source: shared objects file
[0.293s][info][class,load] org.springframework.context.annotation.ConfigurationClassPostProcessor$$Lambda/0x000007fc03082ab8 source: org.springframework.context.annotation.ConfigurationClassPostProcessor
[0.294s][info][class,load] org.springframework.context.annotation.ConfigurationClassParser source: shared objects file
[0.294s][info][class,load] org.springframework.context.annotation.ConfigurationClassParser$$Lambda/0x000007fc03082d58 source: org.springframework.context.annotation.ConfigurationClassParser
[0.294s][info][class,load] org.springframework.context.annotation.ConfigurationClassParser$$Lambda/0x000007fc03082fb0 source: org.springframework.context.annotation.ConfigurationClassParser
[0.294s][info][class,load] org.springframework.context.annotation.ConfigurationClassParser$DeferredImportSelectorHolder source: shared objects file
[0.294s][info][class,load] org.springframework.context.annotation.ConfigurationClassParser$$Lambda/0x000007fc03083208 source: org.springframework.context.annotation.ConfigurationClassParser
[0.294s][info][class,load] org.springframework.context.annotation.ImportRegistry source: shared objects file
[0.294s][info][class,load] org.springframework.context.annotation.ConfigurationClassParser$ImportStack source: shared objects file
[0.294s][info][class,load] org.springframework.context.annotation.ConfigurationClassParser$DeferredImportSelectorHandler source: shared objects file
[0.295s][info][class,load] org.springframework.context.annotation.ConfigurationClassParser$SourceClass source: shared objects file
[0.295s][info][class,load] org.springframework.context.annotation.PropertySourceRegistry source: shared objects file
[0.295s][info][class,load] org.springframework.core.io.support.PropertySourceProcessor source: shared objects file
[0.295s][info][class,load] org.springframework.core.io.support.PropertySourceFactory source: shared objects file
[0.295s][info][class,load] org.springframework.core.io.support.DefaultPropertySourceFactory source: shared objects file
[0.295s][info][class,load] org.springframework.context.annotation.ComponentScanAnnotationParser source: shared objects file
[0.295s][info][class,load] org.springframework.context.annotation.ConfigurationClass source: shared objects file
[0.295s][info][class,load] org.springframework.context.annotation.ScannedGenericBeanDefinition source: shared objects file
[0.295s][info][class,load] org.springframework.core.io.DescriptiveResource source: shared objects file
[0.295s][info][class,load] org.springframework.context.annotation.ConfigurationCondition$ConfigurationPhase source: shared objects file
[0.295s][info][class,load] org.springframework.context.annotation.PropertySource source: shared objects file
[0.295s][info][class,load] org.springframework.context.annotation.PropertySources source: shared objects file
[0.295s][info][class,load] org.springframework.core.type.AnnotatedTypeMetadata$$Lambda/0x000007fc030834a8 source: org.springframework.core.type.AnnotatedTypeMetadata
[0.295s][info][class,load] org.springframework.core.annotation.MergedAnnotationPredicates source: shared objects file
[0.295s][info][class,load] org.springframework.core.annotation.MergedAnnotationPredicates$$Lambda/0x000007fc03083700 source: org.springframework.core.annotation.MergedAnnotationPredicates
[0.296s][info][class,load] org.springframework.core.type.AnnotatedTypeMetadata$$Lambda/0x000007fc03083960 source: org.springframework.core.type.AnnotatedTypeMetadata
[0.296s][info][class,load] java.util.Comparator$$Lambda/0x000007fc03002148 source: java.util.Comparator
[0.296s][info][class,load] org.springframework.core.type.AnnotatedTypeMetadata$$Lambda/0x000007fc03083b88 source: org.springframework.core.type.AnnotatedTypeMetadata
[0.296s][info][class,load] org.springframework.core.type.AnnotatedTypeMetadata$$Lambda/0x000007fc03086000 source: org.springframework.core.type.AnnotatedTypeMetadata
[0.296s][info][class,load] org.springframework.core.type.AnnotatedTypeMetadata$$Lambda/0x000007fc03086250 source: org.springframework.core.type.AnnotatedTypeMetadata
[0.296s][info][class,load] org.springframework.context.annotation.ConfigurationClassParser$$Lambda/0x000007fc03086478 source: org.springframework.context.annotation.ConfigurationClassParser
[0.296s][info][class,load] org.springframework.context.annotation.ConfigurationClassParser$$Lambda/0x000007fc030866d0 source: org.springframework.context.annotation.ConfigurationClassParser
[0.296s][info][class,load] org.springframework.context.annotation.TypeFilterUtils source: shared objects file
[0.296s][info][class,load] org.springframework.context.annotation.TypeFilterUtils$1 source: shared objects file
[0.296s][info][class,load] org.springframework.context.annotation.ParserStrategyUtils source: shared objects file
[0.296s][info][class,load] org.springframework.context.annotation.ComponentScanAnnotationParser$1 source: shared objects file
[0.297s][info][class,load] org.springframework.core.io.support.PathMatchingResourcePatternResolver$$Lambda/0x000007fc03086928 source: org.springframework.core.io.support.PathMatchingResourcePatternResolver
[0.297s][info][class,load] org.springframework.core.io.support.PathMatchingResourcePatternResolver$$Lambda/0x000007fc03086b88 source: org.springframework.core.io.support.PathMatchingResourcePatternResolver
[0.297s][info][class,load] org.springframework.core.io.support.PathMatchingResourcePatternResolver$$Lambda/0x000007fc03086dc8 source: org.springframework.core.io.support.PathMatchingResourcePatternResolver
[0.297s][info][class,load] org.springframework.util.AntPathMatcher$AntPathStringMatcher source: shared objects file
[0.297s][info][class,load] org.springframework.util.AntPathMatcher$AntPathStringMatcher$MaxAttemptsCharSequence source: shared objects file
[0.297s][info][class,load] org.springframework.util.AntPathMatcher$AntPathStringMatcher$MaxAttemptsCharSequence$Counter source: shared objects file
[0.297s][info][class,load] org.springframework.core.type.classreading.ClassFileMetadataReader source: shared objects file
[0.298s][info][class,load] org.springframework.core.type.classreading.ClassFileAnnotationMetadata source: shared objects file
[0.298s][info][class,load] org.springframework.core.type.classreading.ClassFileAnnotationMetadata$Builder source: shared objects file
[0.298s][info][class,load] org.springframework.core.annotation.MergedAnnotationsCollection source: shared objects file
[0.298s][info][class,load] org.springframework.core.type.classreading.ClassFileAnnotationMetadata$$Lambda/0x000007fc03087028 source: org.springframework.core.type.classreading.ClassFileAnnotationMetadata
[0.298s][info][class,load] org.springframework.core.type.classreading.ClassFileAnnotationMetadata$$TypeSwitch/0x000007fc03087268 source: org.springframework.core.type.classreading.ClassFileAnnotationMetadata
[0.299s][info][class,load] org.springframework.core.type.MethodMetadata source: shared objects file
[0.299s][info][class,load] org.springframework.core.type.classreading.ClassFileMethodMetadata source: shared objects file
[0.299s][info][class,load] org.springframework.core.type.classreading.ClassFileMethodMetadata$$Lambda/0x000007fc03087478 source: org.springframework.core.type.classreading.ClassFileMethodMetadata
[0.299s][info][class,load] org.springframework.core.type.classreading.ClassFileMethodMetadata$Source source: shared objects file
[0.299s][info][class,load] org.springframework.core.type.classreading.ClassFileMethodMetadata$$Lambda/0x000007fc030876c0 source: org.springframework.core.type.classreading.ClassFileMethodMetadata
[0.299s][info][class,load] org.springframework.core.type.classreading.ClassFileMethodMetadata$$Lambda/0x000007fc03087920 source: org.springframework.core.type.classreading.ClassFileMethodMetadata
[0.299s][info][class,load] org.springframework.core.type.classreading.ClassFileMethodMetadata$$Lambda/0x000007fc03087b70 source: org.springframework.core.type.classreading.ClassFileMethodMetadata
[0.299s][info][class,load] org.springframework.core.type.classreading.ClassFileMethodMetadata$$Lambda/0x000007fc03087dc0 source: org.springframework.core.type.classreading.ClassFileMethodMetadata
[0.299s][info][class,load] org.springframework.core.type.classreading.ClassFileAnnotationDelegate source: shared objects file
[0.299s][info][class,load] org.springframework.core.type.classreading.ClassFileAnnotationDelegate$$Lambda/0x000007fc03085800 source: org.springframework.core.type.classreading.ClassFileAnnotationDelegate
[0.299s][info][class,load] org.springframework.core.type.classreading.ClassFileAnnotationDelegate$$Lambda/0x000007fc03085a50 source: org.springframework.core.type.classreading.ClassFileAnnotationDelegate
[0.300s][info][class,load] org.springframework.core.type.classreading.ClassFileAnnotationDelegate$Source source: shared objects file
[0.300s][info][class,load] org.springframework.core.annotation.TypeMappedAnnotation$$Lambda/0x000007fc03085ca8 source: org.springframework.core.annotation.TypeMappedAnnotation
[0.300s][info][class,load] org.springframework.core.type.classreading.ClassFileAnnotationDelegate$$TypeSwitch/0x000007fc03085400 source: org.springframework.core.type.classreading.ClassFileAnnotationDelegate
[0.300s][info][class,load] org.springframework.core.type.classreading.ClassFileAnnotationDelegate$$TypeSwitch/0x000007fc03088000 source: org.springframework.core.type.classreading.ClassFileAnnotationDelegate
[0.300s][info][class,load] org.springframework.core.type.AnnotationMetadata$$Lambda/0x000007fc03088210 source: org.springframework.core.type.AnnotationMetadata
[0.301s][info][class,load] org.springframework.core.type.classreading.ClassFileAnnotationMetadata$Builder$$Lambda/0x000007fc03088468 source: org.springframework.core.type.classreading.ClassFileAnnotationMetadata
[0.302s][info][class,load] org.springframework.beans.factory.BeanRegistrar source: shared objects file
[0.302s][info][class,load] org.springframework.boot.autoconfigure.AutoConfigurationImportSelector$AutoConfigurationEntry source: shared objects file
[0.302s][info][class,load] org.springframework.boot.autoconfigure.AutoConfiguration source: shared objects file
[0.302s][info][class,load] org.springframework.boot.autoconfigure.AutoConfigurationImportSelector$$Lambda/0x000007fc030886a8 source: org.springframework.boot.autoconfigure.AutoConfigurationImportSelector
[0.302s][info][class,load] org.springframework.context.annotation.Bean source: shared objects file
[0.303s][info][class,load] org.springframework.util.ReflectionUtils$MethodCallback source: shared objects file
[0.303s][info][class,load] org.springframework.core.type.StandardAnnotationMetadata$$Lambda/0x000007fc03088908 source: org.springframework.core.type.StandardAnnotationMetadata
[0.303s][info][class,load] org.springframework.context.annotation.ConfigurationClassParser$DeferredImportSelectorGroupingHandler source: shared objects file
[0.303s][info][class,load] org.springframework.context.annotation.ConfigurationClassParser$DeferredImportSelectorHandler$$Lambda/0x000007fc03088b38 source: org.springframework.context.annotation.ConfigurationClassParser
[0.303s][info][class,load] org.springframework.context.annotation.DeferredImportSelector$Group source: shared objects file
[0.303s][info][class,load] org.springframework.boot.autoconfigure.AutoConfigurationImportSelector$AutoConfigurationGroup source: shared objects file
[0.303s][info][class,load] org.springframework.context.annotation.ConfigurationClassParser$DeferredImportSelectorGrouping source: shared objects file
[0.303s][info][class,load] org.springframework.context.annotation.ConfigurationClassParser$DeferredImportSelectorGroupingHandler$$Lambda/0x000007fc03088d78 source: org.springframework.context.annotation.ConfigurationClassParser
[0.303s][info][class,load] org.springframework.boot.autoconfigure.AutoConfigurationImportSelector$AutoConfigurationGroup$$Lambda/0x000007fc03088fc8 source: org.springframework.boot.autoconfigure.AutoConfigurationImportSelector
[0.303s][info][class,load] org.springframework.boot.autoconfigure.AutoConfigurationReplacements source: shared objects file
[0.303s][info][class,load] org.springframework.boot.autoconfigure.AutoConfigurationImportSelector$$Lambda/0x000007fc030891f8 source: org.springframework.boot.autoconfigure.AutoConfigurationImportSelector
[0.304s][info][class,load] org.springframework.boot.context.annotation.ImportCandidates source: shared objects file
[0.304s][info][class,load] org.springframework.boot.autoconfigure.AutoConfigurationImportSelector$$Lambda/0x000007fc03089428 source: org.springframework.boot.autoconfigure.AutoConfigurationImportSelector
[0.304s][info][class,load] org.springframework.boot.autoconfigure.AutoConfigurationImportFilter source: shared objects file
[0.305s][info][class,load] org.springframework.boot.autoconfigure.condition.SpringBootCondition source: shared objects file
[0.305s][info][class,load] org.springframework.boot.autoconfigure.condition.FilteringSpringBootCondition source: shared objects file
[0.305s][info][class,load] org.springframework.context.annotation.ConfigurationCondition source: shared objects file
[0.305s][info][class,load] org.springframework.boot.autoconfigure.condition.OnBeanCondition source: shared objects file
[0.305s][info][class,load] org.springframework.boot.autoconfigure.condition.OnClassCondition source: shared objects file
[0.305s][info][class,load] org.springframework.boot.autoconfigure.condition.OnWebApplicationCondition source: shared objects file
[0.305s][info][class,load] org.springframework.boot.autoconfigure.AutoConfigurationImportSelector$ConfigurationClassFilter source: shared objects file
[0.305s][info][class,load] org.springframework.boot.autoconfigure.AutoConfigurationMetadataLoader source: shared objects file
[0.305s][info][class,load] org.springframework.boot.autoconfigure.AutoConfigurationMetadata source: shared objects file
[0.305s][info][class,load] org.springframework.boot.autoconfigure.AutoConfigurationMetadataLoader$PropertiesAutoConfigurationMetadata source: shared objects file
[0.305s][info][class,load] org.springframework.boot.autoconfigure.condition.OnClassCondition$OutcomesResolver source: shared objects file
[0.305s][info][class,load] org.springframework.boot.autoconfigure.condition.OnClassCondition$StandardOutcomesResolver source: shared objects file
[0.306s][info][class,load] org.springframework.boot.autoconfigure.condition.OnClassCondition$ThreadedOutcomesResolver source: shared objects file
[0.306s][info][class,load] org.springframework.boot.autoconfigure.condition.OnClassCondition$ThreadedOutcomesResolver$$Lambda/0x000007fc03089670 source: org.springframework.boot.autoconfigure.condition.OnClassCondition
[0.306s][info][class,load] org.springframework.boot.autoconfigure.condition.ConditionOutcome source: shared objects file
[0.306s][info][class,load] org.springframework.boot.autoconfigure.condition.FilteringSpringBootCondition$ClassNameFilter source: shared objects file
[0.306s][info][class,load] org.springframework.boot.autoconfigure.condition.FilteringSpringBootCondition$ClassNameFilter$1 source: shared objects file
[0.306s][info][class,load] org.springframework.boot.autoconfigure.condition.FilteringSpringBootCondition$ClassNameFilter$2 source: shared objects file
[0.306s][info][class,load] org.springframework.jmx.support.MBeanRegistrationSupport source: shared objects file
[0.306s][info][class,load] org.springframework.jmx.export.MBeanExportOperations source: shared objects file
[0.306s][info][class,load] org.springframework.jmx.export.MBeanExporter source: shared objects file
[0.307s][info][class,load] org.springframework.util.CustomizableThreadCreator source: shared objects file
[0.307s][info][class,load] org.springframework.scheduling.concurrent.CustomizableThreadFactory source: shared objects file
[0.307s][info][class,load] org.springframework.scheduling.concurrent.ExecutorConfigurationSupport source: shared objects file
[0.307s][info][class,load] org.springframework.core.task.TaskExecutor source: shared objects file
[0.307s][info][class,load] org.springframework.core.task.AsyncTaskExecutor source: shared objects file
[0.307s][info][class,load] org.springframework.scheduling.SchedulingTaskExecutor source: shared objects file
[0.307s][info][class,load] org.springframework.scheduling.concurrent.ThreadPoolTaskExecutor source: shared objects file
[0.307s][info][class,load] org.springframework.scheduling.TaskScheduler source: shared objects file
[0.307s][info][class,load] org.springframework.scheduling.concurrent.ThreadPoolTaskScheduler source: shared objects file
[0.307s][info][class,load] org.springframework.boot.autoconfigure.condition.ConditionalOnBean source: shared objects file
[0.307s][info][class,load] org.springframework.boot.autoconfigure.condition.ConditionalOnSingleCandidate source: shared objects file
[0.307s][info][class,load] org.springframework.boot.autoconfigure.AutoConfigurationImportListener source: shared objects file
[0.308s][info][class,load] org.springframework.boot.autoconfigure.condition.ConditionEvaluationReportAutoConfigurationImportListener source: shared objects file
[0.308s][info][class,load] org.springframework.boot.autoconfigure.AutoConfigurationImportEvent source: shared objects file
[0.308s][info][class,load] org.springframework.boot.autoconfigure.AutoConfigurationImportSelector$AutoConfigurationGroup$$Lambda/0x000007fc030898a0 source: org.springframework.boot.autoconfigure.AutoConfigurationImportSelector
[0.308s][info][class,load] org.springframework.boot.autoconfigure.AutoConfigurationImportSelector$AutoConfigurationGroup$$Lambda/0x000007fc03089ae8 source: org.springframework.boot.autoconfigure.AutoConfigurationImportSelector
[0.308s][info][class,load] org.springframework.boot.autoconfigure.AutoConfigurationImportSelector$AutoConfigurationGroup$$Lambda/0x000007fc03089d30 source: org.springframework.boot.autoconfigure.AutoConfigurationImportSelector
[0.308s][info][class,load] org.springframework.boot.autoconfigure.AutoConfigurationImportSelector$AutoConfigurationGroup$$Lambda/0x000007fc03089f78 source: org.springframework.boot.autoconfigure.AutoConfigurationImportSelector
[0.308s][info][class,load] org.springframework.boot.autoconfigure.AutoConfigurationImportSelector$AutoConfigurationGroup$$Lambda/0x000007fc0308a1c0 source: org.springframework.boot.autoconfigure.AutoConfigurationImportSelector
[0.308s][info][class,load] org.springframework.boot.autoconfigure.AutoConfigurationSorter source: shared objects file
[0.308s][info][class,load] org.springframework.boot.autoconfigure.AutoConfigurationImportSelector$AutoConfigurationGroup$$Lambda/0x000007fc0308a3e8 source: org.springframework.boot.autoconfigure.AutoConfigurationImportSelector
[0.308s][info][class,load] org.springframework.boot.autoconfigure.AutoConfigurationSorter$AutoConfigurationClasses source: shared objects file
[0.309s][info][class,load] org.springframework.boot.autoconfigure.AutoConfigurationSorter$AutoConfigurationClass source: shared objects file
[0.309s][info][class,load] org.springframework.boot.autoconfigure.AutoConfigureBefore source: shared objects file
[0.309s][info][class,load] org.springframework.boot.autoconfigure.AutoConfigureAfter source: shared objects file
[0.309s][info][class,load] org.springframework.boot.autoconfigure.AutoConfigurationSorter$$Lambda/0x000007fc0308a650 source: org.springframework.boot.autoconfigure.AutoConfigurationSorter
[0.309s][info][class,load] org.springframework.boot.autoconfigure.AutoConfigurationSorter$$Lambda/0x000007fc0308a8f8 source: org.springframework.boot.autoconfigure.AutoConfigurationSorter
[0.309s][info][class,load] org.springframework.boot.autoconfigure.AutoConfigurationSorter$AutoConfigurationClasses$$Lambda/0x000007fc0308ab48 source: org.springframework.boot.autoconfigure.AutoConfigurationSorter
[0.309s][info][class,load] org.springframework.boot.autoconfigure.AutoConfigurationSorter$$Lambda/0x000007fc0308ad88 source: org.springframework.boot.autoconfigure.AutoConfigurationSorter
[0.309s][info][class,load] org.springframework.context.annotation.DeferredImportSelector$Group$Entry source: shared objects file
[0.309s][info][class,load] org.springframework.boot.autoconfigure.AutoConfigurationImportSelector$AutoConfigurationGroup$$Lambda/0x000007fc0308afb8 source: org.springframework.boot.autoconfigure.AutoConfigurationImportSelector
[0.309s][info][class,load] org.springframework.context.annotation.ConfigurationClassParser$DeferredImportSelectorGroupingHandler$$Lambda/0x000007fc0308b208 source: org.springframework.context.annotation.ConfigurationClassParser
[0.310s][info][class,load] org.springframework.context.annotation.Bean$Bootstrap source: shared objects file
[0.310s][info][class,load] jdk.proxy2.$Proxy25 source: shared objects file
[0.310s][info][class,load] jdk.proxy2.$Proxy26 source: shared objects file
[0.311s][info][class,load] org.springframework.boot.autoconfigure.condition.ConditionalOnMissingBean source: shared objects file
[0.311s][info][class,load] org.springframework.boot.autoconfigure.condition.SearchStrategy source: shared objects file
[0.311s][info][class,load] jdk.proxy2.$Proxy27 source: shared objects file
[0.311s][info][class,load] org.springframework.boot.autoconfigure.AutoConfigureOrder source: shared objects file
[0.311s][info][class,load] org.springframework.boot.context.properties.EnableConfigurationProperties source: shared objects file
[0.311s][info][class,load] org.springframework.boot.context.properties.EnableConfigurationPropertiesRegistrar source: shared objects file
[0.311s][info][class,load] org.springframework.context.annotation.ImportRuntimeHints source: shared objects file
[0.312s][info][class,load] org.springframework.core.type.filter.AssignableTypeFilter source: shared objects file
[0.312s][info][class,load] org.springframework.core.annotation.MergedAnnotationsCollection$AnnotationsSpliterator source: shared objects file
[0.312s][info][class,load] org.springframework.core.type.AnnotatedTypeMetadata$$Lambda/0x000007fc0308b448 source: org.springframework.core.type.AnnotatedTypeMetadata
[0.312s][info][class,load] org.springframework.core.annotation.MergedAnnotationPredicates$UniquePredicate source: shared objects file
[0.312s][info][class,load] org.springframework.core.type.AnnotatedTypeMetadata$$Lambda/0x000007fc0308b690 source: org.springframework.core.type.AnnotatedTypeMetadata
[0.312s][info][class,load] org.springframework.core.type.AnnotatedTypeMetadata$$Lambda/0x000007fc0308b8d8 source: org.springframework.core.type.AnnotatedTypeMetadata
[0.312s][info][class,load] org.springframework.core.annotation.MergedAnnotationCollectors source: shared objects file
[0.312s][info][class,load] org.springframework.core.annotation.MergedAnnotationCollectors$$Lambda/0x000007fc0308bb20 source: org.springframework.core.annotation.MergedAnnotationCollectors
[0.312s][info][class,load] org.springframework.core.annotation.MergedAnnotationCollectors$$Lambda/0x000007fc0308bd48 source: org.springframework.core.annotation.MergedAnnotationCollectors
[0.312s][info][class,load] org.springframework.core.annotation.MergedAnnotationCollectors$$Lambda/0x000007fc0308bf88 source: org.springframework.core.annotation.MergedAnnotationCollectors
[0.312s][info][class,load] org.springframework.core.annotation.TypeMappedAnnotation$$Lambda/0x000007fc0308c1d8 source: org.springframework.core.annotation.TypeMappedAnnotation
[0.312s][info][class,load] org.springframework.core.annotation.MergedAnnotationCollectors$$Lambda/0x000007fc0308c420 source: org.springframework.core.annotation.MergedAnnotationCollectors
[0.312s][info][class,load] org.springframework.boot.autoconfigure.context.MessageSourceAutoConfiguration$ResourceBundleCondition source: shared objects file
[0.312s][info][class,load] org.springframework.boot.autoconfigure.condition.ConditionMessage source: shared objects file
[0.312s][info][class,load] org.springframework.boot.autoconfigure.condition.ConditionMessage$Builder source: shared objects file
[0.313s][info][class,load] org.springframework.boot.autoconfigure.condition.ConditionMessage$ItemsBuilder source: shared objects file
[0.313s][info][class,load] org.springframework.boot.autoconfigure.condition.ConditionMessage$Style source: shared objects file
[0.313s][info][class,load] org.springframework.boot.autoconfigure.condition.ConditionMessage$Style$1 source: shared objects file
[0.313s][info][class,load] org.springframework.boot.autoconfigure.condition.ConditionMessage$Style$2 source: shared objects file
[0.313s][info][class,load] org.springframework.boot.autoconfigure.condition.ConditionEvaluationReport$ConditionAndOutcomes source: shared objects file
[0.313s][info][class,load] org.springframework.boot.autoconfigure.condition.ConditionEvaluationReport$$Lambda/0x000007fc0308c660 source: org.springframework.boot.autoconfigure.condition.ConditionEvaluationReport
[0.313s][info][class,load] org.springframework.boot.autoconfigure.condition.ConditionEvaluationReport$ConditionAndOutcome source: shared objects file
[0.313s][info][class,load] org.springframework.core.type.AnnotationMetadata$$Lambda/0x000007fc0308c8a8 source: org.springframework.core.type.AnnotationMetadata
[0.313s][info][class,load] org.springframework.core.type.AnnotationMetadata$$Lambda/0x000007fc0308cb00 source: org.springframework.core.type.AnnotationMetadata
[0.313s][info][class,load] org.springframework.core.type.AnnotationMetadata$$Lambda/0x000007fc0308cd48 source: org.springframework.core.type.AnnotationMetadata
[0.315s][info][class,load] org.springframework.context.annotation.ConfigurationMethod source: shared objects file
[0.315s][info][class,load] org.springframework.context.annotation.BeanMethod source: shared objects file
[0.315s][info][class,load] org.springframework.core.type.classreading.ClassFileMethodMetadata$Source$$Lambda/0x000007fc0308cf70 source: org.springframework.core.type.classreading.ClassFileMethodMetadata
[0.315s][info][class,load] org.springframework.core.type.classreading.ClassFileMethodMetadata$Source$$Lambda/0x000007fc0308d1b0 source: org.springframework.core.type.classreading.ClassFileMethodMetadata
[0.315s][info][class,load] org.springframework.boot.autoconfigure.condition.ConditionalOnClass source: shared objects file
[0.316s][info][class,load] org.springframework.boot.autoconfigure.condition.ConditionalOnBooleanProperty source: shared objects file
[0.316s][info][class,load] org.springframework.boot.autoconfigure.condition.OnPropertyCondition source: shared objects file
[0.316s][info][class,load] org.springframework.boot.autoconfigure.condition.ConditionalOnBooleanProperties source: shared objects file
[0.316s][info][class,load] org.springframework.boot.autoconfigure.condition.ConditionalOnMissingClass source: shared objects file
[0.316s][info][class,load] org.springframework.boot.autoconfigure.condition.ConditionalOnProperty source: shared objects file
[0.316s][info][class,load] org.springframework.boot.autoconfigure.condition.ConditionalOnProperties source: shared objects file
[0.316s][info][class,load] org.springframework.boot.autoconfigure.condition.OnPropertyCondition$$Lambda/0x000007fc0308d3f8 source: org.springframework.boot.autoconfigure.condition.OnPropertyCondition
[0.316s][info][class,load] org.springframework.boot.autoconfigure.condition.OnPropertyCondition$$Lambda/0x000007fc0308d640 source: org.springframework.boot.autoconfigure.condition.OnPropertyCondition
[0.316s][info][class,load] org.springframework.boot.autoconfigure.condition.OnPropertyCondition$Spec source: shared objects file
[0.316s][info][class,load] org.springframework.boot.autoconfigure.condition.OnPropertyCondition$Spec$$Lambda/0x000007fc0308d890 source: org.springframework.boot.autoconfigure.condition.OnPropertyCondition
[0.316s][info][class,load] org.springframework.boot.autoconfigure.condition.OnPropertyCondition$Spec$$Lambda/0x000007fc0308dac0 source: org.springframework.boot.autoconfigure.condition.OnPropertyCondition
[0.317s][info][class,load] org.springframework.core.type.classreading.ClassFileAnnotationMetadata$Builder$$Lambda/0x000007fc0308dcf0 source: org.springframework.core.type.classreading.ClassFileAnnotationMetadata
[0.320s][info][class,load] org.springframework.boot.autoconfigure.condition.ConditionalOnResource source: shared objects file
[0.320s][info][class,load] org.springframework.boot.autoconfigure.condition.OnResourceCondition source: shared objects file
[0.323s][info][class,load] org.springframework.boot.autoconfigure.condition.ConditionalOnThreading source: shared objects file
[0.323s][info][class,load] org.springframework.boot.thread.Threading source: shared objects file
[0.323s][info][class,load] org.springframework.boot.thread.Threading$1 source: shared objects file
[0.323s][info][class,load] org.springframework.boot.thread.Threading$2 source: shared objects file
[0.323s][info][class,load] org.springframework.boot.autoconfigure.condition.OnThreadingCondition source: shared objects file
[0.324s][info][class,load] org.springframework.boot.autoconfigure.condition.AbstractNestedCondition source: shared objects file
[0.324s][info][class,load] org.springframework.boot.autoconfigure.condition.AnyNestedCondition source: shared objects file
[0.324s][info][class,load] org.springframework.boot.autoconfigure.task.TaskExecutorConfigurations$OnExecutorCondition source: shared objects file
[0.325s][info][class,load] org.springframework.scheduling.annotation.AsyncConfigurer source: shared objects file
[0.327s][info][class,load] org.springframework.context.annotation.ConfigurationClassBeanDefinitionReader source: shared objects file
[0.327s][info][class,load] org.springframework.context.annotation.ConfigurationClassBeanDefinitionReader$TrackedConditionEvaluator source: shared objects file
[0.327s][info][class,load] org.springframework.context.annotation.ConfigurationClassBeanDefinitionReader$$Lambda/0x000007fc0308df30 source: org.springframework.context.annotation.ConfigurationClassBeanDefinitionReader
[0.328s][info][class,load] org.springframework.context.annotation.ConfigurationClassBeanDefinitionReader$$Lambda/0x000007fc0308e170 source: org.springframework.context.annotation.ConfigurationClassBeanDefinitionReader
[0.328s][info][class,load] org.springframework.boot.autoconfigure.AutoConfigurationPackages$PackageImports source: shared objects file
[0.328s][info][class,load] org.springframework.boot.autoconfigure.AutoConfigurationPackages source: shared objects file
[0.328s][info][class,load] org.springframework.boot.autoconfigure.AutoConfigurationPackages$BasePackages source: shared objects file
[0.328s][info][class,load] org.springframework.beans.factory.config.ConstructorArgumentValues source: shared objects file
[0.328s][info][class,load] org.springframework.beans.factory.config.ConstructorArgumentValues$ValueHolder source: shared objects file
[0.328s][info][class,load] org.springframework.context.annotation.ConfigurationClassBeanDefinitionReader$$Lambda/0x000007fc0308e3b0 source: org.springframework.context.annotation.ConfigurationClassBeanDefinitionReader
[0.328s][info][class,load] org.springframework.boot.autoconfigure.condition.OnBeanCondition$Spec source: shared objects file
[0.328s][info][class,load] org.springframework.boot.autoconfigure.condition.OnBeanCondition$Spec$$Lambda/0x000007fc0308e5f0 source: org.springframework.boot.autoconfigure.condition.OnBeanCondition
[0.328s][info][class,load] org.springframework.core.annotation.MergedAnnotationCollectors$$Lambda/0x000007fc0308e838 source: org.springframework.core.annotation.MergedAnnotationCollectors
[0.328s][info][class,load] org.springframework.boot.autoconfigure.context.PropertyPlaceholderAutoConfiguration source: shared objects file
[0.329s][info][class,load] org.springframework.core.io.support.PropertiesLoaderSupport source: shared objects file
[0.329s][info][class,load] org.springframework.beans.factory.config.PropertyResourceConfigurer source: shared objects file
[0.329s][info][class,load] org.springframework.beans.factory.config.PlaceholderConfigurerSupport source: shared objects file
[0.329s][info][class,load] org.springframework.context.support.PropertySourcesPlaceholderConfigurer source: shared objects file
[0.329s][info][class,load] jdk.proxy2.$Proxy28 source: shared objects file
[0.330s][info][class,load] jdk.proxy2.$Proxy29 source: shared objects file
[0.330s][info][class,load] jdk.proxy2.$Proxy30 source: shared objects file
[0.330s][info][class,load] jdk.proxy2.$Proxy31 source: shared objects file
[0.330s][info][class,load] org.springframework.boot.autoconfigure.condition.OnBeanCondition$BeanType source: shared objects file
[0.330s][info][class,load] org.springframework.boot.autoconfigure.condition.OnBeanCondition$Spec$$Lambda/0x000007fc0308ea80 source: org.springframework.boot.autoconfigure.condition.OnBeanCondition
[0.330s][info][class,load] org.springframework.boot.autoconfigure.condition.OnBeanCondition$Spec$$Lambda/0x000007fc0308ecd0 source: org.springframework.boot.autoconfigure.condition.OnBeanCondition
[0.330s][info][class,load] org.springframework.boot.autoconfigure.condition.OnBeanCondition$MatchResult source: shared objects file
[0.330s][info][class,load] org.springframework.beans.factory.config.ConstructorArgumentValues$$Lambda/0x000007fc0308ef30 source: org.springframework.beans.factory.config.ConstructorArgumentValues
[0.330s][info][class,load] org.springframework.beans.factory.config.ConstructorArgumentValues$$Lambda/0x000007fc0308f170 source: org.springframework.beans.factory.config.ConstructorArgumentValues
[0.330s][info][class,load] org.springframework.beans.factory.config.ConstructorArgumentValues$$Lambda/0x000007fc0308f3d0 source: org.springframework.beans.factory.config.ConstructorArgumentValues
[0.331s][info][class,load] java.lang.invoke.LambdaForm$DMH/0x000007fc03090000 source: __JVM_LookupDefineClass__
[0.331s][info][class,load] org.springframework.boot.autoconfigure.condition.OnBeanCondition$$Lambda/0x000007fc0308f610 source: org.springframework.boot.autoconfigure.condition.OnBeanCondition
[0.331s][info][class,load] org.springframework.context.annotation.ConfigurationBeanNameGenerator source: shared objects file
[0.331s][info][class,load] org.springframework.context.annotation.ConfigurationClassBeanDefinitionReader$ConfigurationClassBeanDefinition source: shared objects file
[0.331s][info][class,load] org.springframework.core.type.StandardMethodMetadata source: shared objects file
[0.332s][info][class,load] org.springframework.boot.availability.ApplicationAvailability source: shared objects file
[0.332s][info][class,load] org.springframework.beans.factory.support.AbstractAutowireCapableBeanFactory$$Lambda/0x000007fc0308f870 source: org.springframework.beans.factory.support.AbstractAutowireCapableBeanFactory
[0.332s][info][class,load] org.springframework.util.ReflectionUtils$$Lambda/0x000007fc0308fab8 source: org.springframework.util.ReflectionUtils
[0.332s][info][class,load] org.springframework.context.annotation.BeanAnnotationHelper source: shared objects file
[0.332s][info][class,load] org.springframework.core.annotation.AnnotatedElementUtils source: shared objects file
[0.332s][info][class,load] org.springframework.boot.autoconfigure.aop.AopAutoConfiguration$ClassProxyingConfiguration source: shared objects file
[0.333s][info][class,load] jdk.proxy2.$Proxy32 source: shared objects file
[0.333s][info][class,load] jdk.proxy2.$Proxy33 source: shared objects file
[0.333s][info][class,load] org.springframework.boot.autoconfigure.aop.AopAutoConfiguration source: shared objects file
[0.333s][info][class,load] org.springframework.boot.autoconfigure.availability.ApplicationAvailabilityAutoConfiguration source: shared objects file
[0.334s][info][class,load] org.springframework.boot.context.properties.ConfigurationPropertiesBindingPostProcessor source: shared objects file
[0.334s][info][class,load] org.springframework.boot.context.properties.ConfigurationPropertiesBinder source: shared objects file
[0.334s][info][class,load] org.springframework.boot.context.properties.ConfigurationPropertiesBinder$ConfigurationPropertiesBinderFactory source: shared objects file
[0.334s][info][class,load] org.springframework.boot.context.properties.BoundConfigurationProperties source: shared objects file
[0.334s][info][class,load] org.springframework.boot.validation.beanvalidation.MethodValidationExcludeFilter source: shared objects file
[0.334s][info][class,load] org.springframework.boot.context.properties.ConfigurationProperties source: shared objects file
[0.334s][info][class,load] org.springframework.boot.context.properties.ConfigurationPropertiesBeanRegistrar source: shared objects file
[0.334s][info][class,load] org.springframework.boot.context.properties.EnableConfigurationPropertiesRegistrar$$Lambda/0x000007fc0308fce8 source: org.springframework.boot.context.properties.EnableConfigurationPropertiesRegistrar
[0.335s][info][class,load] org.springframework.boot.context.properties.EnableConfigurationPropertiesRegistrar$$Lambda/0x000007fc03094000 source: org.springframework.boot.context.properties.EnableConfigurationPropertiesRegistrar
[0.335s][info][class,load] org.springframework.boot.context.properties.EnableConfigurationPropertiesRegistrar$$Lambda/0x000007fc03094258 source: org.springframework.boot.context.properties.EnableConfigurationPropertiesRegistrar
[0.335s][info][class,load] org.springframework.boot.autoconfigure.context.LifecycleProperties source: shared objects file
[0.335s][info][class,load] jdk.proxy2.$Proxy34 source: shared objects file
[0.335s][info][class,load] org.springframework.boot.context.properties.ConfigurationPropertiesBeanRegistrar$$Lambda/0x000007fc03094498 source: org.springframework.boot.context.properties.ConfigurationPropertiesBeanRegistrar
[0.336s][info][class,load] org.springframework.boot.context.properties.ConfigurationPropertiesBean source: shared objects file
[0.336s][info][class,load] org.springframework.boot.context.properties.BindMethodAttribute source: shared objects file
[0.336s][info][class,load] org.springframework.boot.autoconfigure.info.ProjectInfoProperties source: shared objects file
[0.336s][info][class,load] org.springframework.boot.autoconfigure.info.ProjectInfoAutoConfiguration$GitResourceAvailableCondition source: shared objects file
[0.336s][info][class,load] org.springframework.util.PlaceholderParser$ParsedSection source: shared objects file
[0.336s][info][class,load] org.springframework.util.PlaceholderParser$Part source: shared objects file
[0.336s][info][class,load] org.springframework.util.PlaceholderParser$AbstractPart source: shared objects file
[0.336s][info][class,load] org.springframework.util.PlaceholderParser$SimplePlaceholderPart source: shared objects file
[0.336s][info][class,load] org.springframework.util.PlaceholderParser$ParsedValue source: shared objects file
[0.336s][info][class,load] org.springframework.util.PlaceholderParser$PartResolutionContext source: shared objects file
[0.337s][info][class,load] org.springframework.util.PlaceholderParser$$Lambda/0x000007fc030946c8 source: org.springframework.util.PlaceholderParser
[0.337s][info][class,load] org.springframework.boot.autoconfigure.info.ProjectInfoProperties$Build source: shared objects file
[0.337s][info][class,load] org.springframework.boot.autoconfigure.info.ProjectInfoProperties$Git source: shared objects file
[0.337s][info][class,load] org.springframework.boot.autoconfigure.ssl.SslProperties source: shared objects file
[0.337s][info][class,load] org.springframework.boot.ssl.SslBundleRegistry source: shared objects file
[0.337s][info][class,load] org.springframework.boot.ssl.SslBundles source: shared objects file
[0.338s][info][class,load] org.springframework.boot.availability.ApplicationAvailabilityBean source: shared objects file
[0.338s][info][class,load] org.springframework.boot.autoconfigure.context.ConfigurationPropertiesAutoConfiguration source: shared objects file
[0.338s][info][class,load] org.springframework.boot.autoconfigure.context.LifecycleAutoConfiguration source: shared objects file
[0.338s][info][class,load] org.springframework.context.LifecycleProcessor source: shared objects file
[0.338s][info][class,load] org.springframework.context.support.DefaultLifecycleProcessor source: shared objects file
[0.338s][info][class,load] jdk.proxy2.$Proxy35 source: shared objects file
[0.338s][info][class,load] org.springframework.boot.autoconfigure.info.ProjectInfoAutoConfiguration source: shared objects file
[0.338s][info][class,load] org.springframework.boot.autoconfigure.ssl.SslAutoConfiguration source: shared objects file
[0.338s][info][class,load] org.springframework.boot.autoconfigure.ssl.FileWatcher source: shared objects file
[0.338s][info][class,load] org.springframework.boot.autoconfigure.ssl.SslBundleRegistrar source: shared objects file
[0.338s][info][class,load] org.springframework.boot.autoconfigure.ssl.SslPropertiesBundleRegistrar source: shared objects file
[0.339s][info][class,load] org.springframework.beans.factory.ObjectProvider source: shared objects file
[0.339s][info][class,load] org.springframework.boot.ssl.DefaultSslBundleRegistry source: shared objects file
[0.339s][info][class,load] org.springframework.boot.autoconfigure.ssl.SslProperties$Bundles source: shared objects file
[0.339s][info][class,load] org.springframework.boot.autoconfigure.task.TaskExecutorConfigurations$ThreadPoolTaskExecutorBuilderConfiguration source: shared objects file
[0.339s][info][class,load] org.springframework.boot.autoconfigure.task.TaskExecutionProperties source: shared objects file
[0.339s][info][class,load] org.springframework.boot.task.ThreadPoolTaskExecutorBuilder source: shared objects file
[0.339s][info][class,load] org.springframework.util.ReflectionUtils$$Lambda/0x000007fc03094918 source: org.springframework.util.ReflectionUtils
[0.340s][info][class,load] org.springframework.boot.autoconfigure.task.TaskExecutorConfigurations$SimpleAsyncTaskExecutorBuilderConfiguration source: shared objects file
[0.340s][info][class,load] org.springframework.boot.task.SimpleAsyncTaskExecutorBuilder source: shared objects file
[0.340s][info][class,load] jdk.proxy2.$Proxy36 source: shared objects file
[0.341s][info][class,load] org.springframework.aop.scope.ScopedProxyUtils source: shared objects file
[0.341s][info][class,load] org.springframework.boot.autoconfigure.condition.OnBeanCondition$$Lambda/0x000007fc03094b48 source: org.springframework.boot.autoconfigure.condition.OnBeanCondition
[0.341s][info][class,load] org.springframework.boot.autoconfigure.condition.AbstractNestedCondition$MemberConditions source: shared objects file
[0.341s][info][class,load] org.springframework.core.type.classreading.SimpleMetadataReaderFactory source: shared objects file
[0.341s][info][class,load] org.springframework.core.type.classreading.SimpleMetadataReader source: shared objects file
[0.342s][info][class,load] org.springframework.asm.ClassVisitor source: shared objects file
[0.342s][info][class,load] org.springframework.core.type.classreading.SimpleAnnotationMetadataReadingVisitor source: shared objects file
[0.342s][info][class,load] org.springframework.asm.ClassReader source: shared objects file
[0.342s][info][class,load] org.springframework.asm.Attribute source: shared objects file
[0.342s][info][class,load] org.springframework.asm.Context source: shared objects file
[0.342s][info][class,load] org.springframework.core.type.classreading.SimpleAnnotationMetadata source: shared objects file
[0.342s][info][class,load] org.springframework.core.type.classreading.SimpleAnnotationMetadataReadingVisitor$Source source: shared objects file
[0.343s][info][class,load] org.springframework.core.type.classreading.SimpleAnnotationMetadataReadingVisitor$$Lambda/0x000007fc03094d88 source: org.springframework.core.type.classreading.SimpleAnnotationMetadataReadingVisitor
[0.343s][info][class,load] org.springframework.asm.AnnotationVisitor source: shared objects file
[0.343s][info][class,load] org.springframework.core.type.classreading.MergedAnnotationReadingVisitor source: shared objects file
[0.343s][info][class,load] org.springframework.asm.Type source: shared objects file
[0.343s][info][class,load] org.springframework.core.type.classreading.MergedAnnotationReadingVisitor$ArrayVisitor source: shared objects file
[0.343s][info][class,load] org.springframework.core.type.classreading.MergedAnnotationReadingVisitor$$Lambda/0x000007fc03094fc8 source: org.springframework.core.type.classreading.MergedAnnotationReadingVisitor
[0.343s][info][class,load] org.springframework.boot.autoconfigure.condition.AbstractNestedCondition$MemberMatchOutcomes source: shared objects file
[0.343s][info][class,load] org.springframework.boot.autoconfigure.condition.AbstractNestedCondition$MemberConditions$$Lambda/0x000007fc03095208 source: org.springframework.boot.autoconfigure.condition.AbstractNestedCondition
[0.343s][info][class,load] org.springframework.boot.autoconfigure.condition.AbstractNestedCondition$MemberOutcomes source: shared objects file
[0.344s][info][class,load] java.lang.String$$StringConcat/0x000007fc03090400 source: __JVM_LookupDefineClass__
[0.344s][info][class,load] java.lang.invoke.LambdaForm$MH/0x000007fc03090800 source: __JVM_LookupDefineClass__
[0.345s][info][class,load] org.springframework.boot.autoconfigure.task.TaskExecutorConfigurations$AsyncConfigurerWrapperConfiguration source: shared objects file
[0.345s][info][class,load] org.springframework.boot.autoconfigure.task.TaskExecutorConfigurations$AsyncConfigurerConfiguration source: shared objects file
[0.345s][info][class,load] org.springframework.boot.autoconfigure.task.TaskExecutorConfigurations$TaskExecutorContextPropagationConfiguration source: shared objects file
[0.345s][info][class,load] org.springframework.boot.autoconfigure.task.TaskExecutorConfigurations$TaskExecutorConfiguration source: shared objects file
[0.345s][info][class,load] org.springframework.boot.autoconfigure.task.TaskExecutorConfigurations$BootstrapExecutorConfiguration source: shared objects file
[0.345s][info][class,load] org.springframework.boot.autoconfigure.task.TaskExecutionProperties$Pool source: shared objects file
[0.345s][info][class,load] org.springframework.boot.autoconfigure.task.TaskExecutionProperties$Simple source: shared objects file
[0.345s][info][class,load] org.springframework.boot.autoconfigure.task.TaskExecutionProperties$Shutdown source: shared objects file
[0.345s][info][class,load] org.springframework.boot.autoconfigure.task.TaskExecutionProperties$Mode source: shared objects file
[0.345s][info][class,load] org.springframework.boot.autoconfigure.task.TaskSchedulingConfigurations$ThreadPoolTaskSchedulerBuilderConfiguration source: shared objects file
[0.345s][info][class,load] org.springframework.boot.autoconfigure.task.TaskSchedulingProperties source: shared objects file
[0.345s][info][class,load] org.springframework.boot.task.ThreadPoolTaskSchedulerBuilder source: shared objects file
[0.346s][info][class,load] org.springframework.boot.autoconfigure.task.TaskExecutorConfigurations$ApplicationTaskExecutorAsyncConfigurer source: shared objects file
[0.346s][info][class,load] org.springframework.core.task.SimpleAsyncTaskExecutor source: shared objects file
[0.346s][info][class,load] jdk.proxy2.$Proxy37 source: shared objects file
[0.346s][info][class,load] org.springframework.boot.autoconfigure.task.TaskExecutionAutoConfiguration source: shared objects file
[0.347s][info][class,load] org.springframework.boot.autoconfigure.task.TaskSchedulingConfigurations$SimpleAsyncTaskSchedulerBuilderConfiguration source: shared objects file
[0.347s][info][class,load] org.springframework.boot.task.SimpleAsyncTaskSchedulerBuilder source: shared objects file
[0.347s][info][class,load] org.springframework.boot.autoconfigure.task.TaskSchedulingConfigurations$TaskSchedulerConfiguration source: shared objects file
[0.347s][info][class,load] org.springframework.boot.autoconfigure.task.TaskSchedulingProperties$Pool source: shared objects file
[0.347s][info][class,load] org.springframework.boot.autoconfigure.task.TaskSchedulingProperties$Simple source: shared objects file
[0.347s][info][class,load] org.springframework.boot.autoconfigure.task.TaskSchedulingProperties$Shutdown source: shared objects file
[0.348s][info][class,load] org.springframework.util.MultiValueMapAdapter$$Lambda/0x000007fc03095448 source: org.springframework.util.MultiValueMapAdapter
[0.348s][info][class,load] org.springframework.context.annotation.ConfigurationClassPostProcessor$$Lambda/0x000007fc03095688 source: org.springframework.context.annotation.ConfigurationClassPostProcessor
[0.348s][info][class,load] org.springframework.core.type.classreading.CachingMetadataReaderFactory$LocalResourceCache source: shared objects file
[0.348s][info][class,load] org.springframework.boot.autoconfigure.task.TaskSchedulingAutoConfiguration source: shared objects file
[0.348s][info][class,load] org.springframework.context.support.PostProcessorRegistrationDelegate$$Lambda/0x000007fc030958b8 source: org.springframework.context.support.PostProcessorRegistrationDelegate
[0.348s][info][class,load] org.springframework.context.annotation.ConfigurationClassPostProcessor$ImportAwareBeanPostProcessor source: shared objects file
[0.349s][info][class,load] org.springframework.beans.factory.support.ConstructorResolver source: shared objects file
[0.349s][info][class,load] org.springframework.beans.factory.support.SimpleInstantiationStrategy$$Lambda/0x000007fc03095ae8 source: org.springframework.beans.factory.support.SimpleInstantiationStrategy
[0.349s][info][class,load] java.lang.invoke.LambdaForm$DMH/0x000007fc03090c00 source: __JVM_LookupDefineClass__
[0.349s][info][class,load] org.springframework.util.PropertiesPersister source: shared objects file
[0.349s][info][class,load] org.springframework.util.DefaultPropertiesPersister source: shared objects file
[0.349s][info][class,load] org.springframework.context.annotation.ConfigurationClassEnhancer$EnhancedConfiguration source: shared objects file
[0.349s][info][class,load] org.springframework.context.annotation.ImportAware source: shared objects file
[0.349s][info][class,load] org.springframework.context.support.PropertySourcesPlaceholderConfigurer$ConfigurableEnvironmentPropertySource source: shared objects file
[0.349s][info][class,load] org.springframework.context.support.PropertySourcesPlaceholderConfigurer$$Lambda/0x000007fc03095d18 source: org.springframework.context.support.PropertySourcesPlaceholderConfigurer
[0.349s][info][class,load] org.springframework.beans.factory.config.BeanDefinitionVisitor source: shared objects file
[0.350s][info][class,load] org.springframework.beans.factory.config.RuntimeBeanNameReference source: shared objects file
[0.350s][info][class,load] org.springframework.core.SimpleAliasRegistry$$Lambda/0x000007fc03095f48 source: org.springframework.core.SimpleAliasRegistry
[0.350s][info][class,load] org.springframework.context.expression.CachedExpressionEvaluator source: shared objects file
[0.350s][info][class,load] org.springframework.context.event.EventExpressionEvaluator source: shared objects file
[0.350s][info][class,load] org.springframework.boot.autoconfigure.aop.AopAutoConfiguration$ClassProxyingConfiguration$$Lambda/0x000007fc03096188 source: org.springframework.boot.autoconfigure.aop.AopAutoConfiguration
[0.350s][info][class,load] org.springframework.boot.autoconfigure.task.TaskExecutorConfigurations source: shared objects file
[0.350s][info][class,load] org.springframework.boot.autoconfigure.task.TaskExecutorConfigurations$BootstrapExecutorConfiguration$$Lambda/0x000007fc030963b0 source: org.springframework.boot.autoconfigure.task.TaskExecutorConfigurations
[0.350s][info][class,load] org.springframework.aop.config.AopConfigUtils source: shared objects file
[0.351s][info][class,load] org.springframework.aop.framework.ProxyConfig source: shared objects file
[0.351s][info][class,load] org.springframework.aop.framework.ProxyProcessorSupport source: shared objects file
[0.351s][info][class,load] org.springframework.aop.framework.autoproxy.AbstractAutoProxyCreator source: shared objects file
[0.351s][info][class,load] org.springframework.aop.framework.autoproxy.AbstractAdvisorAutoProxyCreator source: shared objects file
[0.351s][info][class,load] org.springframework.aop.framework.autoproxy.InfrastructureAdvisorAutoProxyCreator source: shared objects file
[0.351s][info][class,load] org.springframework.aop.aspectj.autoproxy.AspectJAwareAdvisorAutoProxyCreator source: shared objects file
[0.351s][info][class,load] org.springframework.aop.aspectj.annotation.AnnotationAwareAspectJAutoProxyCreator source: shared objects file
[0.351s][info][class,load] org.springframework.beans.factory.support.AbstractBeanFactory$$Lambda/0x000007fc030965d8 source: org.springframework.beans.factory.support.AbstractBeanFactory
[0.351s][info][class,load] org.springframework.context.support.PostProcessorRegistrationDelegate$BeanPostProcessorChecker source: shared objects file
[0.352s][info][class,load] jakarta.annotation.Resource source: shared objects file
[0.352s][info][class,load] org.springframework.beans.factory.annotation.InitDestroyAnnotationBeanPostProcessor$LifecycleMetadata source: shared objects file
[0.352s][info][class,load] org.springframework.beans.factory.annotation.InitDestroyAnnotationBeanPostProcessor$1 source: shared objects file
[0.352s][info][class,load] jakarta.annotation.PreDestroy source: shared objects file
[0.352s][info][class,load] org.springframework.jndi.JndiAccessor source: shared objects file
[0.352s][info][class,load] org.springframework.jndi.JndiLocatorSupport source: shared objects file
[0.352s][info][class,load] org.springframework.jndi.support.SimpleJndiBeanFactory source: shared objects file
[0.352s][info][class,load] org.springframework.jndi.JndiTemplate source: shared objects file
[0.352s][info][class,load] org.springframework.boot.context.properties.PropertySourcesDeducer source: shared objects file
[0.353s][info][class,load] org.springframework.validation.Validator source: shared objects file
[0.353s][info][class,load] org.springframework.boot.context.properties.ConfigurationPropertiesJsr303Validator source: shared objects file
[0.353s][info][class,load] org.springframework.beans.factory.annotation.Lookup source: shared objects file
[0.353s][info][class,load] org.springframework.beans.factory.annotation.AutowiredAnnotationBeanPostProcessor$$Lambda/0x000007fc03096818 source: org.springframework.beans.factory.annotation.AutowiredAnnotationBeanPostProcessor
[0.353s][info][class,load] org.springframework.aop.TargetSource source: shared objects file
[0.353s][info][class,load] org.springframework.aop.Advisor source: shared objects file
[0.353s][info][class,load] org.springframework.aop.framework.AdvisedSupport source: shared objects file
[0.353s][info][class,load] org.springframework.aop.framework.ProxyCreatorSupport source: shared objects file
[0.353s][info][class,load] org.springframework.aop.framework.ProxyFactory source: shared objects file
[0.353s][info][class,load] org.springframework.aop.framework.adapter.AdvisorAdapterRegistry source: shared objects file
[0.353s][info][class,load] org.springframework.aop.framework.autoproxy.TargetSourceCreator source: shared objects file
[0.353s][info][class,load] org.springframework.aop.framework.adapter.GlobalAdvisorAdapterRegistry source: shared objects file
[0.353s][info][class,load] org.springframework.aop.framework.adapter.DefaultAdvisorAdapterRegistry source: shared objects file
[0.354s][info][class,load] org.aopalliance.aop.Advice source: shared objects file
[0.354s][info][class,load] org.aopalliance.intercept.Interceptor source: shared objects file
[0.354s][info][class,load] org.aopalliance.intercept.MethodInterceptor source: shared objects file
[0.354s][info][class,load] org.springframework.aop.framework.adapter.AdvisorAdapter source: shared objects file
[0.354s][info][class,load] org.springframework.aop.framework.adapter.MethodBeforeAdviceAdapter source: shared objects file
[0.354s][info][class,load] org.springframework.aop.framework.adapter.AfterReturningAdviceAdapter source: shared objects file
[0.354s][info][class,load] org.springframework.aop.framework.adapter.ThrowsAdviceAdapter source: shared objects file
[0.354s][info][class,load] java.lang.invoke.LambdaForm$DMH/0x000007fc03091000 source: __JVM_LookupDefineClass__
[0.354s][info][class,load] org.springframework.beans.factory.annotation.InitDestroyAnnotationBeanPostProcessor$$Lambda/0x000007fc03096a48 source: org.springframework.beans.factory.annotation.InitDestroyAnnotationBeanPostProcessor
[0.354s][info][class,load] org.springframework.beans.factory.annotation.InjectionMetadata source: shared objects file
[0.354s][info][class,load] org.springframework.beans.factory.annotation.InjectionMetadata$1 source: shared objects file
[0.354s][info][class,load] org.springframework.util.ReflectionUtils$FieldCallback source: shared objects file
[0.354s][info][class,load] org.springframework.context.annotation.CommonAnnotationBeanPostProcessor$$Lambda/0x000007fc03096c78 source: org.springframework.context.annotation.CommonAnnotationBeanPostProcessor
[0.354s][info][class,load] org.springframework.context.annotation.CommonAnnotationBeanPostProcessor$$Lambda/0x000007fc03096ea8 source: org.springframework.context.annotation.CommonAnnotationBeanPostProcessor
[0.354s][info][class,load] org.springframework.aop.framework.autoproxy.BeanFactoryAdvisorRetrievalHelper source: shared objects file
[0.354s][info][class,load] org.springframework.beans.factory.annotation.AutowiredAnnotationBeanPostProcessor$$Lambda/0x000007fc030970d8 source: org.springframework.beans.factory.annotation.AutowiredAnnotationBeanPostProcessor
[0.354s][info][class,load] org.springframework.beans.factory.annotation.AutowiredAnnotationBeanPostProcessor$$Lambda/0x000007fc03097308 source: org.springframework.beans.factory.annotation.AutowiredAnnotationBeanPostProcessor
[0.354s][info][class,load] org.springframework.beans.factory.InjectionPoint source: shared objects file
[0.355s][info][class,load] org.springframework.beans.factory.config.DependencyDescriptor source: shared objects file
[0.355s][info][class,load] org.springframework.beans.Mergeable source: shared objects file
[0.355s][info][class,load] org.springframework.beans.factory.support.ManagedList source: shared objects file
[0.355s][info][class,load] org.springframework.beans.factory.support.ManagedArray source: shared objects file
[0.355s][info][class,load] org.springframework.beans.factory.support.ManagedSet source: shared objects file
[0.355s][info][class,load] org.springframework.beans.factory.support.ManagedMap source: shared objects file
[0.355s][info][class,load] org.springframework.beans.factory.support.ManagedProperties source: shared objects file
[0.356s][info][class,load] org.springframework.core.convert.support.NumberToNumberConverterFactory$NumberToNumber source: shared objects file
[0.356s][info][class,load] java.lang.invoke.LambdaForm$DMH/0x000007fc03091400 source: __JVM_LookupDefineClass__
[0.356s][info][class,load] java.lang.invoke.BoundMethodHandle$Species_LI source: __JVM_LookupDefineClass__
[0.356s][info][class,load] java.lang.invoke.LambdaForm$DMH/0x000007fc03091800 source: __JVM_LookupDefineClass__
[0.356s][info][class,load] java.lang.invoke.LambdaForm$MH/0x000007fc03091c00 source: __JVM_LookupDefineClass__
[0.356s][info][class,load] java.lang.invoke.LambdaForm$DMH/0x000007fc03092000 source: __JVM_LookupDefineClass__
[0.356s][info][class,load] java.lang.invoke.LambdaForm$BMH/0x000007fc03092400 source: __JVM_LookupDefineClass__
[0.356s][info][class,load] java.lang.invoke.LambdaForm$MH/0x000007fc03092800 source: __JVM_LookupDefineClass__
[0.357s][info][class,load] java.lang.invoke.LambdaForm$MH/0x000007fc03092c00 source: __JVM_LookupDefineClass__
[0.357s][info][class,load] java.lang.invoke.LambdaForm$MH/0x000007fc03093000 source: __JVM_LookupDefineClass__
[0.357s][info][class,load] org.springframework.aop.framework.autoproxy.AutoProxyUtils source: shared objects file
[0.357s][info][class,load] java.lang.invoke.LambdaForm$MH/0x000007fc03093400 source: __JVM_LookupDefineClass__
[0.357s][info][class,load] java.lang.invoke.LambdaForm$MH/0x000007fc03093800 source: __JVM_LookupDefineClass__
[0.357s][info][class,load] java.lang.invoke.LambdaForm$MH/0x000007fc03093c00 source: __JVM_LookupDefineClass__
[0.357s][info][class,load] org.springframework.aop.framework.autoproxy.AbstractAdvisorAutoProxyCreator$BeanFactoryAdvisorRetrievalHelperAdapter source: shared objects file
[0.357s][info][class,load] org.springframework.context.support.MessageSourceSupport source: shared objects file
[0.357s][info][class,load] org.springframework.context.HierarchicalMessageSource source: shared objects file
[0.357s][info][class,load] org.springframework.context.support.DelegatingMessageSource source: shared objects file
[0.369s][info][class,load] org.springframework.context.support.MessageSourceSupport$$Lambda/0x000007fc03097538 source: org.springframework.context.support.MessageSourceSupport
[0.370s][info][class,load] org.springframework.aop.framework.autoproxy.AbstractAutoProxyCreator$ComposedCacheKey source: shared objects file
[0.370s][info][class,load] org.springframework.aop.Pointcut source: shared objects file
[0.371s][info][class,load] org.springframework.aop.framework.autoproxy.ProxyCreationContext source: shared objects file
[0.371s][info][class,load] org.springframework.beans.factory.support.ConstructorResolver$ArgumentsHolder source: shared objects file
[0.371s][info][class,load] org.springframework.beans.factory.support.ConstructorResolver$ConstructorDependencyDescriptor source: shared objects file
[0.371s][info][class,load] org.springframework.beans.factory.support.DefaultListableBeanFactory$$Lambda/0x000007fc03097790 source: org.springframework.beans.factory.support.DefaultListableBeanFactory
[0.371s][info][class,load] org.springframework.core.SimpleAliasRegistry$$Lambda/0x000007fc030979e0 source: org.springframework.core.SimpleAliasRegistry
[0.371s][info][class,load] org.springframework.beans.factory.support.DefaultListableBeanFactory$StreamDependencyDescriptor source: shared objects file
[0.371s][info][class,load] org.springframework.boot.task.ThreadPoolTaskExecutorCustomizer source: shared objects file
[0.371s][info][class,load] org.springframework.core.task.TaskDecorator source: shared objects file
[0.371s][info][class,load] org.springframework.beans.factory.support.DefaultListableBeanFactory$NestedDependencyDescriptor source: shared objects file
[0.371s][info][class,load] org.springframework.beans.factory.support.DefaultListableBeanFactory$MultiElementDescriptor source: shared objects file
[0.372s][info][class,load] org.springframework.boot.autoconfigure.task.TaskExecutionProperties$Pool$Shutdown source: shared objects file
[0.372s][info][class,load] org.springframework.core.annotation.SynthesizedMergedAnnotationInvocationHandler source: shared objects file
[0.372s][info][class,load] org.springframework.validation.annotation.Validated source: shared objects file
[0.372s][info][class,load] org.springframework.boot.context.properties.bind.Bindable$$Lambda/0x000007fc03097c20 source: org.springframework.boot.context.properties.bind.Bindable
[0.372s][info][class,load] org.springframework.boot.context.properties.bind.handler.IgnoreTopLevelConverterNotFoundBindHandler source: shared objects file
[0.372s][info][class,load] org.springframework.boot.context.properties.bind.BoundPropertiesTrackingBindHandler source: shared objects file
[0.372s][info][class,load] org.springframework.boot.context.properties.ConfigurationPropertiesBinder$$Lambda/0x000007fc03098000 source: org.springframework.boot.context.properties.ConfigurationPropertiesBinder
[0.373s][info][class,load] org.springframework.boot.context.properties.ConfigurationPropertiesBinder$ConfigurationPropertiesBindHandler source: shared objects file
[0.373s][info][class,load] org.springframework.core.annotation.SynthesizedMergedAnnotationInvocationHandler$$Lambda/0x000007fc03098240 source: org.springframework.core.annotation.SynthesizedMergedAnnotationInvocationHandler
[0.373s][info][class,load] org.springframework.core.annotation.SynthesizedMergedAnnotationInvocationHandler$$Lambda/0x000007fc03098490 source: org.springframework.core.annotation.SynthesizedMergedAnnotationInvocationHandler
[0.373s][info][class,load] org.springframework.boot.context.properties.ConfigurationPropertiesBindHandlerAdvisor source: shared objects file
[0.373s][info][class,load] org.springframework.beans.factory.support.DefaultListableBeanFactory$BeanObjectProvider source: shared objects file
[0.373s][info][class,load] org.springframework.beans.factory.support.DefaultListableBeanFactory$1 source: shared objects file
[0.373s][info][class,load] org.springframework.beans.factory.ObjectProvider$$Lambda/0x000007fc030986c0 source: org.springframework.beans.factory.ObjectProvider
[0.373s][info][class,load] org.springframework.boot.context.properties.ConversionServiceDeducer source: shared objects file
[0.373s][info][class,load] org.springframework.boot.context.properties.ConfigurationPropertiesCharSequenceToObjectConverter source: shared objects file
[0.373s][info][class,load] org.springframework.beans.factory.annotation.BeanFactoryAnnotationUtils source: shared objects file
[0.374s][info][class,load] org.springframework.boot.convert.ApplicationConversionService$$Lambda/0x000007fc03098918 source: org.springframework.boot.convert.ApplicationConversionService
[0.374s][info][class,load] org.springframework.boot.context.properties.ConfigurationPropertiesBinder$$Lambda/0x000007fc03098b58 source: org.springframework.boot.context.properties.ConfigurationPropertiesBinder
[0.374s][info][class,load] org.springframework.beans.factory.support.DefaultListableBeanFactory$DependencyObjectProvider source: shared objects file
[0.375s][info][class,load] java.lang.invoke.LambdaForm$DMH/0x000007fc0309c000 source: __JVM_LookupDefineClass__
[0.375s][info][class,load] java.lang.invoke.LambdaForm$MH/0x000007fc0309c400 source: __JVM_LookupDefineClass__
[0.375s][info][class,load] java.lang.invoke.LambdaForm$MH/0x000007fc0309c800 source: __JVM_LookupDefineClass__
[0.375s][info][class,load] java.lang.invoke.LambdaForm$MH/0x000007fc0309cc00 source: __JVM_LookupDefineClass__
[0.375s][info][class,load] org.springframework.beans.factory.config.DependencyDescriptor$1 source: shared objects file
[0.375s][info][class,load] org.springframework.beans.factory.support.DefaultListableBeanFactory$$Lambda/0x000007fc03098d98 source: org.springframework.beans.factory.support.DefaultListableBeanFactory
[0.375s][info][class,load] org.springframework.beans.factory.support.DefaultListableBeanFactory$$Lambda/0x000007fc03098fe8 source: org.springframework.beans.factory.support.DefaultListableBeanFactory
[0.375s][info][class,load] org.springframework.beans.factory.support.DefaultListableBeanFactory$$Lambda/0x000007fc03099240 source: org.springframework.beans.factory.support.DefaultListableBeanFactory
[0.375s][info][class,load] org.springframework.core.OrderComparator$OrderSourceProvider source: shared objects file
[0.375s][info][class,load] org.springframework.beans.factory.support.DefaultListableBeanFactory$FactoryAwareOrderSourceProvider source: shared objects file
[0.375s][info][class,load] java.lang.invoke.LambdaForm$DMH/0x000007fc0309d000 source: __JVM_LookupDefineClass__
[0.375s][info][class,load] org.springframework.core.OrderComparator$$Lambda/0x000007fc03099480 source: org.springframework.core.OrderComparator
[0.375s][info][class,load] org.springframework.boot.autoconfigure.task.TaskExecutorConfigurations$ThreadPoolTaskExecutorBuilderConfiguration$$Lambda/0x000007fc03099728 source: org.springframework.boot.autoconfigure.task.TaskExecutorConfigurations
[0.375s][info][class,load] org.springframework.boot.task.ThreadPoolTaskExecutorBuilder$$Lambda/0x000007fc03099978 source: org.springframework.boot.task.ThreadPoolTaskExecutorBuilder
[0.376s][info][class,load] org.springframework.boot.context.properties.PropertyMapper source: shared objects file
[0.376s][info][class,load] org.springframework.boot.context.properties.PropertyMapper$$Lambda/0x000007fc03099bb8 source: org.springframework.boot.context.properties.PropertyMapper
[0.376s][info][class,load] org.springframework.boot.context.properties.PropertyMapper$Source source: shared objects file
[0.376s][info][class,load] org.springframework.util.function.SingletonSupplier source: shared objects file
[0.376s][info][class,load] org.springframework.boot.context.properties.PropertyMapper$$Lambda/0x000007fc03099de8 source: org.springframework.boot.context.properties.PropertyMapper
[0.376s][info][class,load] org.springframework.boot.task.ThreadPoolTaskExecutorBuilder$$Lambda/0x000007fc0309a040 source: org.springframework.boot.task.ThreadPoolTaskExecutorBuilder
[0.376s][info][class,load] org.springframework.boot.task.ThreadPoolTaskExecutorBuilder$$Lambda/0x000007fc0309a280 source: org.springframework.boot.task.ThreadPoolTaskExecutorBuilder
[0.376s][info][class,load] org.springframework.boot.task.ThreadPoolTaskExecutorBuilder$$Lambda/0x000007fc0309a4c0 source: org.springframework.boot.task.ThreadPoolTaskExecutorBuilder
[0.376s][info][class,load] org.springframework.boot.context.properties.PropertyMapper$Source$Adapter source: shared objects file
[0.376s][info][class,load] java.lang.invoke.LambdaForm$DMH/0x000007fc0309d400 source: __JVM_LookupDefineClass__
[0.376s][info][class,load] org.springframework.boot.task.ThreadPoolTaskExecutorBuilder$$Lambda/0x000007fc0309a700 source: org.springframework.boot.task.ThreadPoolTaskExecutorBuilder
[0.376s][info][class,load] org.springframework.boot.context.properties.PropertyMapper$Source$$Lambda/0x000007fc0309a928 source: org.springframework.boot.context.properties.PropertyMapper
[0.376s][info][class,load] org.springframework.boot.context.properties.PropertyMapper$Source$$Lambda/0x000007fc0309ab58 source: org.springframework.boot.context.properties.PropertyMapper
[0.376s][info][class,load] java.lang.invoke.LambdaForm$DMH/0x000007fc0309d800 source: __JVM_LookupDefineClass__
[0.376s][info][class,load] org.springframework.boot.context.properties.PropertyMapper$Source$$Lambda/0x000007fc0309adb8 source: org.springframework.boot.context.properties.PropertyMapper
[0.376s][info][class,load] org.springframework.boot.task.ThreadPoolTaskExecutorBuilder$$Lambda/0x000007fc0309afe0 source: org.springframework.boot.task.ThreadPoolTaskExecutorBuilder
[0.376s][info][class,load] org.springframework.boot.task.ThreadPoolTaskExecutorBuilder$$Lambda/0x000007fc0309b220 source: org.springframework.boot.task.ThreadPoolTaskExecutorBuilder
[0.376s][info][class,load] org.springframework.boot.task.ThreadPoolTaskExecutorBuilder$$Lambda/0x000007fc0309b460 source: org.springframework.boot.task.ThreadPoolTaskExecutorBuilder
[0.376s][info][class,load] org.springframework.boot.task.ThreadPoolTaskExecutorBuilder$$Lambda/0x000007fc0309b6a0 source: org.springframework.boot.task.ThreadPoolTaskExecutorBuilder
[0.377s][info][class,load] org.springframework.boot.task.ThreadPoolTaskExecutorBuilder$$Lambda/0x000007fc0309b8e0 source: org.springframework.boot.task.ThreadPoolTaskExecutorBuilder
[0.377s][info][class,load] java.lang.invoke.LambdaForm$DMH/0x000007fc0309dc00 source: __JVM_LookupDefineClass__
[0.377s][info][class,load] org.springframework.boot.task.ThreadPoolTaskExecutorBuilder$$Lambda/0x000007fc0309bb08 source: org.springframework.boot.task.ThreadPoolTaskExecutorBuilder
[0.377s][info][class,load] org.springframework.boot.context.properties.PropertyMapper$Source$$Lambda/0x000007fc0309bd48 source: org.springframework.boot.context.properties.PropertyMapper
[0.377s][info][class,load] org.springframework.boot.task.ThreadPoolTaskExecutorBuilder$$Lambda/0x000007fc0309e000 source: org.springframework.boot.task.ThreadPoolTaskExecutorBuilder
[0.377s][info][class,load] org.springframework.boot.task.ThreadPoolTaskExecutorBuilder$$Lambda/0x000007fc0309e240 source: org.springframework.boot.task.ThreadPoolTaskExecutorBuilder
[0.377s][info][class,load] org.springframework.scheduling.concurrent.ExecutorLifecycleDelegate source: shared objects file
[0.377s][info][class,load] org.springframework.scheduling.concurrent.ThreadPoolTaskExecutor$1 source: shared objects file
[0.377s][info][class,load] org.springframework.beans.factory.BeanFactoryInitializer source: shared objects file
[0.377s][info][class,load] org.springframework.context.weaving.LoadTimeWeaverAware source: shared objects file
[0.378s][info][class,load] org.springframework.beans.BeanUtils$KotlinDelegate source: shared objects file
[0.378s][info][class,load] kotlin.jvm.JvmClassMappingKt source: shared objects file
[0.378s][info][class,load] kotlin.jvm.internal.Reflection source: shared objects file
[0.378s][info][class,load] kotlin.jvm.internal.ReflectionFactory source: shared objects file
[0.378s][info][class,load] kotlin.reflect.jvm.internal.ReflectionFactoryImpl source: shared objects file
[0.379s][info][class,load] kotlin.reflect.KDeclarationContainer source: shared objects file
[0.379s][info][class,load] kotlin.reflect.KAnnotatedElement source: shared objects file
[0.379s][info][class,load] kotlin.reflect.KClassifier source: shared objects file
[0.379s][info][class,load] kotlin.reflect.KClass source: shared objects file
[0.379s][info][class,load] kotlin.reflect.jvm.internal.CachesKt source: shared objects file
[0.379s][info][class,load] kotlin.Function source: shared objects file
[0.379s][info][class,load] kotlin.jvm.functions.Function1 source: shared objects file
[0.379s][info][class,load] kotlin.reflect.jvm.internal.CachesKt$$Lambda$0 source: shared objects file
[0.379s][info][class,load] kotlin.reflect.jvm.internal.CacheByClassKt source: shared objects file
[0.380s][info][class,load] kotlin.Result source: shared objects file
[0.380s][info][class,load] kotlin.Result$Companion source: shared objects file
[0.380s][info][class,load] kotlin.Result$Failure source: shared objects file
[0.380s][info][class,load] kotlin.reflect.jvm.internal.CacheByClass source: shared objects file
[0.380s][info][class,load] kotlin.reflect.jvm.internal.ClassValueCache source: shared objects file
[0.380s][info][class,load] kotlin.reflect.jvm.internal.ComputableClassValue source: shared objects file
[0.380s][info][class,load] kotlin.reflect.jvm.internal.CachesKt$$Lambda$1 source: shared objects file
[0.380s][info][class,load] kotlin.reflect.jvm.internal.CachesKt$$Lambda$2 source: shared objects file
[0.380s][info][class,load] kotlin.reflect.jvm.internal.CachesKt$$Lambda$3 source: shared objects file
[0.380s][info][class,load] kotlin.reflect.jvm.internal.CachesKt$$Lambda$4 source: shared objects file
[0.381s][info][class,load] kotlin.jvm.internal.ClassBasedDeclarationContainer source: shared objects file
[0.381s][info][class,load] kotlin.reflect.jvm.internal.KDeclarationContainerImpl source: shared objects file
[0.382s][info][class,load] kotlin.jvm.internal.KotlinGenericDeclaration source: shared objects file
[0.382s][info][class,load] kotlin.reflect.jvm.internal.KTypeParameterOwnerImpl source: shared objects file
[0.382s][info][class,load] kotlin.reflect.jvm.internal.impl.types.model.TypeConstructorMarker source: shared objects file
[0.382s][info][class,load] kotlin.reflect.jvm.internal.KClassImpl source: shared objects file
[0.382s][info][class,load] kotlin.reflect.jvm.internal.KDeclarationContainerImpl$Companion source: shared objects file
[0.382s][info][class,load] kotlin.jvm.internal.DefaultConstructorMarker source: shared objects file
[0.382s][info][class,load] kotlin.text.Regex$Companion source: shared objects file
[0.382s][info][class,load] kotlin.reflect.jvm.internal.KClassImpl$Companion source: shared objects file
[0.382s][info][class,load] kotlin.reflect.jvm.internal.impl.SpecialJvmAnnotations source: shared objects file
[0.382s][info][class,load] kotlin.reflect.jvm.internal.impl.name.FqName source: shared objects file
[0.383s][info][class,load] kotlin.reflect.jvm.internal.impl.load.java.JvmAnnotationNames source: shared objects file
[0.383s][info][class,load] kotlin.reflect.jvm.internal.impl.name.FqName$Companion source: shared objects file
[0.383s][info][class,load] kotlin.reflect.jvm.internal.impl.name.FqNameUnsafe source: shared objects file
[0.383s][info][class,load] kotlin.reflect.jvm.internal.impl.name.FqNameUnsafe$Companion source: shared objects file
[0.383s][info][class,load] kotlin.reflect.jvm.internal.impl.name.Name source: shared objects file
[0.383s][info][class,load] kotlin.reflect.jvm.internal.impl.resolve.jvm.JvmClassName source: shared objects file
[0.384s][info][class,load] kotlin.collections.CollectionsKt__CollectionsJVMKt source: shared objects file
[0.384s][info][class,load] kotlin.collections.CollectionsKt__CollectionsKt source: shared objects file
[0.384s][info][class,load] kotlin.collections.CollectionsKt__IterablesKt source: shared objects file
[0.384s][info][class,load] kotlin.collections.CollectionsKt__IteratorsJVMKt source: shared objects file
[0.384s][info][class,load] kotlin.collections.CollectionsKt__IteratorsKt source: shared objects file
[0.384s][info][class,load] kotlin.collections.CollectionsKt__MutableCollectionsJVMKt source: shared objects file
[0.384s][info][class,load] kotlin.collections.CollectionsKt__MutableCollectionsKt source: shared objects file
[0.384s][info][class,load] kotlin.collections.CollectionsKt__ReversedViewsKt source: shared objects file
[0.384s][info][class,load] kotlin.collections.CollectionsKt___CollectionsJvmKt source: shared objects file
[0.384s][info][class,load] kotlin.collections.CollectionsKt___CollectionsKt source: shared objects file
[0.384s][info][class,load] kotlin.collections.CollectionsKt source: shared objects file
[0.386s][info][class,load] kotlin.collections.ArraysKt__ArraysJVMKt source: shared objects file
[0.386s][info][class,load] kotlin.collections.ArraysKt__ArraysKt source: shared objects file
[0.386s][info][class,load] kotlin.collections.ArraysKt___ArraysJvmKt source: shared objects file
[0.386s][info][class,load] kotlin.collections.ArraysKt___ArraysKt source: shared objects file
[0.386s][info][class,load] kotlin.collections.ArraysKt source: shared objects file
[0.386s][info][class,load] kotlin.collections.ArraysUtilJVM source: shared objects file
[0.386s][info][class,load] kotlin.reflect.jvm.internal.impl.name.ClassId source: shared objects file
[0.386s][info][class,load] kotlin.reflect.jvm.internal.impl.name.ClassId$Companion source: shared objects file
[0.386s][info][class,load] kotlin._Assertions source: shared objects file
[0.386s][info][class,load] kotlin.LazyThreadSafetyMode source: shared objects file
[0.386s][info][class,load] kotlin.jvm.functions.Function0 source: shared objects file
[0.386s][info][class,load] kotlin.reflect.jvm.internal.KClassImpl$$Lambda$0 source: shared objects file
[0.387s][info][class,load] kotlin.LazyKt__LazyJVMKt source: shared objects file
[0.387s][info][class,load] kotlin.LazyKt__LazyKt source: shared objects file
[0.387s][info][class,load] kotlin.LazyKt source: shared objects file
[0.387s][info][class,load] kotlin.LazyKt__LazyJVMKt$WhenMappings source: shared objects file
[0.387s][info][class,load] kotlin.Lazy source: shared objects file
[0.387s][info][class,load] kotlin.SafePublicationLazyImpl source: shared objects file
[0.387s][info][class,load] kotlin.SafePublicationLazyImpl$Companion source: shared objects file
[0.387s][info][class,load] kotlin.UNINITIALIZED_VALUE source: shared objects file
[0.387s][info][class,load] kotlin.reflect.jvm.internal.KDeclarationContainerImpl$Data source: shared objects file
[0.387s][info][class,load] kotlin.reflect.jvm.internal.KClassImpl$Data source: shared objects file
[0.387s][info][class,load] kotlin.reflect.KCallable source: shared objects file
[0.387s][info][class,load] kotlin.reflect.KProperty source: shared objects file
[0.387s][info][class,load] kotlin.jvm.internal.CallableReference source: shared objects file
[0.387s][info][class,load] kotlin.jvm.internal.PropertyReference source: shared objects file
[0.387s][info][class,load] kotlin.reflect.KProperty1 source: shared objects file
[0.387s][info][class,load] kotlin.jvm.internal.PropertyReference1 source: shared objects file
[0.387s][info][class,load] kotlin.jvm.internal.PropertyReference1Impl source: shared objects file
[0.387s][info][class,load] kotlin.jvm.internal.CallableReference$NoReceiver source: shared objects file
[0.388s][info][class,load] kotlin.reflect.jvm.internal.KDeclarationContainerImpl$Data$$Lambda$0 source: shared objects file
[0.388s][info][class,load] kotlin.reflect.jvm.internal.ReflectProperties source: shared objects file
[0.388s][info][class,load] kotlin.reflect.jvm.internal.ReflectProperties$Val source: shared objects file
[0.388s][info][class,load] kotlin.reflect.jvm.internal.ReflectProperties$LazySoftVal source: shared objects file
[0.388s][info][class,load] kotlin.reflect.jvm.internal.ReflectProperties$Val$1 source: shared objects file
[0.388s][info][class,load] kotlin.reflect.jvm.internal.KClassImpl$Data$$Lambda$0 source: shared objects file
[0.388s][info][class,load] kotlin.reflect.jvm.internal.KClassImpl$Data$$Lambda$1 source: shared objects file
[0.388s][info][class,load] kotlin.reflect.jvm.internal.KClassImpl$Data$$Lambda$2 source: shared objects file
[0.388s][info][class,load] kotlin.reflect.jvm.internal.KClassImpl$Data$$Lambda$3 source: shared objects file
[0.388s][info][class,load] kotlin.reflect.jvm.internal.KClassImpl$Data$$Lambda$4 source: shared objects file
[0.388s][info][class,load] kotlin.reflect.jvm.internal.KClassImpl$Data$$Lambda$5 source: shared objects file
[0.388s][info][class,load] kotlin.reflect.jvm.internal.KClassImpl$Data$$Lambda$6 source: shared objects file
[0.388s][info][class,load] kotlin.reflect.jvm.internal.KClassImpl$Data$$Lambda$7 source: shared objects file
[0.388s][info][class,load] kotlin.reflect.jvm.internal.KClassImpl$Data$$Lambda$8 source: shared objects file
[0.388s][info][class,load] kotlin.reflect.jvm.internal.KClassImpl$Data$$Lambda$9 source: shared objects file
[0.388s][info][class,load] kotlin.reflect.jvm.internal.KClassImpl$Data$$Lambda$10 source: shared objects file
[0.388s][info][class,load] kotlin.reflect.jvm.internal.KClassImpl$Data$$Lambda$11 source: shared objects file
[0.388s][info][class,load] kotlin.reflect.jvm.internal.KClassImpl$Data$$Lambda$12 source: shared objects file
[0.388s][info][class,load] kotlin.reflect.jvm.internal.KClassImpl$Data$$Lambda$13 source: shared objects file
[0.388s][info][class,load] kotlin.reflect.jvm.internal.KClassImpl$Data$$Lambda$14 source: shared objects file
[0.388s][info][class,load] kotlin.reflect.jvm.internal.KClassImpl$Data$$Lambda$15 source: shared objects file
[0.388s][info][class,load] kotlin.reflect.jvm.internal.KClassImpl$Data$$Lambda$16 source: shared objects file
[0.388s][info][class,load] kotlin.reflect.jvm.internal.KClassImpl$Data$$Lambda$17 source: shared objects file
[0.388s][info][class,load] kotlin.reflect.jvm.internal.KClassImpl$Data$$Lambda$18 source: shared objects file
[0.388s][info][class,load] kotlin.reflect.jvm.internal.KClassImpl$Data$$Lambda$19 source: shared objects file
[0.388s][info][class,load] kotlin.reflect.jvm.internal.KClassImpl$Data$$Lambda$20 source: shared objects file
[0.388s][info][class,load] kotlin.reflect.jvm.internal.KClassImpl$Data$$Lambda$21 source: shared objects file
[0.388s][info][class,load] kotlin.reflect.jvm.internal.SystemPropertiesKt source: shared objects file
[0.388s][info][class,load] kotlin.reflect.jvm.internal.RuntimeTypeMapper source: shared objects file
[0.389s][info][class,load] kotlin.reflect.jvm.internal.impl.descriptors.runtime.structure.ReflectClassUtilKt source: shared objects file
[0.389s][info][class,load] kotlin.TuplesKt source: shared objects file
[0.389s][info][class,load] kotlin.Pair source: shared objects file
[0.389s][info][class,load] kotlin.collections.MapsKt__MapWithDefaultKt source: shared objects file
[0.389s][info][class,load] kotlin.collections.MapsKt__MapsJVMKt source: shared objects file
[0.389s][info][class,load] kotlin.collections.MapsKt__MapsKt source: shared objects file
[0.389s][info][class,load] kotlin.collections.MapsKt___MapsJvmKt source: shared objects file
[0.389s][info][class,load] kotlin.collections.MapsKt___MapsKt source: shared objects file
[0.389s][info][class,load] kotlin.collections.MapsKt source: shared objects file
[0.389s][info][class,load] kotlin.jvm.functions.Function2 source: shared objects file
[0.389s][info][class,load] kotlin.jvm.functions.Function3 source: shared objects file
[0.389s][info][class,load] kotlin.jvm.functions.Function4 source: shared objects file
[0.389s][info][class,load] kotlin.jvm.functions.Function5 source: shared objects file
[0.390s][info][class,load] kotlin.jvm.functions.Function6 source: shared objects file
[0.390s][info][class,load] kotlin.jvm.functions.Function7 source: shared objects file
[0.390s][info][class,load] kotlin.jvm.functions.Function8 source: shared objects file
[0.390s][info][class,load] kotlin.jvm.functions.Function9 source: shared objects file
[0.390s][info][class,load] kotlin.jvm.functions.Function10 source: shared objects file
[0.390s][info][class,load] kotlin.jvm.functions.Function11 source: shared objects file
[0.390s][info][class,load] kotlin.jvm.functions.Function12 source: shared objects file
[0.390s][info][class,load] kotlin.jvm.functions.Function13 source: shared objects file
[0.390s][info][class,load] kotlin.jvm.functions.Function14 source: shared objects file
[0.390s][info][class,load] kotlin.jvm.functions.Function15 source: shared objects file
[0.390s][info][class,load] kotlin.jvm.functions.Function16 source: shared objects file
[0.390s][info][class,load] kotlin.jvm.functions.Function17 source: shared objects file
[0.390s][info][class,load] kotlin.jvm.functions.Function18 source: shared objects file
[0.390s][info][class,load] kotlin.jvm.functions.Function19 source: shared objects file
[0.390s][info][class,load] kotlin.jvm.functions.Function20 source: shared objects file
[0.390s][info][class,load] kotlin.jvm.functions.Function21 source: shared objects file
[0.390s][info][class,load] kotlin.jvm.functions.Function22 source: shared objects file
[0.390s][info][class,load] kotlin.reflect.jvm.internal.impl.builtins.jvm.JavaToKotlinClassMap source: shared objects file
[0.390s][info][class,load] kotlin.reflect.jvm.internal.impl.builtins.functions.FunctionTypeKind source: shared objects file
[0.390s][info][class,load] kotlin.reflect.jvm.internal.impl.builtins.functions.FunctionTypeKind$Function source: shared objects file
[0.390s][info][class,load] kotlin.reflect.jvm.internal.impl.builtins.functions.FunctionTypeKind$Companion source: shared objects file
[0.391s][info][class,load] kotlin.reflect.jvm.internal.impl.builtins.StandardNames source: shared objects file
[0.391s][info][class,load] kotlin.collections.SetsKt__SetsJVMKt source: shared objects file
[0.391s][info][class,load] kotlin.collections.SetsKt__SetsKt source: shared objects file
[0.391s][info][class,load] kotlin.collections.SetsKt___SetsKt source: shared objects file
[0.391s][info][class,load] kotlin.collections.SetsKt source: shared objects file
[0.391s][info][class,load] kotlin.reflect.jvm.internal.impl.builtins.functions.FunctionTypeKind$KFunction source: shared objects file
[0.391s][info][class,load] kotlin.reflect.jvm.internal.impl.builtins.functions.FunctionTypeKind$SuspendFunction source: shared objects file
[0.391s][info][class,load] kotlin.reflect.jvm.internal.impl.builtins.functions.FunctionTypeKind$KSuspendFunction source: shared objects file
[0.391s][info][class,load] kotlin.reflect.jvm.internal.impl.name.StandardClassIds source: shared objects file
[0.391s][info][class,load] kotlin.reflect.jvm.internal.impl.name.StandardClassIdsKt source: shared objects file
[0.392s][info][class,load] kotlin.ranges.RangesKt__RangesKt source: shared objects file
[0.392s][info][class,load] kotlin.ranges.RangesKt___RangesKt source: shared objects file
[0.392s][info][class,load] kotlin.ranges.RangesKt source: shared objects file
[0.392s][info][class,load] kotlin.reflect.jvm.internal.impl.builtins.jvm.JavaToKotlinClassMap$PlatformMutabilityMapping source: shared objects file
[0.392s][info][class,load] kotlin.reflect.jvm.internal.impl.builtins.StandardNames$FqNames source: shared objects file
[0.393s][info][class,load] kotlin.reflect.jvm.internal.impl.builtins.PrimitiveType source: shared objects file
[0.393s][info][class,load] kotlin.reflect.jvm.internal.impl.builtins.PrimitiveType$$Lambda$0 source: shared objects file
[0.393s][info][class,load] kotlin.reflect.jvm.internal.impl.builtins.PrimitiveType$$Lambda$1 source: shared objects file
[0.393s][info][class,load] kotlin.reflect.jvm.internal.impl.builtins.PrimitiveType$Companion source: shared objects file
[0.393s][info][class,load] kotlin.reflect.jvm.internal.impl.utils.CollectionsKt source: shared objects file
[0.393s][info][class,load] kotlin.reflect.jvm.internal.impl.name.FqNamesUtilKt source: shared objects file
[0.394s][info][class,load] kotlin.text.StringsKt__AppendableKt source: shared objects file
[0.394s][info][class,load] kotlin.text.StringsKt__IndentKt source: shared objects file
[0.394s][info][class,load] kotlin.text.StringsKt__RegexExtensionsJVMKt source: shared objects file
[0.394s][info][class,load] kotlin.text.StringsKt__RegexExtensionsKt source: shared objects file
[0.394s][info][class,load] kotlin.text.StringsKt__StringBuilderJVMKt source: shared objects file
[0.394s][info][class,load] kotlin.text.StringsKt__StringBuilderKt source: shared objects file
[0.394s][info][class,load] kotlin.text.StringsKt__StringNumberConversionsJVMKt source: shared objects file
[0.394s][info][class,load] kotlin.text.StringsKt__StringNumberConversionsKt source: shared objects file
[0.394s][info][class,load] kotlin.text.StringsKt__StringsJVMKt source: shared objects file
[0.394s][info][class,load] kotlin.text.StringsKt__StringsKt source: shared objects file
[0.394s][info][class,load] kotlin.text.StringsKt___StringsJvmKt source: shared objects file
[0.394s][info][class,load] kotlin.text.StringsKt___StringsKt source: shared objects file
[0.394s][info][class,load] kotlin.text.StringsKt source: shared objects file
[0.395s][info][class,load] kotlin.reflect.jvm.internal.impl.resolve.jvm.JvmPrimitiveType source: shared objects file
[0.395s][info][class,load] kotlin.reflect.jvm.internal.impl.builtins.CompanionObjectMapping source: shared objects file
[0.395s][info][class,load] kotlin.reflect.jvm.internal.impl.name.SpecialNames source: shared objects file
[0.396s][info][class,load] kotlin.reflect.jvm.internal.ModuleByClassLoaderKt source: shared objects file
[0.396s][info][class,load] kotlin.reflect.jvm.internal.WeakClassLoaderBox source: shared objects file
[0.396s][info][class,load] kotlin.reflect.jvm.internal.impl.descriptors.runtime.components.RuntimeModuleData source: shared objects file
[0.396s][info][class,load] kotlin.reflect.jvm.internal.impl.descriptors.runtime.components.RuntimeModuleData$Companion source: shared objects file
[0.396s][info][class,load] kotlin.reflect.jvm.internal.impl.serialization.deserialization.KotlinMetadataFinder source: shared objects file
[0.396s][info][class,load] kotlin.reflect.jvm.internal.impl.load.kotlin.KotlinClassFinder source: shared objects file
[0.396s][info][class,load] kotlin.reflect.jvm.internal.impl.descriptors.runtime.components.ReflectKotlinClassFinder source: shared objects file
[0.396s][info][class,load] kotlin.reflect.jvm.internal.impl.serialization.deserialization.builtins.BuiltInsResourceLoader source: shared objects file
[0.397s][info][class,load] kotlin.reflect.jvm.internal.impl.load.kotlin.DeserializationComponentsForJava source: shared objects file
[0.397s][info][class,load] kotlin.reflect.jvm.internal.impl.load.kotlin.DeserializationComponentsForJava$Companion source: shared objects file
[0.397s][info][class,load] kotlin.Unit source: shared objects file
[0.397s][info][class,load] kotlin.reflect.jvm.internal.impl.load.java.JavaClassFinder source: shared objects file
[0.397s][info][class,load] kotlin.reflect.jvm.internal.impl.descriptors.runtime.components.ReflectJavaClassFinder source: shared objects file
[0.397s][info][class,load] kotlin.reflect.jvm.internal.impl.serialization.deserialization.ErrorReporter source: shared objects file
[0.397s][info][class,load] kotlin.reflect.jvm.internal.impl.descriptors.runtime.components.RuntimeErrorReporter source: shared objects file
[0.397s][info][class,load] kotlin.reflect.jvm.internal.impl.load.java.sources.JavaSourceElementFactory source: shared objects file
[0.397s][info][class,load] kotlin.reflect.jvm.internal.impl.descriptors.runtime.components.RuntimeSourceElementFactory source: shared objects file
[0.398s][info][class,load] kotlin.reflect.jvm.internal.impl.storage.StorageManager source: shared objects file
[0.398s][info][class,load] kotlin.reflect.jvm.internal.impl.storage.LockBasedStorageManager source: shared objects file
[0.398s][info][class,load] kotlin.reflect.jvm.internal.impl.storage.LockBasedStorageManager$1 source: shared objects file
[0.398s][info][class,load] kotlin.reflect.jvm.internal.impl.storage.LockBasedStorageManager$ExceptionHandlingStrategy source: shared objects file
[0.398s][info][class,load] kotlin.reflect.jvm.internal.impl.storage.LockBasedStorageManager$ExceptionHandlingStrategy$1 source: shared objects file
[0.399s][info][class,load] kotlin.reflect.jvm.internal.impl.storage.SimpleLock source: shared objects file
[0.399s][info][class,load] kotlin.reflect.jvm.internal.impl.storage.EmptySimpleLock source: shared objects file
[0.399s][info][class,load] kotlin.reflect.jvm.internal.impl.storage.SimpleLock$Companion source: shared objects file
[0.399s][info][class,load] kotlin.reflect.jvm.internal.impl.storage.DefaultSimpleLock source: shared objects file
[0.399s][info][class,load] kotlin.reflect.jvm.internal.impl.builtins.KotlinBuiltIns source: shared objects file
[0.399s][info][class,load] kotlin.reflect.jvm.internal.impl.builtins.jvm.JvmBuiltIns source: shared objects file
[0.399s][info][class,load] kotlin.reflect.jvm.internal.impl.builtins.jvm.JvmBuiltIns$Kind source: shared objects file
[0.400s][info][class,load] kotlin.reflect.jvm.internal.impl.builtins.KotlinBuiltIns$1 source: shared objects file
[0.400s][info][class,load] kotlin.reflect.jvm.internal.impl.storage.NullableLazyValue source: shared objects file
[0.400s][info][class,load] kotlin.reflect.jvm.internal.impl.storage.LockBasedStorageManager$LockBasedLazyValue source: shared objects file
[0.400s][info][class,load] kotlin.reflect.jvm.internal.impl.storage.NotNullLazyValue source: shared objects file
[0.400s][info][class,load] kotlin.reflect.jvm.internal.impl.storage.LockBasedStorageManager$LockBasedNotNullLazyValue source: shared objects file
[0.400s][info][class,load] kotlin.reflect.jvm.internal.impl.storage.LockBasedStorageManager$NotValue source: shared objects file
[0.400s][info][class,load] kotlin.reflect.jvm.internal.impl.builtins.KotlinBuiltIns$2 source: shared objects file
[0.400s][info][class,load] kotlin.reflect.jvm.internal.impl.builtins.KotlinBuiltIns$3 source: shared objects file
[0.400s][info][class,load] kotlin.reflect.jvm.internal.impl.storage.MemoizedFunctionToNullable source: shared objects file
[0.400s][info][class,load] kotlin.reflect.jvm.internal.impl.storage.LockBasedStorageManager$MapBasedMemoizedFunction source: shared objects file
[0.400s][info][class,load] kotlin.reflect.jvm.internal.impl.storage.MemoizedFunctionToNotNull source: shared objects file
[0.400s][info][class,load] kotlin.reflect.jvm.internal.impl.storage.LockBasedStorageManager$MapBasedMemoizedFunctionToNotNull source: shared objects file
[0.400s][info][class,load] kotlin.reflect.jvm.internal.impl.builtins.jvm.JvmBuiltIns$$Lambda$0 source: shared objects file
[0.400s][info][class,load] kotlin.reflect.jvm.internal.impl.builtins.jvm.JvmBuiltIns$WhenMappings source: shared objects file
[0.401s][info][class,load] kotlin.reflect.jvm.internal.impl.descriptors.annotations.Annotated source: shared objects file
[0.401s][info][class,load] kotlin.reflect.jvm.internal.impl.descriptors.annotations.AnnotatedImpl source: shared objects file
[0.401s][info][class,load] kotlin.reflect.jvm.internal.impl.descriptors.Named source: shared objects file
[0.401s][info][class,load] kotlin.reflect.jvm.internal.impl.descriptors.DeclarationDescriptor source: shared objects file
[0.401s][info][class,load] kotlin.reflect.jvm.internal.impl.descriptors.impl.DeclarationDescriptorImpl source: shared objects file
[0.401s][info][class,load] kotlin.reflect.jvm.internal.impl.descriptors.ModuleDescriptor source: shared objects file
[0.401s][info][class,load] kotlin.reflect.jvm.internal.impl.descriptors.impl.ModuleDescriptorImpl source: shared objects file
[0.401s][info][class,load] kotlin.collections.EmptyMap source: shared objects file
[0.401s][info][class,load] kotlin.reflect.jvm.internal.impl.descriptors.annotations.Annotations source: shared objects file
[0.401s][info][class,load] kotlin.reflect.jvm.internal.impl.descriptors.annotations.Annotations$Companion source: shared objects file
[0.401s][info][class,load] kotlin.reflect.jvm.internal.impl.descriptors.annotations.Annotations$Companion$EMPTY$1 source: shared objects file
[0.401s][info][class,load] kotlin.reflect.jvm.internal.impl.descriptors.impl.PackageViewDescriptorFactory source: shared objects file
[0.401s][info][class,load] kotlin.reflect.jvm.internal.impl.descriptors.impl.PackageViewDescriptorFactory$Companion source: shared objects file
[0.401s][info][class,load] kotlin.reflect.jvm.internal.impl.descriptors.ModuleCapability source: shared objects file
[0.401s][info][class,load] kotlin.reflect.jvm.internal.impl.descriptors.impl.PackageViewDescriptorFactory$Default source: shared objects file
[0.401s][info][class,load] kotlin.reflect.jvm.internal.impl.descriptors.impl.ModuleDescriptorImpl$$Lambda$0 source: shared objects file
[0.401s][info][class,load] kotlin.reflect.jvm.internal.impl.descriptors.impl.ModuleDescriptorImpl$$Lambda$1 source: shared objects file
[0.401s][info][class,load] kotlin.SynchronizedLazyImpl source: shared objects file
[0.401s][info][class,load] kotlin.reflect.jvm.internal.impl.builtins.KotlinBuiltIns$4 source: shared objects file
[0.401s][info][class,load] kotlin.reflect.jvm.internal.impl.builtins.jvm.JvmBuiltIns$$Lambda$1 source: shared objects file
[0.401s][info][class,load] kotlin.reflect.jvm.internal.impl.load.kotlin.DeserializedDescriptorResolver source: shared objects file
[0.402s][info][class,load] kotlin.reflect.jvm.internal.impl.load.kotlin.DeserializedDescriptorResolver$Companion source: shared objects file
[0.402s][info][class,load] kotlin.reflect.jvm.internal.impl.load.kotlin.header.KotlinClassHeader$Kind source: shared objects file
[0.402s][info][class,load] kotlin.reflect.jvm.internal.impl.load.kotlin.header.KotlinClassHeader$Kind$Companion source: shared objects file
[0.402s][info][class,load] kotlin.reflect.jvm.internal.impl.metadata.deserialization.BinaryVersion source: shared objects file
[0.402s][info][class,load] kotlin.reflect.jvm.internal.impl.metadata.deserialization.MetadataVersion source: shared objects file
[0.402s][info][class,load] kotlin.reflect.jvm.internal.impl.metadata.deserialization.BinaryVersion$Companion source: shared objects file
[0.402s][info][class,load] kotlin.reflect.jvm.internal.impl.metadata.deserialization.MetadataVersion$Companion source: shared objects file
[0.402s][info][class,load] kotlin.collections.EmptyList source: shared objects file
[0.402s][info][class,load] kotlin.reflect.jvm.internal.impl.load.java.lazy.ModuleClassResolver source: shared objects file
[0.402s][info][class,load] kotlin.reflect.jvm.internal.impl.load.java.lazy.SingleModuleClassResolver source: shared objects file
[0.402s][info][class,load] kotlin.reflect.jvm.internal.impl.descriptors.NotFoundClasses source: shared objects file
[0.402s][info][class,load] kotlin.reflect.jvm.internal.impl.descriptors.NotFoundClasses$$Lambda$0 source: shared objects file
[0.402s][info][class,load] kotlin.reflect.jvm.internal.impl.descriptors.NotFoundClasses$$Lambda$1 source: shared objects file
[0.402s][info][class,load] kotlin.reflect.jvm.internal.impl.load.kotlin.DeserializationComponentsForJavaKt source: shared objects file
[0.403s][info][class,load] kotlin.reflect.jvm.internal.impl.load.kotlin.PackagePartProvider source: shared objects file
[0.403s][info][class,load] kotlin.reflect.jvm.internal.impl.load.kotlin.PackagePartProvider$Empty source: shared objects file
[0.403s][info][class,load] kotlin.reflect.jvm.internal.impl.load.java.JavaTypeEnhancementState source: shared objects file
[0.403s][info][class,load] kotlin.reflect.jvm.internal.impl.load.java.JavaTypeEnhancementState$Companion source: shared objects file
[0.403s][info][class,load] kotlin.KotlinVersion source: shared objects file
[0.403s][info][class,load] kotlin.KotlinVersion$Companion source: shared objects file
[0.403s][info][class,load] kotlin.KotlinVersionCurrentValue source: shared objects file
[0.403s][info][class,load] kotlin.reflect.jvm.internal.impl.load.java.JavaNullabilityAnnotationSettingsKt source: shared objects file
[0.403s][info][class,load] kotlin.reflect.jvm.internal.impl.load.java.NullabilityAnnotationStates source: shared objects file
[0.403s][info][class,load] kotlin.reflect.jvm.internal.impl.load.java.NullabilityAnnotationStatesImpl source: shared objects file
[0.403s][info][class,load] kotlin.reflect.jvm.internal.impl.load.java.JavaNullabilityAnnotationsStatus source: shared objects file
[0.403s][info][class,load] kotlin.reflect.jvm.internal.impl.load.java.JavaNullabilityAnnotationsStatus$Companion source: shared objects file
[0.403s][info][class,load] kotlin.reflect.jvm.internal.impl.load.java.ReportLevel source: shared objects file
[0.403s][info][class,load] kotlin.reflect.jvm.internal.impl.load.java.ReportLevel$Companion source: shared objects file
[0.403s][info][class,load] kotlin.reflect.jvm.internal.impl.load.java.NullabilityAnnotationStatesImpl$$Lambda$0 source: shared objects file
[0.403s][info][class,load] kotlin.reflect.jvm.internal.impl.load.java.Jsr305Settings source: shared objects file
[0.403s][info][class,load] kotlin.reflect.jvm.internal.impl.load.java.Jsr305Settings$$Lambda$0 source: shared objects file
[0.403s][info][class,load] kotlin.reflect.jvm.internal.impl.load.java.JavaTypeEnhancementState$Companion$$Lambda$0 source: shared objects file
[0.403s][info][class,load] kotlin.reflect.jvm.internal.impl.load.java.NullabilityAnnotationStates$Companion source: shared objects file
[0.404s][info][class,load] kotlin.collections.EmptySet source: shared objects file
[0.404s][info][class,load] kotlin.collections.EmptyIterator source: shared objects file
[0.404s][info][class,load] kotlin.reflect.jvm.internal.impl.utils.WrappedValues source: shared objects file
[0.404s][info][class,load] kotlin.reflect.jvm.internal.impl.utils.WrappedValues$1 source: shared objects file
[0.404s][info][class,load] kotlin.reflect.jvm.internal.impl.load.java.lazy.JavaResolverComponents source: shared objects file
[0.404s][info][class,load] kotlin.reflect.jvm.internal.impl.load.java.components.SignaturePropagator source: shared objects file
[0.404s][info][class,load] kotlin.reflect.jvm.internal.impl.load.java.components.SignaturePropagator$1 source: shared objects file
[0.404s][info][class,load] kotlin.reflect.jvm.internal.impl.load.java.components.JavaResolverCache source: shared objects file
[0.404s][info][class,load] kotlin.reflect.jvm.internal.impl.load.java.components.JavaResolverCache$1 source: shared objects file
[0.404s][info][class,load] kotlin.reflect.jvm.internal.impl.load.java.components.JavaPropertyInitializerEvaluator source: shared objects file
[0.404s][info][class,load] kotlin.reflect.jvm.internal.impl.load.java.components.JavaPropertyInitializerEvaluator$DoNothing source: shared objects file
[0.404s][info][class,load] kotlin.reflect.jvm.internal.impl.resolve.sam.SamConversionResolver source: shared objects file
[0.404s][info][class,load] kotlin.reflect.jvm.internal.impl.resolve.sam.SamConversionResolverImpl source: shared objects file
[0.404s][info][class,load] kotlin.reflect.jvm.internal.impl.storage.CacheWithNullableValues source: shared objects file
[0.404s][info][class,load] kotlin.reflect.jvm.internal.impl.storage.LockBasedStorageManager$CacheWithNullableValuesBasedOnMemoizedFunction source: shared objects file
[0.404s][info][class,load] kotlin.reflect.jvm.internal.impl.storage.LockBasedStorageManager$CacheWithNullableValuesBasedOnMemoizedFunction$1 source: shared objects file
[0.405s][info][class,load] kotlin.reflect.jvm.internal.impl.descriptors.SupertypeLoopChecker source: shared objects file
[0.405s][info][class,load] kotlin.reflect.jvm.internal.impl.descriptors.SupertypeLoopChecker$EMPTY source: shared objects file
[0.405s][info][class,load] kotlin.reflect.jvm.internal.impl.incremental.components.LookupTracker source: shared objects file
[0.405s][info][class,load] kotlin.reflect.jvm.internal.impl.incremental.components.LookupTracker$DO_NOTHING source: shared objects file
[0.405s][info][class,load] kotlin.reflect.jvm.internal.impl.builtins.ReflectionTypes source: shared objects file
[0.405s][info][class,load] kotlin.reflect.jvm.internal.impl.builtins.ReflectionTypes$Companion source: shared objects file
[0.405s][info][class,load] kotlin.reflect.jvm.internal.impl.builtins.ReflectionTypes$$Lambda$0 source: shared objects file
[0.405s][info][class,load] kotlin.reflect.jvm.internal.impl.builtins.ReflectionTypes$ClassLookup source: shared objects file
[0.405s][info][class,load] kotlin.reflect.jvm.internal.impl.load.java.AbstractAnnotationTypeQualifierResolver source: shared objects file
[0.405s][info][class,load] kotlin.reflect.jvm.internal.impl.load.java.AnnotationTypeQualifierResolver source: shared objects file
[0.405s][info][class,load] kotlin.reflect.jvm.internal.impl.load.java.AbstractAnnotationTypeQualifierResolver$Companion source: shared objects file
[0.405s][info][class,load] kotlin.reflect.jvm.internal.impl.load.java.AnnotationQualifierApplicabilityType source: shared objects file
[0.406s][info][class,load] kotlin.reflect.jvm.internal.impl.load.java.typeEnhancement.SignatureEnhancement source: shared objects file
[0.406s][info][class,load] kotlin.reflect.jvm.internal.impl.load.java.typeEnhancement.JavaTypeEnhancement source: shared objects file
[0.406s][info][class,load] kotlin.reflect.jvm.internal.impl.load.java.lazy.JavaResolverSettings source: shared objects file
[0.406s][info][class,load] kotlin.reflect.jvm.internal.impl.load.java.lazy.JavaResolverSettings$Default source: shared objects file
[0.406s][info][class,load] kotlin.reflect.jvm.internal.impl.load.java.JavaClassesTracker source: shared objects file
[0.406s][info][class,load] kotlin.reflect.jvm.internal.impl.load.java.JavaClassesTracker$Default source: shared objects file
[0.406s][info][class,load] kotlin.reflect.jvm.internal.impl.types.checker.KotlinTypeChecker source: shared objects file
[0.406s][info][class,load] kotlin.reflect.jvm.internal.impl.types.checker.NewKotlinTypeChecker source: shared objects file
[0.406s][info][class,load] kotlin.reflect.jvm.internal.impl.types.checker.NewKotlinTypeChecker$Companion source: shared objects file
[0.406s][info][class,load] kotlin.reflect.jvm.internal.impl.types.checker.NewKotlinTypeCheckerImpl source: shared objects file
[0.406s][info][class,load] kotlin.reflect.jvm.internal.impl.types.AbstractTypeRefiner source: shared objects file
[0.406s][info][class,load] kotlin.reflect.jvm.internal.impl.types.checker.KotlinTypeRefiner source: shared objects file
[0.407s][info][class,load] kotlin.reflect.jvm.internal.impl.types.checker.KotlinTypeRefiner$Default source: shared objects file
[0.407s][info][class,load] kotlin.reflect.jvm.internal.impl.types.AbstractTypePreparator source: shared objects file
[0.407s][info][class,load] kotlin.reflect.jvm.internal.impl.types.checker.KotlinTypePreparator source: shared objects file
[0.407s][info][class,load] kotlin.reflect.jvm.internal.impl.types.checker.KotlinTypePreparator$Default source: shared objects file
[0.407s][info][class,load] kotlin.reflect.jvm.internal.impl.resolve.OverridingUtil source: shared objects file
[0.407s][info][class,load] kotlin.reflect.jvm.internal.impl.resolve.ExternalOverridabilityCondition source: shared objects file
[0.407s][info][class,load] kotlin.reflect.jvm.internal.impl.load.java.FieldOverridabilityCondition source: shared objects file
[0.408s][info][class,load] kotlin.reflect.jvm.internal.impl.load.java.ErasedOverridabilityCondition source: shared objects file
[0.408s][info][class,load] kotlin.reflect.jvm.internal.impl.load.java.JavaIncompatibilityRulesOverridabilityCondition source: shared objects file
[0.408s][info][class,load] kotlin.reflect.jvm.internal.impl.load.java.JavaIncompatibilityRulesOverridabilityCondition$Companion source: shared objects file
[0.408s][info][class,load] kotlin.reflect.jvm.internal.impl.types.checker.KotlinTypeChecker$TypeConstructorEquality source: shared objects file
[0.408s][info][class,load] kotlin.reflect.jvm.internal.impl.resolve.OverridingUtil$1 source: shared objects file
[0.408s][info][class,load] kotlin.reflect.jvm.internal.impl.load.java.JavaModuleAnnotationsProvider source: shared objects file
[0.408s][info][class,load] kotlin.reflect.jvm.internal.impl.load.kotlin.DeserializationComponentsForJavaKt$makeLazyJavaPackageFragmentProvider$javaResolverComponents$1 source: shared objects file
[0.408s][info][class,load] kotlin.reflect.jvm.internal.impl.resolve.jvm.SyntheticJavaPartsProvider source: shared objects file
[0.408s][info][class,load] kotlin.reflect.jvm.internal.impl.resolve.jvm.SyntheticJavaPartsProvider$Companion source: shared objects file
[0.408s][info][class,load] kotlin.reflect.jvm.internal.impl.resolve.jvm.CompositeSyntheticJavaPartsProvider source: shared objects file
[0.408s][info][class,load] kotlin.reflect.jvm.internal.impl.descriptors.PackageFragmentProvider source: shared objects file
[0.408s][info][class,load] kotlin.reflect.jvm.internal.impl.descriptors.PackageFragmentProviderOptimized source: shared objects file
[0.408s][info][class,load] kotlin.reflect.jvm.internal.impl.load.java.lazy.LazyJavaPackageFragmentProvider source: shared objects file
[0.408s][info][class,load] kotlin.reflect.jvm.internal.impl.load.java.lazy.LazyJavaResolverContext source: shared objects file
[0.408s][info][class,load] kotlin.reflect.jvm.internal.impl.load.java.lazy.TypeParameterResolver source: shared objects file
[0.408s][info][class,load] kotlin.reflect.jvm.internal.impl.load.java.lazy.TypeParameterResolver$EMPTY source: shared objects file
[0.408s][info][class,load] kotlin.InitializedLazyImpl source: shared objects file
[0.409s][info][class,load] kotlin.reflect.jvm.internal.impl.load.java.lazy.types.JavaTypeResolver source: shared objects file
[0.409s][info][class,load] kotlin.reflect.jvm.internal.impl.types.ErasureProjectionComputer source: shared objects file
[0.409s][info][class,load] kotlin.reflect.jvm.internal.impl.load.java.lazy.types.RawProjectionComputer source: shared objects file
[0.409s][info][class,load] kotlin.reflect.jvm.internal.impl.types.TypeParameterUpperBoundEraser source: shared objects file
[0.409s][info][class,load] kotlin.reflect.jvm.internal.impl.types.TypeParameterUpperBoundEraser$Companion source: shared objects file
[0.409s][info][class,load] kotlin.reflect.jvm.internal.impl.types.TypeParameterErasureOptions source: shared objects file
[0.409s][info][class,load] kotlin.reflect.jvm.internal.impl.types.TypeParameterUpperBoundEraser$$Lambda$0 source: shared objects file
[0.409s][info][class,load] kotlin.reflect.jvm.internal.impl.types.TypeParameterUpperBoundEraser$$Lambda$1 source: shared objects file
[0.409s][info][class,load] kotlin.reflect.jvm.internal.impl.storage.CacheWithNotNullValues source: shared objects file
[0.409s][info][class,load] kotlin.reflect.jvm.internal.impl.storage.LockBasedStorageManager$CacheWithNotNullValuesBasedOnMemoizedFunction source: shared objects file
[0.409s][info][class,load] kotlin.reflect.jvm.internal.impl.serialization.deserialization.ClassDataFinder source: shared objects file
[0.409s][info][class,load] kotlin.reflect.jvm.internal.impl.load.kotlin.JavaClassDataFinder source: shared objects file
[0.409s][info][class,load] kotlin.reflect.jvm.internal.impl.load.kotlin.BinaryClassAnnotationAndConstantLoaderImplKt source: shared objects file
[0.410s][info][class,load] kotlin.reflect.jvm.internal.impl.serialization.deserialization.AnnotationLoader source: shared objects file
[0.410s][info][class,load] kotlin.reflect.jvm.internal.impl.load.kotlin.AbstractBinaryClassAnnotationLoader source: shared objects file
[0.410s][info][class,load] kotlin.reflect.jvm.internal.impl.serialization.deserialization.AnnotationAndConstantLoader source: shared objects file
[0.410s][info][class,load] kotlin.reflect.jvm.internal.impl.load.kotlin.AbstractBinaryClassAnnotationAndConstantLoader source: shared objects file
[0.410s][info][class,load] kotlin.reflect.jvm.internal.impl.load.kotlin.BinaryClassAnnotationAndConstantLoaderImpl source: shared objects file
[0.410s][info][class,load] kotlin.reflect.jvm.internal.impl.load.kotlin.AbstractBinaryClassAnnotationLoader$Companion source: shared objects file
[0.410s][info][class,load] kotlin.reflect.jvm.internal.impl.load.kotlin.AbstractBinaryClassAnnotationAndConstantLoader$$Lambda$0 source: shared objects file
[0.410s][info][class,load] kotlin.reflect.jvm.internal.impl.serialization.deserialization.AnnotationDeserializer source: shared objects file
[0.410s][info][class,load] kotlin.reflect.jvm.internal.impl.serialization.deserialization.DeserializationConfiguration source: shared objects file
[0.410s][info][class,load] kotlin.reflect.jvm.internal.impl.serialization.deserialization.DeserializationConfiguration$Default source: shared objects file
[0.410s][info][class,load] kotlin.reflect.jvm.internal.impl.serialization.deserialization.ContractDeserializer source: shared objects file
[0.410s][info][class,load] kotlin.reflect.jvm.internal.impl.serialization.deserialization.ContractDeserializer$Companion source: shared objects file
[0.410s][info][class,load] kotlin.reflect.jvm.internal.impl.serialization.deserialization.ContractDeserializer$Companion$DEFAULT$1 source: shared objects file
[0.410s][info][class,load] kotlin.reflect.jvm.internal.impl.types.extensions.TypeAttributeTranslators source: shared objects file
[0.411s][info][class,load] kotlin.reflect.jvm.internal.impl.types.TypeAttributeTranslator source: shared objects file
[0.411s][info][class,load] kotlin.reflect.jvm.internal.impl.types.DefaultTypeAttributeTranslator source: shared objects file
[0.411s][info][class,load] kotlin.reflect.jvm.internal.impl.serialization.deserialization.DeserializationComponents source: shared objects file
[0.411s][info][class,load] kotlin.reflect.jvm.internal.impl.serialization.deserialization.LocalClassifierTypeSettings source: shared objects file
[0.411s][info][class,load] kotlin.reflect.jvm.internal.impl.serialization.deserialization.LocalClassifierTypeSettings$Default source: shared objects file
[0.411s][info][class,load] kotlin.reflect.jvm.internal.impl.serialization.deserialization.FlexibleTypeDeserializer source: shared objects file
[0.411s][info][class,load] kotlin.reflect.jvm.internal.impl.load.kotlin.JavaFlexibleTypeDeserializer source: shared objects file
[0.411s][info][class,load] kotlin.reflect.jvm.internal.impl.storage.StorageKt source: shared objects file
[0.411s][info][class,load] kotlin.reflect.jvm.internal.impl.descriptors.deserialization.AdditionalClassPartsProvider source: shared objects file
[0.411s][info][class,load] kotlin.reflect.jvm.internal.impl.descriptors.deserialization.PlatformDependentDeclarationFilter source: shared objects file
[0.411s][info][class,load] kotlin.reflect.jvm.internal.impl.builtins.jvm.JvmBuiltInsCustomizer source: shared objects file
[0.411s][info][class,load] kotlin.reflect.jvm.internal.impl.builtins.jvm.JvmBuiltIns$$Lambda$2 source: shared objects file
[0.412s][info][class,load] kotlin.reflect.jvm.internal.impl.builtins.jvm.JavaToKotlinClassMapper source: shared objects file
[0.412s][info][class,load] kotlin.reflect.jvm.internal.impl.descriptors.DeclarationDescriptorWithSource source: shared objects file
[0.412s][info][class,load] kotlin.reflect.jvm.internal.impl.descriptors.DeclarationDescriptorNonRoot source: shared objects file
[0.412s][info][class,load] kotlin.reflect.jvm.internal.impl.descriptors.impl.DeclarationDescriptorNonRootImpl source: shared objects file
[0.412s][info][class,load] kotlin.reflect.jvm.internal.impl.descriptors.ClassOrPackageFragmentDescriptor source: shared objects file
[0.412s][info][class,load] kotlin.reflect.jvm.internal.impl.descriptors.PackageFragmentDescriptor source: shared objects file
[0.412s][info][class,load] kotlin.reflect.jvm.internal.impl.descriptors.impl.PackageFragmentDescriptorImpl source: shared objects file
[0.412s][info][class,load] kotlin.reflect.jvm.internal.impl.builtins.jvm.JvmBuiltInsCustomizer$createMockJavaIoSerializableType$mockJavaIoPackageFragment$1 source: shared objects file
[0.412s][info][class,load] kotlin.reflect.jvm.internal.impl.descriptors.SourceElement source: shared objects file
[0.412s][info][class,load] kotlin.reflect.jvm.internal.impl.descriptors.SourceElement$1 source: shared objects file
[0.412s][info][class,load] kotlin.reflect.jvm.internal.impl.renderer.DescriptorRenderer source: shared objects file
[0.412s][info][class,load] kotlin.reflect.jvm.internal.impl.renderer.DescriptorRenderer$Companion source: shared objects file
[0.412s][info][class,load] kotlin.reflect.jvm.internal.impl.renderer.DescriptorRenderer$$Lambda$0 source: shared objects file
[0.413s][info][class,load] kotlin.reflect.jvm.internal.impl.renderer.DescriptorRendererOptions source: shared objects file
[0.413s][info][class,load] kotlin.reflect.jvm.internal.impl.renderer.DescriptorRendererOptionsImpl source: shared objects file
[0.413s][info][class,load] kotlin.reflect.KMutableProperty source: shared objects file
[0.413s][info][class,load] kotlin.jvm.internal.MutablePropertyReference source: shared objects file
[0.413s][info][class,load] kotlin.reflect.KMutableProperty1 source: shared objects file
[0.413s][info][class,load] kotlin.jvm.internal.MutablePropertyReference1 source: shared objects file
[0.413s][info][class,load] kotlin.jvm.internal.MutablePropertyReference1Impl source: shared objects file
[0.413s][info][class,load] kotlin.reflect.jvm.internal.impl.renderer.ClassifierNamePolicy source: shared objects file
[0.413s][info][class,load] kotlin.reflect.jvm.internal.impl.renderer.ClassifierNamePolicy$SOURCE_CODE_QUALIFIED source: shared objects file
[0.413s][info][class,load] kotlin.properties.Delegates source: shared objects file
[0.413s][info][class,load] kotlin.properties.ReadOnlyProperty source: shared objects file
[0.413s][info][class,load] kotlin.properties.ReadWriteProperty source: shared objects file
[0.413s][info][class,load] kotlin.properties.ObservableProperty source: shared objects file
[0.413s][info][class,load] kotlin.reflect.jvm.internal.impl.renderer.DescriptorRendererOptionsImpl$property$$inlined$vetoable$1 source: shared objects file
[0.413s][info][class,load] kotlin.reflect.jvm.internal.impl.renderer.DescriptorRendererModifier source: shared objects file
[0.413s][info][class,load] kotlin.reflect.jvm.internal.impl.renderer.DescriptorRendererModifier$Companion source: shared objects file
[0.413s][info][class,load] kotlin.reflect.jvm.internal.impl.renderer.DescriptorRendererOptionsImpl$$Lambda$0 source: shared objects file
[0.413s][info][class,load] kotlin.reflect.jvm.internal.impl.renderer.DescriptorRendererOptionsImpl$$Lambda$1 source: shared objects file
[0.414s][info][class,load] kotlin.reflect.jvm.internal.impl.renderer.OverrideRenderingPolicy source: shared objects file
[0.414s][info][class,load] kotlin.reflect.jvm.internal.impl.renderer.DescriptorRenderer$ValueParametersHandler source: shared objects file
[0.414s][info][class,load] kotlin.reflect.jvm.internal.impl.renderer.DescriptorRenderer$ValueParametersHandler$DEFAULT source: shared objects file
[0.414s][info][class,load] kotlin.reflect.jvm.internal.impl.renderer.RenderingFormat source: shared objects file
[0.414s][info][class,load] kotlin.reflect.jvm.internal.impl.renderer.RenderingFormat$PLAIN source: shared objects file
[0.414s][info][class,load] kotlin.reflect.jvm.internal.impl.renderer.RenderingFormat$HTML source: shared objects file
[0.414s][info][class,load] kotlin.reflect.jvm.internal.impl.renderer.ParameterNameRenderingPolicy source: shared objects file
[0.414s][info][class,load] kotlin.reflect.jvm.internal.impl.renderer.PropertyAccessorRenderingPolicy source: shared objects file
[0.414s][info][class,load] kotlin.reflect.jvm.internal.impl.renderer.ExcludedTypeAnnotations source: shared objects file
[0.414s][info][class,load] kotlin.reflect.jvm.internal.impl.renderer.AnnotationArgumentsRenderingPolicy source: shared objects file
[0.414s][info][class,load] kotlin.reflect.jvm.internal.impl.renderer.DescriptorRendererImpl source: shared objects file
[0.414s][info][class,load] kotlin.reflect.jvm.internal.impl.renderer.DescriptorRendererImpl$$Lambda$0 source: shared objects file
[0.414s][info][class,load] kotlin.reflect.jvm.internal.impl.renderer.DescriptorRenderer$$Lambda$1 source: shared objects file
[0.414s][info][class,load] kotlin.reflect.jvm.internal.impl.renderer.DescriptorRenderer$$Lambda$2 source: shared objects file
[0.414s][info][class,load] kotlin.reflect.jvm.internal.impl.renderer.DescriptorRenderer$$Lambda$3 source: shared objects file
[0.414s][info][class,load] kotlin.reflect.jvm.internal.impl.renderer.DescriptorRenderer$$Lambda$4 source: shared objects file
[0.415s][info][class,load] kotlin.reflect.jvm.internal.impl.renderer.ClassifierNamePolicy$SHORT source: shared objects file
[0.415s][info][class,load] kotlin.reflect.jvm.internal.impl.renderer.DescriptorRenderer$$Lambda$5 source: shared objects file
[0.415s][info][class,load] kotlin.reflect.jvm.internal.impl.renderer.DescriptorRenderer$$Lambda$6 source: shared objects file
[0.415s][info][class,load] kotlin.reflect.jvm.internal.impl.renderer.DescriptorRenderer$$Lambda$7 source: shared objects file
[0.415s][info][class,load] kotlin.reflect.jvm.internal.impl.renderer.DescriptorRenderer$$Lambda$8 source: shared objects file
[0.415s][info][class,load] kotlin.reflect.jvm.internal.impl.renderer.DescriptorRenderer$$Lambda$9 source: shared objects file
[0.415s][info][class,load] kotlin.reflect.jvm.internal.impl.renderer.ClassifierNamePolicy$FULLY_QUALIFIED source: shared objects file
[0.415s][info][class,load] kotlin.reflect.jvm.internal.impl.renderer.DescriptorRenderer$$Lambda$10 source: shared objects file
[0.415s][info][class,load] kotlin.reflect.jvm.internal.impl.descriptors.DeclarationDescriptorVisitor source: shared objects file
[0.415s][info][class,load] kotlin.reflect.jvm.internal.impl.renderer.DescriptorRendererImpl$RenderDeclarationDescriptorVisitor source: shared objects file
[0.415s][info][class,load] kotlin.reflect.jvm.internal.impl.descriptors.ModuleDescriptor$DefaultImpls source: shared objects file
[0.415s][info][class,load] kotlin.reflect.jvm.internal.impl.renderer.RenderingUtilsKt source: shared objects file
[0.415s][info][class,load] kotlin.reflect.jvm.internal.impl.renderer.KeywordStringsGenerated source: shared objects file
[0.415s][info][class,load] kotlin.reflect.jvm.internal.impl.descriptors.PackageViewDescriptor source: shared objects file
[0.415s][info][class,load] kotlin.reflect.jvm.internal.impl.types.model.KotlinTypeMarker source: shared objects file
[0.415s][info][class,load] kotlin.reflect.jvm.internal.impl.types.KotlinType source: shared objects file
[0.415s][info][class,load] kotlin.reflect.jvm.internal.impl.types.WrappedType source: shared objects file
[0.415s][info][class,load] kotlin.reflect.jvm.internal.impl.types.LazyWrappedType source: shared objects file
[0.416s][info][class,load] kotlin.reflect.jvm.internal.impl.builtins.jvm.JvmBuiltInsCustomizer$$Lambda$3 source: shared objects file
[0.416s][info][class,load] kotlin.reflect.jvm.internal.impl.descriptors.ClassifierDescriptor source: shared objects file
[0.416s][info][class,load] kotlin.reflect.jvm.internal.impl.descriptors.DeclarationDescriptorWithVisibility source: shared objects file
[0.416s][info][class,load] kotlin.reflect.jvm.internal.impl.descriptors.MemberDescriptor source: shared objects file
[0.416s][info][class,load] kotlin.reflect.jvm.internal.impl.descriptors.Substitutable source: shared objects file
[0.416s][info][class,load] kotlin.reflect.jvm.internal.impl.descriptors.ClassifierDescriptorWithTypeParameters source: shared objects file
[0.416s][info][class,load] kotlin.reflect.jvm.internal.impl.descriptors.ClassDescriptor source: shared objects file
[0.416s][info][class,load] kotlin.reflect.jvm.internal.impl.descriptors.impl.ModuleAwareClassDescriptor source: shared objects file
[0.416s][info][class,load] kotlin.reflect.jvm.internal.impl.descriptors.impl.AbstractClassDescriptor source: shared objects file
[0.416s][info][class,load] kotlin.reflect.jvm.internal.impl.descriptors.impl.ClassDescriptorBase source: shared objects file
[0.416s][info][class,load] kotlin.reflect.jvm.internal.impl.descriptors.impl.ClassDescriptorImpl source: shared objects file
[0.416s][info][class,load] kotlin.reflect.jvm.internal.impl.descriptors.impl.ModuleAwareClassDescriptor$Companion source: shared objects file
[0.416s][info][class,load] kotlin.reflect.jvm.internal.impl.descriptors.Modality source: shared objects file
[0.416s][info][class,load] kotlin.reflect.jvm.internal.impl.descriptors.Modality$Companion source: shared objects file
[0.416s][info][class,load] kotlin.reflect.jvm.internal.impl.descriptors.ClassKind source: shared objects file
[0.416s][info][class,load] kotlin.reflect.jvm.internal.impl.descriptors.impl.AbstractClassDescriptor$1 source: shared objects file
[0.416s][info][class,load] kotlin.reflect.jvm.internal.impl.descriptors.impl.AbstractClassDescriptor$2 source: shared objects file
[0.416s][info][class,load] kotlin.reflect.jvm.internal.impl.descriptors.impl.AbstractClassDescriptor$3 source: shared objects file
[0.417s][info][class,load] kotlin.reflect.jvm.internal.impl.types.TypeConstructor source: shared objects file
[0.417s][info][class,load] kotlin.reflect.jvm.internal.impl.types.ClassifierBasedTypeConstructor source: shared objects file
[0.417s][info][class,load] kotlin.reflect.jvm.internal.impl.types.AbstractTypeConstructor source: shared objects file
[0.417s][info][class,load] kotlin.reflect.jvm.internal.impl.types.AbstractClassTypeConstructor source: shared objects file
[0.417s][info][class,load] kotlin.reflect.jvm.internal.impl.types.ClassTypeConstructorImpl source: shared objects file
[0.417s][info][class,load] kotlin.reflect.jvm.internal.impl.types.AbstractTypeConstructor$$Lambda$0 source: shared objects file
[0.417s][info][class,load] kotlin.reflect.jvm.internal.impl.types.AbstractTypeConstructor$$Lambda$1 source: shared objects file
[0.417s][info][class,load] kotlin.reflect.jvm.internal.impl.types.AbstractTypeConstructor$$Lambda$2 source: shared objects file
[0.417s][info][class,load] kotlin.reflect.jvm.internal.impl.storage.LockBasedStorageManager$LockBasedLazyValueWithPostCompute source: shared objects file
[0.417s][info][class,load] kotlin.reflect.jvm.internal.impl.storage.LockBasedStorageManager$LockBasedNotNullLazyValueWithPostCompute source: shared objects file
[0.417s][info][class,load] kotlin.reflect.jvm.internal.impl.storage.LockBasedStorageManager$5 source: shared objects file
[0.417s][info][class,load] kotlin.reflect.jvm.internal.impl.resolve.scopes.ResolutionScope source: shared objects file
[0.417s][info][class,load] kotlin.reflect.jvm.internal.impl.resolve.scopes.MemberScope source: shared objects file
[0.417s][info][class,load] kotlin.reflect.jvm.internal.impl.resolve.scopes.MemberScopeImpl source: shared objects file
[0.417s][info][class,load] kotlin.reflect.jvm.internal.impl.resolve.scopes.MemberScope$Empty source: shared objects file
[0.417s][info][class,load] kotlin.reflect.jvm.internal.impl.resolve.DescriptorUtils source: shared objects file
[0.417s][info][class,load] kotlin.reflect.jvm.internal.impl.resolve.descriptorUtil.DescriptorUtilsKt source: shared objects file
[0.417s][info][class,load] kotlin.reflect.jvm.internal.impl.types.checker.KotlinTypeRefinerKt source: shared objects file
[0.417s][info][class,load] kotlin.reflect.jvm.internal.impl.descriptors.impl.AbstractClassDescriptor$1$1 source: shared objects file
[0.418s][info][class,load] kotlin.reflect.jvm.internal.impl.types.TypeUtils source: shared objects file
[0.418s][info][class,load] kotlin.reflect.jvm.internal.impl.types.error.ErrorTypeKind source: shared objects file
[0.418s][info][class,load] kotlin.reflect.jvm.internal.impl.types.error.ErrorUtils source: shared objects file
[0.418s][info][class,load] kotlin.reflect.jvm.internal.impl.types.error.ErrorModuleDescriptor source: shared objects file
[0.418s][info][class,load] kotlin.reflect.jvm.internal.impl.types.error.ErrorEntity source: shared objects file
[0.418s][info][class,load] kotlin.reflect.jvm.internal.impl.types.error.ErrorModuleDescriptor$$Lambda$0 source: shared objects file
[0.418s][info][class,load] kotlin.reflect.jvm.internal.impl.types.error.ErrorClassDescriptor source: shared objects file
[0.419s][info][class,load] kotlin.reflect.jvm.internal.impl.descriptors.CallableDescriptor source: shared objects file
[0.419s][info][class,load] kotlin.reflect.jvm.internal.impl.descriptors.CallableMemberDescriptor source: shared objects file
[0.419s][info][class,load] kotlin.reflect.jvm.internal.impl.descriptors.FunctionDescriptor source: shared objects file
[0.419s][info][class,load] kotlin.reflect.jvm.internal.impl.descriptors.impl.FunctionDescriptorImpl source: shared objects file
[0.419s][info][class,load] kotlin.reflect.jvm.internal.impl.descriptors.ConstructorDescriptor source: shared objects file
[0.419s][info][class,load] kotlin.reflect.jvm.internal.impl.descriptors.ClassConstructorDescriptor source: shared objects file
[0.419s][info][class,load] kotlin.reflect.jvm.internal.impl.descriptors.impl.ClassConstructorDescriptorImpl source: shared objects file
[0.419s][info][class,load] kotlin.reflect.jvm.internal.impl.descriptors.CallableMemberDescriptor$Kind source: shared objects file
[0.419s][info][class,load] kotlin.reflect.jvm.internal.impl.descriptors.DescriptorVisibilities source: shared objects file
[0.419s][info][class,load] kotlin.reflect.jvm.internal.impl.descriptors.DescriptorVisibility source: shared objects file
[0.419s][info][class,load] kotlin.reflect.jvm.internal.impl.descriptors.DelegatedDescriptorVisibility source: shared objects file
[0.419s][info][class,load] kotlin.reflect.jvm.internal.impl.descriptors.DescriptorVisibilities$1 source: shared objects file
[0.419s][info][class,load] kotlin.reflect.jvm.internal.impl.descriptors.Visibility source: shared objects file
[0.419s][info][class,load] kotlin.reflect.jvm.internal.impl.descriptors.Visibilities$Private source: shared objects file
[0.419s][info][class,load] kotlin.reflect.jvm.internal.impl.descriptors.DescriptorVisibilities$2 source: shared objects file
[0.419s][info][class,load] kotlin.reflect.jvm.internal.impl.descriptors.Visibilities$PrivateToThis source: shared objects file
[0.419s][info][class,load] kotlin.reflect.jvm.internal.impl.descriptors.DescriptorVisibilities$3 source: shared objects file
[0.419s][info][class,load] kotlin.reflect.jvm.internal.impl.descriptors.Visibilities$Protected source: shared objects file
[0.419s][info][class,load] kotlin.reflect.jvm.internal.impl.descriptors.DescriptorVisibilities$4 source: shared objects file
[0.419s][info][class,load] kotlin.reflect.jvm.internal.impl.descriptors.Visibilities$Internal source: shared objects file
[0.419s][info][class,load] kotlin.reflect.jvm.internal.impl.descriptors.DescriptorVisibilities$5 source: shared objects file
[0.419s][info][class,load] kotlin.reflect.jvm.internal.impl.descriptors.Visibilities$Public source: shared objects file
[0.419s][info][class,load] kotlin.reflect.jvm.internal.impl.descriptors.DescriptorVisibilities$6 source: shared objects file
[0.419s][info][class,load] kotlin.reflect.jvm.internal.impl.descriptors.Visibilities$Local source: shared objects file
[0.419s][info][class,load] kotlin.reflect.jvm.internal.impl.descriptors.DescriptorVisibilities$7 source: shared objects file
[0.419s][info][class,load] kotlin.reflect.jvm.internal.impl.descriptors.Visibilities$Inherited source: shared objects file
[0.419s][info][class,load] kotlin.reflect.jvm.internal.impl.descriptors.DescriptorVisibilities$8 source: shared objects file
[0.419s][info][class,load] kotlin.reflect.jvm.internal.impl.descriptors.Visibilities$InvisibleFake source: shared objects file
[0.419s][info][class,load] kotlin.reflect.jvm.internal.impl.descriptors.DescriptorVisibilities$9 source: shared objects file
[0.419s][info][class,load] kotlin.reflect.jvm.internal.impl.descriptors.Visibilities$Unknown source: shared objects file
[0.420s][info][class,load] kotlin.reflect.jvm.internal.impl.resolve.scopes.receivers.ReceiverValue source: shared objects file
[0.420s][info][class,load] kotlin.reflect.jvm.internal.impl.descriptors.DescriptorVisibilities$10 source: shared objects file
[0.420s][info][class,load] kotlin.reflect.jvm.internal.impl.descriptors.DescriptorVisibilities$11 source: shared objects file
[0.420s][info][class,load] kotlin.reflect.jvm.internal.impl.descriptors.DescriptorVisibilities$12 source: shared objects file
[0.420s][info][class,load] kotlin.reflect.jvm.internal.impl.util.ModuleVisibilityHelper source: shared objects file
[0.420s][info][class,load] kotlin.reflect.jvm.internal.impl.util.ModuleVisibilityHelper$EMPTY source: shared objects file
[0.420s][info][class,load] kotlin.reflect.jvm.internal.impl.types.error.ErrorScopeKind source: shared objects file
[0.420s][info][class,load] kotlin.reflect.jvm.internal.impl.types.error.ErrorScope source: shared objects file
[0.420s][info][class,load] kotlin.reflect.jvm.internal.impl.types.UnwrappedType source: shared objects file
[0.420s][info][class,load] kotlin.reflect.jvm.internal.impl.types.model.RigidTypeMarker source: shared objects file
[0.420s][info][class,load] kotlin.reflect.jvm.internal.impl.types.model.SimpleTypeMarker source: shared objects file
[0.420s][info][class,load] kotlin.reflect.jvm.internal.impl.types.model.TypeArgumentListMarker source: shared objects file
[0.420s][info][class,load] kotlin.reflect.jvm.internal.impl.types.SimpleType source: shared objects file
[0.420s][info][class,load] kotlin.reflect.jvm.internal.impl.types.error.ErrorType source: shared objects file
[0.420s][info][class,load] kotlin.reflect.jvm.internal.impl.types.error.ErrorTypeConstructor source: shared objects file
[0.421s][info][class,load] kotlin.jvm.internal.StringCompanionObject source: shared objects file
[0.421s][info][class,load] kotlin.reflect.jvm.internal.impl.descriptors.ValueDescriptor source: shared objects file
[0.421s][info][class,load] kotlin.reflect.jvm.internal.impl.descriptors.VariableDescriptor source: shared objects file
[0.421s][info][class,load] kotlin.reflect.jvm.internal.impl.descriptors.VariableDescriptorWithAccessors source: shared objects file
[0.421s][info][class,load] kotlin.reflect.jvm.internal.impl.descriptors.PropertyDescriptor source: shared objects file
[0.421s][info][class,load] kotlin.reflect.jvm.internal.impl.types.error.ErrorPropertyDescriptor source: shared objects file
[0.421s][info][class,load] kotlin.reflect.jvm.internal.impl.descriptors.impl.VariableDescriptorImpl source: shared objects file
[0.421s][info][class,load] kotlin.reflect.jvm.internal.impl.descriptors.impl.VariableDescriptorWithInitializerImpl source: shared objects file
[0.421s][info][class,load] kotlin.reflect.jvm.internal.impl.descriptors.impl.PropertyDescriptorImpl source: shared objects file
[0.421s][info][class,load] kotlin.jvm.internal.CollectionToArray source: shared objects file
[0.421s][info][class,load] kotlin.reflect.jvm.internal.impl.types.DelegatingSimpleType source: shared objects file
[0.421s][info][class,load] kotlin.reflect.jvm.internal.impl.types.TypeUtils$SpecialType source: shared objects file
[0.422s][info][class,load] kotlin.reflect.jvm.internal.impl.util.AbstractArrayMapOwner source: shared objects file
[0.422s][info][class,load] kotlin.reflect.jvm.internal.impl.util.AttributeArrayOwner source: shared objects file
[0.422s][info][class,load] kotlin.reflect.jvm.internal.impl.types.TypeAttributes source: shared objects file
[0.422s][info][class,load] kotlin.reflect.jvm.internal.impl.util.TypeRegistry source: shared objects file
[0.422s][info][class,load] kotlin.reflect.jvm.internal.impl.types.TypeAttributes$Companion source: shared objects file
[0.422s][info][class,load] kotlin.reflect.jvm.internal.impl.util.ArrayMap source: shared objects file
[0.422s][info][class,load] kotlin.reflect.jvm.internal.impl.util.EmptyArrayMap source: shared objects file
[0.422s][info][class,load] kotlin.reflect.jvm.internal.impl.types.KotlinTypeFactory source: shared objects file
[0.422s][info][class,load] kotlin.reflect.jvm.internal.impl.types.KotlinTypeFactory$EMPTY_REFINED_TYPE_FACTORY$1 source: shared objects file
[0.422s][info][class,load] kotlin.reflect.jvm.internal.impl.types.SimpleTypeImpl source: shared objects file
[0.422s][info][class,load] kotlin.reflect.jvm.internal.impl.builtins.jvm.JvmBuiltInsCustomizer$$Lambda$0 source: shared objects file
[0.422s][info][class,load] kotlin.reflect.jvm.internal.impl.builtins.jvm.JvmBuiltInsCustomizer$$Lambda$1 source: shared objects file
[0.422s][info][class,load] kotlin.reflect.jvm.internal.impl.builtins.jvm.JvmBuiltInsCustomizer$$Lambda$2 source: shared objects file
[0.422s][info][class,load] kotlin.reflect.jvm.internal.impl.utils.WrappedValues$ThrowableWrapper source: shared objects file
[0.422s][info][class,load] kotlin.reflect.jvm.internal.impl.metadata.jvm.deserialization.JvmProtoBufUtil source: shared objects file
[0.422s][info][class,load] kotlin.reflect.jvm.internal.impl.protobuf.ExtensionRegistryLite source: shared objects file
[0.423s][info][class,load] kotlin.reflect.jvm.internal.impl.metadata.jvm.JvmProtoBuf source: shared objects file
[0.423s][info][class,load] kotlin.reflect.jvm.internal.impl.protobuf.MessageLiteOrBuilder source: shared objects file
[0.423s][info][class,load] kotlin.reflect.jvm.internal.impl.protobuf.MessageLite source: shared objects file
[0.423s][info][class,load] kotlin.reflect.jvm.internal.impl.protobuf.AbstractMessageLite source: shared objects file
[0.423s][info][class,load] kotlin.reflect.jvm.internal.impl.protobuf.GeneratedMessageLite source: shared objects file
[0.423s][info][class,load] kotlin.reflect.jvm.internal.impl.protobuf.GeneratedMessageLite$ExtendableMessageOrBuilder source: shared objects file
[0.423s][info][class,load] kotlin.reflect.jvm.internal.impl.protobuf.GeneratedMessageLite$ExtendableMessage source: shared objects file
[0.423s][info][class,load] kotlin.reflect.jvm.internal.impl.metadata.ProtoBuf$ConstructorOrBuilder source: shared objects file
[0.423s][info][class,load] kotlin.reflect.jvm.internal.impl.metadata.ProtoBuf$Constructor source: shared objects file
[0.424s][info][class,load] kotlin.reflect.jvm.internal.impl.protobuf.Parser source: shared objects file
[0.424s][info][class,load] kotlin.reflect.jvm.internal.impl.protobuf.AbstractParser source: shared objects file
[0.424s][info][class,load] kotlin.reflect.jvm.internal.impl.metadata.ProtoBuf$Constructor$1 source: shared objects file
[0.424s][info][class,load] kotlin.reflect.jvm.internal.impl.protobuf.FieldSet source: shared objects file
[0.424s][info][class,load] kotlin.reflect.jvm.internal.impl.protobuf.SmallSortedMap source: shared objects file
[0.424s][info][class,load] kotlin.reflect.jvm.internal.impl.protobuf.SmallSortedMap$1 source: shared objects file
[0.424s][info][class,load] kotlin.reflect.jvm.internal.impl.protobuf.SmallSortedMap$EmptySet source: shared objects file
[0.424s][info][class,load] kotlin.reflect.jvm.internal.impl.protobuf.SmallSortedMap$EmptySet$1 source: shared objects file
[0.425s][info][class,load] kotlin.reflect.jvm.internal.impl.protobuf.SmallSortedMap$EmptySet$2 source: shared objects file
[0.425s][info][class,load] kotlin.reflect.jvm.internal.impl.protobuf.ByteString source: shared objects file
[0.425s][info][class,load] kotlin.reflect.jvm.internal.impl.protobuf.LiteralByteString source: shared objects file
[0.425s][info][class,load] kotlin.reflect.jvm.internal.impl.metadata.jvm.JvmProtoBuf$JvmMethodSignatureOrBuilder source: shared objects file
[0.425s][info][class,load] kotlin.reflect.jvm.internal.impl.metadata.jvm.JvmProtoBuf$JvmMethodSignature source: shared objects file
[0.425s][info][class,load] kotlin.reflect.jvm.internal.impl.metadata.jvm.JvmProtoBuf$JvmMethodSignature$1 source: shared objects file
[0.425s][info][class,load] kotlin.reflect.jvm.internal.impl.protobuf.WireFormat$FieldType source: shared objects file
[0.425s][info][class,load] kotlin.reflect.jvm.internal.impl.protobuf.WireFormat$JavaType source: shared objects file
[0.425s][info][class,load] kotlin.reflect.jvm.internal.impl.protobuf.WireFormat$FieldType$1 source: shared objects file
[0.425s][info][class,load] kotlin.reflect.jvm.internal.impl.protobuf.WireFormat$FieldType$2 source: shared objects file
[0.425s][info][class,load] kotlin.reflect.jvm.internal.impl.protobuf.WireFormat$FieldType$3 source: shared objects file
[0.425s][info][class,load] kotlin.reflect.jvm.internal.impl.protobuf.WireFormat$FieldType$4 source: shared objects file
[0.425s][info][class,load] kotlin.reflect.jvm.internal.impl.protobuf.GeneratedMessageLite$GeneratedExtension source: shared objects file
[0.425s][info][class,load] kotlin.reflect.jvm.internal.impl.protobuf.FieldSet$FieldDescriptorLite source: shared objects file
[0.425s][info][class,load] kotlin.reflect.jvm.internal.impl.protobuf.GeneratedMessageLite$ExtensionDescriptor source: shared objects file
[0.425s][info][class,load] kotlin.reflect.jvm.internal.impl.protobuf.Internal$EnumLite source: shared objects file
[0.426s][info][class,load] kotlin.reflect.jvm.internal.impl.metadata.ProtoBuf$FunctionOrBuilder source: shared objects file
[0.426s][info][class,load] kotlin.reflect.jvm.internal.impl.metadata.ProtoBuf$Function source: shared objects file
[0.426s][info][class,load] kotlin.reflect.jvm.internal.impl.metadata.ProtoBuf$Function$1 source: shared objects file
[0.426s][info][class,load] kotlin.reflect.jvm.internal.impl.metadata.ProtoBuf$TypeOrBuilder source: shared objects file
[0.426s][info][class,load] kotlin.reflect.jvm.internal.impl.metadata.ProtoBuf$Type source: shared objects file
[0.427s][info][class,load] kotlin.reflect.jvm.internal.impl.metadata.ProtoBuf$Type$1 source: shared objects file
[0.427s][info][class,load] kotlin.reflect.jvm.internal.impl.metadata.ProtoBuf$TypeTableOrBuilder source: shared objects file
[0.427s][info][class,load] kotlin.reflect.jvm.internal.impl.metadata.ProtoBuf$TypeTable source: shared objects file
[0.427s][info][class,load] kotlin.reflect.jvm.internal.impl.metadata.ProtoBuf$TypeTable$1 source: shared objects file
[0.427s][info][class,load] kotlin.reflect.jvm.internal.impl.metadata.ProtoBuf$ContractOrBuilder source: shared objects file
[0.427s][info][class,load] kotlin.reflect.jvm.internal.impl.metadata.ProtoBuf$Contract source: shared objects file
[0.427s][info][class,load] kotlin.reflect.jvm.internal.impl.metadata.ProtoBuf$Contract$1 source: shared objects file
[0.428s][info][class,load] kotlin.reflect.jvm.internal.impl.metadata.ProtoBuf$PropertyOrBuilder source: shared objects file
[0.428s][info][class,load] kotlin.reflect.jvm.internal.impl.metadata.ProtoBuf$Property source: shared objects file
[0.428s][info][class,load] kotlin.reflect.jvm.internal.impl.metadata.ProtoBuf$Property$1 source: shared objects file
[0.428s][info][class,load] kotlin.reflect.jvm.internal.impl.metadata.ProtoBuf$ValueParameterOrBuilder source: shared objects file
[0.428s][info][class,load] kotlin.reflect.jvm.internal.impl.metadata.ProtoBuf$ValueParameter source: shared objects file
[0.428s][info][class,load] kotlin.reflect.jvm.internal.impl.metadata.ProtoBuf$ValueParameter$1 source: shared objects file
[0.428s][info][class,load] kotlin.reflect.jvm.internal.impl.metadata.ProtoBuf$Annotation$Argument$ValueOrBuilder source: shared objects file
[0.428s][info][class,load] kotlin.reflect.jvm.internal.impl.metadata.ProtoBuf$Annotation$Argument$Value source: shared objects file
[0.428s][info][class,load] kotlin.reflect.jvm.internal.impl.metadata.ProtoBuf$Annotation$Argument$Value$1 source: shared objects file
[0.428s][info][class,load] kotlin.reflect.jvm.internal.impl.metadata.ProtoBuf$Annotation$Argument$Value$Type source: shared objects file
[0.428s][info][class,load] kotlin.reflect.jvm.internal.impl.protobuf.Internal$EnumLiteMap source: shared objects file
[0.428s][info][class,load] kotlin.reflect.jvm.internal.impl.metadata.ProtoBuf$Annotation$Argument$Value$Type$1 source: shared objects file
[0.429s][info][class,load] kotlin.reflect.jvm.internal.impl.metadata.ProtoBuf$AnnotationOrBuilder source: shared objects file
[0.429s][info][class,load] kotlin.reflect.jvm.internal.impl.metadata.ProtoBuf$Annotation source: shared objects file
[0.429s][info][class,load] kotlin.reflect.jvm.internal.impl.metadata.ProtoBuf$Annotation$1 source: shared objects file
[0.429s][info][class,load] kotlin.reflect.jvm.internal.impl.metadata.jvm.JvmProtoBuf$JvmPropertySignatureOrBuilder source: shared objects file
[0.429s][info][class,load] kotlin.reflect.jvm.internal.impl.metadata.jvm.JvmProtoBuf$JvmPropertySignature source: shared objects file
[0.429s][info][class,load] kotlin.reflect.jvm.internal.impl.metadata.jvm.JvmProtoBuf$JvmPropertySignature$1 source: shared objects file
[0.429s][info][class,load] kotlin.reflect.jvm.internal.impl.metadata.jvm.JvmProtoBuf$JvmFieldSignatureOrBuilder source: shared objects file
[0.429s][info][class,load] kotlin.reflect.jvm.internal.impl.metadata.jvm.JvmProtoBuf$JvmFieldSignature source: shared objects file
[0.429s][info][class,load] kotlin.reflect.jvm.internal.impl.metadata.jvm.JvmProtoBuf$JvmFieldSignature$1 source: shared objects file
[0.429s][info][class,load] kotlin.reflect.jvm.internal.impl.metadata.ProtoBuf$ClassOrBuilder source: shared objects file
[0.429s][info][class,load] kotlin.reflect.jvm.internal.impl.metadata.ProtoBuf$Class source: shared objects file
[0.429s][info][class,load] kotlin.reflect.jvm.internal.impl.metadata.ProtoBuf$Class$1 source: shared objects file
[0.429s][info][class,load] kotlin.reflect.jvm.internal.impl.metadata.ProtoBuf$VersionRequirementTableOrBuilder source: shared objects file
[0.429s][info][class,load] kotlin.reflect.jvm.internal.impl.metadata.ProtoBuf$VersionRequirementTable source: shared objects file
[0.429s][info][class,load] kotlin.reflect.jvm.internal.impl.metadata.ProtoBuf$VersionRequirementTable$1 source: shared objects file
[0.429s][info][class,load] kotlin.reflect.jvm.internal.impl.metadata.ProtoBuf$PackageOrBuilder source: shared objects file
[0.429s][info][class,load] kotlin.reflect.jvm.internal.impl.metadata.ProtoBuf$Package source: shared objects file
[0.429s][info][class,load] kotlin.reflect.jvm.internal.impl.metadata.ProtoBuf$Package$1 source: shared objects file
[0.429s][info][class,load] kotlin.reflect.jvm.internal.impl.protobuf.ExtensionRegistryLite$ObjectIntPair source: shared objects file
[0.429s][info][class,load] kotlin.reflect.jvm.internal.impl.metadata.SerializationPluginMetadataExtensions source: shared objects file
[0.429s][info][class,load] kotlin.reflect.jvm.internal.impl.serialization.deserialization.EnumEntriesDeserializationSupport source: shared objects file
[0.429s][info][class,load] kotlin.reflect.jvm.internal.impl.serialization.deserialization.JvmEnumEntriesDeserializationSupport source: shared objects file
[0.429s][info][class,load] kotlin.reflect.jvm.internal.impl.serialization.deserialization.ClassDeserializer source: shared objects file
[0.429s][info][class,load] kotlin.reflect.jvm.internal.impl.serialization.deserialization.ClassDeserializer$Companion source: shared objects file
[0.430s][info][class,load] kotlin.reflect.jvm.internal.impl.serialization.deserialization.ClassDeserializer$$Lambda$0 source: shared objects file
[0.430s][info][class,load] kotlin.reflect.jvm.internal.impl.resolve.jvm.JavaDescriptorResolver source: shared objects file
[0.430s][info][class,load] kotlin.reflect.jvm.internal.impl.serialization.deserialization.AbstractDeserializedPackageFragmentProvider source: shared objects file
[0.430s][info][class,load] kotlin.reflect.jvm.internal.impl.builtins.jvm.JvmBuiltInsPackageFragmentProvider source: shared objects file
[0.430s][info][class,load] kotlin.reflect.jvm.internal.impl.builtins.jvm.JvmBuiltInsPackageFragmentProvider$Companion source: shared objects file
[0.430s][info][class,load] kotlin.reflect.jvm.internal.impl.serialization.deserialization.AbstractDeserializedPackageFragmentProvider$$Lambda$0 source: shared objects file
[0.430s][info][class,load] kotlin.reflect.jvm.internal.impl.serialization.deserialization.DeserializedClassDataFinder source: shared objects file
[0.430s][info][class,load] kotlin.reflect.jvm.internal.impl.serialization.deserialization.AbstractAnnotationLoader source: shared objects file
[0.430s][info][class,load] kotlin.reflect.jvm.internal.impl.serialization.deserialization.AnnotationAndConstantLoaderImpl source: shared objects file
[0.430s][info][class,load] kotlin.reflect.jvm.internal.impl.serialization.SerializerExtensionProtocol source: shared objects file
[0.430s][info][class,load] kotlin.reflect.jvm.internal.impl.serialization.deserialization.builtins.BuiltInSerializerProtocol source: shared objects file
[0.430s][info][class,load] kotlin.reflect.jvm.internal.impl.metadata.builtins.BuiltInsProtoBuf source: shared objects file
[0.430s][info][class,load] kotlin.reflect.jvm.internal.impl.metadata.ProtoBuf$EnumEntryOrBuilder source: shared objects file
[0.430s][info][class,load] kotlin.reflect.jvm.internal.impl.metadata.ProtoBuf$EnumEntry source: shared objects file
[0.430s][info][class,load] kotlin.reflect.jvm.internal.impl.metadata.ProtoBuf$EnumEntry$1 source: shared objects file
[0.430s][info][class,load] kotlin.reflect.jvm.internal.impl.metadata.ProtoBuf$TypeParameterOrBuilder source: shared objects file
[0.430s][info][class,load] kotlin.reflect.jvm.internal.impl.metadata.ProtoBuf$TypeParameter source: shared objects file
[0.430s][info][class,load] kotlin.reflect.jvm.internal.impl.metadata.ProtoBuf$TypeParameter$1 source: shared objects file
[0.431s][info][class,load] kotlin.reflect.jvm.internal.impl.metadata.ProtoBuf$TypeParameter$Variance source: shared objects file
[0.431s][info][class,load] kotlin.reflect.jvm.internal.impl.metadata.ProtoBuf$TypeParameter$Variance$1 source: shared objects file
[0.431s][info][class,load] kotlin.reflect.jvm.internal.impl.serialization.deserialization.ErrorReporter$1 source: shared objects file
[0.431s][info][class,load] kotlin.reflect.jvm.internal.impl.serialization.deserialization.FlexibleTypeDeserializer$ThrowException source: shared objects file
[0.431s][info][class,load] kotlin.reflect.jvm.internal.impl.descriptors.deserialization.ClassDescriptorFactory source: shared objects file
[0.431s][info][class,load] kotlin.reflect.jvm.internal.impl.builtins.functions.BuiltInFictitiousFunctionClassFactory source: shared objects file
[0.431s][info][class,load] kotlin.reflect.jvm.internal.impl.builtins.jvm.JvmBuiltInClassDescriptorFactory source: shared objects file
[0.431s][info][class,load] kotlin.reflect.jvm.internal.impl.builtins.jvm.JvmBuiltInClassDescriptorFactory$Companion source: shared objects file
[0.431s][info][class,load] kotlin.reflect.jvm.internal.impl.builtins.jvm.JvmBuiltInClassDescriptorFactory$$Lambda$1 source: shared objects file
[0.431s][info][class,load] kotlin.reflect.jvm.internal.impl.builtins.jvm.JvmBuiltInClassDescriptorFactory$$Lambda$0 source: shared objects file
[0.431s][info][class,load] kotlin.reflect.jvm.internal.impl.descriptors.impl.ModuleDependencies source: shared objects file
[0.431s][info][class,load] kotlin.reflect.jvm.internal.impl.descriptors.impl.ModuleDependenciesImpl source: shared objects file
[0.431s][info][class,load] kotlin.reflect.jvm.internal.impl.descriptors.impl.CompositePackageFragmentProvider source: shared objects file
[0.431s][info][class,load] kotlin.reflect.jvm.internal.impl.load.kotlin.DeserializationComponentsForJava$Companion$ModuleData source: shared objects file
[0.431s][info][class,load] kotlin.reflect.jvm.internal.impl.descriptors.runtime.components.PackagePartScopeCache source: shared objects file
[0.431s][info][class,load] kotlin.reflect.jvm.internal.impl.descriptors.FindClassInModuleKt source: shared objects file
[0.431s][info][class,load] kotlin.reflect.jvm.internal.impl.resolve.ResolutionAnchorProviderKt source: shared objects file
[0.431s][info][class,load] kotlin.reflect.jvm.internal.impl.descriptors.impl.LazyPackageViewDescriptorImpl source: shared objects file
[0.432s][info][class,load] kotlin.reflect.jvm.internal.impl.descriptors.impl.LazyPackageViewDescriptorImpl$$Lambda$0 source: shared objects file
[0.432s][info][class,load] kotlin.reflect.jvm.internal.impl.descriptors.impl.LazyPackageViewDescriptorImpl$$Lambda$1 source: shared objects file
[0.432s][info][class,load] kotlin.reflect.jvm.internal.impl.resolve.scopes.AbstractScopeAdapter source: shared objects file
[0.432s][info][class,load] kotlin.reflect.jvm.internal.impl.resolve.scopes.LazyScopeAdapter source: shared objects file
[0.432s][info][class,load] kotlin.reflect.jvm.internal.impl.descriptors.impl.LazyPackageViewDescriptorImpl$$Lambda$2 source: shared objects file
[0.432s][info][class,load] kotlin.reflect.jvm.internal.impl.resolve.scopes.LazyScopeAdapter$$Lambda$0 source: shared objects file
[0.432s][info][class,load] kotlin.reflect.jvm.internal.impl.incremental.components.LookupLocation source: shared objects file
[0.432s][info][class,load] kotlin.reflect.jvm.internal.impl.incremental.components.NoLookupLocation source: shared objects file
[0.432s][info][class,load] kotlin.reflect.jvm.internal.impl.descriptors.PackageFragmentProviderKt source: shared objects file
[0.432s][info][class,load] kotlin.reflect.jvm.internal.impl.load.java.JavaClassFinder$$Util source: shared objects file
[0.432s][info][class,load] kotlin.reflect.jvm.internal.impl.load.java.structure.JavaElement source: shared objects file
[0.432s][info][class,load] kotlin.reflect.jvm.internal.impl.descriptors.runtime.structure.ReflectJavaElement source: shared objects file
[0.432s][info][class,load] kotlin.reflect.jvm.internal.impl.load.java.structure.JavaAnnotationOwner source: shared objects file
[0.432s][info][class,load] kotlin.reflect.jvm.internal.impl.load.java.structure.JavaPackage source: shared objects file
[0.432s][info][class,load] kotlin.reflect.jvm.internal.impl.descriptors.runtime.structure.ReflectJavaPackage source: shared objects file
[0.432s][info][class,load] kotlin.reflect.jvm.internal.impl.load.java.lazy.LazyJavaPackageFragmentProvider$$Lambda$0 source: shared objects file
[0.432s][info][class,load] kotlin.reflect.jvm.internal.impl.storage.LockBasedStorageManager$KeyWithComputation source: shared objects file
[0.432s][info][class,load] kotlin.reflect.jvm.internal.impl.load.java.lazy.descriptors.LazyJavaPackageFragment source: shared objects file
[0.433s][info][class,load] kotlin.reflect.jvm.internal.impl.load.java.lazy.ContextKt source: shared objects file
[0.433s][info][class,load] kotlin.reflect.jvm.internal.impl.load.java.lazy.ContextKt$$Lambda$0 source: shared objects file
[0.433s][info][class,load] kotlin.UnsafeLazyImpl source: shared objects file
[0.433s][info][class,load] kotlin.reflect.jvm.internal.impl.load.java.lazy.descriptors.LazyJavaPackageFragment$$Lambda$0 source: shared objects file
[0.433s][info][class,load] kotlin.reflect.jvm.internal.impl.load.java.lazy.descriptors.JvmPackageScope source: shared objects file
[0.433s][info][class,load] kotlin.reflect.jvm.internal.impl.load.java.lazy.descriptors.LazyJavaScope source: shared objects file
[0.433s][info][class,load] kotlin.reflect.jvm.internal.impl.load.java.lazy.descriptors.LazyJavaStaticScope source: shared objects file
[0.433s][info][class,load] kotlin.reflect.jvm.internal.impl.load.java.lazy.descriptors.LazyJavaPackageScope source: shared objects file
[0.433s][info][class,load] kotlin.reflect.jvm.internal.impl.load.java.lazy.descriptors.LazyJavaScope$$Lambda$0 source: shared objects file
[0.433s][info][class,load] kotlin.reflect.jvm.internal.impl.storage.LockBasedStorageManager$4 source: shared objects file
[0.433s][info][class,load] kotlin.reflect.jvm.internal.impl.load.java.lazy.descriptors.LazyJavaScope$$Lambda$1 source: shared objects file
[0.433s][info][class,load] kotlin.reflect.jvm.internal.impl.load.java.lazy.descriptors.LazyJavaScope$$Lambda$2 source: shared objects file
[0.433s][info][class,load] kotlin.reflect.jvm.internal.impl.load.java.lazy.descriptors.LazyJavaScope$$Lambda$3 source: shared objects file
[0.433s][info][class,load] kotlin.reflect.jvm.internal.impl.load.java.lazy.descriptors.LazyJavaScope$$Lambda$4 source: shared objects file
[0.433s][info][class,load] kotlin.reflect.jvm.internal.impl.load.java.lazy.descriptors.LazyJavaScope$$Lambda$5 source: shared objects file
[0.434s][info][class,load] kotlin.reflect.jvm.internal.impl.load.java.lazy.descriptors.LazyJavaScope$$Lambda$6 source: shared objects file
[0.434s][info][class,load] kotlin.reflect.jvm.internal.impl.load.java.lazy.descriptors.LazyJavaScope$$Lambda$7 source: shared objects file
[0.434s][info][class,load] kotlin.reflect.jvm.internal.impl.load.java.lazy.descriptors.LazyJavaScope$$Lambda$8 source: shared objects file
[0.434s][info][class,load] kotlin.reflect.jvm.internal.impl.load.java.lazy.descriptors.LazyJavaPackageScope$$Lambda$0 source: shared objects file
[0.434s][info][class,load] kotlin.reflect.jvm.internal.impl.load.java.lazy.descriptors.LazyJavaPackageScope$$Lambda$1 source: shared objects file
[0.434s][info][class,load] kotlin.reflect.jvm.internal.impl.load.java.lazy.descriptors.JvmPackageScope$$Lambda$0 source: shared objects file
[0.434s][info][class,load] kotlin.reflect.jvm.internal.impl.load.java.lazy.descriptors.LazyJavaPackageFragment$$Lambda$1 source: shared objects file
[0.434s][info][class,load] kotlin.reflect.jvm.internal.impl.load.java.lazy.LazyJavaAnnotationsKt source: shared objects file
[0.434s][info][class,load] kotlin.reflect.jvm.internal.impl.load.java.lazy.LazyJavaAnnotations source: shared objects file
[0.434s][info][class,load] kotlin.reflect.jvm.internal.impl.load.java.lazy.LazyJavaAnnotations$$Lambda$0 source: shared objects file
[0.434s][info][class,load] kotlin.reflect.jvm.internal.impl.load.java.lazy.descriptors.LazyJavaPackageFragment$$Lambda$2 source: shared objects file
[0.434s][info][class,load] kotlin.reflect.jvm.internal.impl.descriptors.impl.SubpackagesScope source: shared objects file
[0.434s][info][class,load] kotlin.reflect.jvm.internal.impl.resolve.scopes.ChainedMemberScope source: shared objects file
[0.434s][info][class,load] kotlin.reflect.jvm.internal.impl.resolve.scopes.ChainedMemberScope$Companion source: shared objects file
[0.434s][info][class,load] kotlin.reflect.jvm.internal.impl.utils.SmartList source: shared objects file
[0.434s][info][class,load] kotlin.reflect.jvm.internal.impl.incremental.UtilsKt source: shared objects file
[0.434s][info][class,load] kotlin.reflect.jvm.internal.impl.load.java.lazy.descriptors.LazyJavaPackageScope$FindClassRequest source: shared objects file
[0.434s][info][class,load] kotlin.reflect.jvm.internal.impl.descriptors.runtime.components.ReflectKotlinClassFinderKt source: shared objects file
[0.434s][info][class,load] kotlin.reflect.jvm.internal.impl.descriptors.runtime.components.ReflectJavaClassFinderKt source: shared objects file
[0.434s][info][class,load] kotlin.reflect.jvm.internal.impl.load.kotlin.KotlinJvmBinaryClass source: shared objects file
[0.434s][info][class,load] kotlin.reflect.jvm.internal.impl.descriptors.runtime.components.ReflectKotlinClass source: shared objects file
[0.434s][info][class,load] kotlin.reflect.jvm.internal.impl.descriptors.runtime.components.ReflectKotlinClass$Factory source: shared objects file
[0.435s][info][class,load] kotlin.reflect.jvm.internal.impl.load.kotlin.KotlinJvmBinaryClass$AnnotationVisitor source: shared objects file
[0.435s][info][class,load] kotlin.reflect.jvm.internal.impl.load.kotlin.header.ReadKotlinClassHeaderAnnotationVisitor source: shared objects file
[0.435s][info][class,load] kotlin.reflect.jvm.internal.impl.descriptors.runtime.components.ReflectClassStructure source: shared objects file
[0.435s][info][class,load] kotlin.reflect.jvm.internal.impl.descriptors.runtime.components.ReflectAnnotationSource source: shared objects file
[0.435s][info][class,load] kotlin.reflect.jvm.internal.impl.load.kotlin.KotlinJvmBinaryClass$AnnotationArgumentVisitor source: shared objects file
[0.435s][info][class,load] kotlin.reflect.jvm.internal.impl.load.kotlin.header.ReadKotlinClassHeaderAnnotationVisitor$KotlinMetadataArgumentVisitor source: shared objects file
[0.435s][info][class,load] kotlin.reflect.jvm.internal.impl.descriptors.runtime.components.ReflectKotlinClassKt source: shared objects file
[0.436s][info][class,load] java.lang.invoke.LambdaForm$MH/0x000007fc030a0000 source: __JVM_LookupDefineClass__
[0.436s][info][class,load] kotlin.reflect.jvm.internal.impl.load.kotlin.KotlinJvmBinaryClass$AnnotationArrayArgumentVisitor source: shared objects file
[0.436s][info][class,load] kotlin.reflect.jvm.internal.impl.load.kotlin.header.ReadKotlinClassHeaderAnnotationVisitor$CollectStringArrayAnnotationVisitor source: shared objects file
[0.436s][info][class,load] kotlin.reflect.jvm.internal.impl.load.kotlin.header.ReadKotlinClassHeaderAnnotationVisitor$KotlinMetadataArgumentVisitor$1 source: shared objects file
[0.436s][info][class,load] kotlin.reflect.jvm.internal.impl.load.kotlin.header.ReadKotlinClassHeaderAnnotationVisitor$KotlinMetadataArgumentVisitor$2 source: shared objects file
[0.436s][info][class,load] kotlin.reflect.jvm.internal.impl.load.kotlin.header.KotlinClassHeader source: shared objects file
[0.437s][info][class,load] kotlin.reflect.jvm.internal.impl.load.kotlin.KotlinClassFinder$Result source: shared objects file
[0.437s][info][class,load] kotlin.reflect.jvm.internal.impl.load.kotlin.KotlinClassFinder$Result$KotlinClass source: shared objects file
[0.437s][info][class,load] kotlin.reflect.jvm.internal.impl.metadata.jvm.deserialization.BitEncoding source: shared objects file
[0.437s][info][class,load] kotlin.reflect.jvm.internal.impl.metadata.jvm.deserialization.UtfEncodingKt source: shared objects file
[0.437s][info][class,load] kotlin.reflect.jvm.internal.impl.metadata.deserialization.NameResolver source: shared objects file
[0.437s][info][class,load] kotlin.reflect.jvm.internal.impl.metadata.jvm.deserialization.JvmNameResolverBase source: shared objects file
[0.437s][info][class,load] kotlin.reflect.jvm.internal.impl.metadata.jvm.deserialization.JvmNameResolver source: shared objects file
[0.437s][info][class,load] kotlin.reflect.jvm.internal.impl.metadata.jvm.deserialization.JvmNameResolverBase$Companion source: shared objects file
[0.437s][info][class,load] kotlin.collections.IndexingIterable source: shared objects file
[0.438s][info][class,load] kotlin.collections.CollectionsKt___CollectionsKt$$Lambda/0x000007fc0309e480 source: kotlin.collections.CollectionsKt___CollectionsKt
[0.438s][info][class,load] kotlin.collections.IndexingIterator source: shared objects file
[0.439s][info][class,load] kotlin.collections.IndexedValue source: shared objects file
[0.439s][info][class,load] kotlin.reflect.jvm.internal.impl.metadata.jvm.JvmProtoBuf$StringTableTypesOrBuilder source: shared objects file
[0.439s][info][class,load] kotlin.reflect.jvm.internal.impl.metadata.jvm.JvmProtoBuf$StringTableTypes source: shared objects file
[0.439s][info][class,load] kotlin.reflect.jvm.internal.impl.metadata.jvm.JvmProtoBuf$StringTableTypes$1 source: shared objects file
[0.439s][info][class,load] kotlin.reflect.jvm.internal.impl.protobuf.CodedInputStream source: shared objects file
[0.439s][info][class,load] kotlin.reflect.jvm.internal.impl.protobuf.AbstractMessageLite$Builder$LimitedInputStream source: shared objects file
[0.439s][info][class,load] kotlin.reflect.jvm.internal.impl.protobuf.ByteString$Output source: shared objects file
[0.439s][info][class,load] kotlin.reflect.jvm.internal.impl.protobuf.CodedOutputStream source: shared objects file
[0.439s][info][class,load] kotlin.reflect.jvm.internal.impl.protobuf.WireFormat source: shared objects file
[0.439s][info][class,load] kotlin.reflect.jvm.internal.impl.metadata.jvm.JvmProtoBuf$StringTableTypes$RecordOrBuilder source: shared objects file
[0.440s][info][class,load] kotlin.reflect.jvm.internal.impl.metadata.jvm.JvmProtoBuf$StringTableTypes$Record source: shared objects file
[0.440s][info][class,load] kotlin.reflect.jvm.internal.impl.metadata.jvm.JvmProtoBuf$StringTableTypes$Record$1 source: shared objects file
[0.440s][info][class,load] kotlin.reflect.jvm.internal.impl.metadata.jvm.JvmProtoBuf$StringTableTypes$Record$Operation source: shared objects file
[0.440s][info][class,load] kotlin.reflect.jvm.internal.impl.metadata.jvm.JvmProtoBuf$StringTableTypes$Record$Operation$1 source: shared objects file
[0.440s][info][class,load] kotlin.reflect.jvm.internal.impl.metadata.jvm.deserialization.JvmNameResolverKt source: shared objects file
[0.440s][info][class,load] kotlin.reflect.jvm.internal.impl.protobuf.GeneratedMessageLite$1 source: shared objects file
[0.440s][info][class,load] kotlin.reflect.jvm.internal.impl.protobuf.MessageLite$Builder source: shared objects file
[0.440s][info][class,load] kotlin.reflect.jvm.internal.impl.protobuf.AbstractMessageLite$Builder source: shared objects file
[0.440s][info][class,load] kotlin.reflect.jvm.internal.impl.protobuf.GeneratedMessageLite$Builder source: shared objects file
[0.440s][info][class,load] kotlin.reflect.jvm.internal.impl.metadata.jvm.JvmProtoBuf$JvmMethodSignature$Builder source: shared objects file
[0.440s][info][class,load] kotlin.reflect.jvm.internal.impl.protobuf.RopeByteString source: shared objects file
[0.440s][info][class,load] kotlin.reflect.jvm.internal.impl.protobuf.FieldSet$1 source: shared objects file
[0.440s][info][class,load] kotlin.reflect.jvm.internal.impl.protobuf.LazyFieldLite source: shared objects file
[0.440s][info][class,load] kotlin.reflect.jvm.internal.impl.protobuf.LazyField source: shared objects file
[0.440s][info][class,load] kotlin.reflect.jvm.internal.impl.protobuf.SmallSortedMap$Entry source: shared objects file
[0.440s][info][class,load] kotlin.reflect.jvm.internal.impl.serialization.deserialization.descriptors.DeserializedContainerSource source: shared objects file
[0.440s][info][class,load] kotlin.reflect.jvm.internal.impl.load.kotlin.KotlinJvmBinarySourceElement source: shared objects file
[0.441s][info][class,load] kotlin.reflect.jvm.internal.impl.serialization.deserialization.descriptors.PreReleaseInfo source: shared objects file
[0.441s][info][class,load] kotlin.reflect.jvm.internal.impl.serialization.deserialization.descriptors.PreReleaseInfo$Companion source: shared objects file
[0.441s][info][class,load] kotlin.reflect.jvm.internal.impl.serialization.deserialization.descriptors.DeserializedContainerAbiStability source: shared objects file
[0.441s][info][class,load] kotlin.reflect.jvm.internal.impl.serialization.deserialization.ClassData source: shared objects file
[0.441s][info][class,load] kotlin.reflect.jvm.internal.impl.serialization.deserialization.ClassDeserializer$ClassKey source: shared objects file
[0.441s][info][class,load] kotlin.reflect.jvm.internal.impl.serialization.deserialization.DeserializedPackageFragment source: shared objects file
[0.441s][info][class,load] kotlin.reflect.jvm.internal.impl.metadata.deserialization.TypeTable source: shared objects file
[0.441s][info][class,load] kotlin.reflect.jvm.internal.impl.metadata.deserialization.VersionRequirementTable source: shared objects file
[0.441s][info][class,load] kotlin.reflect.jvm.internal.impl.metadata.deserialization.VersionRequirementTable$Companion source: shared objects file
[0.441s][info][class,load] kotlin.reflect.jvm.internal.impl.serialization.deserialization.DeserializationContext source: shared objects file
[0.441s][info][class,load] kotlin.reflect.jvm.internal.impl.serialization.deserialization.TypeDeserializer source: shared objects file
[0.441s][info][class,load] kotlin.reflect.jvm.internal.impl.serialization.deserialization.TypeDeserializer$$Lambda$0 source: shared objects file
[0.441s][info][class,load] kotlin.reflect.jvm.internal.impl.serialization.deserialization.TypeDeserializer$$Lambda$1 source: shared objects file
[0.441s][info][class,load] kotlin.reflect.jvm.internal.impl.serialization.deserialization.MemberDeserializer source: shared objects file
[0.442s][info][class,load] kotlin.reflect.jvm.internal.impl.descriptors.DeserializedDescriptor source: shared objects file
[0.442s][info][class,load] kotlin.reflect.jvm.internal.impl.serialization.deserialization.descriptors.DeserializedClassDescriptor source: shared objects file
[0.442s][info][class,load] kotlin.reflect.jvm.internal.impl.serialization.deserialization.NameResolverUtilKt source: shared objects file
[0.442s][info][class,load] kotlin.reflect.jvm.internal.impl.metadata.jvm.deserialization.JvmNameResolverBase$WhenMappings source: shared objects file
[0.442s][info][class,load] kotlin.reflect.jvm.internal.impl.serialization.deserialization.ProtoEnumFlags source: shared objects file
[0.442s][info][class,load] kotlin.reflect.jvm.internal.impl.metadata.deserialization.Flags source: shared objects file
[0.442s][info][class,load] kotlin.reflect.jvm.internal.impl.metadata.deserialization.Flags$FlagField source: shared objects file
[0.442s][info][class,load] kotlin.reflect.jvm.internal.impl.metadata.deserialization.Flags$BooleanFlagField source: shared objects file
[0.442s][info][class,load] kotlin.reflect.jvm.internal.impl.metadata.ProtoBuf$Visibility source: shared objects file
[0.442s][info][class,load] kotlin.reflect.jvm.internal.impl.metadata.ProtoBuf$Visibility$1 source: shared objects file
[0.442s][info][class,load] kotlin.reflect.jvm.internal.impl.metadata.deserialization.Flags$EnumLiteFlagField source: shared objects file
[0.442s][info][class,load] kotlin.reflect.jvm.internal.impl.metadata.ProtoBuf$Modality source: shared objects file
[0.442s][info][class,load] kotlin.reflect.jvm.internal.impl.metadata.ProtoBuf$Modality$1 source: shared objects file
[0.442s][info][class,load] kotlin.reflect.jvm.internal.impl.metadata.ProtoBuf$Class$Kind source: shared objects file
[0.442s][info][class,load] kotlin.reflect.jvm.internal.impl.metadata.ProtoBuf$Class$Kind$1 source: shared objects file
[0.442s][info][class,load] kotlin.reflect.jvm.internal.impl.metadata.ProtoBuf$ReturnValueStatus source: shared objects file
[0.442s][info][class,load] kotlin.reflect.jvm.internal.impl.metadata.ProtoBuf$ReturnValueStatus$1 source: shared objects file
[0.442s][info][class,load] kotlin.reflect.jvm.internal.impl.metadata.ProtoBuf$MemberKind source: shared objects file
[0.442s][info][class,load] kotlin.reflect.jvm.internal.impl.metadata.ProtoBuf$MemberKind$1 source: shared objects file
[0.443s][info][class,load] kotlin.reflect.jvm.internal.impl.serialization.deserialization.ProtoEnumFlags$WhenMappings source: shared objects file
[0.443s][info][class,load] kotlin.reflect.jvm.internal.impl.resolve.ReturnValueStatus source: shared objects file
[0.443s][info][class,load] kotlin.reflect.jvm.internal.impl.resolve.ReturnValueStatus$Companion source: shared objects file
[0.443s][info][class,load] kotlin.reflect.jvm.internal.impl.metadata.ProtoBuf$Type$Argument$Projection source: shared objects file
[0.443s][info][class,load] kotlin.reflect.jvm.internal.impl.metadata.ProtoBuf$Type$Argument$Projection$1 source: shared objects file
[0.443s][info][class,load] kotlin.reflect.jvm.internal.impl.types.Variance source: shared objects file
[0.443s][info][class,load] kotlin.reflect.jvm.internal.impl.serialization.deserialization.ProtoEnumFlagsUtilsKt source: shared objects file
[0.443s][info][class,load] kotlin.reflect.jvm.internal.impl.serialization.deserialization.ProtoEnumFlagsUtilsKt$WhenMappings source: shared objects file
[0.443s][info][class,load] kotlin.reflect.jvm.internal.impl.metadata.deserialization.VersionSpecificBehaviorKt source: shared objects file
[0.443s][info][class,load] kotlin.reflect.jvm.internal.impl.serialization.deserialization.descriptors.DeserializedClassDescriptor$DeserializedClassTypeConstructor source: shared objects file
[0.443s][info][class,load] kotlin.reflect.jvm.internal.impl.serialization.deserialization.descriptors.DeserializedClassDescriptor$DeserializedClassTypeConstructor$$Lambda$0 source: shared objects file
[0.443s][info][class,load] kotlin.reflect.jvm.internal.impl.descriptors.ScopesHolderForClass source: shared objects file
[0.443s][info][class,load] kotlin.reflect.jvm.internal.impl.descriptors.ScopesHolderForClass$Companion source: shared objects file
[0.443s][info][class,load] kotlin.jvm.internal.FunctionBase source: shared objects file
[0.443s][info][class,load] kotlin.reflect.KFunction source: shared objects file
[0.443s][info][class,load] kotlin.jvm.internal.FunctionReference source: shared objects file
[0.443s][info][class,load] kotlin.jvm.internal.FunctionReferenceImpl source: shared objects file
[0.443s][info][class,load] kotlin.reflect.jvm.internal.impl.serialization.deserialization.descriptors.DeserializedClassDescriptor$memberScopeHolder$1 source: shared objects file
[0.443s][info][class,load] kotlin.reflect.jvm.internal.impl.serialization.deserialization.descriptors.DeserializedMemberScope source: shared objects file
[0.443s][info][class,load] kotlin.reflect.jvm.internal.impl.serialization.deserialization.descriptors.DeserializedClassDescriptor$DeserializedClassMemberScope source: shared objects file
[0.443s][info][class,load] kotlin.reflect.jvm.internal.impl.descriptors.ScopesHolderForClass$$Lambda$0 source: shared objects file
[0.443s][info][class,load] kotlin.reflect.jvm.internal.impl.serialization.deserialization.descriptors.DeserializedClassDescriptor$$Lambda$0 source: shared objects file
[0.443s][info][class,load] kotlin.reflect.jvm.internal.impl.serialization.deserialization.descriptors.DeserializedClassDescriptor$$Lambda$1 source: shared objects file
[0.443s][info][class,load] kotlin.reflect.jvm.internal.impl.serialization.deserialization.descriptors.DeserializedClassDescriptor$$Lambda$2 source: shared objects file
[0.443s][info][class,load] kotlin.reflect.jvm.internal.impl.serialization.deserialization.descriptors.DeserializedClassDescriptor$$Lambda$3 source: shared objects file
[0.443s][info][class,load] kotlin.reflect.jvm.internal.impl.serialization.deserialization.descriptors.DeserializedClassDescriptor$$Lambda$4 source: shared objects file
[0.444s][info][class,load] kotlin.reflect.jvm.internal.impl.serialization.deserialization.ProtoContainer source: shared objects file
[0.444s][info][class,load] kotlin.reflect.jvm.internal.impl.serialization.deserialization.ProtoContainer$Class source: shared objects file
[0.444s][info][class,load] kotlin.reflect.jvm.internal.impl.serialization.deserialization.descriptors.DeserializedAnnotations source: shared objects file
[0.444s][info][class,load] kotlin.reflect.jvm.internal.impl.serialization.deserialization.descriptors.NonEmptyDeserializedAnnotations source: shared objects file
[0.444s][info][class,load] kotlin.reflect.jvm.internal.impl.serialization.deserialization.descriptors.DeserializedClassDescriptor$$Lambda$5 source: shared objects file
[0.444s][info][class,load] kotlin.reflect.jvm.internal.impl.load.java.lazy.descriptors.LazyJavaPackageScope$KotlinClassLookupResult source: shared objects file
[0.444s][info][class,load] kotlin.reflect.jvm.internal.impl.load.java.lazy.descriptors.LazyJavaPackageScope$KotlinClassLookupResult$Found source: shared objects file
[0.444s][info][class,load] kotlin.reflect.jvm.internal.impl.builtins.functions.FunctionClassDescriptor source: shared objects file
[0.444s][info][class,load] kotlin.reflect.jvm.internal.impl.km.internal.ReadersKt source: shared objects file
[0.444s][info][class,load] kotlin.reflect.jvm.internal.impl.km.KmDeclarationContainer source: shared objects file
[0.444s][info][class,load] kotlin.reflect.jvm.internal.impl.km.KmClass source: shared objects file
[0.445s][info][class,load] kotlin.reflect.jvm.internal.impl.km.internal.extensions.MetadataExtensions source: shared objects file
[0.445s][info][class,load] kotlin.reflect.jvm.internal.impl.km.internal.extensions.MetadataExtensions$Companion source: shared objects file
[0.445s][info][class,load] kotlin.reflect.jvm.internal.impl.km.internal.extensions.MetadataExtensions$Companion$$Lambda$0 source: shared objects file
[0.445s][info][class,load] kotlin.reflect.jvm.internal.impl.km.jvm.internal.JvmMetadataExtensions source: shared objects file
[0.445s][info][class,load] kotlin.reflect.jvm.internal.impl.km.internal.extensions.KmExtension source: shared objects file
[0.445s][info][class,load] kotlin.reflect.jvm.internal.impl.km.internal.extensions.KmClassExtension source: shared objects file
[0.445s][info][class,load] kotlin.reflect.jvm.internal.impl.km.jvm.internal.JvmClassExtension source: shared objects file
[0.445s][info][class,load] kotlin.reflect.jvm.internal.impl.km.jvm.internal.JvmClassExtension$Companion source: shared objects file
[0.446s][info][class,load] kotlin.reflect.jvm.internal.impl.km.internal.extensions.KmExtensionType source: shared objects file
[0.446s][info][class,load] kotlin.reflect.jvm.internal.impl.km.internal.ReadContext source: shared objects file
[0.446s][info][class,load] kotlin.reflect.jvm.internal.impl.km.internal.ReadUtilsKt source: shared objects file
[0.446s][info][class,load] kotlin.reflect.jvm.internal.impl.metadata.deserialization.ProtoTypeTableUtilKt source: shared objects file
[0.446s][info][class,load] kotlin.reflect.jvm.internal.impl.km.KmType source: shared objects file
[0.446s][info][class,load] kotlin.reflect.jvm.internal.impl.km.internal.extensions.KmTypeExtension source: shared objects file
[0.446s][info][class,load] kotlin.reflect.jvm.internal.impl.km.jvm.internal.JvmTypeExtension source: shared objects file
[0.446s][info][class,load] kotlin.reflect.jvm.internal.impl.km.jvm.internal.JvmTypeExtension$Companion source: shared objects file
[0.446s][info][class,load] kotlin.reflect.jvm.internal.impl.km.KmClassifier source: shared objects file
[0.446s][info][class,load] kotlin.reflect.jvm.internal.impl.km.KmClassifier$Class source: shared objects file
[0.446s][info][class,load] kotlin.reflect.jvm.internal.impl.km.jvm.internal.JvmExtensionNodesKt source: shared objects file
[0.446s][info][class,load] kotlin.reflect.jvm.internal.impl.km.internal.extensions.ExtensionNodesKt source: shared objects file
[0.446s][info][class,load] kotlin.reflect.jvm.internal.impl.km.KmConstructor source: shared objects file
[0.446s][info][class,load] kotlin.reflect.jvm.internal.impl.km.internal.extensions.KmConstructorExtension source: shared objects file
[0.446s][info][class,load] kotlin.reflect.jvm.internal.impl.km.jvm.internal.JvmConstructorExtension source: shared objects file
[0.446s][info][class,load] kotlin.reflect.jvm.internal.impl.km.jvm.internal.JvmConstructorExtension$Companion source: shared objects file
[0.446s][info][class,load] kotlin.reflect.jvm.internal.impl.metadata.deserialization.ProtoBufUtilKt source: shared objects file
[0.447s][info][class,load] kotlin.reflect.jvm.internal.impl.metadata.jvm.deserialization.JvmMemberSignature source: shared objects file
[0.447s][info][class,load] kotlin.reflect.jvm.internal.impl.metadata.jvm.deserialization.JvmMemberSignature$Method source: shared objects file
[0.447s][info][class,load] kotlin.reflect.jvm.internal.impl.km.jvm.JvmMemberSignatureKt source: shared objects file
[0.447s][info][class,load] kotlin.reflect.jvm.internal.impl.km.jvm.JvmMemberSignature source: shared objects file
[0.447s][info][class,load] kotlin.reflect.jvm.internal.impl.km.jvm.JvmMethodSignature source: shared objects file
[0.447s][info][class,load] kotlin.reflect.jvm.internal.impl.km.Attributes source: shared objects file
[0.447s][info][class,load] kotlin.reflect.jvm.internal.impl.km.internal.FlagImpl source: shared objects file
[0.447s][info][class,load] kotlin.reflect.jvm.internal.impl.km.internal.FlagDelegatesImplKt source: shared objects file
[0.447s][info][class,load] kotlin.reflect.jvm.internal.impl.km.internal.BooleanFlagDelegate source: shared objects file
[0.447s][info][class,load] kotlin.reflect.jvm.internal.impl.km.internal.FlagDelegatesImplKt$classBooleanFlag$1 source: shared objects file
[0.447s][info][class,load] kotlin.reflect.jvm.internal.impl.km.internal.FlagDelegatesImplKt$constructorBooleanFlag$1 source: shared objects file
[0.447s][info][class,load] kotlin.reflect.jvm.internal.impl.km.internal.FlagDelegatesImplKt$functionBooleanFlag$1 source: shared objects file
[0.447s][info][class,load] kotlin.reflect.jvm.internal.impl.km.KmFunction source: shared objects file
[0.447s][info][class,load] kotlin.reflect.jvm.internal.impl.km.internal.FlagDelegatesImplKt$propertyBooleanFlag$1 source: shared objects file
[0.447s][info][class,load] kotlin.reflect.jvm.internal.impl.km.KmProperty source: shared objects file
[0.447s][info][class,load] kotlin.reflect.jvm.internal.impl.km.internal.FlagDelegatesImplKt$propertyAccessorBooleanFlag$1 source: shared objects file
[0.447s][info][class,load] kotlin.reflect.jvm.internal.impl.km.KmPropertyAccessorAttributes source: shared objects file
[0.448s][info][class,load] kotlin.reflect.jvm.internal.impl.km.internal.FlagDelegatesImplKt$valueParameterBooleanFlag$1 source: shared objects file
[0.448s][info][class,load] kotlin.reflect.jvm.internal.impl.km.KmValueParameter source: shared objects file
[0.448s][info][class,load] kotlin.reflect.jvm.internal.impl.km.internal.FlagDelegatesImplKt$typeAliasBooleanFlag$1 source: shared objects file
[0.448s][info][class,load] kotlin.reflect.jvm.internal.impl.km.KmTypeAlias source: shared objects file
[0.448s][info][class,load] kotlin.reflect.jvm.internal.impl.km.Attributes$modality$2 source: shared objects file
[0.448s][info][class,load] kotlin.reflect.jvm.internal.impl.km.Modality source: shared objects file
[0.448s][info][class,load] kotlin.collections.AbstractList$IteratorImpl source: shared objects file
[0.448s][info][class,load] kotlin.reflect.jvm.internal.impl.km.internal.EnumFlagDelegate source: shared objects file
[0.448s][info][class,load] kotlin.reflect.jvm.internal.impl.km.Attributes$visibility$2 source: shared objects file
[0.448s][info][class,load] kotlin.reflect.jvm.internal.impl.km.Visibility source: shared objects file
[0.448s][info][class,load] kotlin.reflect.jvm.internal.impl.km.Attributes$kind$2 source: shared objects file
[0.448s][info][class,load] kotlin.reflect.jvm.internal.impl.km.ClassKind source: shared objects file
[0.448s][info][class,load] kotlin.reflect.jvm.internal.impl.km.Attributes$visibility$6 source: shared objects file
[0.448s][info][class,load] kotlin.reflect.jvm.internal.impl.km.Attributes$returnValueStatus$2 source: shared objects file
[0.448s][info][class,load] kotlin.reflect.jvm.internal.impl.km.ReturnValueStatus source: shared objects file
[0.448s][info][class,load] kotlin.reflect.jvm.internal.impl.km.Attributes$kind$7 source: shared objects file
[0.448s][info][class,load] kotlin.reflect.jvm.internal.impl.km.MemberKind source: shared objects file
[0.448s][info][class,load] kotlin.reflect.jvm.internal.impl.km.Attributes$visibility$10 source: shared objects file
[0.448s][info][class,load] kotlin.reflect.jvm.internal.impl.km.Attributes$modality$6 source: shared objects file
[0.448s][info][class,load] kotlin.reflect.jvm.internal.impl.km.Attributes$returnValueStatus$6 source: shared objects file
[0.448s][info][class,load] kotlin.reflect.jvm.internal.impl.km.Attributes$visibility$14 source: shared objects file
[0.448s][info][class,load] kotlin.reflect.jvm.internal.impl.km.Attributes$modality$10 source: shared objects file
[0.448s][info][class,load] kotlin.reflect.jvm.internal.impl.km.Attributes$kind$11 source: shared objects file
[0.448s][info][class,load] kotlin.reflect.jvm.internal.impl.km.Attributes$returnValueStatus$10 source: shared objects file
[0.448s][info][class,load] kotlin.reflect.jvm.internal.impl.km.Attributes$visibility$18 source: shared objects file
[0.448s][info][class,load] kotlin.reflect.jvm.internal.impl.km.Attributes$modality$14 source: shared objects file
[0.448s][info][class,load] kotlin.reflect.jvm.internal.impl.km.internal.FlagDelegatesImplKt$typeBooleanFlag$1 source: shared objects file
[0.449s][info][class,load] kotlin.reflect.jvm.internal.impl.km.Attributes$isReified$2 source: shared objects file
[0.449s][info][class,load] kotlin.reflect.jvm.internal.impl.km.KmTypeParameter source: shared objects file
[0.449s][info][class,load] kotlin.reflect.jvm.internal.impl.km.Attributes$visibility$22 source: shared objects file
[0.449s][info][class,load] kotlin.reflect.jvm.internal.impl.km.Attributes$isNegated$2 source: shared objects file
[0.449s][info][class,load] kotlin.reflect.jvm.internal.impl.km.KmEffectExpression source: shared objects file
[0.449s][info][class,load] kotlin.reflect.jvm.internal.impl.km.Attributes$isNullCheckPredicate$2 source: shared objects file
[0.449s][info][class,load] kotlin.reflect.jvm.internal.ConvertFromMetadataKt source: shared objects file
[0.449s][info][class,load] kotlin.reflect.jvm.internal.impl.km.jvm.JvmExtensionsKt source: shared objects file
[0.449s][info][class,load] kotlin.reflect.jvm.internal.ReflectKCallable source: shared objects file
[0.449s][info][class,load] kotlin.reflect.jvm.internal.ReflectKCallableImpl source: shared objects file
[0.449s][info][class,load] kotlin.reflect.jvm.internal.KotlinKCallable source: shared objects file
[0.450s][info][class,load] kotlin.reflect.jvm.internal.FunctionWithAllInvokes source: shared objects file
[0.450s][info][class,load] kotlin.reflect.jvm.internal.ReflectKFunction source: shared objects file
[0.450s][info][class,load] kotlin.reflect.jvm.internal.KotlinKFunction source: shared objects file
[0.450s][info][class,load] kotlin.reflect.jvm.internal.KotlinKConstructor source: shared objects file
[0.450s][info][class,load] kotlin.reflect.jvm.internal.ReflectKCallableImpl$_absentArguments$1 source: shared objects file
[0.450s][info][class,load] kotlin.reflect.jvm.internal.ReflectKCallableKt source: shared objects file
[0.450s][info][class,load] kotlin.reflect.jvm.internal.KotlinKFunction$$Lambda$0 source: shared objects file
[0.450s][info][class,load] kotlin.reflect.jvm.internal.KotlinKFunction$$Lambda$1 source: shared objects file
[0.450s][info][class,load] kotlin.reflect.jvm.internal.KotlinKFunction$$Lambda$2 source: shared objects file
[0.450s][info][class,load] kotlin.reflect.jvm.internal.KotlinKFunction$$Lambda$3 source: shared objects file
[0.450s][info][class,load] kotlin.reflect.jvm.internal.KotlinKConstructor$$Lambda$0 source: shared objects file
[0.450s][info][class,load] kotlin.reflect.jvm.ReflectJvmMapping source: shared objects file
[0.451s][info][class,load] kotlin.reflect.jvm.internal.UtilKt source: shared objects file
[0.451s][info][class,load] kotlin.reflect.jvm.internal.LazyKProperty source: shared objects file
[0.451s][info][class,load] kotlin.reflect.jvm.internal.FunctionJvmDescriptor source: shared objects file
[0.451s][info][class,load] kotlin.reflect.jvm.internal.FunctionJvmDescriptorLoaded source: shared objects file
[0.451s][info][class,load] kotlin.reflect.jvm.internal.ConvertFromMetadataKt$WhenMappings source: shared objects file
[0.451s][info][class,load] kotlin.reflect.jvm.internal.impl.km.KmVariance source: shared objects file
[0.451s][info][class,load] kotlin.reflect.KVisibility source: shared objects file
[0.452s][info][class,load] kotlin.reflect.jvm.internal.TypeParameterTable source: shared objects file
[0.452s][info][class,load] kotlin.reflect.jvm.internal.TypeParameterTable$Companion source: shared objects file
[0.452s][info][class,load] kotlin.reflect.jvm.internal.KotlinKCallableKt source: shared objects file
[0.452s][info][class,load] kotlin.jvm.internal.markers.KMutableIterable source: shared objects file
[0.452s][info][class,load] kotlin.jvm.internal.markers.KMutableCollection source: shared objects file
[0.452s][info][class,load] kotlin.jvm.internal.markers.KMutableList source: shared objects file
[0.452s][info][class,load] kotlin.collections.AbstractMutableList source: shared objects file
[0.452s][info][class,load] kotlin.collections.builders.ListBuilder source: shared objects file
[0.452s][info][class,load] kotlin.collections.builders.ListBuilder$Companion source: shared objects file
[0.452s][info][class,load] kotlin.collections.builders.ListBuilderKt source: shared objects file
[0.453s][info][class,load] kotlin.reflect.jvm.internal.calls.Caller source: shared objects file
[0.453s][info][class,load] kotlin.reflect.jvm.internal.calls.CallerImpl source: shared objects file
[0.453s][info][class,load] kotlin.reflect.jvm.internal.calls.CallerImpl$Constructor source: shared objects file
[0.453s][info][class,load] kotlin.reflect.jvm.internal.calls.CallerImpl$Companion source: shared objects file
[0.453s][info][class,load] kotlin.reflect.jvm.internal.calls.ValueClassAwareCallerKt source: shared objects file
[0.453s][info][class,load] kotlin.reflect.jvm.internal.types.CapturedKTypeKt source: shared objects file
[0.453s][info][class,load] kotlin.reflect.jvm.internal.types.CapturedKTypeKt$$Lambda$0 source: shared objects file
[0.454s][info][class,load] kotlin.sequences.SequencesKt__SequenceBuilderKt source: shared objects file
[0.454s][info][class,load] kotlin.sequences.SequencesKt__SequencesJVMKt source: shared objects file
[0.454s][info][class,load] kotlin.sequences.SequencesKt__SequencesKt source: shared objects file
[0.454s][info][class,load] kotlin.sequences.SequencesKt___SequencesJvmKt source: shared objects file
[0.454s][info][class,load] kotlin.sequences.SequencesKt___SequencesKt source: shared objects file
[0.454s][info][class,load] kotlin.sequences.SequencesKt source: shared objects file
[0.454s][info][class,load] kotlin.sequences.Sequence source: shared objects file
[0.454s][info][class,load] kotlin.sequences.GeneratorSequence source: shared objects file
[0.454s][info][class,load] kotlin.sequences.SequencesKt__SequencesKt$$Lambda/0x000007fc0309e6b0 source: kotlin.sequences.SequencesKt__SequencesKt
[0.454s][info][class,load] kotlin.reflect.jvm.internal.types.CapturedKTypeKt$$Lambda$1 source: shared objects file
[0.454s][info][class,load] kotlin.sequences.FlatteningSequence source: shared objects file
[0.454s][info][class,load] kotlin.sequences.SequencesKt___SequencesKt$flatMap$1 source: shared objects file
[0.454s][info][class,load] kotlin.sequences.FlatteningSequence$iterator$1 source: shared objects file
[0.454s][info][class,load] kotlin.sequences.GeneratorSequence$iterator$1 source: shared objects file
[0.454s][info][class,load] kotlin.reflect.full.KClassifiers source: shared objects file
[0.454s][info][class,load] kotlin.reflect.KType source: shared objects file
[0.454s][info][class,load] kotlin.jvm.internal.KTypeBase source: shared objects file
[0.454s][info][class,load] kotlin.reflect.jvm.internal.impl.types.model.DefinitelyNotNullTypeMarker source: shared objects file
[0.454s][info][class,load] kotlin.reflect.jvm.internal.impl.types.model.FlexibleTypeMarker source: shared objects file
[0.454s][info][class,load] kotlin.reflect.jvm.internal.types.AbstractKType source: shared objects file
[0.454s][info][class,load] kotlin.reflect.jvm.internal.types.SimpleKType source: shared objects file
[0.455s][info][class,load] kotlin.reflect.jvm.internal.calls.CallerKt source: shared objects file
[0.455s][info][class,load] org.springframework.beans.factory.support.AutowireUtils source: shared objects file
[0.455s][info][class,load] org.springframework.beans.factory.support.AutowireUtils$$Lambda/0x000007fc0309e8e0 source: org.springframework.beans.factory.support.AutowireUtils
[0.455s][info][class,load] org.springframework.core.convert.TypeDescriptor$$Lambda/0x000007fc0309eb80 source: org.springframework.core.convert.TypeDescriptor
[0.456s][info][class,load] org.springframework.util.MethodInvoker source: shared objects file
[0.456s][info][class,load] org.springframework.boot.availability.AvailabilityState source: shared objects file
[0.456s][info][class,load] org.springframework.context.PayloadApplicationEvent source: shared objects file
[0.456s][info][class,load] org.springframework.boot.availability.AvailabilityChangeEvent source: shared objects file
[0.456s][info][class,load] org.springframework.boot.availability.LivenessState source: shared objects file
[0.456s][info][class,load] org.springframework.boot.availability.ReadinessState source: shared objects file
[0.457s][info][class,load] org.springframework.beans.FatalBeanException source: shared objects file
[0.457s][info][class,load] org.springframework.beans.factory.BeanCreationException source: shared objects file
[0.457s][info][class,load] org.springframework.beans.factory.UnsatisfiedDependencyException source: shared objects file
[0.457s][info][class,load] java.lang.String$$StringConcat/0x000007fc030a0400 source: __JVM_LookupDefineClass__
[0.457s][info][class,load] java.lang.invoke.LambdaForm$MH/0x000007fc030a0800 source: __JVM_LookupDefineClass__
[0.458s][info][class,load] org.springframework.core.$Proxy38 source: shared objects file
[0.458s][info][class,load] java.lang.invoke.LambdaForm$MH/0x000007fc030a0c00 source: __JVM_LookupDefineClass__
[0.458s][info][class,load] java.lang.invoke.LambdaForm$MH/0x000007fc030a1000 source: __JVM_LookupDefineClass__
[0.458s][info][class,load] org.springframework.boot.validation.beanvalidation.MethodValidationExcludeFilter$$Lambda/0x000007fc0309edc0 source: org.springframework.boot.validation.beanvalidation.MethodValidationExcludeFilter
[0.459s][info][class,load] org.springframework.context.support.DefaultLifecycleProcessor$LifecycleGroup source: shared objects file
[0.460s][info][class,load] org.springframework.boot.info.InfoProperties source: shared objects file
[0.460s][info][class,load] org.springframework.boot.info.GitProperties source: shared objects file
[0.460s][info][class,load] org.springframework.boot.info.BuildProperties source: shared objects file
[0.460s][info][class,load] jdk.proxy2.$Proxy39 source: shared objects file
[0.460s][info][class,load] org.springframework.core.annotation.AnnotationUtils$$Lambda/0x000007fc0309eff0 source: org.springframework.core.annotation.AnnotationUtils
[0.461s][info][class,load] org.springframework.boot.autoconfigure.ssl.SslProperties$Bundles$Watch source: shared objects file
[0.461s][info][class,load] org.springframework.boot.autoconfigure.ssl.SslProperties$Bundles$Watch$File source: shared objects file
[0.461s][info][class,load] org.springframework.boot.io.ApplicationResourceLoader source: shared objects file
[0.461s][info][class,load] org.springframework.boot.io.ApplicationResourceLoader$FilePathResolver source: shared objects file
[0.461s][info][class,load] org.springframework.boot.io.ClassPathResourceFilePathResolver source: shared objects file
[0.462s][info][class,load] org.springframework.boot.web.context.reactive.FilteredReactiveWebContextResourceFilePathResolver source: shared objects file
[0.462s][info][class,load] org.springframework.boot.web.context.servlet.ServletContextResourceFilePathResolver source: shared objects file
[0.462s][info][class,load] org.springframework.boot.io.ApplicationResourceLoader$ProtocolResolvingResourceLoader source: shared objects file
[0.462s][info][class,load] org.springframework.boot.autoconfigure.ssl.FileWatcher$WatcherThread source: shared objects file
[0.462s][info][class,load] org.springframework.boot.autoconfigure.ssl.SslPropertiesBundleRegistrar$Bundle source: shared objects file
[0.462s][info][class,load] org.springframework.boot.autoconfigure.ssl.BundleContentProperty source: shared objects file
[0.462s][info][class,load] org.springframework.boot.autoconfigure.ssl.SslBundleProperties source: shared objects file
[0.462s][info][class,load] org.springframework.boot.ssl.SslBundle source: shared objects file
[0.463s][info][class,load] org.springframework.boot.autoconfigure.ssl.SslAutoConfiguration$$Lambda/0x000007fc0309f248 source: org.springframework.boot.autoconfigure.ssl.SslAutoConfiguration
[0.463s][info][class,load] org.springframework.boot.autoconfigure.ssl.PropertiesSslBundle source: shared objects file
[0.463s][info][class,load] org.springframework.boot.autoconfigure.ssl.PemSslBundleProperties source: shared objects file
[0.463s][info][class,load] org.springframework.boot.autoconfigure.ssl.SslPropertiesBundleRegistrar$$Lambda/0x000007fc0309f488 source: org.springframework.boot.autoconfigure.ssl.SslPropertiesBundleRegistrar
[0.463s][info][class,load] org.springframework.boot.autoconfigure.ssl.SslPropertiesBundleRegistrar$$Lambda/0x000007fc0309f6c0 source: org.springframework.boot.autoconfigure.ssl.SslPropertiesBundleRegistrar
[0.463s][info][class,load] java.lang.invoke.LambdaForm$DMH/0x000007fc030a1400 source: __JVM_LookupDefineClass__
[0.463s][info][class,load] org.springframework.boot.autoconfigure.ssl.SslPropertiesBundleRegistrar$$Lambda/0x000007fc0309f910 source: org.springframework.boot.autoconfigure.ssl.SslPropertiesBundleRegistrar
[0.463s][info][class,load] org.springframework.boot.autoconfigure.ssl.JksSslBundleProperties source: shared objects file
[0.463s][info][class,load] org.springframework.boot.autoconfigure.ssl.SslPropertiesBundleRegistrar$$Lambda/0x000007fc0309fb50 source: org.springframework.boot.autoconfigure.ssl.SslPropertiesBundleRegistrar
[0.463s][info][class,load] org.springframework.boot.autoconfigure.ssl.SslPropertiesBundleRegistrar$$Lambda/0x000007fc0309fd88 source: org.springframework.boot.autoconfigure.ssl.SslPropertiesBundleRegistrar
[0.463s][info][class,load] org.springframework.boot.ssl.NoSuchSslBundleException source: shared objects file
[0.463s][info][class,load] org.springframework.boot.ssl.DefaultSslBundleRegistry$RegisteredSslBundle source: shared objects file
[0.464s][info][class,load] org.springframework.boot.task.SimpleAsyncTaskExecutorCustomizer source: shared objects file
[0.464s][info][class,load] java.lang.invoke.LambdaForm$MH/0x000007fc030a1800 source: __JVM_LookupDefineClass__
[0.464s][info][class,load] java.lang.invoke.LambdaForm$MH/0x000007fc030a1c00 source: __JVM_LookupDefineClass__
[0.464s][info][class,load] org.springframework.boot.autoconfigure.task.TaskExecutorConfigurations$SimpleAsyncTaskExecutorBuilderConfiguration$$Lambda/0x000007fc030a4000 source: org.springframework.boot.autoconfigure.task.TaskExecutorConfigurations
[0.464s][info][class,load] org.springframework.boot.task.SimpleAsyncTaskExecutorBuilder$$Lambda/0x000007fc030a4250 source: org.springframework.boot.task.SimpleAsyncTaskExecutorBuilder
[0.465s][info][class,load] org.springframework.aop.interceptor.AsyncUncaughtExceptionHandler source: shared objects file
[0.465s][info][class,load] jdk.proxy2.$Proxy40 source: shared objects file
[0.465s][info][class,load] org.springframework.boot.task.ThreadPoolTaskSchedulerCustomizer source: shared objects file
[0.466s][info][class,load] java.lang.invoke.LambdaForm$MH/0x000007fc030a2000 source: __JVM_LookupDefineClass__
[0.466s][info][class,load] java.lang.invoke.LambdaForm$MH/0x000007fc030a2400 source: __JVM_LookupDefineClass__
[0.466s][info][class,load] org.springframework.boot.autoconfigure.task.TaskSchedulingConfigurations source: shared objects file
[0.466s][info][class,load] org.springframework.boot.task.ThreadPoolTaskSchedulerBuilder$$Lambda/0x000007fc030a4490 source: org.springframework.boot.task.ThreadPoolTaskSchedulerBuilder
[0.466s][info][class,load] org.springframework.boot.task.SimpleAsyncTaskSchedulerCustomizer source: shared objects file
[0.466s][info][class,load] org.springframework.boot.autoconfigure.task.TaskSchedulingConfigurations$SimpleAsyncTaskSchedulerBuilderConfiguration$$Lambda/0x000007fc030a46d0 source: org.springframework.boot.autoconfigure.task.TaskSchedulingConfigurations
[0.466s][info][class,load] org.springframework.boot.task.SimpleAsyncTaskSchedulerBuilder$$Lambda/0x000007fc030a4920 source: org.springframework.boot.task.SimpleAsyncTaskSchedulerBuilder
[0.467s][info][class,load] org.springframework.scheduling.concurrent.SimpleAsyncTaskScheduler source: shared objects file
[0.467s][info][class,load] org.springframework.boot.LazyInitializationExcludeFilter source: shared objects file
[0.467s][info][class,load] jdk.proxy2.$Proxy41 source: shared objects file
[0.467s][info][class,load] org.springframework.aop.RawTargetAccess source: shared objects file
[0.467s][info][class,load] org.springframework.aop.scope.ScopedObject source: shared objects file
[0.467s][info][class,load] org.springframework.context.event.EventListener source: shared objects file
[0.467s][info][class,load] org.springframework.core.MethodIntrospector$MetadataLookup source: shared objects file
[0.467s][info][class,load] org.springframework.context.event.EventListenerMethodProcessor$$Lambda/0x000007fc030a4b60 source: org.springframework.context.event.EventListenerMethodProcessor
[0.467s][info][class,load] org.springframework.core.MethodIntrospector source: shared objects file
[0.468s][info][class,load] org.springframework.core.MethodIntrospector$$Lambda/0x000007fc030a4d88 source: org.springframework.core.MethodIntrospector
[0.468s][info][class,load] org.springframework.core.annotation.AnnotatedElementUtils$$Lambda/0x000007fc030a4fb8 source: org.springframework.core.annotation.AnnotatedElementUtils
[0.468s][info][class,load] org.springframework.beans.CachedIntrospectionResults$$Lambda/0x000007fc030a5210 source: org.springframework.beans.CachedIntrospectionResults
[0.468s][info][class,load] org.springframework.beans.CachedIntrospectionResults$$Lambda/0x000007fc030a5470 source: org.springframework.beans.CachedIntrospectionResults
[0.468s][info][class,load] org.springframework.beans.CachedIntrospectionResults$$Lambda/0x000007fc030a56d0 source: org.springframework.beans.CachedIntrospectionResults
[0.468s][info][class,load] org.springframework.util.ConcurrentReferenceHashMap$KeyIterator source: shared objects file
[0.468s][info][class,load] org.springframework.util.ConcurrentReferenceHashMap$EntrySet source: shared objects file
[0.468s][info][class,load] org.springframework.util.ConcurrentReferenceHashMap$EntryIterator source: shared objects file
[0.468s][info][class,load] java.lang.invoke.LambdaForm$DMH/0x000007fc030a2800 source: __JVM_LookupDefineClass__
[0.468s][info][class,load] org.springframework.context.support.DefaultLifecycleProcessor$$Lambda/0x000007fc030a5930 source: org.springframework.context.support.DefaultLifecycleProcessor
[0.468s][info][class,load] java.lang.invoke.LambdaForm$DMH/0x000007fc030a2c00 source: __JVM_LookupDefineClass__
[0.469s][info][class,load] java.lang.invoke.LambdaForm$DMH/0x000007fc030a3000 source: __JVM_LookupDefineClass__
[0.469s][info][class,load] java.lang.invoke.LambdaForm$MH/0x000007fc030a3400 source: __JVM_LookupDefineClass__
[0.469s][info][class,load] org.springframework.context.support.DefaultLifecycleProcessor$$Lambda/0x000007fc030a5b70 source: org.springframework.context.support.DefaultLifecycleProcessor
[0.469s][info][class,load] java.lang.invoke.LambdaForm$DMH/0x000007fc030a3800 source: __JVM_LookupDefineClass__
[0.469s][info][class,load] java.lang.invoke.LambdaForm$MH/0x000007fc030a3c00 source: __JVM_LookupDefineClass__
[0.469s][info][class,load] org.springframework.context.support.DefaultLifecycleProcessor$LifecycleGroupMember source: shared objects file
[0.469s][info][class,load] org.springframework.context.support.DefaultLifecycleProcessor$$Lambda/0x000007fc030a5dc0 source: org.springframework.context.support.DefaultLifecycleProcessor
[0.469s][info][class,load] org.springframework.core.ResolvableType$WildcardBounds source: shared objects file
[0.469s][info][class,load] org.springframework.boot.autoconfigure.condition.ConditionEvaluationReport$$Lambda/0x000007fc030a5ff8 source: org.springframework.boot.autoconfigure.condition.ConditionEvaluationReport
[0.469s][info][class,load] org.springframework.boot.autoconfigure.condition.ConditionEvaluationReport$$Lambda/0x000007fc030a6238 source: org.springframework.boot.autoconfigure.condition.ConditionEvaluationReport
[0.472s][info][class,load] org.springframework.boot.SpringApplicationRunListeners$$Lambda/0x000007fc030a6478 source: org.springframework.boot.SpringApplicationRunListeners
[0.472s][info][class,load] org.springframework.boot.context.event.ApplicationStartedEvent source: shared objects file
[0.473s][info][class,load] org.springframework.core.ResolvableType$WildcardBounds$Kind source: shared objects file
[0.473s][info][class,load] org.springframework.boot.Runner source: shared objects file
[0.473s][info][class,load] org.springframework.boot.SpringApplication$FactoryAwareOrderSourceProvider source: shared objects file
[0.473s][info][class,load] org.springframework.boot.SpringApplication$$Lambda/0x000007fc030a66b8 source: org.springframework.boot.SpringApplication
[0.473s][info][class,load] org.springframework.boot.SpringApplicationRunListeners$$Lambda/0x000007fc030a68f8 source: org.springframework.boot.SpringApplicationRunListeners
[0.473s][info][class,load] org.springframework.boot.SpringApplicationShutdownHook$$Lambda/0x000007fc030a6b38 source: org.springframework.boot.SpringApplicationShutdownHook
[0.473s][info][class,load] java.lang.invoke.LambdaForm$DMH/0x000007fc030a8000 source: __JVM_LookupDefineClass__
[0.473s][info][class,load] org.springframework.context.support.DefaultLifecycleProcessor$$Lambda/0x000007fc030a6d78 source: org.springframework.context.support.DefaultLifecycleProcessor
[0.474s][info][class,load] java.lang.invoke.LambdaForm$DMH/0x000007fc030a8400 source: __JVM_LookupDefineClass__
[0.474s][info][class,load] java.lang.invoke.LambdaForm$DMH/0x000007fc030a8800 source: __JVM_LookupDefineClass__
[0.474s][info][class,load] java.lang.invoke.LambdaForm$MH/0x000007fc030a8c00 source: __JVM_LookupDefineClass__
[0.474s][info][class,load] org.springframework.context.support.DefaultLifecycleProcessor$$Lambda/0x000007fc030a6fb8 source: org.springframework.context.support.DefaultLifecycleProcessor
[0.474s][info][class,load] org.springframework.context.support.DefaultLifecycleProcessor$$Lambda/0x000007fc030a7208 source: org.springframework.context.support.DefaultLifecycleProcessor
[0.474s][info][class,load] org.springframework.context.support.DefaultLifecycleProcessor$$Lambda/0x000007fc030a7440 source: org.springframework.context.support.DefaultLifecycleProcessor
[0.474s][info][class,load] org.springframework.beans.factory.support.DefaultListableBeanFactory$$Lambda/0x000007fc030a7670 source: org.springframework.beans.factory.support.DefaultListableBeanFactory
[0.474s][info][class,load] org.springframework.beans.factory.support.DefaultListableBeanFactory$$Lambda/0x000007fc030a78a8 source: org.springframework.beans.factory.support.DefaultListableBeanFactory
[0.474s][info][class,load] org.springframework.boot.SpringApplicationShutdownHook$$Lambda/0x000007fc030a7b00 source: org.springframework.boot.SpringApplicationShutdownHook
[0.474s][info][class,load] org.springframework.boot.SpringApplicationShutdownHook$$Lambda/0x000007fc030a7d40 source: org.springframework.boot.SpringApplicationShutdownHook
