[0.005s][info][class,load] java.lang.Object source: shared objects file
[0.005s][info][class,load] java.io.Serializable source: shared objects file
[0.005s][info][class,load] java.lang.Comparable source: shared objects file
[0.005s][info][class,load] java.lang.CharSequence source: shared objects file
[0.005s][info][class,load] java.lang.constant.Constable source: shared objects file
[0.005s][info][class,load] java.lang.constant.ConstantDesc source: shared objects file
[0.005s][info][class,load] java.lang.String source: shared objects file
[0.005s][info][class,load] java.lang.reflect.AnnotatedElement source: shared objects file
[0.005s][info][class,load] java.lang.reflect.GenericDeclaration source: shared objects file
[0.005s][info][class,load] java.lang.reflect.Type source: shared objects file
[0.005s][info][class,load] java.lang.invoke.TypeDescriptor source: shared objects file
[0.005s][info][class,load] java.lang.invoke.TypeDescriptor$OfField source: shared objects file
[0.005s][info][class,load] java.lang.Class source: shared objects file
[0.005s][info][class,load] java.lang.Cloneable source: shared objects file
[0.005s][info][class,load] java.lang.ClassLoader source: shared objects file
[0.005s][info][class,load] java.lang.System source: shared objects file
[0.005s][info][class,load] java.lang.Throwable source: shared objects file
[0.005s][info][class,load] java.lang.Error source: shared objects file
[0.005s][info][class,load] java.lang.Exception source: shared objects file
[0.005s][info][class,load] java.lang.RuntimeException source: shared objects file
[0.005s][info][class,load] java.security.ProtectionDomain source: shared objects file
[0.005s][info][class,load] java.security.SecureClassLoader source: shared objects file
[0.005s][info][class,load] java.lang.ReflectiveOperationException source: shared objects file
[0.005s][info][class,load] java.lang.ClassNotFoundException source: shared objects file
[0.005s][info][class,load] java.lang.Record source: shared objects file
[0.005s][info][class,load] java.lang.LinkageError source: shared objects file
[0.005s][info][class,load] java.lang.NoClassDefFoundError source: shared objects file
[0.005s][info][class,load] java.lang.ClassCastException source: shared objects file
[0.005s][info][class,load] java.lang.ArrayStoreException source: shared objects file
[0.005s][info][class,load] java.lang.VirtualMachineError source: shared objects file
[0.005s][info][class,load] java.lang.InternalError source: shared objects file
[0.005s][info][class,load] java.lang.OutOfMemoryError source: shared objects file
[0.005s][info][class,load] java.lang.StackOverflowError source: shared objects file
[0.005s][info][class,load] java.lang.IllegalMonitorStateException source: shared objects file
[0.005s][info][class,load] java.lang.ref.Reference source: shared objects file
[0.005s][info][class,load] java.lang.IllegalCallerException source: shared objects file
[0.005s][info][class,load] java.lang.ref.SoftReference source: shared objects file
[0.005s][info][class,load] java.lang.ref.WeakReference source: shared objects file
[0.005s][info][class,load] java.lang.ref.FinalReference source: shared objects file
[0.005s][info][class,load] java.lang.ref.PhantomReference source: shared objects file
[0.005s][info][class,load] java.lang.ref.Finalizer source: shared objects file
[0.005s][info][class,load] java.lang.Runnable source: shared objects file
[0.005s][info][class,load] java.lang.Thread source: shared objects file
[0.005s][info][class,load] java.lang.Thread$FieldHolder source: shared objects file
[0.005s][info][class,load] java.lang.Thread$Constants source: shared objects file
[0.005s][info][class,load] java.lang.Thread$UncaughtExceptionHandler source: shared objects file
[0.005s][info][class,load] java.lang.ThreadGroup source: shared objects file
[0.005s][info][class,load] java.lang.BaseVirtualThread source: shared objects file
[0.005s][info][class,load] java.lang.VirtualThread source: shared objects file
[0.005s][info][class,load] java.lang.ThreadBuilders$BoundVirtualThread source: shared objects file
[0.005s][info][class,load] java.util.Dictionary source: shared objects file
[0.005s][info][class,load] java.util.Map source: shared objects file
[0.005s][info][class,load] java.util.Hashtable source: shared objects file
[0.005s][info][class,load] java.util.Properties source: shared objects file
[0.005s][info][class,load] java.lang.Module source: shared objects file
[0.005s][info][class,load] java.lang.reflect.AccessibleObject source: shared objects file
[0.005s][info][class,load] java.lang.reflect.Member source: shared objects file
[0.005s][info][class,load] java.lang.reflect.Field source: shared objects file
[0.005s][info][class,load] java.lang.reflect.Parameter source: shared objects file
[0.005s][info][class,load] java.lang.reflect.Executable source: shared objects file
[0.005s][info][class,load] java.lang.reflect.Method source: shared objects file
[0.005s][info][class,load] java.lang.reflect.Constructor source: shared objects file
[0.005s][info][class,load] jdk.internal.vm.ContinuationScope source: shared objects file
[0.005s][info][class,load] jdk.internal.vm.Continuation source: shared objects file
[0.005s][info][class,load] jdk.internal.vm.StackChunk source: shared objects file
[0.005s][info][class,load] jdk.internal.reflect.MethodAccessor source: shared objects file
[0.005s][info][class,load] jdk.internal.reflect.MethodAccessorImpl source: shared objects file
[0.005s][info][class,load] jdk.internal.reflect.ConstantPool source: shared objects file
[0.005s][info][class,load] java.lang.annotation.Annotation source: shared objects file
[0.005s][info][class,load] jdk.internal.reflect.CallerSensitive source: shared objects file
[0.005s][info][class,load] jdk.internal.reflect.ConstructorAccessor source: shared objects file
[0.005s][info][class,load] jdk.internal.reflect.ConstructorAccessorImpl source: shared objects file
[0.005s][info][class,load] jdk.internal.reflect.DirectConstructorHandleAccessor$NativeAccessor source: shared objects file
[0.005s][info][class,load] java.lang.invoke.MethodHandle source: shared objects file
[0.005s][info][class,load] java.lang.invoke.DirectMethodHandle source: shared objects file
[0.005s][info][class,load] java.lang.invoke.VarHandle source: shared objects file
[0.005s][info][class,load] java.lang.invoke.MemberName source: shared objects file
[0.005s][info][class,load] java.lang.invoke.ResolvedMethodName source: shared objects file
[0.005s][info][class,load] java.lang.invoke.MethodHandleImpl source: shared objects file
[0.005s][info][class,load] java.lang.invoke.MethodHandleNatives source: shared objects file
[0.005s][info][class,load] java.lang.invoke.LambdaForm source: shared objects file
[0.005s][info][class,load] java.lang.invoke.TypeDescriptor$OfMethod source: shared objects file
[0.005s][info][class,load] java.lang.invoke.MethodType source: shared objects file
[0.005s][info][class,load] java.lang.BootstrapMethodError source: shared objects file
[0.005s][info][class,load] java.lang.invoke.CallSite source: shared objects file
[0.005s][info][class,load] jdk.internal.foreign.abi.NativeEntryPoint source: shared objects file
[0.005s][info][class,load] jdk.internal.foreign.abi.ABIDescriptor source: shared objects file
[0.005s][info][class,load] jdk.internal.foreign.abi.VMStorage source: shared objects file
[0.005s][info][class,load] jdk.internal.foreign.abi.UpcallLinker$CallRegs source: shared objects file
[0.005s][info][class,load] java.lang.invoke.ConstantCallSite source: shared objects file
[0.005s][info][class,load] java.lang.invoke.MutableCallSite source: shared objects file
[0.005s][info][class,load] java.lang.invoke.VolatileCallSite source: shared objects file
[0.005s][info][class,load] java.lang.AssertionStatusDirectives source: shared objects file
[0.005s][info][class,load] java.lang.Appendable source: shared objects file
[0.005s][info][class,load] java.lang.AbstractStringBuilder source: shared objects file
[0.005s][info][class,load] java.lang.StringBuffer source: shared objects file
[0.005s][info][class,load] java.lang.StringBuilder source: shared objects file
[0.005s][info][class,load] jdk.internal.misc.UnsafeConstants source: shared objects file
[0.005s][info][class,load] jdk.internal.misc.Unsafe source: shared objects file
[0.005s][info][class,load] jdk.internal.module.Modules source: shared objects file
[0.005s][info][class,load] java.lang.AutoCloseable source: shared objects file
[0.005s][info][class,load] java.io.Closeable source: shared objects file
[0.005s][info][class,load] java.io.InputStream source: shared objects file
[0.005s][info][class,load] java.io.ByteArrayInputStream source: shared objects file
[0.005s][info][class,load] java.net.URL source: shared objects file
[0.005s][info][class,load] java.lang.Enum source: shared objects file
[0.005s][info][class,load] java.util.jar.Manifest source: shared objects file
[0.005s][info][class,load] jdk.internal.loader.BuiltinClassLoader source: shared objects file
[0.005s][info][class,load] jdk.internal.loader.ClassLoaders source: shared objects file
[0.005s][info][class,load] jdk.internal.loader.ClassLoaders$AppClassLoader source: shared objects file
[0.005s][info][class,load] jdk.internal.loader.ClassLoaders$PlatformClassLoader source: shared objects file
[0.005s][info][class,load] java.security.CodeSource source: shared objects file
[0.005s][info][class,load] java.util.AbstractMap source: shared objects file
[0.005s][info][class,load] java.util.concurrent.ConcurrentMap source: shared objects file
[0.005s][info][class,load] java.util.concurrent.ConcurrentHashMap source: shared objects file
[0.005s][info][class,load] java.lang.Iterable source: shared objects file
[0.005s][info][class,load] java.util.Collection source: shared objects file
[0.005s][info][class,load] java.util.AbstractCollection source: shared objects file
[0.005s][info][class,load] java.util.SequencedCollection source: shared objects file
[0.005s][info][class,load] java.util.List source: shared objects file
[0.005s][info][class,load] java.util.AbstractList source: shared objects file
[0.005s][info][class,load] java.util.RandomAccess source: shared objects file
[0.005s][info][class,load] java.util.ArrayList source: shared objects file
[0.005s][info][class,load] java.lang.StackTraceElement source: shared objects file
[0.005s][info][class,load] java.nio.Buffer source: shared objects file
[0.005s][info][class,load] java.lang.StackWalker source: shared objects file
[0.005s][info][class,load] java.lang.StackStreamFactory$AbstractStackWalker source: shared objects file
[0.005s][info][class,load] java.lang.StackWalker$StackFrame source: shared objects file
[0.005s][info][class,load] java.lang.ClassFrameInfo source: shared objects file
[0.005s][info][class,load] java.lang.StackFrameInfo source: shared objects file
[0.005s][info][class,load] java.lang.LiveStackFrame source: shared objects file
[0.005s][info][class,load] java.lang.LiveStackFrameInfo source: shared objects file
[0.005s][info][class,load] java.util.concurrent.locks.AbstractOwnableSynchronizer source: shared objects file
[0.005s][info][class,load] java.lang.Boolean source: shared objects file
[0.005s][info][class,load] java.lang.Character source: shared objects file
[0.005s][info][class,load] java.lang.Number source: shared objects file
[0.005s][info][class,load] java.lang.Float source: shared objects file
[0.005s][info][class,load] java.lang.Double source: shared objects file
[0.005s][info][class,load] java.lang.Byte source: shared objects file
[0.005s][info][class,load] java.lang.Short source: shared objects file
[0.005s][info][class,load] java.lang.Integer source: shared objects file
[0.005s][info][class,load] java.lang.Long source: shared objects file
[0.006s][info][class,load] java.lang.Void source: shared objects file
[0.006s][info][class,load] java.util.Iterator source: shared objects file
[0.006s][info][class,load] java.lang.reflect.RecordComponent source: shared objects file
[0.006s][info][class,load] jdk.internal.vm.vector.VectorSupport source: shared objects file
[0.006s][info][class,load] jdk.internal.vm.vector.VectorSupport$VectorPayload source: shared objects file
[0.006s][info][class,load] jdk.internal.vm.vector.VectorSupport$Vector source: shared objects file
[0.006s][info][class,load] jdk.internal.vm.vector.VectorSupport$VectorMask source: shared objects file
[0.006s][info][class,load] jdk.internal.vm.vector.VectorSupport$VectorShuffle source: shared objects file
[0.006s][info][class,load] jdk.internal.vm.FillerObject source: shared objects file
[0.006s][info][class,load] java.lang.Integer$IntegerCache source: shared objects file
[0.006s][info][class,load] java.lang.Long$LongCache source: shared objects file
[0.006s][info][class,load] java.lang.Byte$ByteCache source: shared objects file
[0.006s][info][class,load] java.lang.Short$ShortCache source: shared objects file
[0.006s][info][class,load] java.lang.Character$CharacterCache source: shared objects file
[0.006s][info][class,load] java.util.jar.Attributes$Name source: shared objects file
[0.006s][info][class,load] java.util.ImmutableCollections$AbstractImmutableMap source: shared objects file
[0.006s][info][class,load] java.util.ImmutableCollections$MapN source: shared objects file
[0.006s][info][class,load] sun.util.locale.BaseLocale source: shared objects file
[0.006s][info][class,load] jdk.internal.module.ArchivedModuleGraph source: shared objects file
[0.006s][info][class,load] java.lang.module.ModuleFinder source: shared objects file
[0.006s][info][class,load] jdk.internal.module.SystemModuleFinders$SystemModuleFinder source: shared objects file
[0.006s][info][class,load] java.util.ImmutableCollections$AbstractImmutableCollection source: shared objects file
[0.006s][info][class,load] java.util.Set source: shared objects file
[0.006s][info][class,load] java.util.ImmutableCollections$AbstractImmutableSet source: shared objects file
[0.006s][info][class,load] java.util.ImmutableCollections$SetN source: shared objects file
[0.006s][info][class,load] java.lang.module.ModuleReference source: shared objects file
[0.006s][info][class,load] jdk.internal.module.ModuleReferenceImpl source: shared objects file
[0.006s][info][class,load] java.lang.module.ModuleDescriptor source: shared objects file
[0.006s][info][class,load] java.lang.module.ModuleDescriptor$Version source: shared objects file
[0.006s][info][class,load] java.lang.module.ModuleDescriptor$Requires source: shared objects file
[0.006s][info][class,load] java.util.ImmutableCollections$Set12 source: shared objects file
[0.006s][info][class,load] java.lang.module.ModuleDescriptor$Requires$Modifier source: shared objects file
[0.006s][info][class,load] java.lang.module.ModuleDescriptor$Exports source: shared objects file
[0.006s][info][class,load] java.lang.module.ModuleDescriptor$Provides source: shared objects file
[0.006s][info][class,load] java.util.ImmutableCollections$AbstractImmutableList source: shared objects file
[0.006s][info][class,load] java.util.ImmutableCollections$ListN source: shared objects file
[0.006s][info][class,load] java.net.URI source: shared objects file
[0.006s][info][class,load] java.util.function.Supplier source: shared objects file
[0.006s][info][class,load] jdk.internal.module.SystemModuleFinders$1 source: shared objects file
[0.006s][info][class,load] jdk.internal.module.ModuleHashes$HashSupplier source: shared objects file
[0.006s][info][class,load] jdk.internal.module.SystemModuleFinders$2 source: shared objects file
[0.006s][info][class,load] java.util.ImmutableCollections$List12 source: shared objects file
[0.006s][info][class,load] java.lang.module.ModuleDescriptor$Opens source: shared objects file
[0.006s][info][class,load] jdk.internal.module.ModuleTarget source: shared objects file
[0.006s][info][class,load] jdk.internal.module.ModuleHashes source: shared objects file
[0.006s][info][class,load] java.util.Collections$UnmodifiableMap source: shared objects file
[0.006s][info][class,load] java.util.HashMap source: shared objects file
[0.006s][info][class,load] java.util.Map$Entry source: shared objects file
[0.006s][info][class,load] java.util.HashMap$Node source: shared objects file
[0.006s][info][class,load] java.lang.module.Configuration source: shared objects file
[0.006s][info][class,load] java.lang.module.ResolvedModule source: shared objects file
[0.006s][info][class,load] java.util.function.Function source: shared objects file
[0.006s][info][class,load] jdk.internal.module.ModuleLoaderMap$Mapper source: shared objects file
[0.006s][info][class,load] java.util.ImmutableCollections source: shared objects file
[0.006s][info][class,load] java.lang.ModuleLayer source: shared objects file
[0.006s][info][class,load] jdk.internal.math.FDBigInteger source: shared objects file
[0.006s][info][class,load] jdk.internal.loader.ArchivedClassLoaders source: shared objects file
[0.006s][info][class,load] jdk.internal.loader.ClassLoaders$BootClassLoader source: shared objects file
[0.006s][info][class,load] java.security.Principal source: shared objects file
[0.006s][info][class,load] jdk.internal.loader.NativeLibraries source: shared objects file
[0.006s][info][class,load] java.util.concurrent.ConcurrentHashMap$Node source: shared objects file
[0.006s][info][class,load] jdk.internal.module.ServicesCatalog source: shared objects file
[0.006s][info][class,load] java.util.concurrent.CopyOnWriteArrayList source: shared objects file
[0.006s][info][class,load] jdk.internal.module.ServicesCatalog$ServiceProvider source: shared objects file
[0.006s][info][class,load] java.util.AbstractSet source: shared objects file
[0.006s][info][class,load] java.util.HashSet source: shared objects file
[0.006s][info][class,load] jdk.internal.loader.BuiltinClassLoader$LoadedModule source: shared objects file
[0.006s][info][class,load] jdk.internal.module.ArchivedBootLayer source: shared objects file
[0.006s][info][class,load] java.lang.Module$ArchivedData source: shared objects file
[0.006s][info][class,load] java.io.ObjectStreamField source: shared objects file
[0.006s][info][class,load] java.util.Comparator source: shared objects file
[0.006s][info][class,load] java.lang.String$CaseInsensitiveComparator source: shared objects file
[0.006s][info][class,load] jdk.internal.misc.VM source: shared objects file
[0.006s][info][class,load] jdk.internal.misc.CDS source: shared objects file
[0.006s][info][class,load] jdk.internal.access.JavaLangReflectAccess source: shared objects file
[0.006s][info][class,load] java.lang.reflect.ReflectAccess source: shared objects file
[0.007s][info][class,load] jdk.internal.access.SharedSecrets source: shared objects file
[0.007s][info][class,load] jdk.internal.reflect.ReflectionFactory source: shared objects file
[0.007s][info][class,load] java.io.ObjectStreamClass source: shared objects file
[0.007s][info][class,load] java.lang.Math source: shared objects file
[0.007s][info][class,load] jdk.internal.reflect.ReflectionFactory$Config source: shared objects file
[0.007s][info][class,load] jdk.internal.access.JavaLangRefAccess source: shared objects file
[0.007s][info][class,load] java.lang.ref.Reference$1 source: shared objects file
[0.007s][info][class,load] java.lang.ref.ReferenceQueue source: shared objects file
[0.007s][info][class,load] java.lang.ref.ReferenceQueue$Null source: shared objects file
[0.007s][info][class,load] java.lang.ref.ReferenceQueue$Lock source: shared objects file
[0.007s][info][class,load] jdk.internal.access.JavaLangAccess source: shared objects file
[0.007s][info][class,load] java.lang.System$1 source: shared objects file
[0.007s][info][class,load] jdk.internal.util.SystemProps source: shared objects file
[0.007s][info][class,load] jdk.internal.util.SystemProps$Raw source: shared objects file
[0.009s][info][class,load] java.nio.charset.Charset source: shared objects file
[0.009s][info][class,load] java.nio.charset.spi.CharsetProvider source: shared objects file
[0.009s][info][class,load] sun.nio.cs.StandardCharsets source: shared objects file
[0.009s][info][class,load] java.lang.StringLatin1 source: shared objects file
[0.009s][info][class,load] sun.nio.cs.HistoricallyNamedCharset source: shared objects file
[0.009s][info][class,load] sun.nio.cs.Unicode source: shared objects file
[0.009s][info][class,load] sun.nio.cs.UTF_8 source: shared objects file
[0.009s][info][class,load] java.lang.StrictMath source: shared objects file
[0.009s][info][class,load] jdk.internal.util.ArraysSupport source: shared objects file
[0.009s][info][class,load] java.util.LinkedHashMap$Entry source: shared objects file
[0.009s][info][class,load] java.util.HashMap$TreeNode source: shared objects file
[0.009s][info][class,load] java.lang.StringConcatHelper source: shared objects file
[0.009s][info][class,load] java.lang.VersionProps source: shared objects file
[0.009s][info][class,load] java.lang.Runtime source: shared objects file
[0.009s][info][class,load] java.util.concurrent.locks.Lock source: shared objects file
[0.009s][info][class,load] java.util.concurrent.locks.ReentrantLock source: shared objects file
[0.009s][info][class,load] java.util.concurrent.ConcurrentHashMap$Segment source: shared objects file
[0.009s][info][class,load] java.util.concurrent.ConcurrentHashMap$CounterCell source: shared objects file
[0.009s][info][class,load] java.util.concurrent.locks.LockSupport source: shared objects file
[0.009s][info][class,load] java.util.concurrent.ConcurrentHashMap$ReservationNode source: shared objects file
[0.009s][info][class,load] java.util.HashMap$EntrySet source: shared objects file
[0.009s][info][class,load] java.util.Objects source: shared objects file
[0.009s][info][class,load] java.util.HashMap$HashIterator source: shared objects file
[0.009s][info][class,load] java.util.HashMap$EntryIterator source: shared objects file
[0.009s][info][class,load] jdk.internal.util.StaticProperty source: shared objects file
[0.009s][info][class,load] java.io.FileInputStream source: shared objects file
[0.009s][info][class,load] java.lang.System$In source: shared objects file
[0.009s][info][class,load] java.io.FileDescriptor source: shared objects file
[0.009s][info][class,load] jdk.internal.access.JavaIOFileDescriptorAccess source: shared objects file
[0.010s][info][class,load] java.io.FileDescriptor$1 source: shared objects file
[0.010s][info][class,load] java.io.Flushable source: shared objects file
[0.010s][info][class,load] java.io.OutputStream source: shared objects file
[0.010s][info][class,load] java.io.FileOutputStream source: shared objects file
[0.010s][info][class,load] java.lang.System$Out source: shared objects file
[0.010s][info][class,load] java.io.FilterInputStream source: shared objects file
[0.010s][info][class,load] java.io.BufferedInputStream source: shared objects file
[0.010s][info][class,load] java.io.FilterOutputStream source: shared objects file
[0.010s][info][class,load] java.io.PrintStream source: shared objects file
[0.010s][info][class,load] java.io.BufferedOutputStream source: shared objects file
[0.010s][info][class,load] java.io.Writer source: shared objects file
[0.010s][info][class,load] java.io.OutputStreamWriter source: shared objects file
[0.010s][info][class,load] sun.nio.cs.StreamEncoder source: shared objects file
[0.010s][info][class,load] java.nio.charset.CharsetEncoder source: shared objects file
[0.010s][info][class,load] sun.nio.cs.UTF_8$Encoder source: shared objects file
[0.010s][info][class,load] java.nio.charset.CodingErrorAction source: shared objects file
[0.010s][info][class,load] java.util.Arrays source: shared objects file
[0.010s][info][class,load] java.nio.ByteBuffer source: shared objects file
[0.010s][info][class,load] jdk.internal.misc.ScopedMemoryAccess source: shared objects file
[0.010s][info][class,load] java.nio.Buffer$1 source: shared objects file
[0.010s][info][class,load] jdk.internal.util.Preconditions source: shared objects file
[0.010s][info][class,load] jdk.internal.util.Preconditions$1 source: shared objects file
[0.010s][info][class,load] java.util.function.BiFunction source: shared objects file
[0.010s][info][class,load] jdk.internal.util.Preconditions$4 source: shared objects file
[0.010s][info][class,load] jdk.internal.util.Preconditions$2 source: shared objects file
[0.010s][info][class,load] jdk.internal.util.Preconditions$3 source: shared objects file
[0.010s][info][class,load] jdk.internal.access.JavaNioAccess source: shared objects file
[0.010s][info][class,load] java.nio.Buffer$2 source: shared objects file
[0.010s][info][class,load] java.nio.HeapByteBuffer source: shared objects file
[0.010s][info][class,load] java.nio.ByteOrder source: shared objects file
[0.010s][info][class,load] java.io.BufferedWriter source: shared objects file
[0.010s][info][class,load] java.lang.Terminator source: shared objects file
[0.010s][info][class,load] jdk.internal.misc.Signal$Handler source: shared objects file
[0.010s][info][class,load] java.lang.Terminator$1 source: shared objects file
[0.010s][info][class,load] jdk.internal.misc.Signal source: shared objects file
[0.010s][info][class,load] java.util.Hashtable$Entry source: shared objects file
[0.010s][info][class,load] jdk.internal.misc.Signal$NativeHandler source: shared objects file
[0.010s][info][class,load] jdk.internal.misc.OSEnvironment source: shared objects file
[0.010s][info][class,load] java.lang.Thread$State source: shared objects file
[0.010s][info][class,load] java.lang.ref.Reference$ReferenceHandler source: shared objects file
[0.010s][info][class,load] java.lang.Thread$ThreadIdentifiers source: shared objects file
[0.010s][info][class,load] java.lang.ref.Finalizer$FinalizerThread source: shared objects file
[0.010s][info][class,load] jdk.internal.ref.Cleaner source: shared objects file
[0.010s][info][class,load] java.util.Collections source: shared objects file
[0.010s][info][class,load] java.util.Collections$EmptySet source: shared objects file
[0.010s][info][class,load] java.util.Collections$EmptyList source: shared objects file
[0.010s][info][class,load] java.util.Collections$EmptyMap source: shared objects file
[0.010s][info][class,load] java.lang.NullPointerException source: shared objects file
[0.010s][info][class,load] java.lang.ArithmeticException source: shared objects file
[0.010s][info][class,load] java.lang.IndexOutOfBoundsException source: shared objects file
[0.010s][info][class,load] java.lang.ArrayIndexOutOfBoundsException source: shared objects file
[0.010s][info][class,load] java.lang.IllegalArgumentException source: shared objects file
[0.010s][info][class,load] java.lang.invoke.MethodHandleStatics source: shared objects file
[0.010s][info][class,load] java.lang.reflect.ClassFileFormatVersion source: shared objects file
[0.010s][info][class,load] java.lang.CharacterData source: shared objects file
[0.010s][info][class,load] java.lang.CharacterDataLatin1 source: shared objects file
[0.010s][info][class,load] jdk.internal.util.ClassFileDumper source: shared objects file
[0.010s][info][class,load] java.util.HexFormat source: shared objects file
[0.010s][info][class,load] java.util.concurrent.atomic.AtomicInteger source: shared objects file
[0.010s][info][class,load] jdk.internal.module.ModuleBootstrap source: shared objects file
[0.010s][info][class,load] java.lang.invoke.MethodHandles source: shared objects file
[0.010s][info][class,load] java.lang.invoke.MemberName$Factory source: shared objects file
[0.010s][info][class,load] jdk.internal.reflect.Reflection source: shared objects file
[0.010s][info][class,load] java.lang.invoke.MethodHandles$Lookup source: shared objects file
[0.010s][info][class,load] java.util.ImmutableCollections$MapN$1 source: shared objects file
[0.010s][info][class,load] java.util.ImmutableCollections$MapN$MapNIterator source: shared objects file
[0.010s][info][class,load] java.util.KeyValueHolder source: shared objects file
[0.010s][info][class,load] sun.invoke.util.VerifyAccess source: shared objects file
[0.011s][info][class,load] java.lang.reflect.Modifier source: shared objects file
[0.011s][info][class,load] jdk.internal.access.JavaLangModuleAccess source: shared objects file
[0.011s][info][class,load] java.lang.module.ModuleDescriptor$1 source: shared objects file
[0.011s][info][class,load] java.io.File source: shared objects file
[0.011s][info][class,load] java.io.DefaultFileSystem source: shared objects file
[0.011s][info][class,load] java.io.FileSystem source: shared objects file
[0.011s][info][class,load] java.io.UnixFileSystem source: shared objects file
[0.011s][info][class,load] jdk.internal.util.DecimalDigits source: shared objects file
[0.011s][info][class,load] jdk.internal.module.ModulePatcher source: shared objects file
[0.011s][info][class,load] jdk.internal.module.ModuleBootstrap$IllegalNativeAccess source: shared objects file
[0.011s][info][class,load] jdk.internal.module.ModuleLoaderMap source: shared objects file
[0.011s][info][class,load] jdk.internal.module.ModuleLoaderMap$Modules source: shared objects file
[0.011s][info][class,load] jdk.internal.module.ModuleBootstrap$Counters source: shared objects file
[0.011s][info][class,load] jdk.internal.loader.AbstractClassLoaderValue source: shared objects file
[0.011s][info][class,load] jdk.internal.loader.ClassLoaderValue source: shared objects file
[0.011s][info][class,load] jdk.internal.access.JavaNetUriAccess source: shared objects file
[0.011s][info][class,load] java.net.URI$1 source: shared objects file
[0.011s][info][class,load] java.security.cert.Certificate source: shared objects file
[0.011s][info][class,load] java.lang.ClassLoader$ParallelLoaders source: shared objects file
[0.011s][info][class,load] java.util.WeakHashMap source: shared objects file
[0.011s][info][class,load] java.util.WeakHashMap$Entry source: shared objects file
[0.011s][info][class,load] java.util.Collections$SetFromMap source: shared objects file
[0.011s][info][class,load] java.util.WeakHashMap$KeySet source: shared objects file
[0.011s][info][class,load] jdk.internal.loader.ClassLoaderHelper source: shared objects file
[0.011s][info][class,load] jdk.internal.util.OSVersion source: shared objects file
[0.011s][info][class,load] java.util.concurrent.ConcurrentHashMap$CollectionView source: shared objects file
[0.011s][info][class,load] java.util.concurrent.ConcurrentHashMap$KeySetView source: shared objects file
[0.011s][info][class,load] jdk.internal.loader.BootLoader source: shared objects file
[0.011s][info][class,load] java.lang.Module$EnableNativeAccess source: shared objects file
[0.011s][info][class,load] jdk.internal.loader.URLClassPath source: shared objects file
[0.011s][info][class,load] java.net.URLStreamHandlerFactory source: shared objects file
[0.011s][info][class,load] java.net.URL$DefaultFactory source: shared objects file
[0.011s][info][class,load] jdk.internal.access.JavaNetURLAccess source: shared objects file
[0.011s][info][class,load] java.net.URL$1 source: shared objects file
[0.011s][info][class,load] java.io.File$PathStatus source: shared objects file
[0.011s][info][class,load] sun.net.www.ParseUtil source: shared objects file
[0.011s][info][class,load] java.net.URLStreamHandler source: shared objects file
[0.011s][info][class,load] sun.net.www.protocol.file.Handler source: shared objects file
[0.011s][info][class,load] sun.net.util.IPAddressUtil source: shared objects file
[0.011s][info][class,load] sun.net.util.IPAddressUtil$MASKS source: shared objects file
[0.011s][info][class,load] java.util.Queue source: shared objects file
[0.011s][info][class,load] java.util.Deque source: shared objects file
[0.011s][info][class,load] java.util.ArrayDeque source: shared objects file
[0.011s][info][class,load] sun.net.www.protocol.jar.Handler source: shared objects file
[0.011s][info][class,load] jdk.internal.vm.ContinuationSupport source: shared objects file
[0.011s][info][class,load] jdk.internal.vm.Continuation$Pinned source: shared objects file
[0.012s][info][class,load] sun.launcher.LauncherHelper source: shared objects file
[0.012s][info][class,load] java.lang.StringCoding source: shared objects file
[0.012s][info][class,load] java.util.zip.ZipConstants source: shared objects file
[0.012s][info][class,load] java.util.zip.ZipFile source: shared objects file
[0.012s][info][class,load] java.util.jar.JarFile source: shared objects file
[0.012s][info][class,load] java.util.BitSet source: shared objects file
[0.012s][info][class,load] jdk.internal.access.JavaUtilZipFileAccess source: shared objects file
[0.012s][info][class,load] java.util.zip.ZipFile$1 source: shared objects file
[0.012s][info][class,load] jdk.internal.access.JavaUtilJarAccess source: shared objects file
[0.012s][info][class,load] java.util.jar.JavaUtilJarAccessImpl source: shared objects file
[0.012s][info][class,load] java.lang.Runtime$Version source: shared objects file
[0.012s][info][class,load] java.util.Optional source: shared objects file
[0.012s][info][class,load] java.util.zip.ZipCoder source: shared objects file
[0.012s][info][class,load] java.util.zip.ZipCoder$UTF8ZipCoder source: shared objects file
[0.012s][info][class,load] java.util.zip.ZipFile$CleanableResource source: shared objects file
[0.012s][info][class,load] jdk.internal.ref.CleanerFactory source: shared objects file
[0.012s][info][class,load] java.util.concurrent.ThreadFactory source: shared objects file
[0.012s][info][class,load] jdk.internal.ref.CleanerFactory$1 source: shared objects file
[0.012s][info][class,load] java.lang.ref.Cleaner source: shared objects file
[0.012s][info][class,load] java.lang.ref.Cleaner$1 source: shared objects file
[0.012s][info][class,load] jdk.internal.ref.CleanerImpl source: shared objects file
[0.012s][info][class,load] jdk.internal.ref.CleanerImpl$CleanableList source: shared objects file
[0.012s][info][class,load] jdk.internal.ref.CleanerImpl$CleanableList$Node source: shared objects file
[0.012s][info][class,load] java.lang.ref.Cleaner$Cleanable source: shared objects file
[0.012s][info][class,load] jdk.internal.ref.PhantomCleanable source: shared objects file
[0.012s][info][class,load] jdk.internal.ref.CleanerImpl$CleanerCleanable source: shared objects file
[0.012s][info][class,load] jdk.internal.misc.InnocuousThread source: shared objects file
[0.012s][info][class,load] jdk.internal.ref.CleanerImpl$PhantomCleanableRef source: shared objects file
[0.012s][info][class,load] java.util.zip.ZipFile$Source source: shared objects file
[0.012s][info][class,load] sun.nio.fs.DefaultFileSystemProvider source: shared objects file
[0.012s][info][class,load] java.nio.file.spi.FileSystemProvider source: shared objects file
[0.012s][info][class,load] sun.nio.fs.AbstractFileSystemProvider source: shared objects file
[0.012s][info][class,load] sun.nio.fs.UnixFileSystemProvider source: shared objects file
[0.012s][info][class,load] sun.nio.fs.BsdFileSystemProvider source: shared objects file
[0.012s][info][class,load] sun.nio.fs.MacOSXFileSystemProvider source: shared objects file
[0.012s][info][class,load] java.nio.file.OpenOption source: shared objects file
[0.012s][info][class,load] java.nio.file.StandardOpenOption source: shared objects file
[0.012s][info][class,load] java.nio.file.FileSystem source: shared objects file
[0.012s][info][class,load] sun.nio.fs.UnixFileSystem source: shared objects file
[0.012s][info][class,load] sun.nio.fs.BsdFileSystem source: shared objects file
[0.012s][info][class,load] sun.nio.fs.MacOSXFileSystem source: shared objects file
[0.012s][info][class,load] java.nio.file.Watchable source: shared objects file
[0.012s][info][class,load] java.nio.file.Path source: shared objects file
[0.012s][info][class,load] sun.nio.fs.UnixPath source: shared objects file
[0.012s][info][class,load] sun.nio.fs.Util source: shared objects file
[0.012s][info][class,load] sun.nio.fs.UnixNativeDispatcher source: shared objects file
[0.012s][info][class,load] jdk.internal.loader.NativeLibraries$LibraryPaths source: shared objects file
[0.012s][info][class,load] jdk.internal.loader.NativeLibraries$1 source: shared objects file
[0.012s][info][class,load] jdk.internal.loader.NativeLibraries$CountedLock source: shared objects file
[0.012s][info][class,load] java.util.concurrent.locks.AbstractQueuedSynchronizer source: shared objects file
[0.012s][info][class,load] java.util.concurrent.locks.ReentrantLock$Sync source: shared objects file
[0.012s][info][class,load] java.util.concurrent.locks.ReentrantLock$NonfairSync source: shared objects file
[0.012s][info][class,load] jdk.internal.loader.NativeLibraries$NativeLibraryContext source: shared objects file
[0.012s][info][class,load] jdk.internal.loader.NativeLibraries$NativeLibraryContext$1 source: shared objects file
[0.012s][info][class,load] java.util.ArrayDeque$DeqIterator source: shared objects file
[0.012s][info][class,load] jdk.internal.loader.NativeLibrary source: shared objects file
[0.012s][info][class,load] jdk.internal.loader.NativeLibraries$NativeLibraryImpl source: shared objects file
[0.013s][info][class,load] jdk.internal.loader.NativeLibraries$2 source: shared objects file
[0.013s][info][class,load] java.util.concurrent.ConcurrentHashMap$ValuesView source: shared objects file
[0.013s][info][class,load] java.util.concurrent.ConcurrentHashMap$Traverser source: shared objects file
[0.013s][info][class,load] java.util.concurrent.ConcurrentHashMap$BaseIterator source: shared objects file
[0.013s][info][class,load] java.util.Enumeration source: shared objects file
[0.013s][info][class,load] java.util.concurrent.ConcurrentHashMap$ValueIterator source: shared objects file
[0.013s][info][class,load] java.nio.file.attribute.BasicFileAttributes source: shared objects file
[0.013s][info][class,load] java.nio.file.attribute.PosixFileAttributes source: shared objects file
[0.013s][info][class,load] sun.nio.fs.UnixFileAttributes source: shared objects file
[0.013s][info][class,load] sun.nio.fs.UnixFileStoreAttributes source: shared objects file
[0.013s][info][class,load] sun.nio.fs.UnixMountEntry source: shared objects file
[0.013s][info][class,load] java.util.zip.ZipFile$Source$Key source: shared objects file
[0.013s][info][class,load] java.nio.file.CopyOption source: shared objects file
[0.013s][info][class,load] java.nio.file.LinkOption source: shared objects file
[0.013s][info][class,load] java.nio.file.Files source: shared objects file
[0.013s][info][class,load] java.nio.file.attribute.AttributeView source: shared objects file
[0.013s][info][class,load] java.nio.file.attribute.FileAttributeView source: shared objects file
[0.013s][info][class,load] java.nio.file.attribute.BasicFileAttributeView source: shared objects file
[0.014s][info][class,load] sun.nio.fs.BsdFileAttributeViews source: shared objects file
[0.014s][info][class,load] sun.nio.fs.DynamicFileAttributeView source: shared objects file
[0.014s][info][class,load] sun.nio.fs.AbstractBasicFileAttributeView source: shared objects file
[0.014s][info][class,load] sun.nio.fs.UnixFileAttributeViews$Basic source: shared objects file
[0.014s][info][class,load] sun.nio.fs.BsdFileAttributeViews$Basic source: shared objects file
[0.014s][info][class,load] sun.nio.fs.NativeBuffers source: shared objects file
[0.014s][info][class,load] java.lang.ThreadLocal source: shared objects file
[0.014s][info][class,load] jdk.internal.misc.CarrierThreadLocal source: shared objects file
[0.014s][info][class,load] jdk.internal.misc.TerminatingThreadLocal source: shared objects file
[0.014s][info][class,load] sun.nio.fs.NativeBuffers$1 source: shared objects file
[0.014s][info][class,load] jdk.internal.misc.TerminatingThreadLocal$1 source: shared objects file
[0.014s][info][class,load] java.lang.ThreadLocal$ThreadLocalMap source: shared objects file
[0.014s][info][class,load] java.lang.ThreadLocal$ThreadLocalMap$Entry source: shared objects file
[0.014s][info][class,load] java.util.IdentityHashMap source: shared objects file
[0.014s][info][class,load] java.util.IdentityHashMap$KeySet source: shared objects file
[0.014s][info][class,load] sun.nio.fs.NativeBuffer source: shared objects file
[0.014s][info][class,load] sun.nio.fs.NativeBuffer$Deallocator source: shared objects file
[0.014s][info][class,load] sun.nio.fs.UnixFileAttributes$UnixAsBasicFileAttributes source: shared objects file
[0.014s][info][class,load] java.io.DataOutput source: shared objects file
[0.014s][info][class,load] java.io.DataInput source: shared objects file
[0.014s][info][class,load] java.io.RandomAccessFile source: shared objects file
[0.014s][info][class,load] jdk.internal.access.JavaIORandomAccessFileAccess source: shared objects file
[0.014s][info][class,load] java.io.RandomAccessFile$2 source: shared objects file
[0.014s][info][class,load] java.io.FileCleanable source: shared objects file
[0.014s][info][class,load] java.util.zip.ZipFile$Source$End source: shared objects file
[0.014s][info][class,load] java.util.zip.ZipUtils source: shared objects file
[0.014s][info][class,load] java.util.concurrent.TimeUnit source: shared objects file
[0.014s][info][class,load] java.nio.file.attribute.FileTime source: shared objects file
[0.014s][info][class,load] sun.nio.fs.UnixFileKey source: shared objects file
[0.014s][info][class,load] jdk.internal.perf.PerfCounter source: shared objects file
[0.014s][info][class,load] jdk.internal.perf.Perf source: shared objects file
[0.015s][info][class,load] jdk.internal.perf.PerfCounter$CoreCounters source: shared objects file
[0.015s][info][class,load] sun.nio.ch.DirectBuffer source: shared objects file
[0.015s][info][class,load] java.nio.MappedByteBuffer source: shared objects file
[0.015s][info][class,load] java.nio.DirectByteBuffer source: shared objects file
[0.015s][info][class,load] java.nio.Bits source: shared objects file
[0.015s][info][class,load] java.util.concurrent.atomic.AtomicLong source: shared objects file
[0.015s][info][class,load] jdk.internal.misc.VM$BufferPool source: shared objects file
[0.015s][info][class,load] java.nio.Bits$1 source: shared objects file
[0.015s][info][class,load] java.nio.LongBuffer source: shared objects file
[0.015s][info][class,load] java.nio.DirectLongBufferU source: shared objects file
[0.015s][info][class,load] java.util.zip.ZipFile$EntryPos source: shared objects file
[0.015s][info][class,load] java.util.zip.ZipEntry source: shared objects file
[0.015s][info][class,load] java.util.jar.JarEntry source: shared objects file
[0.015s][info][class,load] java.util.jar.JarFile$JarFileEntry source: shared objects file
[0.015s][info][class,load] java.util.zip.ZipFile$ZipFileInputStream source: shared objects file
[0.015s][info][class,load] java.util.zip.InflaterInputStream source: shared objects file
[0.015s][info][class,load] java.util.zip.ZipFile$ZipFileInflaterInputStream source: shared objects file
[0.015s][info][class,load] java.util.zip.Inflater source: shared objects file
[0.015s][info][class,load] java.util.zip.Inflater$InflaterZStreamRef source: shared objects file
[0.015s][info][class,load] java.util.zip.ZipFile$InflaterCleanupAction source: shared objects file
[0.015s][info][class,load] sun.security.util.SignatureFileVerifier source: shared objects file
[0.015s][info][class,load] sun.security.util.Debug source: shared objects file
[0.015s][info][class,load] java.util.Locale source: shared objects file
[0.015s][info][class,load] sun.util.locale.LocaleUtils source: shared objects file
[0.015s][info][class,load] java.util.jar.JarVerifier source: shared objects file
[0.015s][info][class,load] java.io.ByteArrayOutputStream source: shared objects file
[0.015s][info][class,load] java.util.jar.Attributes source: shared objects file
[0.015s][info][class,load] java.util.SequencedMap source: shared objects file
[0.015s][info][class,load] java.util.LinkedHashMap source: shared objects file
[0.015s][info][class,load] java.util.jar.Manifest$FastInputStream source: shared objects file
[0.016s][info][class,load] sun.net.util.URLUtil source: shared objects file
[0.016s][info][class,load] jdk.internal.loader.URLClassPath$Loader source: shared objects file
[0.016s][info][class,load] jdk.internal.loader.URLClassPath$JarLoader source: shared objects file
[0.016s][info][class,load] jdk.internal.loader.FileURLMapper source: shared objects file
[0.016s][info][class,load] jdk.internal.loader.Resource source: shared objects file
[0.016s][info][class,load] jdk.internal.loader.URLClassPath$JarLoader$1 source: shared objects file
[0.016s][info][class,load] java.lang.NamedPackage source: shared objects file
[0.016s][info][class,load] java.lang.Package source: shared objects file
[0.016s][info][class,load] java.lang.Package$VersionInfo source: shared objects file
[0.016s][info][class,load] sun.nio.ByteBuffered source: shared objects file
[0.016s][info][class,load] java.util.zip.Checksum source: shared objects file
[0.016s][info][class,load] java.util.zip.CRC32 source: shared objects file
[0.016s][info][class,load] java.util.zip.Checksum$1 source: shared objects file
[0.016s][info][class,load] java.security.SecureClassLoader$CodeSourceKey source: shared objects file
[0.016s][info][class,load] java.security.SecureClassLoader$1 source: shared objects file
[0.016s][info][class,load] java.security.PermissionCollection source: shared objects file
[0.016s][info][class,load] java.security.Permissions source: shared objects file
[0.016s][info][class,load] org.springframework.boot.loader.launch.Launcher source: file:/Users/kibong_home/Desktop/development/blog/build/libs/blog-0.0.1-SNAPSHOT.jar
[0.016s][info][class,load] org.springframework.boot.loader.launch.ExecutableArchiveLauncher source: file:/Users/kibong_home/Desktop/development/blog/build/libs/blog-0.0.1-SNAPSHOT.jar
[0.016s][info][class,load] org.springframework.boot.loader.launch.JarLauncher source: file:/Users/kibong_home/Desktop/development/blog/build/libs/blog-0.0.1-SNAPSHOT.jar
[0.016s][info][class,load] jdk.internal.misc.MethodFinder source: shared objects file
[0.016s][info][class,load] java.lang.Class$ReflectionData source: shared objects file
[0.016s][info][class,load] java.lang.Class$Atomic source: shared objects file
[0.016s][info][class,load] java.io.UncheckedIOException source: jrt:/java.base
[0.016s][info][class,load] java.io.IOException source: shared objects file
[0.017s][info][class,load] java.util.concurrent.ConcurrentHashMap$ForwardingNode source: shared objects file
[0.017s][info][class,load] java.net.URLClassLoader source: jrt:/java.base
[0.017s][info][class,load] org.springframework.boot.loader.net.protocol.jar.JarUrlClassLoader source: file:/Users/kibong_home/Desktop/development/blog/build/libs/blog-0.0.1-SNAPSHOT.jar
[0.017s][info][class,load] org.springframework.boot.loader.launch.LaunchedClassLoader source: file:/Users/kibong_home/Desktop/development/blog/build/libs/blog-0.0.1-SNAPSHOT.jar
[0.017s][info][class,load] java.lang.NoSuchMethodException source: shared objects file
[0.017s][info][class,load] java.lang.IllegalStateException source: jrt:/java.base
[0.017s][info][class,load] java.lang.PublicMethods$MethodList source: shared objects file
[0.017s][info][class,load] java.lang.PublicMethods$Key source: shared objects file
[0.017s][info][class,load] org.springframework.boot.loader.launch.JarModeRunner source: file:/Users/kibong_home/Desktop/development/blog/build/libs/blog-0.0.1-SNAPSHOT.jar
[0.017s][info][class,load] org.springframework.boot.loader.launch.Archive source: file:/Users/kibong_home/Desktop/development/blog/build/libs/blog-0.0.1-SNAPSHOT.jar
[0.017s][info][class,load] java.lang.invoke.LambdaMetafactory source: shared objects file
[0.017s][info][class,load] java.lang.invoke.MethodType$1 source: shared objects file
[0.017s][info][class,load] jdk.internal.util.ReferencedKeySet source: shared objects file
[0.017s][info][class,load] jdk.internal.util.ReferencedKeyMap source: shared objects file
[0.017s][info][class,load] jdk.internal.util.ReferenceKey source: shared objects file
[0.017s][info][class,load] jdk.internal.util.StrongReferenceKey source: shared objects file
[0.017s][info][class,load] java.lang.invoke.MethodTypeForm source: shared objects file
[0.017s][info][class,load] jdk.internal.util.WeakReferenceKey source: shared objects file
[0.017s][info][class,load] sun.invoke.util.Wrapper source: shared objects file
[0.017s][info][class,load] sun.invoke.util.Wrapper$Format source: shared objects file
[0.017s][info][class,load] java.lang.constant.ConstantDescs source: shared objects file
[0.017s][info][class,load] java.lang.constant.ClassDesc source: shared objects file
[0.017s][info][class,load] jdk.internal.constant.ClassOrInterfaceDescImpl source: shared objects file
[0.017s][info][class,load] jdk.internal.constant.ArrayClassDescImpl source: shared objects file
[0.017s][info][class,load] jdk.internal.constant.ConstantUtils source: shared objects file
[0.017s][info][class,load] java.lang.constant.DirectMethodHandleDesc$Kind source: shared objects file
[0.017s][info][class,load] java.lang.constant.MethodTypeDesc source: shared objects file
[0.017s][info][class,load] jdk.internal.constant.MethodTypeDescImpl source: shared objects file
[0.017s][info][class,load] java.lang.constant.MethodHandleDesc source: shared objects file
[0.017s][info][class,load] java.lang.constant.MethodHandleDesc$1 source: shared objects file
[0.017s][info][class,load] java.lang.constant.DirectMethodHandleDesc source: shared objects file
[0.017s][info][class,load] jdk.internal.constant.DirectMethodHandleDescImpl source: shared objects file
[0.017s][info][class,load] jdk.internal.constant.DirectMethodHandleDescImpl$1 source: shared objects file
[0.018s][info][class,load] java.lang.constant.DynamicConstantDesc source: shared objects file
[0.018s][info][class,load] jdk.internal.constant.PrimitiveClassDescImpl source: shared objects file
[0.018s][info][class,load] java.lang.constant.DynamicConstantDesc$AnonymousDynamicConstantDesc source: shared objects file
[0.018s][info][class,load] java.lang.invoke.LambdaForm$NamedFunction source: shared objects file
[0.018s][info][class,load] java.lang.invoke.DirectMethodHandle$Holder source: shared objects file
[0.018s][info][class,load] sun.invoke.util.ValueConversions source: shared objects file
[0.018s][info][class,load] java.lang.invoke.Invokers source: shared objects file
[0.018s][info][class,load] java.lang.invoke.LambdaForm$Kind source: shared objects file
[0.018s][info][class,load] java.lang.invoke.LambdaForm$BasicType source: shared objects file
[0.018s][info][class,load] java.lang.classfile.TypeKind source: shared objects file
[0.018s][info][class,load] java.lang.reflect.Array source: shared objects file
[0.018s][info][class,load] java.lang.invoke.LambdaForm$Name source: shared objects file
[0.018s][info][class,load] java.lang.invoke.LambdaForm$Holder source: shared objects file
[0.018s][info][class,load] java.lang.invoke.InvokerBytecodeGenerator source: shared objects file
[0.018s][info][class,load] java.lang.classfile.AnnotationElement source: shared objects file
[0.018s][info][class,load] java.lang.classfile.Annotation source: shared objects file
[0.018s][info][class,load] java.lang.classfile.constantpool.ConstantPool source: shared objects file
[0.018s][info][class,load] java.lang.classfile.constantpool.ConstantPoolBuilder source: shared objects file
[0.018s][info][class,load] jdk.internal.classfile.impl.TemporaryConstantPool source: shared objects file
[0.018s][info][class,load] jdk.internal.classfile.impl.AbstractPoolEntry source: shared objects file
[0.018s][info][class,load] java.lang.classfile.constantpool.PoolEntry source: shared objects file
[0.018s][info][class,load] java.lang.classfile.constantpool.AnnotationConstantValueEntry source: shared objects file
[0.018s][info][class,load] java.lang.classfile.constantpool.Utf8Entry source: shared objects file
[0.018s][info][class,load] jdk.internal.classfile.impl.AbstractPoolEntry$Utf8EntryImpl source: shared objects file
[0.018s][info][class,load] jdk.internal.classfile.impl.AbstractPoolEntry$Utf8EntryImpl$State source: shared objects file
[0.018s][info][class,load] jdk.internal.classfile.impl.AnnotationImpl source: shared objects file
[0.018s][info][class,load] java.lang.classfile.ClassFileElement source: shared objects file
[0.018s][info][class,load] java.lang.classfile.Attribute source: shared objects file
[0.018s][info][class,load] java.lang.classfile.ClassElement source: shared objects file
[0.018s][info][class,load] java.lang.classfile.MethodElement source: shared objects file
[0.018s][info][class,load] java.lang.classfile.FieldElement source: shared objects file
[0.018s][info][class,load] java.lang.classfile.attribute.RuntimeVisibleAnnotationsAttribute source: shared objects file
[0.018s][info][class,load] jdk.internal.classfile.impl.AbstractElement source: shared objects file
[0.018s][info][class,load] jdk.internal.classfile.impl.Util$Writable source: shared objects file
[0.018s][info][class,load] jdk.internal.classfile.impl.UnboundAttribute source: shared objects file
[0.018s][info][class,load] jdk.internal.classfile.impl.UnboundAttribute$UnboundRuntimeVisibleAnnotationsAttribute source: shared objects file
[0.018s][info][class,load] java.lang.classfile.Attributes source: shared objects file
[0.018s][info][class,load] java.lang.classfile.AttributeMapper source: shared objects file
[0.018s][info][class,load] jdk.internal.classfile.impl.AbstractAttributeMapper source: shared objects file
[0.018s][info][class,load] jdk.internal.classfile.impl.AbstractAttributeMapper$RuntimeVisibleAnnotationsMapper source: shared objects file
[0.018s][info][class,load] java.lang.classfile.AttributeMapper$AttributeStability source: shared objects file
[0.018s][info][class,load] java.lang.invoke.InvokerBytecodeGenerator$8 source: shared objects file
[0.018s][info][class,load] java.lang.invoke.MethodHandleImpl$Intrinsic source: shared objects file
[0.018s][info][class,load] java.util.function.Predicate source: shared objects file
[0.018s][info][class,load] org.springframework.boot.loader.launch.Archive$Entry source: file:/Users/kibong_home/Desktop/development/blog/build/libs/blog-0.0.1-SNAPSHOT.jar
[0.018s][info][class,load] java.lang.IncompatibleClassChangeError source: shared objects file
[0.018s][info][class,load] java.lang.NoSuchMethodError source: shared objects file
[0.018s][info][class,load] jdk.internal.classfile.impl.SplitConstantPool source: shared objects file
[0.018s][info][class,load] java.lang.classfile.BootstrapMethodEntry source: shared objects file
[0.018s][info][class,load] jdk.internal.classfile.impl.BootstrapMethodEntryImpl source: shared objects file
[0.018s][info][class,load] jdk.internal.classfile.impl.EntryMap source: shared objects file
[0.018s][info][class,load] jdk.internal.classfile.impl.Util source: shared objects file
[0.018s][info][class,load] jdk.internal.classfile.impl.AbstractPoolEntry$AbstractRefEntry source: shared objects file
[0.018s][info][class,load] jdk.internal.classfile.impl.AbstractPoolEntry$AbstractNamedEntry source: shared objects file
[0.018s][info][class,load] java.lang.classfile.constantpool.LoadableConstantEntry source: shared objects file
[0.018s][info][class,load] java.lang.classfile.constantpool.ClassEntry source: shared objects file
[0.019s][info][class,load] jdk.internal.classfile.impl.AbstractPoolEntry$ClassEntryImpl source: shared objects file
[0.019s][info][class,load] java.util.function.Consumer source: shared objects file
[0.019s][info][class,load] java.lang.invoke.InvokerBytecodeGenerator$3 source: shared objects file
[0.019s][info][class,load] java.lang.classfile.ClassFile source: shared objects file
[0.019s][info][class,load] jdk.internal.classfile.impl.ClassFileImpl source: shared objects file
[0.019s][info][class,load] java.lang.invoke.InvokerBytecodeGenerator$1 source: shared objects file
[0.019s][info][class,load] jdk.internal.classfile.impl.AbstractDirectBuilder source: shared objects file
[0.019s][info][class,load] java.lang.classfile.ClassFileBuilder source: shared objects file
[0.019s][info][class,load] java.lang.classfile.ClassBuilder source: shared objects file
[0.019s][info][class,load] jdk.internal.classfile.impl.DirectClassBuilder source: shared objects file
[0.019s][info][class,load] jdk.internal.classfile.impl.AttributeHolder source: shared objects file
[0.019s][info][class,load] java.lang.classfile.Superclass source: shared objects file
[0.019s][info][class,load] jdk.internal.classfile.impl.SuperclassImpl source: shared objects file
[0.019s][info][class,load] java.lang.classfile.attribute.SourceFileAttribute source: shared objects file
[0.019s][info][class,load] jdk.internal.classfile.impl.UnboundAttribute$UnboundSourceFileAttribute source: shared objects file
[0.019s][info][class,load] jdk.internal.classfile.impl.AbstractAttributeMapper$SourceFileMapper source: shared objects file
[0.019s][info][class,load] jdk.internal.classfile.impl.BoundAttribute source: shared objects file
[0.019s][info][class,load] java.lang.invoke.InvokerBytecodeGenerator$4 source: shared objects file
[0.019s][info][class,load] java.lang.classfile.MethodBuilder source: shared objects file
[0.019s][info][class,load] jdk.internal.classfile.impl.MethodInfo source: shared objects file
[0.019s][info][class,load] jdk.internal.classfile.impl.TerminalMethodBuilder source: shared objects file
[0.019s][info][class,load] jdk.internal.classfile.impl.DirectMethodBuilder source: shared objects file
[0.019s][info][class,load] jdk.internal.classfile.impl.AbstractPoolEntry$AbstractRefsEntry source: shared objects file
[0.019s][info][class,load] java.lang.classfile.constantpool.NameAndTypeEntry source: shared objects file
[0.019s][info][class,load] jdk.internal.classfile.impl.AbstractPoolEntry$NameAndTypeEntryImpl source: shared objects file
[0.019s][info][class,load] java.lang.classfile.constantpool.MemberRefEntry source: shared objects file
[0.019s][info][class,load] jdk.internal.classfile.impl.AbstractPoolEntry$AbstractMemberRefEntry source: shared objects file
[0.019s][info][class,load] java.lang.classfile.constantpool.FieldRefEntry source: shared objects file
[0.019s][info][class,load] jdk.internal.classfile.impl.AbstractPoolEntry$FieldRefEntryImpl source: shared objects file
[0.019s][info][class,load] java.lang.invoke.InvokerBytecodeGenerator$ClassData source: shared objects file
[0.019s][info][class,load] java.lang.invoke.InvokerBytecodeGenerator$4$1 source: shared objects file
[0.019s][info][class,load] java.lang.classfile.CodeBuilder source: shared objects file
[0.019s][info][class,load] jdk.internal.classfile.impl.LabelContext source: shared objects file
[0.019s][info][class,load] jdk.internal.classfile.impl.TerminalCodeBuilder source: shared objects file
[0.019s][info][class,load] jdk.internal.classfile.impl.DirectCodeBuilder source: shared objects file
[0.019s][info][class,load] java.lang.classfile.CodeElement source: shared objects file
[0.019s][info][class,load] java.lang.classfile.PseudoInstruction source: shared objects file
[0.019s][info][class,load] java.lang.classfile.instruction.CharacterRange source: shared objects file
[0.019s][info][class,load] java.lang.classfile.instruction.LocalVariable source: shared objects file
[0.019s][info][class,load] java.lang.classfile.instruction.LocalVariableType source: shared objects file
[0.019s][info][class,load] jdk.internal.classfile.impl.DirectCodeBuilder$DeferredLabel source: shared objects file
[0.019s][info][class,load] java.lang.classfile.BufWriter source: shared objects file
[0.019s][info][class,load] jdk.internal.classfile.impl.BufWriterImpl source: shared objects file
[0.019s][info][class,load] java.lang.classfile.Label source: shared objects file
[0.019s][info][class,load] java.lang.classfile.instruction.LabelTarget source: shared objects file
[0.019s][info][class,load] jdk.internal.classfile.impl.LabelImpl source: shared objects file
[0.019s][info][class,load] jdk.internal.classfile.impl.DirectCodeBuilder$8 source: shared objects file
[0.019s][info][class,load] sun.invoke.util.VerifyType source: shared objects file
[0.019s][info][class,load] java.lang.classfile.Opcode source: shared objects file
[0.019s][info][class,load] java.lang.classfile.Opcode$Kind source: shared objects file
[0.019s][info][class,load] java.lang.classfile.constantpool.MethodRefEntry source: shared objects file
[0.019s][info][class,load] jdk.internal.classfile.impl.AbstractPoolEntry$MethodRefEntryImpl source: shared objects file
[0.019s][info][class,load] sun.invoke.empty.Empty source: shared objects file
[0.019s][info][class,load] jdk.internal.classfile.impl.BytecodeHelpers source: shared objects file
[0.019s][info][class,load] jdk.internal.classfile.impl.UnboundAttribute$AdHocAttribute source: shared objects file
[0.019s][info][class,load] jdk.internal.classfile.impl.DirectCodeBuilder$4 source: shared objects file
[0.019s][info][class,load] jdk.internal.classfile.impl.AbstractAttributeMapper$CodeMapper source: shared objects file
[0.019s][info][class,load] java.lang.invoke.InvokerBytecodeGenerator$2 source: shared objects file
[0.019s][info][class,load] jdk.internal.classfile.impl.Util$1WithCodeMethodHandler source: shared objects file
[0.019s][info][class,load] java.lang.classfile.FieldBuilder source: shared objects file
[0.019s][info][class,load] jdk.internal.classfile.impl.TerminalFieldBuilder source: shared objects file
[0.019s][info][class,load] jdk.internal.classfile.impl.DirectFieldBuilder source: shared objects file
[0.019s][info][class,load] java.lang.classfile.CustomAttribute source: shared objects file
[0.019s][info][class,load] jdk.internal.classfile.impl.AnnotationReader source: shared objects file
[0.019s][info][class,load] java.util.ListIterator source: shared objects file
[0.019s][info][class,load] java.util.ImmutableCollections$ListItr source: shared objects file
[0.019s][info][class,load] jdk.internal.classfile.impl.StackMapGenerator source: shared objects file
[0.019s][info][class,load] jdk.internal.classfile.impl.StackMapGenerator$Frame source: shared objects file
[0.019s][info][class,load] jdk.internal.classfile.impl.StackMapGenerator$Type source: shared objects file
[0.019s][info][class,load] jdk.internal.classfile.impl.RawBytecodeHelper source: shared objects file
[0.019s][info][class,load] jdk.internal.classfile.impl.RawBytecodeHelper$1 source: shared objects file
[0.019s][info][class,load] jdk.internal.classfile.impl.RawBytecodeHelper$CodeRange source: shared objects file
[0.019s][info][class,load] jdk.internal.classfile.impl.ClassHierarchyImpl source: shared objects file
[0.019s][info][class,load] java.lang.classfile.ClassHierarchyResolver source: shared objects file
[0.019s][info][class,load] jdk.internal.classfile.impl.ClassHierarchyImpl$ClassLoadingClassHierarchyResolver source: shared objects file
[0.019s][info][class,load] jdk.internal.classfile.impl.ClassHierarchyImpl$ClassLoadingClassHierarchyResolver$1 source: shared objects file
[0.019s][info][class,load] jdk.internal.classfile.impl.ClassHierarchyImpl$CachedClassHierarchyResolver source: shared objects file
[0.019s][info][class,load] java.lang.classfile.ClassHierarchyResolver$1Factory source: shared objects file
[0.019s][info][class,load] java.lang.classfile.ClassHierarchyResolver$ClassHierarchyInfo source: shared objects file
[0.019s][info][class,load] jdk.internal.classfile.impl.ClassHierarchyImpl$ClassHierarchyInfoImpl source: shared objects file
[0.019s][info][class,load] jdk.internal.classfile.impl.ClassHierarchyImpl$CachedClassHierarchyResolver$1 source: shared objects file
[0.019s][info][class,load] java.lang.classfile.ClassReader source: shared objects file
[0.019s][info][class,load] jdk.internal.classfile.impl.ClassReaderImpl source: shared objects file
[0.019s][info][class,load] jdk.internal.util.ModifiedUtf source: shared objects file
[0.019s][info][class,load] java.lang.invoke.MethodHandles$Lookup$ClassDefiner source: shared objects file
[0.019s][info][class,load] java.lang.invoke.LambdaForm$DMH/0x00000f0001041800 source: __JVM_LookupDefineClass__
[0.019s][info][class,load] java.lang.invoke.BootstrapMethodInvoker source: shared objects file
[0.019s][info][class,load] java.lang.invoke.AbstractValidatingLambdaMetafactory source: shared objects file
[0.019s][info][class,load] java.lang.invoke.InnerClassLambdaMetafactory source: shared objects file
[0.019s][info][class,load] java.lang.invoke.MethodHandleInfo source: shared objects file
[0.020s][info][class,load] java.lang.invoke.InfoFromMemberName source: shared objects file
[0.020s][info][class,load] java.lang.invoke.LambdaProxyClassArchive source: shared objects file
[0.020s][info][class,load] java.lang.invoke.InnerClassLambdaMetafactory$1 source: shared objects file
[0.020s][info][class,load] java.util.ImmutableCollections$Access source: shared objects file
[0.020s][info][class,load] jdk.internal.access.JavaUtilCollectionAccess source: shared objects file
[0.020s][info][class,load] java.util.ImmutableCollections$Access$1 source: shared objects file
[0.020s][info][class,load] java.lang.classfile.Interfaces source: shared objects file
[0.020s][info][class,load] jdk.internal.classfile.impl.InterfacesImpl source: shared objects file
[0.020s][info][class,load] java.lang.invoke.InnerClassLambdaMetafactory$3 source: shared objects file
[0.020s][info][class,load] java.lang.invoke.InnerClassLambdaMetafactory$6 source: shared objects file
[0.020s][info][class,load] java.lang.invoke.TypeConvertingMethodAdapter source: shared objects file
[0.020s][info][class,load] java.lang.classfile.constantpool.InterfaceMethodRefEntry source: shared objects file
[0.020s][info][class,load] jdk.internal.classfile.impl.AbstractPoolEntry$InterfaceMethodRefEntryImpl source: shared objects file
[0.020s][info][class,load] org.springframework.boot.loader.launch.Archive$$Lambda/0x00000f0001041c00 source: org.springframework.boot.loader.launch.Archive
[0.020s][info][class,load] java.lang.invoke.DirectMethodHandle$Constructor source: shared objects file
[0.020s][info][class,load] jdk.internal.access.JavaLangInvokeAccess source: shared objects file
[0.020s][info][class,load] java.lang.invoke.MethodHandleImpl$1 source: shared objects file
[0.020s][info][class,load] java.lang.invoke.BoundMethodHandle source: shared objects file
[0.020s][info][class,load] java.lang.invoke.ClassSpecializer source: shared objects file
[0.020s][info][class,load] java.lang.invoke.BoundMethodHandle$Specializer source: shared objects file
[0.020s][info][class,load] jdk.internal.vm.annotation.Stable source: shared objects file
[0.020s][info][class,load] java.lang.invoke.ClassSpecializer$1 source: shared objects file
[0.020s][info][class,load] java.lang.invoke.ClassSpecializer$SpeciesData source: shared objects file
[0.020s][info][class,load] java.lang.invoke.BoundMethodHandle$SpeciesData source: shared objects file
[0.020s][info][class,load] java.lang.invoke.ClassSpecializer$Factory source: shared objects file
[0.020s][info][class,load] java.lang.invoke.BoundMethodHandle$Specializer$Factory source: shared objects file
[0.020s][info][class,load] java.lang.invoke.SimpleMethodHandle source: shared objects file
[0.020s][info][class,load] java.lang.NoSuchFieldException source: shared objects file
[0.020s][info][class,load] java.lang.invoke.BoundMethodHandle$Species_L source: shared objects file
[0.020s][info][class,load] java.lang.invoke.DirectMethodHandle$2 source: shared objects file
[0.020s][info][class,load] java.lang.invoke.DirectMethodHandle$Accessor source: shared objects file
[0.020s][info][class,load] java.lang.invoke.VarHandle$AccessMode source: shared objects file
[0.020s][info][class,load] java.lang.invoke.VarHandle$AccessType source: shared objects file
[0.020s][info][class,load] java.lang.invoke.Invokers$Holder source: shared objects file
[0.020s][info][class,load] java.net.URI$Parser source: shared objects file
[0.020s][info][class,load] java.nio.file.FileSystems source: shared objects file
[0.020s][info][class,load] java.nio.file.FileSystems$DefaultFileSystemHolder source: shared objects file
[0.021s][info][class,load] sun.nio.fs.UnixUriUtils source: shared objects file
[0.021s][info][class,load] org.springframework.boot.loader.launch.JarFileArchive source: file:/Users/kibong_home/Desktop/development/blog/build/libs/blog-0.0.1-SNAPSHOT.jar
[0.021s][info][class,load] java.nio.file.attribute.FileAttribute source: shared objects file
[0.021s][info][class,load] java.nio.file.attribute.PosixFilePermission source: jrt:/java.base
[0.021s][info][class,load] java.nio.file.attribute.PosixFilePermissions source: jrt:/java.base
[0.021s][info][class,load] java.util.ImmutableCollections$SetN$SetNIterator source: shared objects file
[0.021s][info][class,load] java.util.HashMap$KeySet source: shared objects file
[0.021s][info][class,load] java.util.HashMap$KeyIterator source: shared objects file
[0.021s][info][class,load] java.nio.file.attribute.PosixFilePermissions$1 source: jrt:/java.base
[0.021s][info][class,load] java.util.ImmutableCollections$Set12$1 source: shared objects file
[0.021s][info][class,load] java.nio.file.Paths source: shared objects file
[0.021s][info][class,load] org.springframework.boot.loader.net.protocol.Handlers source: file:/Users/kibong_home/Desktop/development/blog/build/libs/blog-0.0.1-SNAPSHOT.jar
[0.021s][info][class,load] java.lang.invoke.LambdaForm$DMH/0x00000f0001044000 source: __JVM_LookupDefineClass__
[0.022s][info][class,load] org.springframework.boot.loader.launch.ExecutableArchiveLauncher$$Lambda/0x00000f00010424b0 source: org.springframework.boot.loader.launch.ExecutableArchiveLauncher
[0.022s][info][class,load] org.springframework.boot.loader.launch.ExecutableArchiveLauncher$$Lambda/0x00000f0001042710 source: org.springframework.boot.loader.launch.ExecutableArchiveLauncher
[0.022s][info][class,load] java.util.Spliterator source: shared objects file
[0.022s][info][class,load] java.util.Spliterators$AbstractSpliterator source: shared objects file
[0.022s][info][class,load] java.util.zip.ZipFile$EntrySpliterator source: shared objects file
[0.022s][info][class,load] java.util.function.IntFunction source: shared objects file
[0.022s][info][class,load] java.util.zip.ZipFile$$Lambda/0x80000004a source: shared objects file
[0.022s][info][class,load] java.util.stream.StreamSupport source: shared objects file
[0.022s][info][class,load] java.util.stream.PipelineHelper source: shared objects file
[0.022s][info][class,load] java.util.stream.BaseStream source: shared objects file
[0.022s][info][class,load] java.util.stream.AbstractPipeline source: shared objects file
[0.022s][info][class,load] java.util.stream.Stream source: shared objects file
[0.022s][info][class,load] java.util.stream.ReferencePipeline source: shared objects file
[0.022s][info][class,load] java.util.stream.ReferencePipeline$Head source: shared objects file
[0.022s][info][class,load] java.util.stream.StreamOpFlag source: shared objects file
[0.022s][info][class,load] java.util.stream.StreamOpFlag$Type source: shared objects file
[0.022s][info][class,load] java.util.stream.StreamOpFlag$MaskBuilder source: shared objects file
[0.022s][info][class,load] java.util.EnumMap source: shared objects file
[0.022s][info][class,load] java.util.EnumMap$1 source: shared objects file
[0.022s][info][class,load] sun.reflect.annotation.AnnotationParser source: shared objects file
[0.022s][info][class,load] jdk.internal.reflect.MethodHandleAccessorFactory source: shared objects file
[0.022s][info][class,load] jdk.internal.reflect.MethodHandleAccessorFactory$LazyStaticHolder source: shared objects file
[0.022s][info][class,load] java.lang.invoke.DelegatingMethodHandle source: shared objects file
[0.022s][info][class,load] java.lang.invoke.DelegatingMethodHandle$Holder source: shared objects file
[0.022s][info][class,load] java.lang.invoke.LambdaFormEditor source: shared objects file
[0.022s][info][class,load] java.lang.invoke.LambdaFormEditor$TransformKey source: shared objects file
[0.022s][info][class,load] java.lang.invoke.LambdaFormBuffer source: shared objects file
[0.022s][info][class,load] java.lang.invoke.LambdaFormEditor$Transform source: shared objects file
[0.023s][info][class,load] java.lang.invoke.LambdaForm$MH/0x00000f0001044400 source: __JVM_LookupDefineClass__
[0.023s][info][class,load] jdk.internal.reflect.DirectMethodHandleAccessor source: shared objects file
[0.023s][info][class,load] org.springframework.boot.loader.launch.JarFileArchive$JarArchiveEntry source: file:/Users/kibong_home/Desktop/development/blog/build/libs/blog-0.0.1-SNAPSHOT.jar
[0.023s][info][class,load] org.springframework.boot.loader.launch.JarFileArchive$$Lambda/0x00000f0001042ba8 source: org.springframework.boot.loader.launch.JarFileArchive
[0.023s][info][class,load] java.util.stream.ReferencePipeline$StatelessOp source: shared objects file
[0.023s][info][class,load] java.util.stream.ReferencePipeline$3 source: shared objects file
[0.023s][info][class,load] java.util.stream.StreamShape source: shared objects file
[0.023s][info][class,load] java.util.stream.ReferencePipeline$2 source: shared objects file
[0.023s][info][class,load] org.springframework.boot.loader.launch.JarFileArchive$$Lambda/0x00000f0001042df0 source: org.springframework.boot.loader.launch.JarFileArchive
[0.023s][info][class,load] java.util.SequencedSet source: shared objects file
[0.023s][info][class,load] java.util.LinkedHashSet source: shared objects file
[0.024s][info][class,load] org.springframework.boot.loader.launch.JarFileArchive$$Lambda/0x00000f0001043040 source: org.springframework.boot.loader.launch.JarFileArchive
[0.024s][info][class,load] java.util.stream.Collectors source: shared objects file
[0.024s][info][class,load] java.util.stream.Collector$Characteristics source: shared objects file
[0.024s][info][class,load] java.util.EnumSet source: shared objects file
[0.024s][info][class,load] java.util.RegularEnumSet source: shared objects file
[0.024s][info][class,load] java.util.Collections$UnmodifiableCollection source: shared objects file
[0.024s][info][class,load] java.util.Collections$UnmodifiableSet source: shared objects file
[0.024s][info][class,load] java.util.stream.Collector source: shared objects file
[0.024s][info][class,load] java.util.stream.Collectors$CollectorImpl source: shared objects file
[0.024s][info][class,load] java.util.function.BiConsumer source: shared objects file
[0.024s][info][class,load] java.lang.invoke.DirectMethodHandle$Interface source: shared objects file
[0.024s][info][class,load] java.util.stream.Collectors$$Lambda/0x00000f0001001cd8 source: java.util.stream.Collectors
[0.024s][info][class,load] java.util.function.BinaryOperator source: shared objects file
[0.024s][info][class,load] java.util.stream.Collectors$$Lambda/0x00000f0001001f10 source: java.util.stream.Collectors
[0.024s][info][class,load] java.util.stream.Collectors$$Lambda/0x800000042 source: shared objects file
[0.024s][info][class,load] java.util.stream.ReduceOps source: shared objects file
[0.024s][info][class,load] java.util.stream.TerminalOp source: shared objects file
[0.024s][info][class,load] java.util.stream.ReduceOps$ReduceOp source: shared objects file
[0.024s][info][class,load] java.util.stream.ReduceOps$3 source: shared objects file
[0.025s][info][class,load] java.util.stream.ReduceOps$Box source: shared objects file
[0.025s][info][class,load] java.util.stream.Sink source: shared objects file
[0.025s][info][class,load] java.util.stream.TerminalSink source: shared objects file
[0.025s][info][class,load] java.util.stream.ReduceOps$AccumulatingSink source: shared objects file
[0.025s][info][class,load] java.util.stream.ReduceOps$3ReducingSink source: shared objects file
[0.025s][info][class,load] java.util.stream.Sink$ChainedReference source: shared objects file
[0.025s][info][class,load] java.util.stream.ReferencePipeline$3$1 source: shared objects file
[0.025s][info][class,load] java.util.stream.ReferencePipeline$2$1 source: shared objects file
[0.025s][info][class,load] org.springframework.boot.loader.net.protocol.jar.JarUrl source: file:/Users/kibong_home/Desktop/development/blog/build/libs/blog-0.0.1-SNAPSHOT.jar
[0.025s][info][class,load] java.net.MalformedURLException source: jrt:/java.base
[0.025s][info][class,load] org.springframework.boot.loader.net.protocol.jar.Handler source: file:/Users/kibong_home/Desktop/development/blog/build/libs/blog-0.0.1-SNAPSHOT.jar
[0.025s][info][class,load] java.lang.invoke.StringConcatFactory source: shared objects file
[0.025s][info][class,load] java.lang.invoke.MethodHandleImpl$AsVarargsCollector source: shared objects file
[0.025s][info][class,load] java.lang.invoke.StringConcatFactory$InlineHiddenClassStrategy source: shared objects file
[0.025s][info][class,load] java.lang.invoke.StringConcatFactory$InlineHiddenClassStrategy$1 source: shared objects file
[0.025s][info][class,load] java.lang.invoke.StringConcatFactory$InlineHiddenClassStrategy$2 source: shared objects file
[0.025s][info][class,load] java.lang.invoke.StringConcatFactory$InlineHiddenClassStrategy$3 source: shared objects file
[0.025s][info][class,load] java.lang.invoke.StringConcatFactory$InlineHiddenClassStrategy$3$3 source: shared objects file
[0.025s][info][class,load] java.lang.invoke.StringConcatFactory$InlineHiddenClassStrategy$5 source: shared objects file
[0.025s][info][class,load] java.lang.invoke.StringConcatFactory$InlineHiddenClassStrategy$3$2 source: shared objects file
[0.025s][info][class,load] java.lang.invoke.StringConcatFactory$InlineHiddenClassStrategy$7 source: shared objects file
[0.025s][info][class,load] jdk.internal.classfile.impl.BytecodeHelpers$1 source: shared objects file
[0.026s][info][class,load] java.lang.invoke.StringConcatFactory$InlineHiddenClassStrategy$3$1 source: shared objects file
[0.026s][info][class,load] java.lang.invoke.StringConcatFactory$InlineHiddenClassStrategy$4 source: shared objects file
[0.026s][info][class,load] java.lang.invoke.StringConcatFactory$InlineHiddenClassStrategy$3$4 source: shared objects file
[0.026s][info][class,load] java.lang.invoke.StringConcatFactory$InlineHiddenClassStrategy$6 source: shared objects file
[0.026s][info][class,load] java.lang.StringConcatHelper$StringConcatBase source: shared objects file
[0.026s][info][class,load] java.lang.String$$StringConcat/0x00000f0001044800 source: __JVM_LookupDefineClass__
[0.026s][info][class,load] java.lang.invoke.StringConcatFactory$InlineHiddenClassStrategy$MethodHandlePair source: shared objects file
[0.026s][info][class,load] jdk.internal.util.SoftReferenceKey source: shared objects file
[0.026s][info][class,load] java.lang.invoke.BoundMethodHandle$Species_LL source: shared objects file
[0.026s][info][class,load] java.lang.invoke.LambdaForm$MH/0x00000f0001044c00 source: __JVM_LookupDefineClass__
[0.026s][info][class,load] java.net.URLConnection source: jrt:/java.base
[0.027s][info][class,load] java.net.JarURLConnection source: jrt:/java.base
[0.027s][info][class,load] org.springframework.boot.loader.net.protocol.jar.JarUrlConnection source: file:/Users/kibong_home/Desktop/development/blog/build/libs/blog-0.0.1-SNAPSHOT.jar
[0.027s][info][class,load] org.springframework.boot.loader.net.protocol.nested.Handler source: file:/Users/kibong_home/Desktop/development/blog/build/libs/blog-0.0.1-SNAPSHOT.jar
[0.027s][info][class,load] org.springframework.boot.loader.net.protocol.nested.NestedUrlConnection source: file:/Users/kibong_home/Desktop/development/blog/build/libs/blog-0.0.1-SNAPSHOT.jar
[0.027s][info][class,load] org.springframework.boot.loader.net.protocol.nested.NestedLocation source: file:/Users/kibong_home/Desktop/development/blog/build/libs/blog-0.0.1-SNAPSHOT.jar
[0.027s][info][class,load] org.springframework.boot.loader.net.protocol.nested.NestedLocation$$Lambda/0x00000f0001046578 source: org.springframework.boot.loader.net.protocol.nested.NestedLocation
[0.027s][info][class,load] org.springframework.boot.loader.net.protocol.nested.NestedLocation$$Lambda/0x00000f00010467c8 source: org.springframework.boot.loader.net.protocol.nested.NestedLocation
[0.028s][info][class,load] java.net.URL$ThreadTrackHolder source: jrt:/java.base
[0.028s][info][class,load] jdk.internal.misc.ThreadTracker source: jrt:/java.base
[0.028s][info][class,load] jdk.internal.misc.ThreadTracker$ThreadRef source: jrt:/java.base
[0.028s][info][class,load] java.net.spi.URLStreamHandlerProvider source: jrt:/java.base
[0.028s][info][class,load] java.util.ServiceLoader source: shared objects file
[0.028s][info][class,load] java.util.ServiceLoader$ModuleServicesLookupIterator source: shared objects file
[0.028s][info][class,load] jdk.internal.loader.AbstractClassLoaderValue$Memoizer source: shared objects file
[0.028s][info][class,load] java.util.Spliterators source: shared objects file
[0.028s][info][class,load] java.util.Spliterators$ArraySpliterator source: shared objects file
[0.028s][info][class,load] java.util.Spliterators$1Adapter source: shared objects file
[0.028s][info][class,load] java.util.HashMap$Values source: shared objects file
[0.028s][info][class,load] java.util.HashMap$ValueIterator source: shared objects file
[0.028s][info][class,load] java.util.Arrays$ArrayList source: shared objects file
[0.028s][info][class,load] java.util.ArrayList$Itr source: shared objects file
[0.028s][info][class,load] java.util.ServiceLoader$LazyClassPathLookupIterator source: shared objects file
[0.028s][info][class,load] java.util.ServiceLoader$1 source: shared objects file
[0.028s][info][class,load] java.util.ServiceLoader$2 source: shared objects file
[0.028s][info][class,load] jdk.internal.module.Resources source: shared objects file
[0.028s][info][class,load] jdk.internal.loader.BuiltinClassLoader$2 source: shared objects file
[0.028s][info][class,load] java.lang.module.ModuleReader source: shared objects file
[0.028s][info][class,load] jdk.internal.module.SystemModuleFinders$SystemModuleReader source: shared objects file
[0.028s][info][class,load] jdk.internal.module.SystemModuleFinders$SystemImage source: shared objects file
[0.028s][info][class,load] jdk.internal.jimage.ImageReaderFactory source: shared objects file
[0.028s][info][class,load] jdk.internal.jimage.ImageReaderFactory$1 source: shared objects file
[0.028s][info][class,load] jdk.internal.jimage.ImageReader source: shared objects file
[0.028s][info][class,load] jdk.internal.jimage.BasicImageReader source: shared objects file
[0.028s][info][class,load] jdk.internal.jimage.ImageReader$SharedImageReader source: shared objects file
[0.028s][info][class,load] java.security.PrivilegedAction source: shared objects file
[0.028s][info][class,load] jdk.internal.jimage.BasicImageReader$1 source: shared objects file
[0.028s][info][class,load] java.security.AccessController source: shared objects file
[0.028s][info][class,load] java.security.AccessControlContext source: shared objects file
[0.028s][info][class,load] jdk.internal.jimage.NativeImageBuffer source: shared objects file
[0.028s][info][class,load] jdk.internal.jimage.NativeImageBuffer$1 source: shared objects file
[0.028s][info][class,load] jdk.internal.reflect.Reflection$1Holder source: shared objects file
[0.028s][info][class,load] jdk.internal.jimage.ImageHeader source: shared objects file
[0.028s][info][class,load] java.nio.IntBuffer source: shared objects file
[0.028s][info][class,load] java.nio.DirectIntBufferU source: shared objects file
[0.028s][info][class,load] java.nio.DirectByteBufferR source: shared objects file
[0.028s][info][class,load] java.nio.DirectIntBufferRU source: shared objects file
[0.028s][info][class,load] jdk.internal.jimage.ImageStrings source: shared objects file
[0.028s][info][class,load] jdk.internal.jimage.ImageStringsReader source: shared objects file
[0.028s][info][class,load] jdk.internal.jimage.decompressor.Decompressor source: shared objects file
[0.029s][info][class,load] jdk.internal.jimage.ImageLocation source: shared objects file
[0.029s][info][class,load] java.util.Collections$EmptyEnumeration source: shared objects file
[0.029s][info][class,load] jdk.internal.loader.BuiltinClassLoader$1 source: shared objects file
[0.029s][info][class,load] java.lang.CompoundEnumeration source: shared objects file
[0.029s][info][class,load] jdk.internal.loader.URLClassPath$1 source: shared objects file
[0.029s][info][class,load] jdk.internal.reflect.DirectConstructorHandleAccessor source: shared objects file
[0.030s][info][class,load] java.lang.AssertionError source: jrt:/java.base
[0.031s][info][class,load] org.springframework.boot.loader.net.protocol.jar.JarUrlClassLoader$$Lambda/0x00000f0001046a18 source: org.springframework.boot.loader.net.protocol.jar.JarUrlClassLoader
[0.031s][info][class,load] java.util.stream.MatchOps$MatchKind source: shared objects file
[0.031s][info][class,load] java.util.stream.MatchOps source: shared objects file
[0.031s][info][class,load] java.util.stream.MatchOps$MatchOp source: shared objects file
[0.031s][info][class,load] java.util.stream.MatchOps$BooleanTerminalSink source: shared objects file
[0.031s][info][class,load] java.util.stream.MatchOps$$Lambda/0x800000004 source: shared objects file
[0.031s][info][class,load] java.util.stream.MatchOps$1MatchSink source: shared objects file
[0.031s][info][class,load] org.springframework.boot.loader.net.protocol.jar.Optimizations source: file:/Users/kibong_home/Desktop/development/blog/build/libs/blog-0.0.1-SNAPSHOT.jar
[0.031s][info][class,load] java.lang.invoke.LambdaForm$MH/0x00000f0001045000 source: __JVM_LookupDefineClass__
[0.031s][info][class,load] java.io.FileNotFoundException source: jrt:/java.base
[0.032s][info][class,load] org.springframework.boot.loader.net.protocol.jar.JarUrlConnection$EmptyUrlStreamHandler source: file:/Users/kibong_home/Desktop/development/blog/build/libs/blog-0.0.1-SNAPSHOT.jar
[0.032s][info][class,load] org.springframework.boot.loader.net.protocol.jar.LazyDelegatingInputStream source: file:/Users/kibong_home/Desktop/development/blog/build/libs/blog-0.0.1-SNAPSHOT.jar
[0.032s][info][class,load] org.springframework.boot.loader.net.protocol.jar.JarUrlConnection$ConnectionInputStream source: file:/Users/kibong_home/Desktop/development/blog/build/libs/blog-0.0.1-SNAPSHOT.jar
[0.032s][info][class,load] org.springframework.boot.loader.net.protocol.jar.UrlJarFiles source: file:/Users/kibong_home/Desktop/development/blog/build/libs/blog-0.0.1-SNAPSHOT.jar
[0.032s][info][class,load] org.springframework.boot.loader.net.protocol.jar.UrlJarFileFactory source: file:/Users/kibong_home/Desktop/development/blog/build/libs/blog-0.0.1-SNAPSHOT.jar
[0.032s][info][class,load] org.springframework.boot.loader.net.protocol.jar.UrlJarFile source: file:/Users/kibong_home/Desktop/development/blog/build/libs/blog-0.0.1-SNAPSHOT.jar
[0.032s][info][class,load] org.springframework.boot.loader.jar.NestedJarFile source: file:/Users/kibong_home/Desktop/development/blog/build/libs/blog-0.0.1-SNAPSHOT.jar
[0.032s][info][class,load] org.springframework.boot.loader.net.protocol.jar.UrlNestedJarFile source: file:/Users/kibong_home/Desktop/development/blog/build/libs/blog-0.0.1-SNAPSHOT.jar
[0.033s][info][class,load] org.springframework.boot.loader.net.protocol.jar.UrlJarFiles$Cache source: file:/Users/kibong_home/Desktop/development/blog/build/libs/blog-0.0.1-SNAPSHOT.jar
[0.033s][info][class,load] java.lang.invoke.LambdaForm$DMH/0x00000f0001045400 source: __JVM_LookupDefineClass__
[0.033s][info][class,load] org.springframework.boot.loader.net.protocol.jar.JarUrlConnection$$Lambda/0x00000f0001048000 source: org.springframework.boot.loader.net.protocol.jar.JarUrlConnection
[0.033s][info][class,load] java.time.temporal.TemporalAccessor source: shared objects file
[0.033s][info][class,load] java.security.Guard source: jrt:/java.base
[0.033s][info][class,load] java.security.Permission source: jrt:/java.base
[0.033s][info][class,load] java.io.FilePermission source: jrt:/java.base
[0.033s][info][class,load] org.springframework.boot.loader.net.protocol.nested.NestedUrlConnection$ConnectionInputStream source: file:/Users/kibong_home/Desktop/development/blog/build/libs/blog-0.0.1-SNAPSHOT.jar
[0.033s][info][class,load] java.time.format.DateTimeFormatter source: shared objects file
[0.033s][info][class,load] java.time.format.DateTimeFormatterBuilder source: shared objects file
[0.033s][info][class,load] java.time.temporal.TemporalQuery source: shared objects file
[0.033s][info][class,load] java.time.ZoneId source: shared objects file
[0.033s][info][class,load] java.time.format.DateTimeFormatterBuilder$$Lambda/0x80000001c source: shared objects file
[0.033s][info][class,load] java.util.regex.Pattern source: shared objects file
[0.033s][info][class,load] java.util.regex.Pattern$Node source: shared objects file
[0.033s][info][class,load] java.util.regex.Pattern$LastNode source: shared objects file
[0.033s][info][class,load] java.util.regex.Pattern$GroupHead source: shared objects file
[0.033s][info][class,load] java.util.regex.Pattern$CharPredicate source: shared objects file
[0.033s][info][class,load] java.util.regex.Pattern$BmpCharPredicate source: shared objects file
[0.034s][info][class,load] java.util.regex.Pattern$$Lambda/0x800000027 source: shared objects file
[0.034s][info][class,load] java.util.regex.Pattern$CharProperty source: shared objects file
[0.034s][info][class,load] java.util.regex.Pattern$BmpCharProperty source: shared objects file
[0.034s][info][class,load] java.util.regex.ASCII source: shared objects file
[0.034s][info][class,load] java.util.regex.Pattern$Curly source: shared objects file
[0.034s][info][class,load] java.util.regex.Pattern$Qtype source: shared objects file
[0.034s][info][class,load] java.util.regex.Pattern$CharPropertyGreedy source: shared objects file
[0.034s][info][class,load] java.util.regex.Pattern$BmpCharPropertyGreedy source: shared objects file
[0.034s][info][class,load] java.util.regex.Pattern$BitClass source: shared objects file
[0.034s][info][class,load] java.util.regex.Pattern$SliceNode source: shared objects file
[0.034s][info][class,load] java.util.regex.Pattern$Slice source: shared objects file
[0.034s][info][class,load] java.util.regex.Pattern$Begin source: shared objects file
[0.034s][info][class,load] java.util.regex.Pattern$First source: shared objects file
[0.034s][info][class,load] java.util.regex.Pattern$Start source: shared objects file
[0.034s][info][class,load] java.util.regex.Pattern$TreeInfo source: shared objects file
[0.034s][info][class,load] java.time.temporal.TemporalField source: shared objects file
[0.034s][info][class,load] java.time.temporal.ChronoField source: shared objects file
[0.034s][info][class,load] java.time.temporal.TemporalUnit source: shared objects file
[0.034s][info][class,load] java.time.temporal.ChronoUnit source: shared objects file
[0.034s][info][class,load] java.time.temporal.TemporalAmount source: shared objects file
[0.034s][info][class,load] java.time.Duration source: shared objects file
[0.034s][info][class,load] java.math.BigInteger source: shared objects file
[0.034s][info][class,load] java.time.temporal.ValueRange source: shared objects file
[0.034s][info][class,load] java.time.temporal.Temporal source: shared objects file
[0.034s][info][class,load] java.time.temporal.TemporalAdjuster source: shared objects file
[0.034s][info][class,load] java.time.Instant source: shared objects file
[0.034s][info][class,load] java.time.temporal.IsoFields source: shared objects file
[0.034s][info][class,load] java.time.temporal.IsoFields$Field source: shared objects file
[0.034s][info][class,load] java.time.temporal.IsoFields$Field$1 source: shared objects file
[0.034s][info][class,load] java.time.temporal.IsoFields$Field$2 source: shared objects file
[0.034s][info][class,load] java.time.temporal.IsoFields$Field$3 source: shared objects file
[0.034s][info][class,load] java.time.temporal.IsoFields$Field$4 source: shared objects file
[0.034s][info][class,load] java.time.temporal.IsoFields$Unit source: shared objects file
[0.034s][info][class,load] java.time.temporal.JulianFields source: shared objects file
[0.034s][info][class,load] java.time.temporal.JulianFields$Field source: shared objects file
[0.034s][info][class,load] java.time.format.SignStyle source: shared objects file
[0.034s][info][class,load] java.time.format.DateTimeFormatterBuilder$DateTimePrinterParser source: shared objects file
[0.034s][info][class,load] java.time.format.DateTimeFormatterBuilder$NumberPrinterParser source: shared objects file
[0.034s][info][class,load] java.time.format.DateTimeFormatterBuilder$CharLiteralPrinterParser source: shared objects file
[0.034s][info][class,load] java.time.format.ResolverStyle source: shared objects file
[0.034s][info][class,load] java.time.chrono.Chronology source: shared objects file
[0.034s][info][class,load] java.time.chrono.AbstractChronology source: shared objects file
[0.034s][info][class,load] java.time.chrono.IsoChronology source: shared objects file
[0.034s][info][class,load] java.util.Locale$Category source: shared objects file
[0.034s][info][class,load] java.time.format.DateTimeFormatterBuilder$CompositePrinterParser source: shared objects file
[0.034s][info][class,load] java.time.format.DecimalStyle source: shared objects file
[0.034s][info][class,load] java.time.format.DateTimeFormatterBuilder$SettingsParser source: shared objects file
[0.034s][info][class,load] java.time.format.DateTimeFormatterBuilder$OffsetIdPrinterParser source: shared objects file
[0.034s][info][class,load] java.time.format.DateTimeFormatterBuilder$NanosPrinterParser source: shared objects file
[0.034s][info][class,load] java.time.format.DateTimeFormatterBuilder$ZoneIdPrinterParser source: shared objects file
[0.034s][info][class,load] java.time.format.DateTimeFormatterBuilder$StringLiteralPrinterParser source: shared objects file
[0.034s][info][class,load] java.time.format.DateTimeFormatterBuilder$InstantPrinterParser source: shared objects file
[0.034s][info][class,load] java.time.format.TextStyle source: shared objects file
[0.034s][info][class,load] java.util.Collections$SingletonMap source: shared objects file
[0.034s][info][class,load] java.time.format.DateTimeTextProvider$LocaleStore source: shared objects file
[0.034s][info][class,load] java.util.AbstractMap$SimpleImmutableEntry source: shared objects file
[0.034s][info][class,load] java.util.Collections$SingletonSet source: shared objects file
[0.034s][info][class,load] java.util.Collections$1 source: shared objects file
[0.034s][info][class,load] java.util.LinkedHashMap$LinkedEntrySet source: shared objects file
[0.034s][info][class,load] java.util.LinkedHashMap$LinkedHashIterator source: shared objects file
[0.034s][info][class,load] java.util.LinkedHashMap$LinkedEntryIterator source: shared objects file
[0.034s][info][class,load] java.time.format.DateTimeTextProvider source: shared objects file
[0.034s][info][class,load] java.time.format.DateTimeTextProvider$1 source: shared objects file
[0.034s][info][class,load] java.util.Arrays$LegacyMergeSort source: shared objects file
[0.034s][info][class,load] java.util.TimSort source: shared objects file
[0.034s][info][class,load] java.time.format.DateTimeFormatterBuilder$1 source: shared objects file
[0.034s][info][class,load] java.time.format.DateTimeFormatterBuilder$TextPrinterParser source: shared objects file
[0.035s][info][class,load] java.time.chrono.ChronoPeriod source: shared objects file
[0.035s][info][class,load] java.time.Period source: shared objects file
[0.035s][info][class,load] java.time.format.DateTimeFormatter$$Lambda/0x80000001a source: shared objects file
[0.035s][info][class,load] java.time.format.DateTimeFormatter$$Lambda/0x80000001b source: shared objects file
[0.035s][info][class,load] java.time.ZoneOffset source: shared objects file
[0.035s][info][class,load] java.util.concurrent.atomic.AtomicReferenceArray source: shared objects file
[0.035s][info][class,load] java.lang.invoke.VarHandles source: shared objects file
[0.035s][info][class,load] java.lang.invoke.VarHandleReferences$Array source: shared objects file
[0.035s][info][class,load] java.lang.invoke.VarHandleGuards source: shared objects file
[0.035s][info][class,load] java.lang.invoke.VarForm source: shared objects file
[0.035s][info][class,load] java.lang.invoke.VarHandle$AccessDescriptor source: shared objects file
[0.035s][info][class,load] java.time.ZoneRegion source: shared objects file
[0.035s][info][class,load] java.time.zone.ZoneRules source: shared objects file
[0.035s][info][class,load] java.time.zone.ZoneOffsetTransitionRule source: shared objects file
[0.035s][info][class,load] java.time.chrono.ChronoLocalDateTime source: shared objects file
[0.035s][info][class,load] java.time.LocalDateTime source: shared objects file
[0.035s][info][class,load] org.springframework.boot.loader.ref.Cleaner source: file:/Users/kibong_home/Desktop/development/blog/build/libs/blog-0.0.1-SNAPSHOT.jar
[0.035s][info][class,load] org.springframework.boot.loader.ref.DefaultCleaner source: file:/Users/kibong_home/Desktop/development/blog/build/libs/blog-0.0.1-SNAPSHOT.jar
[0.036s][info][class,load] jdk.internal.ref.CleanerImpl$InnocuousThreadFactory source: jrt:/java.base
[0.036s][info][class,load] org.springframework.boot.loader.net.util.UrlDecoder source: file:/Users/kibong_home/Desktop/development/blog/build/libs/blog-0.0.1-SNAPSHOT.jar
[0.036s][info][class,load] java.lang.NumberFormatException source: jrt:/java.base
[0.036s][info][class,load] java.nio.charset.StandardCharsets source: shared objects file
[0.036s][info][class,load] sun.nio.cs.US_ASCII source: shared objects file
[0.036s][info][class,load] sun.nio.cs.ISO_8859_1 source: shared objects file
[0.036s][info][class,load] sun.nio.cs.UTF_16BE source: shared objects file
[0.036s][info][class,load] sun.nio.cs.UTF_16LE source: shared objects file
[0.036s][info][class,load] sun.nio.cs.UTF_16 source: shared objects file
[0.036s][info][class,load] sun.nio.cs.UTF_32BE source: shared objects file
[0.036s][info][class,load] sun.nio.cs.UTF_32LE source: shared objects file
[0.036s][info][class,load] sun.nio.cs.UTF_32 source: shared objects file
[0.036s][info][class,load] org.springframework.boot.loader.net.protocol.nested.NestedUrlConnectionResources source: file:/Users/kibong_home/Desktop/development/blog/build/libs/blog-0.0.1-SNAPSHOT.jar
[0.036s][info][class,load] java.lang.invoke.LambdaForm$DMH/0x00000f000104c000 source: __JVM_LookupDefineClass__
[0.036s][info][class,load] org.springframework.boot.loader.net.protocol.jar.UrlJarFiles$$Lambda/0x00000f0001048d90 source: org.springframework.boot.loader.net.protocol.jar.UrlJarFiles
[0.036s][info][class,load] org.springframework.boot.loader.jar.NestedJarFile$RawZipDataInputStream source: file:/Users/kibong_home/Desktop/development/blog/build/libs/blog-0.0.1-SNAPSHOT.jar
[0.037s][info][class,load] java.util.zip.ZipException source: jrt:/java.base
[0.037s][info][class,load] org.springframework.boot.loader.jar.NestedJarFile$JarEntryInputStream source: file:/Users/kibong_home/Desktop/development/blog/build/libs/blog-0.0.1-SNAPSHOT.jar
[0.037s][info][class,load] org.springframework.boot.loader.jar.ZipInflaterInputStream source: file:/Users/kibong_home/Desktop/development/blog/build/libs/blog-0.0.1-SNAPSHOT.jar
[0.037s][info][class,load] org.springframework.boot.loader.jar.NestedJarFile$JarEntryInflaterInputStream source: file:/Users/kibong_home/Desktop/development/blog/build/libs/blog-0.0.1-SNAPSHOT.jar
[0.037s][info][class,load] org.springframework.boot.loader.jar.NestedJarFile$NestedJarEntry source: file:/Users/kibong_home/Desktop/development/blog/build/libs/blog-0.0.1-SNAPSHOT.jar
[0.037s][info][class,load] org.springframework.boot.loader.net.protocol.jar.UrlJarEntry source: file:/Users/kibong_home/Desktop/development/blog/build/libs/blog-0.0.1-SNAPSHOT.jar
[0.037s][info][class,load] org.springframework.boot.loader.log.DebugLogger source: file:/Users/kibong_home/Desktop/development/blog/build/libs/blog-0.0.1-SNAPSHOT.jar
[0.037s][info][class,load] org.springframework.boot.loader.log.DebugLogger$DisabledDebugLogger source: file:/Users/kibong_home/Desktop/development/blog/build/libs/blog-0.0.1-SNAPSHOT.jar
[0.037s][info][class,load] org.springframework.boot.loader.log.DebugLogger$SystemErrDebugLogger source: file:/Users/kibong_home/Desktop/development/blog/build/libs/blog-0.0.1-SNAPSHOT.jar
[0.037s][info][class,load] org.springframework.boot.loader.jar.NestedJarFileResources source: file:/Users/kibong_home/Desktop/development/blog/build/libs/blog-0.0.1-SNAPSHOT.jar
[0.038s][info][class,load] org.springframework.boot.loader.zip.ZipContent source: file:/Users/kibong_home/Desktop/development/blog/build/libs/blog-0.0.1-SNAPSHOT.jar
[0.038s][info][class,load] org.springframework.boot.loader.zip.DataBlock source: file:/Users/kibong_home/Desktop/development/blog/build/libs/blog-0.0.1-SNAPSHOT.jar
[0.038s][info][class,load] org.springframework.boot.loader.zip.CloseableDataBlock source: file:/Users/kibong_home/Desktop/development/blog/build/libs/blog-0.0.1-SNAPSHOT.jar
[0.038s][info][class,load] org.springframework.boot.loader.zip.ZipContent$Source source: file:/Users/kibong_home/Desktop/development/blog/build/libs/blog-0.0.1-SNAPSHOT.jar
[0.038s][info][class,load] java.lang.runtime.ObjectMethods source: shared objects file
[0.038s][info][class,load] java.lang.invoke.BoundMethodHandle$Species_I source: shared objects file
[0.038s][info][class,load] java.lang.invoke.MethodHandleImpl$2 source: shared objects file
[0.038s][info][class,load] sun.invoke.util.ValueConversions$WrapperCache source: shared objects file
[0.039s][info][class,load] java.lang.invoke.DirectMethodHandle$1 source: shared objects file
[0.039s][info][class,load] java.lang.runtime.ObjectMethods$$Lambda/0x800000015 source: shared objects file
[0.039s][info][class,load] java.lang.invoke.LambdaForm$MH/0x00000f000104c400 source: __JVM_LookupDefineClass__
[0.039s][info][class,load] java.lang.invoke.LambdaForm$MH/0x00000f000104c800 source: __JVM_LookupDefineClass__
[0.040s][info][class,load] java.lang.invoke.LambdaForm$MH/0x00000f000104cc00 source: __JVM_LookupDefineClass__
[0.040s][info][class,load] java.lang.invoke.BoundMethodHandle$Species_LLL source: shared objects file
[0.040s][info][class,load] java.lang.invoke.LambdaForm$MH/0x00000f000104d000 source: __JVM_LookupDefineClass__
[0.040s][info][class,load] java.lang.invoke.LambdaForm$MH/0x00000f000104d400 source: __JVM_LookupDefineClass__
[0.040s][info][class,load] org.springframework.boot.loader.zip.ZipContent$Loader source: file:/Users/kibong_home/Desktop/development/blog/build/libs/blog-0.0.1-SNAPSHOT.jar
[0.041s][info][class,load] org.springframework.boot.loader.zip.ZipContent$Kind source: file:/Users/kibong_home/Desktop/development/blog/build/libs/blog-0.0.1-SNAPSHOT.jar
[0.041s][info][class,load] org.springframework.boot.loader.zip.FileDataBlock source: file:/Users/kibong_home/Desktop/development/blog/build/libs/blog-0.0.1-SNAPSHOT.jar
[0.041s][info][class,load] org.springframework.boot.loader.zip.DataBlockInputStream source: file:/Users/kibong_home/Desktop/development/blog/build/libs/blog-0.0.1-SNAPSHOT.jar
[0.041s][info][class,load] java.io.EOFException source: jrt:/java.base
[0.041s][info][class,load] org.springframework.boot.loader.zip.FileDataBlock$Tracker source: file:/Users/kibong_home/Desktop/development/blog/build/libs/blog-0.0.1-SNAPSHOT.jar
[0.041s][info][class,load] org.springframework.boot.loader.zip.FileDataBlock$Tracker$1 source: file:/Users/kibong_home/Desktop/development/blog/build/libs/blog-0.0.1-SNAPSHOT.jar
[0.041s][info][class,load] org.springframework.boot.loader.zip.FileDataBlock$FileAccess source: file:/Users/kibong_home/Desktop/development/blog/build/libs/blog-0.0.1-SNAPSHOT.jar
[0.041s][info][class,load] java.nio.channels.ClosedChannelException source: jrt:/java.base
[0.041s][info][class,load] java.nio.channels.AsynchronousCloseException source: jrt:/java.base
[0.041s][info][class,load] java.nio.channels.ClosedByInterruptException source: jrt:/java.base
[0.041s][info][class,load] java.nio.channels.Channel source: shared objects file
[0.041s][info][class,load] java.nio.channels.InterruptibleChannel source: shared objects file
[0.041s][info][class,load] java.nio.channels.spi.AbstractInterruptibleChannel source: shared objects file
[0.041s][info][class,load] java.nio.channels.ReadableByteChannel source: shared objects file
[0.041s][info][class,load] java.nio.channels.WritableByteChannel source: shared objects file
[0.041s][info][class,load] java.nio.channels.ByteChannel source: shared objects file
[0.041s][info][class,load] java.nio.channels.SeekableByteChannel source: shared objects file
[0.041s][info][class,load] java.nio.channels.GatheringByteChannel source: shared objects file
[0.041s][info][class,load] java.nio.channels.ScatteringByteChannel source: shared objects file
[0.041s][info][class,load] java.nio.channels.FileChannel source: shared objects file
[0.041s][info][class,load] sun.nio.fs.UnixFileModeAttribute source: shared objects file
[0.041s][info][class,load] sun.nio.fs.UnixChannelFactory source: shared objects file
[0.041s][info][class,load] sun.nio.fs.UnixChannelFactory$Flags source: shared objects file
[0.041s][info][class,load] sun.nio.fs.UnixChannelFactory$1 source: jrt:/java.base
[0.041s][info][class,load] sun.nio.ch.FileChannelImpl source: shared objects file
[0.041s][info][class,load] sun.nio.ch.NativeDispatcher source: shared objects file
[0.041s][info][class,load] sun.nio.ch.FileDispatcher source: shared objects file
[0.041s][info][class,load] sun.nio.ch.UnixFileDispatcherImpl source: shared objects file
[0.041s][info][class,load] sun.nio.ch.FileDispatcherImpl source: shared objects file
[0.042s][info][class,load] sun.nio.ch.IOUtil source: shared objects file
[0.042s][info][class,load] sun.nio.ch.Interruptible source: shared objects file
[0.042s][info][class,load] java.nio.channels.spi.AbstractInterruptibleChannel$1 source: shared objects file
[0.042s][info][class,load] sun.nio.ch.NativeThreadSet source: shared objects file
[0.042s][info][class,load] sun.nio.ch.FileChannelImpl$Closer source: shared objects file
[0.042s][info][class,load] java.nio.DirectByteBuffer$Deallocator source: jrt:/java.base
[0.042s][info][class,load] org.springframework.boot.loader.zip.ZipEndOfCentralDirectoryRecord source: file:/Users/kibong_home/Desktop/development/blog/build/libs/blog-0.0.1-SNAPSHOT.jar
[0.042s][info][class,load] org.springframework.boot.loader.zip.FileDataBlock$$Lambda/0x00000f000104e890 source: org.springframework.boot.loader.zip.FileDataBlock
[0.042s][info][class,load] sun.nio.ch.NativeThread source: shared objects file
[0.043s][info][class,load] jdk.internal.misc.Blocker source: shared objects file
[0.043s][info][class,load] sun.nio.ch.IOStatus source: shared objects file
[0.043s][info][class,load] org.springframework.boot.loader.zip.ZipEndOfCentralDirectoryRecord$Located source: file:/Users/kibong_home/Desktop/development/blog/build/libs/blog-0.0.1-SNAPSHOT.jar
[0.043s][info][class,load] org.springframework.boot.loader.zip.Zip64EndOfCentralDirectoryLocator source: file:/Users/kibong_home/Desktop/development/blog/build/libs/blog-0.0.1-SNAPSHOT.jar
[0.043s][info][class,load] org.springframework.boot.loader.zip.Zip64EndOfCentralDirectoryRecord source: file:/Users/kibong_home/Desktop/development/blog/build/libs/blog-0.0.1-SNAPSHOT.jar
[0.043s][info][class,load] org.springframework.boot.loader.zip.NameOffsetLookups source: file:/Users/kibong_home/Desktop/development/blog/build/libs/blog-0.0.1-SNAPSHOT.jar
[0.043s][info][class,load] org.springframework.boot.loader.zip.ZipContent$SignatureFiles source: file:/Users/kibong_home/Desktop/development/blog/build/libs/blog-0.0.1-SNAPSHOT.jar
[0.043s][info][class,load] org.springframework.boot.loader.zip.ZipContent$SignatureFiles$$Lambda/0x00000f000104f560 source: org.springframework.boot.loader.zip.ZipContent
[0.044s][info][class,load] java.util.stream.ReferencePipeline$$Lambda/0x00000f00010099a8 source: java.util.stream.ReferencePipeline
[0.044s][info][class,load] java.util.stream.Nodes source: shared objects file
[0.044s][info][class,load] java.util.stream.Node source: shared objects file
[0.044s][info][class,load] java.util.stream.Nodes$EmptyNode source: shared objects file
[0.044s][info][class,load] java.util.stream.Nodes$EmptyNode$OfRef source: shared objects file
[0.044s][info][class,load] java.util.stream.Node$OfPrimitive source: shared objects file
[0.044s][info][class,load] java.util.stream.Node$OfInt source: shared objects file
[0.044s][info][class,load] java.util.stream.Nodes$EmptyNode$OfInt source: shared objects file
[0.044s][info][class,load] java.util.stream.Node$OfLong source: shared objects file
[0.044s][info][class,load] java.util.stream.Nodes$EmptyNode$OfLong source: shared objects file
[0.044s][info][class,load] java.util.stream.Node$OfDouble source: shared objects file
[0.044s][info][class,load] java.util.stream.Nodes$EmptyNode$OfDouble source: shared objects file
[0.044s][info][class,load] java.util.stream.Node$Builder source: shared objects file
[0.044s][info][class,load] java.util.stream.Nodes$ArrayNode source: jrt:/java.base
[0.044s][info][class,load] java.util.stream.Nodes$FixedNodeBuilder source: jrt:/java.base
[0.044s][info][class,load] org.springframework.boot.loader.zip.ZipCentralDirectoryFileHeaderRecord source: file:/Users/kibong_home/Desktop/development/blog/build/libs/blog-0.0.1-SNAPSHOT.jar
[0.044s][info][class,load] org.springframework.boot.loader.zip.ZipString source: file:/Users/kibong_home/Desktop/development/blog/build/libs/blog-0.0.1-SNAPSHOT.jar
[0.044s][info][class,load] org.springframework.boot.loader.zip.ZipString$CompareType source: file:/Users/kibong_home/Desktop/development/blog/build/libs/blog-0.0.1-SNAPSHOT.jar
[0.046s][info][class,load] org.springframework.boot.loader.zip.ZipContent$Entry source: file:/Users/kibong_home/Desktop/development/blog/build/libs/blog-0.0.1-SNAPSHOT.jar
[0.047s][info][class,load] java.lang.foreign.MemorySegment$Scope source: jrt:/java.base
[0.047s][info][class,load] jdk.internal.foreign.MemorySessionImpl source: jrt:/java.base
[0.047s][info][class,load] java.lang.invoke.LambdaForm$MH/0x00000f0001050000 source: __JVM_LookupDefineClass__
[0.048s][info][class,load] java.lang.invoke.LambdaForm$MH/0x00000f0001050400 source: __JVM_LookupDefineClass__
[0.048s][info][class,load] java.lang.invoke.LambdaForm$MH/0x00000f0001050800 source: __JVM_LookupDefineClass__
[0.048s][info][class,load] java.util.SortedMap source: shared objects file
[0.048s][info][class,load] java.util.NavigableMap source: shared objects file
[0.048s][info][class,load] java.util.TreeMap source: shared objects file
[0.048s][info][class,load] java.lang.invoke.LambdaFormEditor$1 source: shared objects file
[0.048s][info][class,load] java.util.TreeMap$Entry source: shared objects file
[0.048s][info][class,load] java.util.TreeMap$EntrySet source: shared objects file
[0.048s][info][class,load] java.util.TreeMap$PrivateEntryIterator source: shared objects file
[0.048s][info][class,load] java.util.TreeMap$EntryIterator source: shared objects file
[0.048s][info][class,load] java.lang.invoke.LambdaForm$MH/0x00000f0001050c00 source: __JVM_LookupDefineClass__
[0.048s][info][class,load] java.lang.invoke.BoundMethodHandle$Species_LLLL source: shared objects file
[0.048s][info][class,load] java.lang.invoke.MethodHandleImpl$LoopClauses source: shared objects file
[0.048s][info][class,load] java.lang.invoke.MethodHandleImpl$CasesHolder source: shared objects file
[0.048s][info][class,load] java.lang.invoke.MethodHandleImpl$ArrayAccess source: shared objects file
[0.048s][info][class,load] java.lang.invoke.MethodHandleImpl$IntrinsicMethodHandle source: shared objects file
[0.048s][info][class,load] java.lang.invoke.MethodHandleImpl$Makers source: shared objects file
[0.048s][info][class,load] java.lang.invoke.MethodHandleImpl$Makers$1 source: shared objects file
[0.049s][info][class,load] java.lang.invoke.MethodHandleImpl$Makers$2 source: shared objects file
[0.049s][info][class,load] java.lang.ClassValue source: shared objects file
[0.049s][info][class,load] java.lang.invoke.MethodHandleImpl$Makers$3 source: shared objects file
[0.049s][info][class,load] java.lang.ClassValue$Entry source: shared objects file
[0.049s][info][class,load] java.lang.ClassValue$Identity source: shared objects file
[0.049s][info][class,load] java.lang.ClassValue$Version source: shared objects file
[0.049s][info][class,load] java.lang.invoke.MethodHandleImpl$CountingWrapper source: shared objects file
[0.049s][info][class,load] java.lang.invoke.LambdaForm$MH/0x00000f0001051000 source: __JVM_LookupDefineClass__
[0.049s][info][class,load] java.lang.classfile.CodeBuilder$1 source: shared objects file
[0.049s][info][class,load] jdk.internal.classfile.impl.StackMapGenerator$1 source: shared objects file
[0.049s][info][class,load] jdk.internal.classfile.impl.AbstractAttributeMapper$StackMapTableMapper source: shared objects file
[0.049s][info][class,load] java.lang.invoke.LambdaForm$MH/0x00000f0001051400 source: __JVM_LookupDefineClass__
[0.049s][info][class,load] java.lang.invoke.LambdaForm$MH/0x00000f0001051800 source: __JVM_LookupDefineClass__
[0.050s][info][class,load] java.lang.invoke.BoundMethodHandle$Species_LLLLL source: shared objects file
[0.050s][info][class,load] java.lang.invoke.LambdaForm$MH/0x00000f0001051c00 source: __JVM_LookupDefineClass__
[0.050s][info][class,load] org.springframework.boot.loader.net.protocol.jar.UrlJarManifest source: file:/Users/kibong_home/Desktop/development/blog/build/libs/blog-0.0.1-SNAPSHOT.jar
[0.050s][info][class,load] org.springframework.boot.loader.net.protocol.jar.UrlJarManifest$ManifestSupplier source: file:/Users/kibong_home/Desktop/development/blog/build/libs/blog-0.0.1-SNAPSHOT.jar
[0.050s][info][class,load] org.springframework.boot.loader.net.protocol.jar.UrlNestedJarFile$$Lambda/0x00000f0001054208 source: org.springframework.boot.loader.net.protocol.jar.UrlNestedJarFile
[0.051s][info][class,load] org.springframework.boot.loader.jar.ManifestInfo source: file:/Users/kibong_home/Desktop/development/blog/build/libs/blog-0.0.1-SNAPSHOT.jar
[0.051s][info][class,load] org.springframework.boot.loader.jar.NestedJarFile$$Lambda/0x00000f0001054660 source: org.springframework.boot.loader.jar.NestedJarFile
[0.051s][info][class,load] org.springframework.boot.loader.zip.ZipContent$$Lambda/0x00000f00010548b0 source: org.springframework.boot.loader.zip.ZipContent
[0.051s][info][class,load] org.springframework.boot.loader.jar.NestedJarFile$$Lambda/0x00000f0001054b00 source: org.springframework.boot.loader.jar.NestedJarFile
[0.051s][info][class,load] org.springframework.boot.loader.zip.ZipLocalFileHeaderRecord source: file:/Users/kibong_home/Desktop/development/blog/build/libs/blog-0.0.1-SNAPSHOT.jar
[0.052s][info][class,load] org.springframework.boot.loader.jar.NestedJarFileResources$$Lambda/0x00000f0001054f60 source: org.springframework.boot.loader.jar.NestedJarFileResources
[0.052s][info][class,load] java.lang.invoke.LambdaForm$DMH/0x00000f0001052000 source: __JVM_LookupDefineClass__
[0.052s][info][class,load] org.springframework.boot.loader.net.protocol.jar.UrlJarManifest$$Lambda/0x00000f0001055190 source: org.springframework.boot.loader.net.protocol.jar.UrlJarManifest
[0.052s][info][class,load] org.springframework.boot.loader.net.protocol.jar.Canonicalizer source: file:/Users/kibong_home/Desktop/development/blog/build/libs/blog-0.0.1-SNAPSHOT.jar
[0.052s][info][class,load] org.springframework.boot.loader.net.protocol.jar.JarFileUrlKey source: file:/Users/kibong_home/Desktop/development/blog/build/libs/blog-0.0.1-SNAPSHOT.jar
[0.053s][info][class,load] jdk.internal.loader.URLClassPath$Loader$1 source: jrt:/java.base
[0.053s][info][class,load] com.petercoders.blog.BlogApplicationKt source: jar:nested:/Users/kibong_home/Desktop/development/blog/build/libs/blog-0.0.1-SNAPSHOT.jar/!BOOT-INF/classes/!/
[0.053s][info][class,load] java.lang.invoke.LambdaForm$DMH/0x00000f0001052400 source: __JVM_LookupDefineClass__
[0.053s][info][class,load] java.lang.invoke.LambdaForm$MH/0x00000f0001053000 source: __JVM_LookupDefineClass__
[0.053s][info][class,load] java.lang.invoke.LambdaForm$MH/0x00000f0001053400 source: __JVM_LookupDefineClass__
[0.054s][info][class,load] java.lang.invoke.LambdaForm$MH/0x00000f0001053800 source: __JVM_LookupDefineClass__
[0.058s][info][class,load] org.springframework.boot.loader.jar.MetaInfVersionsInfo source: file:/Users/kibong_home/Desktop/development/blog/build/libs/blog-0.0.1-SNAPSHOT.jar
[0.058s][info][class,load] org.springframework.boot.loader.jar.NestedJarFile$$Lambda/0x00000f0001055a10 source: org.springframework.boot.loader.jar.NestedJarFile
[0.058s][info][class,load] java.util.Spliterators$EmptySpliterator source: shared objects file
[0.058s][info][class,load] java.util.Spliterators$EmptySpliterator$OfRef source: shared objects file
[0.058s][info][class,load] java.util.function.ToIntFunction source: shared objects file
[0.058s][info][class,load] org.springframework.boot.loader.jar.MetaInfVersionsInfo$$Lambda/0x00000f0001055c58 source: org.springframework.boot.loader.jar.MetaInfVersionsInfo
[0.058s][info][class,load] java.util.stream.IntStream source: jrt:/java.base
[0.058s][info][class,load] java.util.stream.IntPipeline source: jrt:/java.base
[0.058s][info][class,load] java.util.stream.IntPipeline$StatelessOp source: jrt:/java.base
[0.058s][info][class,load] java.util.stream.ReferencePipeline$4 source: jrt:/java.base
[0.058s][info][class,load] java.util.stream.IntPipeline$$Lambda/0x00000f000100bc58 source: java.util.stream.IntPipeline
[0.059s][info][class,load] java.util.function.IntConsumer source: shared objects file
[0.059s][info][class,load] java.util.stream.Sink$OfInt source: jrt:/java.base
[0.059s][info][class,load] java.util.stream.Node$Builder$OfInt source: jrt:/java.base
[0.059s][info][class,load] java.util.stream.Nodes$IntArrayNode source: jrt:/java.base
[0.059s][info][class,load] java.util.stream.Nodes$IntFixedNodeBuilder source: jrt:/java.base
[0.059s][info][class,load] java.util.stream.ReferencePipeline$4$1 source: jrt:/java.base
[0.059s][info][class,load] org.springframework.boot.loader.jar.MetaInfVersionsInfo$$Lambda/0x00000f0001055e80 source: org.springframework.boot.loader.jar.MetaInfVersionsInfo
[0.059s][info][class,load] java.lang.invoke.LambdaForm$DMH/0x00000f0001053c00 source: __JVM_LookupDefineClass__
[0.059s][info][class,load] org.springframework.boot.loader.jar.MetaInfVersionsInfo$$Lambda/0x00000f00010560c8 source: org.springframework.boot.loader.jar.MetaInfVersionsInfo
[0.059s][info][class,load] org.springframework.boot.loader.jar.MetaInfVersionsInfo$$Lambda/0x00000f00010562f0 source: org.springframework.boot.loader.jar.MetaInfVersionsInfo
[0.059s][info][class,load] java.util.SortedSet source: shared objects file
[0.059s][info][class,load] java.util.NavigableSet source: shared objects file
[0.059s][info][class,load] java.util.TreeSet source: jrt:/java.base
[0.061s][info][class,load] java.util.TreeMap$TreeMapSpliterator source: jrt:/java.base
[0.061s][info][class,load] java.util.TreeMap$KeySpliterator source: jrt:/java.base
[0.061s][info][class,load] java.lang.StringConcatHelper$Concat1 source: shared objects file
[0.063s][info][class,load] kotlin.jvm.internal.Intrinsics source: jar:nested:/Users/kibong_home/Desktop/development/blog/build/libs/blog-0.0.1-SNAPSHOT.jar/!BOOT-INF/lib/kotlin-stdlib-2.3.21.jar!/
[0.063s][info][class,load] kotlin.KotlinNullPointerException source: jar:nested:/Users/kibong_home/Desktop/development/blog/build/libs/blog-0.0.1-SNAPSHOT.jar/!BOOT-INF/lib/kotlin-stdlib-2.3.21.jar!/
[0.064s][info][class,load] kotlin.UninitializedPropertyAccessException source: jar:nested:/Users/kibong_home/Desktop/development/blog/build/libs/blog-0.0.1-SNAPSHOT.jar/!BOOT-INF/lib/kotlin-stdlib-2.3.21.jar!/
[0.064s][info][class,load] java.lang.UnsupportedOperationException source: jrt:/java.base
[0.064s][info][class,load] com.petercoders.blog.BlogApplication source: jar:nested:/Users/kibong_home/Desktop/development/blog/build/libs/blog-0.0.1-SNAPSHOT.jar/!BOOT-INF/classes/!/
[0.065s][info][class,load] java.lang.foreign.MemorySegment source: jrt:/java.base
[0.068s][info][class,load] org.springframework.boot.SpringApplication source: jar:nested:/Users/kibong_home/Desktop/development/blog/build/libs/blog-0.0.1-SNAPSHOT.jar/!BOOT-INF/lib/spring-boot-4.1.1.jar!/
[0.068s][info][class,load] org.springframework.boot.AotInitializerNotFoundException source: jar:nested:/Users/kibong_home/Desktop/development/blog/build/libs/blog-0.0.1-SNAPSHOT.jar/!BOOT-INF/lib/spring-boot-4.1.1.jar!/
[0.071s][info][class,load] java.lang.invoke.MethodHandleImpl$CountingWrapper$1 source: jrt:/java.base
[0.074s][info][class,load] org.springframework.core.env.PropertyResolver source: jar:nested:/Users/kibong_home/Desktop/development/blog/build/libs/blog-0.0.1-SNAPSHOT.jar/!BOOT-INF/lib/spring-core-7.0.9.jar!/
[0.074s][info][class,load] org.springframework.core.env.Environment source: jar:nested:/Users/kibong_home/Desktop/development/blog/build/libs/blog-0.0.1-SNAPSHOT.jar/!BOOT-INF/lib/spring-core-7.0.9.jar!/
[0.074s][info][class,load] org.springframework.boot.bootstrap.BootstrapRegistry source: jar:nested:/Users/kibong_home/Desktop/development/blog/build/libs/blog-0.0.1-SNAPSHOT.jar/!BOOT-INF/lib/spring-boot-4.1.1.jar!/
[0.074s][info][class,load] org.springframework.boot.bootstrap.BootstrapContext source: jar:nested:/Users/kibong_home/Desktop/development/blog/build/libs/blog-0.0.1-SNAPSHOT.jar/!BOOT-INF/lib/spring-boot-4.1.1.jar!/
[0.074s][info][class,load] org.springframework.boot.bootstrap.ConfigurableBootstrapContext source: jar:nested:/Users/kibong_home/Desktop/development/blog/build/libs/blog-0.0.1-SNAPSHOT.jar/!BOOT-INF/lib/spring-boot-4.1.1.jar!/
[0.075s][info][class,load] org.springframework.core.io.ResourceLoader source: jar:nested:/Users/kibong_home/Desktop/development/blog/build/libs/blog-0.0.1-SNAPSHOT.jar/!BOOT-INF/lib/spring-core-7.0.9.jar!/
[0.075s][info][class,load] org.springframework.beans.factory.config.BeanFactoryPostProcessor source: jar:nested:/Users/kibong_home/Desktop/development/blog/build/libs/blog-0.0.1-SNAPSHOT.jar/!BOOT-INF/lib/spring-beans-7.0.9.jar!/
[0.075s][info][class,load] java.util.EventListener source: jrt:/java.base
[0.075s][info][class,load] org.springframework.context.ApplicationListener source: jar:nested:/Users/kibong_home/Desktop/development/blog/build/libs/blog-0.0.1-SNAPSHOT.jar/!BOOT-INF/lib/spring-context-7.0.9.jar!/
[0.076s][info][class,load] org.springframework.core.env.EnvironmentCapable source: jar:nested:/Users/kibong_home/Desktop/development/blog/build/libs/blog-0.0.1-SNAPSHOT.jar/!BOOT-INF/lib/spring-core-7.0.9.jar!/
[0.076s][info][class,load] org.springframework.beans.factory.BeanFactory source: jar:nested:/Users/kibong_home/Desktop/development/blog/build/libs/blog-0.0.1-SNAPSHOT.jar/!BOOT-INF/lib/spring-beans-7.0.9.jar!/
[0.076s][info][class,load] org.springframework.beans.factory.ListableBeanFactory source: jar:nested:/Users/kibong_home/Desktop/development/blog/build/libs/blog-0.0.1-SNAPSHOT.jar/!BOOT-INF/lib/spring-beans-7.0.9.jar!/
[0.076s][info][class,load] org.springframework.beans.factory.HierarchicalBeanFactory source: jar:nested:/Users/kibong_home/Desktop/development/blog/build/libs/blog-0.0.1-SNAPSHOT.jar/!BOOT-INF/lib/spring-beans-7.0.9.jar!/
[0.076s][info][class,load] org.springframework.context.MessageSource source: jar:nested:/Users/kibong_home/Desktop/development/blog/build/libs/blog-0.0.1-SNAPSHOT.jar/!BOOT-INF/lib/spring-context-7.0.9.jar!/
[0.077s][info][class,load] org.springframework.context.ApplicationEventPublisher source: jar:nested:/Users/kibong_home/Desktop/development/blog/build/libs/blog-0.0.1-SNAPSHOT.jar/!BOOT-INF/lib/spring-context-7.0.9.jar!/
[0.077s][info][class,load] org.springframework.core.io.support.ResourcePatternResolver source: jar:nested:/Users/kibong_home/Desktop/development/blog/build/libs/blog-0.0.1-SNAPSHOT.jar/!BOOT-INF/lib/spring-core-7.0.9.jar!/
[0.077s][info][class,load] org.springframework.context.ApplicationContext source: jar:nested:/Users/kibong_home/Desktop/development/blog/build/libs/blog-0.0.1-SNAPSHOT.jar/!BOOT-INF/lib/spring-context-7.0.9.jar!/
[0.078s][info][class,load] org.springframework.beans.factory.config.SingletonBeanRegistry source: jar:nested:/Users/kibong_home/Desktop/development/blog/build/libs/blog-0.0.1-SNAPSHOT.jar/!BOOT-INF/lib/spring-beans-7.0.9.jar!/
[0.078s][info][class,load] org.springframework.beans.factory.config.ConfigurableBeanFactory source: jar:nested:/Users/kibong_home/Desktop/development/blog/build/libs/blog-0.0.1-SNAPSHOT.jar/!BOOT-INF/lib/spring-beans-7.0.9.jar!/
[0.078s][info][class,load] org.springframework.core.OrderComparator$OrderSourceProvider source: jar:nested:/Users/kibong_home/Desktop/development/blog/build/libs/blog-0.0.1-SNAPSHOT.jar/!BOOT-INF/lib/spring-core-7.0.9.jar!/
[0.078s][info][class,load] org.springframework.boot.SpringApplication$AbandonedRunException source: jar:nested:/Users/kibong_home/Desktop/development/blog/build/libs/blog-0.0.1-SNAPSHOT.jar/!BOOT-INF/lib/spring-boot-4.1.1.jar!/
[0.078s][info][class,load] org.springframework.core.OrderComparator source: jar:nested:/Users/kibong_home/Desktop/development/blog/build/libs/blog-0.0.1-SNAPSHOT.jar/!BOOT-INF/lib/spring-core-7.0.9.jar!/
[0.079s][info][class,load] org.springframework.core.annotation.AnnotationAwareOrderComparator source: jar:nested:/Users/kibong_home/Desktop/development/blog/build/libs/blog-0.0.1-SNAPSHOT.jar/!BOOT-INF/lib/spring-core-7.0.9.jar!/
[0.079s][info][class,load] java.util.EventObject source: jrt:/java.base
[0.079s][info][class,load] org.springframework.context.ApplicationEvent source: jar:nested:/Users/kibong_home/Desktop/development/blog/build/libs/blog-0.0.1-SNAPSHOT.jar/!BOOT-INF/lib/spring-context-7.0.9.jar!/
[0.079s][info][class,load] org.springframework.boot.ExitCodeEvent source: jar:nested:/Users/kibong_home/Desktop/development/blog/build/libs/blog-0.0.1-SNAPSHOT.jar/!BOOT-INF/lib/spring-boot-4.1.1.jar!/
[0.079s][info][class,load] org.springframework.core.env.ConfigurablePropertyResolver source: jar:nested:/Users/kibong_home/Desktop/development/blog/build/libs/blog-0.0.1-SNAPSHOT.jar/!BOOT-INF/lib/spring-core-7.0.9.jar!/
[0.079s][info][class,load] org.springframework.core.env.ConfigurableEnvironment source: jar:nested:/Users/kibong_home/Desktop/development/blog/build/libs/blog-0.0.1-SNAPSHOT.jar/!BOOT-INF/lib/spring-core-7.0.9.jar!/
[0.080s][info][class,load] org.springframework.core.convert.ConversionService source: jar:nested:/Users/kibong_home/Desktop/development/blog/build/libs/blog-0.0.1-SNAPSHOT.jar/!BOOT-INF/lib/spring-core-7.0.9.jar!/
[0.080s][info][class,load] org.springframework.core.convert.converter.ConverterRegistry source: jar:nested:/Users/kibong_home/Desktop/development/blog/build/libs/blog-0.0.1-SNAPSHOT.jar/!BOOT-INF/lib/spring-core-7.0.9.jar!/
[0.080s][info][class,load] org.springframework.core.convert.support.ConfigurableConversionService source: jar:nested:/Users/kibong_home/Desktop/development/blog/build/libs/blog-0.0.1-SNAPSHOT.jar/!BOOT-INF/lib/spring-core-7.0.9.jar!/
[0.080s][info][class,load] org.springframework.core.env.PropertySource source: jar:nested:/Users/kibong_home/Desktop/development/blog/build/libs/blog-0.0.1-SNAPSHOT.jar/!BOOT-INF/lib/spring-core-7.0.9.jar!/
[0.081s][info][class,load] org.springframework.core.env.EnumerablePropertySource source: jar:nested:/Users/kibong_home/Desktop/development/blog/build/libs/blog-0.0.1-SNAPSHOT.jar/!BOOT-INF/lib/spring-core-7.0.9.jar!/
[0.081s][info][class,load] org.springframework.core.env.CommandLinePropertySource source: jar:nested:/Users/kibong_home/Desktop/development/blog/build/libs/blog-0.0.1-SNAPSHOT.jar/!BOOT-INF/lib/spring-core-7.0.9.jar!/
[0.081s][info][class,load] org.springframework.core.env.SimpleCommandLinePropertySource source: jar:nested:/Users/kibong_home/Desktop/development/blog/build/libs/blog-0.0.1-SNAPSHOT.jar/!BOOT-INF/lib/spring-core-7.0.9.jar!/
[0.081s][info][class,load] org.springframework.core.env.CompositePropertySource source: jar:nested:/Users/kibong_home/Desktop/development/blog/build/libs/blog-0.0.1-SNAPSHOT.jar/!BOOT-INF/lib/spring-core-7.0.9.jar!/
[0.082s][info][class,load] org.springframework.boot.env.PropertySourceInfo source: jar:nested:/Users/kibong_home/Desktop/development/blog/build/libs/blog-0.0.1-SNAPSHOT.jar/!BOOT-INF/lib/spring-boot-4.1.1.jar!/
[0.082s][info][class,load] org.springframework.core.env.MapPropertySource source: jar:nested:/Users/kibong_home/Desktop/development/blog/build/libs/blog-0.0.1-SNAPSHOT.jar/!BOOT-INF/lib/spring-core-7.0.9.jar!/
[0.082s][info][class,load] org.springframework.boot.ApplicationInfoPropertySource source: jar:nested:/Users/kibong_home/Desktop/development/blog/build/libs/blog-0.0.1-SNAPSHOT.jar/!BOOT-INF/lib/spring-boot-4.1.1.jar!/
[0.083s][info][class,load] org.springframework.boot.ApplicationArguments source: jar:nested:/Users/kibong_home/Desktop/development/blog/build/libs/blog-0.0.1-SNAPSHOT.jar/!BOOT-INF/lib/spring-boot-4.1.1.jar!/
[0.084s][info][class,load] org.apache.commons.logging.LogFactory source: jar:nested:/Users/kibong_home/Desktop/development/blog/build/libs/blog-0.0.1-SNAPSHOT.jar/!BOOT-INF/lib/commons-logging-1.3.6.jar!/
[0.084s][info][class,load] java.lang.SecurityException source: jrt:/java.base
[0.084s][info][class,load] java.lang.ThreadDeath source: jrt:/java.base
[0.084s][info][class,load] org.apache.commons.logging.LogConfigurationException source: jar:nested:/Users/kibong_home/Desktop/development/blog/build/libs/blog-0.0.1-SNAPSHOT.jar/!BOOT-INF/lib/commons-logging-1.3.6.jar!/
[0.084s][info][class,load] java.util.ServiceConfigurationError source: jrt:/java.base
[0.085s][info][class,load] java.lang.invoke.LambdaForm$DMH/0x00000f0001060000 source: __JVM_LookupDefineClass__
[0.085s][info][class,load] org.apache.commons.logging.LogFactory$$Lambda/0x00000f000105e328 source: org.apache.commons.logging.LogFactory
[0.085s][info][class,load] org.apache.commons.logging.impl.WeakHashtable source: jar:nested:/Users/kibong_home/Desktop/development/blog/build/libs/blog-0.0.1-SNAPSHOT.jar/!BOOT-INF/lib/commons-logging-1.3.6.jar!/
[0.085s][info][class,load] org.apache.commons.logging.LogFactory$$Lambda/0x00000f000105e930 source: org.apache.commons.logging.LogFactory
[0.086s][info][class,load] org.apache.commons.logging.impl.WeakHashtable$Referenced source: jar:nested:/Users/kibong_home/Desktop/development/blog/build/libs/blog-0.0.1-SNAPSHOT.jar/!BOOT-INF/lib/commons-logging-1.3.6.jar!/
[0.086s][info][class,load] org.apache.commons.logging.impl.WeakHashtable$WeakKey source: jar:nested:/Users/kibong_home/Desktop/development/blog/build/libs/blog-0.0.1-SNAPSHOT.jar/!BOOT-INF/lib/commons-logging-1.3.6.jar!/
[0.086s][info][class,load] org.apache.commons.logging.LogFactory$$Lambda/0x00000f000105efd0 source: org.apache.commons.logging.LogFactory
[0.086s][info][class,load] org.springframework.boot.loader.net.protocol.jar.JarUrlClassLoader$OptimizedEnumeration source: file:/Users/kibong_home/Desktop/development/blog/build/libs/blog-0.0.1-SNAPSHOT.jar
[0.086s][info][class,load] java.net.URLClassLoader$1 source: jrt:/java.base
[0.087s][info][class,load] java.net.HttpURLConnection source: jrt:/java.base
[0.087s][info][class,load] org.apache.commons.logging.LogFactory$$Lambda/0x00000f000105f200 source: org.apache.commons.logging.LogFactory
[0.088s][info][class,load] org.apache.commons.logging.LogFactory$$Lambda/0x00000f000105f428 source: org.apache.commons.logging.LogFactory
[0.088s][info][class,load] org.apache.commons.logging.LogFactory$$Lambda/0x00000f000105f650 source: org.apache.commons.logging.LogFactory
[0.089s][info][class,load] org.apache.logging.log4j.spi.Provider source: jar:nested:/Users/kibong_home/Desktop/development/blog/build/libs/blog-0.0.1-SNAPSHOT.jar/!BOOT-INF/lib/log4j-api-2.25.5.jar!/
[0.089s][info][class,load] org.apache.logging.slf4j.SLF4JProvider source: jar:nested:/Users/kibong_home/Desktop/development/blog/build/libs/blog-0.0.1-SNAPSHOT.jar/!BOOT-INF/lib/log4j-to-slf4j-2.25.5.jar!/
[0.089s][info][class,load] org.apache.logging.log4j.spi.LoggerContextFactory source: jar:nested:/Users/kibong_home/Desktop/development/blog/build/libs/blog-0.0.1-SNAPSHOT.jar/!BOOT-INF/lib/log4j-api-2.25.5.jar!/
[0.089s][info][class,load] org.apache.logging.log4j.spi.ThreadContextMap source: jar:nested:/Users/kibong_home/Desktop/development/blog/build/libs/blog-0.0.1-SNAPSHOT.jar/!BOOT-INF/lib/log4j-api-2.25.5.jar!/
[0.089s][info][class,load] org.apache.logging.log4j.Logger source: jar:nested:/Users/kibong_home/Desktop/development/blog/build/libs/blog-0.0.1-SNAPSHOT.jar/!BOOT-INF/lib/log4j-api-2.25.5.jar!/
[0.091s][info][class,load] org.apache.logging.log4j.spi.ExtendedLogger source: jar:nested:/Users/kibong_home/Desktop/development/blog/build/libs/blog-0.0.1-SNAPSHOT.jar/!BOOT-INF/lib/log4j-api-2.25.5.jar!/
[0.091s][info][class,load] org.apache.logging.log4j.spi.LocationAwareLogger source: jar:nested:/Users/kibong_home/Desktop/development/blog/build/libs/blog-0.0.1-SNAPSHOT.jar/!BOOT-INF/lib/log4j-api-2.25.5.jar!/
[0.091s][info][class,load] org.apache.logging.log4j.spi.AbstractLogger source: jar:nested:/Users/kibong_home/Desktop/development/blog/build/libs/blog-0.0.1-SNAPSHOT.jar/!BOOT-INF/lib/log4j-api-2.25.5.jar!/
[0.091s][info][class,load] org.apache.logging.log4j.status.StatusLogger source: jar:nested:/Users/kibong_home/Desktop/development/blog/build/libs/blog-0.0.1-SNAPSHOT.jar/!BOOT-INF/lib/log4j-api-2.25.5.jar!/
[0.092s][info][class,load] org.apache.logging.log4j.LogBuilder source: jar:nested:/Users/kibong_home/Desktop/development/blog/build/libs/blog-0.0.1-SNAPSHOT.jar/!BOOT-INF/lib/log4j-api-2.25.5.jar!/
[0.092s][info][class,load] org.apache.logging.log4j.message.MessageFactory source: jar:nested:/Users/kibong_home/Desktop/development/blog/build/libs/blog-0.0.1-SNAPSHOT.jar/!BOOT-INF/lib/log4j-api-2.25.5.jar!/
[0.092s][info][class,load] org.apache.logging.log4j.message.MessageFactory2 source: jar:nested:/Users/kibong_home/Desktop/development/blog/build/libs/blog-0.0.1-SNAPSHOT.jar/!BOOT-INF/lib/log4j-api-2.25.5.jar!/
[0.092s][info][class,load] org.apache.logging.log4j.LoggingException source: jar:nested:/Users/kibong_home/Desktop/development/blog/build/libs/blog-0.0.1-SNAPSHOT.jar/!BOOT-INF/lib/log4j-api-2.25.5.jar!/
[0.092s][info][class,load] org.apache.logging.log4j.message.Message source: jar:nested:/Users/kibong_home/Desktop/development/blog/build/libs/blog-0.0.1-SNAPSHOT.jar/!BOOT-INF/lib/log4j-api-2.25.5.jar!/
[0.093s][info][class,load] org.apache.logging.log4j.status.StatusListener source: jar:nested:/Users/kibong_home/Desktop/development/blog/build/libs/blog-0.0.1-SNAPSHOT.jar/!BOOT-INF/lib/log4j-api-2.25.5.jar!/
[0.093s][info][class,load] java.util.concurrent.locks.ReadWriteLock source: jrt:/java.base
[0.093s][info][class,load] org.apache.logging.log4j.MarkerManager source: jar:nested:/Users/kibong_home/Desktop/development/blog/build/libs/blog-0.0.1-SNAPSHOT.jar/!BOOT-INF/lib/log4j-api-2.25.5.jar!/
[0.093s][info][class,load] org.apache.logging.log4j.Marker source: jar:nested:/Users/kibong_home/Desktop/development/blog/build/libs/blog-0.0.1-SNAPSHOT.jar/!BOOT-INF/lib/log4j-api-2.25.5.jar!/
[0.093s][info][class,load] org.apache.logging.log4j.util.StringBuilderFormattable source: jar:nested:/Users/kibong_home/Desktop/development/blog/build/libs/blog-0.0.1-SNAPSHOT.jar/!BOOT-INF/lib/log4j-api-2.25.5.jar!/
[0.093s][info][class,load] org.apache.logging.log4j.MarkerManager$Log4jMarker source: jar:nested:/Users/kibong_home/Desktop/development/blog/build/libs/blog-0.0.1-SNAPSHOT.jar/!BOOT-INF/lib/log4j-api-2.25.5.jar!/
[0.094s][info][class,load] org.apache.logging.log4j.MarkerManager$$Lambda/0x00000f000106bf40 source: org.apache.logging.log4j.MarkerManager
[0.094s][info][class,load] org.apache.logging.log4j.message.AbstractMessageFactory source: jar:nested:/Users/kibong_home/Desktop/development/blog/build/libs/blog-0.0.1-SNAPSHOT.jar/!BOOT-INF/lib/log4j-api-2.25.5.jar!/
[0.094s][info][class,load] org.apache.logging.log4j.message.ParameterizedMessageFactory source: jar:nested:/Users/kibong_home/Desktop/development/blog/build/libs/blog-0.0.1-SNAPSHOT.jar/!BOOT-INF/lib/log4j-api-2.25.5.jar!/
[0.094s][info][class,load] org.apache.logging.log4j.message.FlowMessageFactory source: jar:nested:/Users/kibong_home/Desktop/development/blog/build/libs/blog-0.0.1-SNAPSHOT.jar/!BOOT-INF/lib/log4j-api-2.25.5.jar!/
[0.094s][info][class,load] org.apache.logging.log4j.message.DefaultFlowMessageFactory source: jar:nested:/Users/kibong_home/Desktop/development/blog/build/libs/blog-0.0.1-SNAPSHOT.jar/!BOOT-INF/lib/log4j-api-2.25.5.jar!/
[0.095s][info][class,load] org.apache.logging.log4j.BridgeAware source: jar:nested:/Users/kibong_home/Desktop/development/blog/build/libs/blog-0.0.1-SNAPSHOT.jar/!BOOT-INF/lib/log4j-api-2.25.5.jar!/
[0.095s][info][class,load] org.apache.logging.log4j.internal.DefaultLogBuilder source: jar:nested:/Users/kibong_home/Desktop/development/blog/build/libs/blog-0.0.1-SNAPSHOT.jar/!BOOT-INF/lib/log4j-api-2.25.5.jar!/
[0.095s][info][class,load] org.apache.logging.log4j.spi.AbstractLogger$$Lambda/0x00000f000106d4a0 source: org.apache.logging.log4j.spi.AbstractLogger
[0.095s][info][class,load] java.lang.ThreadLocal$SuppliedThreadLocal source: jrt:/java.base
[0.095s][info][class,load] org.apache.logging.log4j.Level source: jar:nested:/Users/kibong_home/Desktop/development/blog/build/libs/blog-0.0.1-SNAPSHOT.jar/!BOOT-INF/lib/log4j-api-2.25.5.jar!/
[0.095s][info][class,load] java.lang.CloneNotSupportedException source: jrt:/java.base
[0.095s][info][class,load] org.apache.logging.log4j.spi.StandardLevel source: jar:nested:/Users/kibong_home/Desktop/development/blog/build/libs/blog-0.0.1-SNAPSHOT.jar/!BOOT-INF/lib/log4j-api-2.25.5.jar!/
[0.095s][info][class,load] org.apache.logging.log4j.util.Strings source: jar:nested:/Users/kibong_home/Desktop/development/blog/build/libs/blog-0.0.1-SNAPSHOT.jar/!BOOT-INF/lib/log4j-api-2.25.5.jar!/
[0.096s][info][class,load] org.apache.logging.log4j.util.Strings$$Lambda/0x00000f000106e158 source: org.apache.logging.log4j.util.Strings
[0.096s][info][class,load] java.util.RegularEnumSet$EnumSetIterator source: jrt:/java.base
[0.096s][info][class,load] org.apache.logging.log4j.status.StatusLogger$InstanceHolder source: jar:nested:/Users/kibong_home/Desktop/development/blog/build/libs/blog-0.0.1-SNAPSHOT.jar/!BOOT-INF/lib/log4j-api-2.25.5.jar!/
[0.096s][info][class,load] org.apache.logging.log4j.message.ParameterizedNoReferenceMessageFactory source: jar:nested:/Users/kibong_home/Desktop/development/blog/build/libs/blog-0.0.1-SNAPSHOT.jar/!BOOT-INF/lib/log4j-api-2.25.5.jar!/
[0.096s][info][class,load] org.apache.logging.log4j.status.StatusLogger$Config source: jar:nested:/Users/kibong_home/Desktop/development/blog/build/libs/blog-0.0.1-SNAPSHOT.jar/!BOOT-INF/lib/log4j-api-2.25.5.jar!/
[0.096s][info][class,load] org.apache.logging.log4j.status.StatusLogger$PropertiesUtilsDouble source: jar:nested:/Users/kibong_home/Desktop/development/blog/build/libs/blog-0.0.1-SNAPSHOT.jar/!BOOT-INF/lib/log4j-api-2.25.5.jar!/
[0.096s][info][class,load] java.lang.ProcessEnvironment source: jrt:/java.base
[0.096s][info][class,load] java.lang.ProcessEnvironment$ExternalData source: jrt:/java.base
[0.096s][info][class,load] java.lang.ProcessEnvironment$Variable source: jrt:/java.base
[0.096s][info][class,load] java.lang.Process source: jrt:/java.base
[0.096s][info][class,load] java.lang.ProcessImpl source: jrt:/java.base
[0.096s][info][class,load] java.lang.ProcessImpl$LaunchMechanism source: jrt:/java.base
[0.096s][info][class,load] java.lang.ProcessEnvironment$Value source: jrt:/java.base
[0.096s][info][class,load] java.lang.ProcessEnvironment$StringEnvironment source: jrt:/java.base
[0.097s][info][class,load] java.util.Collections$UnmodifiableMap$UnmodifiableEntrySet source: jrt:/java.base
[0.097s][info][class,load] java.lang.ProcessEnvironment$StringEntrySet source: jrt:/java.base
[0.097s][info][class,load] java.util.Collections$UnmodifiableMap$UnmodifiableEntrySet$1 source: jrt:/java.base
[0.097s][info][class,load] java.lang.ProcessEnvironment$StringEntrySet$1 source: jrt:/java.base
[0.097s][info][class,load] java.util.Collections$UnmodifiableMap$UnmodifiableEntrySet$UnmodifiableEntry source: jrt:/java.base
[0.097s][info][class,load] java.lang.ProcessEnvironment$StringEntry source: jrt:/java.base
[0.097s][info][class,load] java.lang.invoke.LambdaForm$DMH/0x00000f0001060400 source: __JVM_LookupDefineClass__
[0.097s][info][class,load] org.apache.logging.log4j.status.StatusLogger$PropertiesUtilsDouble$$Lambda/0x00000f000106ecc8 source: org.apache.logging.log4j.status.StatusLogger$PropertiesUtilsDouble
[0.097s][info][class,load] java.util.regex.Pattern$SliceI source: jrt:/java.base
[0.097s][info][class,load] java.util.regex.Pattern$$Lambda/0x00000f0001013198 source: java.util.regex.Pattern
[0.097s][info][class,load] java.util.regex.MatchResult source: shared objects file
[0.097s][info][class,load] java.util.regex.Matcher source: shared objects file
[0.097s][info][class,load] java.util.regex.IntHashSet source: shared objects file
[0.098s][info][class,load] java.lang.StringUTF16 source: shared objects file
[0.098s][info][class,load] java.util.regex.CharPredicates source: shared objects file
[0.098s][info][class,load] java.lang.Character$Subset source: jrt:/java.base
[0.098s][info][class,load] java.lang.Character$UnicodeBlock source: jrt:/java.base
[0.099s][info][class,load] java.util.regex.CharPredicates$$Lambda/0x00000f0001013e30 source: java.util.regex.CharPredicates
[0.099s][info][class,load] java.util.regex.Pattern$$Lambda/0x80000002f source: shared objects file
[0.099s][info][class,load] java.util.regex.Pattern$StartS source: shared objects file
[0.099s][info][class,load] org.apache.logging.log4j.status.StatusConsoleListener source: jar:nested:/Users/kibong_home/Desktop/development/blog/build/libs/blog-0.0.1-SNAPSHOT.jar/!BOOT-INF/lib/log4j-api-2.25.5.jar!/
[0.099s][info][class,load] org.apache.logging.log4j.message.FlowMessage source: jar:nested:/Users/kibong_home/Desktop/development/blog/build/libs/blog-0.0.1-SNAPSHOT.jar/!BOOT-INF/lib/log4j-api-2.25.5.jar!/
[0.099s][info][class,load] org.apache.logging.log4j.message.EntryMessage source: jar:nested:/Users/kibong_home/Desktop/development/blog/build/libs/blog-0.0.1-SNAPSHOT.jar/!BOOT-INF/lib/log4j-api-2.25.5.jar!/
[0.100s][info][class,load] org.apache.logging.log4j.message.ExitMessage source: jar:nested:/Users/kibong_home/Desktop/development/blog/build/libs/blog-0.0.1-SNAPSHOT.jar/!BOOT-INF/lib/log4j-api-2.25.5.jar!/
[0.100s][info][class,load] java.util.concurrent.locks.ReentrantReadWriteLock source: jrt:/java.base
[0.100s][info][class,load] java.util.concurrent.locks.AbstractQueuedLongSynchronizer source: jrt:/java.base
[0.100s][info][class,load] java.util.concurrent.locks.ReentrantReadWriteLock$Sync source: jrt:/java.base
[0.100s][info][class,load] java.util.concurrent.locks.ReentrantReadWriteLock$NonfairSync source: jrt:/java.base
[0.100s][info][class,load] java.util.concurrent.locks.ReentrantReadWriteLock$Sync$ThreadLocalHoldCounter source: jrt:/java.base
[0.100s][info][class,load] java.util.concurrent.locks.ReentrantReadWriteLock$ReadLock source: jrt:/java.base
[0.100s][info][class,load] java.util.concurrent.locks.ReentrantReadWriteLock$WriteLock source: jrt:/java.base
[0.100s][info][class,load] java.util.AbstractQueue source: jrt:/java.base
[0.100s][info][class,load] java.util.concurrent.ConcurrentLinkedQueue source: jrt:/java.base
[0.100s][info][class,load] java.util.concurrent.ConcurrentLinkedQueue$Node source: jrt:/java.base
[0.100s][info][class,load] java.lang.invoke.VarHandleReferences$FieldInstanceReadOnly source: shared objects file
[0.100s][info][class,load] java.lang.invoke.VarHandleReferences$FieldInstanceReadWrite source: shared objects file
[0.100s][info][class,load] org.apache.logging.slf4j.SLF4JLoggerContextFactory source: jar:nested:/Users/kibong_home/Desktop/development/blog/build/libs/blog-0.0.1-SNAPSHOT.jar/!BOOT-INF/lib/log4j-to-slf4j-2.25.5.jar!/
[0.100s][info][class,load] org.apache.logging.log4j.spi.LoggerContext source: jar:nested:/Users/kibong_home/Desktop/development/blog/build/libs/blog-0.0.1-SNAPSHOT.jar/!BOOT-INF/lib/log4j-api-2.25.5.jar!/
[0.100s][info][class,load] org.apache.logging.slf4j.SLF4JLoggerContext source: jar:nested:/Users/kibong_home/Desktop/development/blog/build/libs/blog-0.0.1-SNAPSHOT.jar/!BOOT-INF/lib/log4j-to-slf4j-2.25.5.jar!/
[0.100s][info][class,load] org.apache.logging.log4j.spi.LoggerRegistry source: jar:nested:/Users/kibong_home/Desktop/development/blog/build/libs/blog-0.0.1-SNAPSHOT.jar/!BOOT-INF/lib/log4j-api-2.25.5.jar!/
[0.101s][info][class,load] org.apache.logging.log4j.util.LoaderUtil source: jar:nested:/Users/kibong_home/Desktop/development/blog/build/libs/blog-0.0.1-SNAPSHOT.jar/!BOOT-INF/lib/log4j-api-2.25.5.jar!/
[0.101s][info][class,load] java.lang.reflect.InvocationTargetException source: jrt:/java.base
[0.101s][info][class,load] java.lang.InstantiationException source: jrt:/java.base
[0.101s][info][class,load] java.lang.IllegalAccessException source: jrt:/java.base
[0.101s][info][class,load] org.apache.logging.log4j.util.InternalException source: jar:nested:/Users/kibong_home/Desktop/development/blog/build/libs/blog-0.0.1-SNAPSHOT.jar/!BOOT-INF/lib/log4j-api-2.25.5.jar!/
[0.101s][info][class,load] java.lang.InstantiationError source: jrt:/java.base
[0.101s][info][class,load] java.lang.IllegalAccessError source: jrt:/java.base
[0.101s][info][class,load] java.security.BasicPermission source: jrt:/java.base
[0.101s][info][class,load] java.lang.RuntimePermission source: jrt:/java.base
[0.101s][info][class,load] java.util.function.BooleanSupplier source: jrt:/java.base
[0.101s][info][class,load] org.apache.logging.log4j.util.LazyBoolean source: jar:nested:/Users/kibong_home/Desktop/development/blog/build/libs/blog-0.0.1-SNAPSHOT.jar/!BOOT-INF/lib/log4j-api-2.25.5.jar!/
[0.101s][info][class,load] java.lang.invoke.LambdaForm$DMH/0x00000f0001060800 source: __JVM_LookupDefineClass__
[0.102s][info][class,load] java.lang.invoke.LambdaForm$DMH/0x00000f0001060c00 source: __JVM_LookupDefineClass__
[0.102s][info][class,load] org.apache.logging.log4j.util.LoaderUtil$$Lambda/0x00000f0001062b18 source: org.apache.logging.log4j.util.LoaderUtil
[0.102s][info][class,load] org.apache.logging.log4j.util.LoaderUtil$ThreadContextClassLoaderGetter source: jar:nested:/Users/kibong_home/Desktop/development/blog/build/libs/blog-0.0.1-SNAPSHOT.jar/!BOOT-INF/lib/log4j-api-2.25.5.jar!/
[0.102s][info][class,load] org.apache.logging.log4j.util.PropertiesUtil source: jar:nested:/Users/kibong_home/Desktop/development/blog/build/libs/blog-0.0.1-SNAPSHOT.jar/!BOOT-INF/lib/log4j-api-2.25.5.jar!/
[0.102s][info][class,load] org.apache.logging.log4j.util.PropertySource source: jar:nested:/Users/kibong_home/Desktop/development/blog/build/libs/blog-0.0.1-SNAPSHOT.jar/!BOOT-INF/lib/log4j-api-2.25.5.jar!/
[0.103s][info][class,load] org.apache.logging.log4j.util.PropertiesUtil$$Lambda/0x00000f0001063398 source: org.apache.logging.log4j.util.PropertiesUtil
[0.103s][info][class,load] org.apache.logging.log4j.util.Lazy source: jar:nested:/Users/kibong_home/Desktop/development/blog/build/libs/blog-0.0.1-SNAPSHOT.jar/!BOOT-INF/lib/log4j-api-2.25.5.jar!/
[0.103s][info][class,load] org.apache.logging.log4j.util.LazyUtil$SafeLazy source: jar:nested:/Users/kibong_home/Desktop/development/blog/build/libs/blog-0.0.1-SNAPSHOT.jar/!BOOT-INF/lib/log4j-api-2.25.5.jar!/
[0.103s][info][class,load] java.util.regex.Pattern$GroupTail source: shared objects file
[0.103s][info][class,load] java.util.regex.Pattern$Ques source: shared objects file
[0.103s][info][class,load] java.util.regex.CharPredicates$$Lambda/0x800000024 source: shared objects file
[0.103s][info][class,load] java.util.regex.CharPredicates$$Lambda/0x800000025 source: shared objects file
[0.103s][info][class,load] java.util.regex.CharPredicates$$Lambda/0x00000f0001016f40 source: java.util.regex.CharPredicates
[0.103s][info][class,load] java.util.regex.Pattern$BranchConn source: shared objects file
[0.103s][info][class,load] java.util.regex.Pattern$Branch source: shared objects file
[0.103s][info][class,load] org.apache.logging.log4j.util.PropertiesPropertySource source: jar:nested:/Users/kibong_home/Desktop/development/blog/build/libs/blog-0.0.1-SNAPSHOT.jar/!BOOT-INF/lib/log4j-api-2.25.5.jar!/
[0.103s][info][class,load] org.apache.logging.log4j.util.PropertyFilePropertySource source: jar:nested:/Users/kibong_home/Desktop/development/blog/build/libs/blog-0.0.1-SNAPSHOT.jar/!BOOT-INF/lib/log4j-api-2.25.5.jar!/
[0.104s][info][class,load] java.util.LinkedHashMap$LinkedKeySet source: jrt:/java.base
[0.104s][info][class,load] java.util.LinkedHashMap$LinkedKeyIterator source: jrt:/java.base
[0.104s][info][class,load] org.apache.logging.log4j.util.PropertiesUtil$Environment source: jar:nested:/Users/kibong_home/Desktop/development/blog/build/libs/blog-0.0.1-SNAPSHOT.jar/!BOOT-INF/lib/log4j-api-2.25.5.jar!/
[0.104s][info][class,load] org.apache.logging.log4j.util.BiConsumer source: jar:nested:/Users/kibong_home/Desktop/development/blog/build/libs/blog-0.0.1-SNAPSHOT.jar/!BOOT-INF/lib/log4j-api-2.25.5.jar!/
[0.104s][info][class,load] java.lang.invoke.LambdaForm$DMH/0x00000f0001070000 source: __JVM_LookupDefineClass__
[0.105s][info][class,load] org.apache.logging.log4j.util.PropertiesUtil$Environment$$Lambda/0x00000f0001061420 source: org.apache.logging.log4j.util.PropertiesUtil$Environment
[0.105s][info][class,load] java.util.Properties$EntrySet source: shared objects file
[0.105s][info][class,load] java.util.concurrent.ConcurrentHashMap$EntrySetView source: shared objects file
[0.105s][info][class,load] java.util.Collections$SynchronizedCollection source: shared objects file
[0.105s][info][class,load] java.util.Collections$SynchronizedSet source: shared objects file
[0.105s][info][class,load] java.util.concurrent.ConcurrentHashMap$EntryIterator source: shared objects file
[0.105s][info][class,load] org.apache.logging.log4j.util.ServiceLoaderUtil source: jar:nested:/Users/kibong_home/Desktop/development/blog/build/libs/blog-0.0.1-SNAPSHOT.jar/!BOOT-INF/lib/log4j-api-2.25.5.jar!/
[0.105s][info][class,load] org.apache.logging.log4j.util.ServiceLoaderUtil$ServiceLoaderSpliterator source: jar:nested:/Users/kibong_home/Desktop/development/blog/build/libs/blog-0.0.1-SNAPSHOT.jar/!BOOT-INF/lib/log4j-api-2.25.5.jar!/
[0.105s][info][class,load] org.apache.logging.log4j.util.StackLocatorUtil source: jar:nested:/Users/kibong_home/Desktop/development/blog/build/libs/blog-0.0.1-SNAPSHOT.jar/!BOOT-INF/lib/log4j-api-2.25.5.jar!/
[0.105s][info][class,load] java.util.NoSuchElementException source: jrt:/java.base
[0.106s][info][class,load] org.apache.logging.log4j.util.StackLocator source: jar:nested:/Users/kibong_home/Desktop/development/blog/build/libs/blog-0.0.1-SNAPSHOT.jar/!BOOT-INF/lib/log4j-api-2.25.5.jar!/
[0.106s][info][class,load] java.lang.StackWalker$Option source: jrt:/java.base
[0.106s][info][class,load] java.lang.invoke.LambdaForm$DMH/0x00000f0001070400 source: __JVM_LookupDefineClass__
[0.106s][info][class,load] org.apache.logging.log4j.util.StackLocator$$Lambda/0x00000f0001074000 source: org.apache.logging.log4j.util.StackLocator
[0.106s][info][class,load] java.lang.StackStreamFactory source: jrt:/java.base
[0.106s][info][class,load] java.lang.StackWalker$ExtendedOption source: jrt:/java.base
[0.106s][info][class,load] java.lang.StackStreamFactory$StackFrameTraverser source: jrt:/java.base
[0.106s][info][class,load] java.lang.StackStreamFactory$WalkerState source: jrt:/java.base
[0.106s][info][class,load] java.lang.StackStreamFactory$FrameBuffer source: jrt:/java.base
[0.106s][info][class,load] java.lang.StackStreamFactory$StackFrameBuffer source: jrt:/java.base
[0.107s][info][class,load] java.lang.invoke.LambdaForm$MH/0x00000f0001070800 source: __JVM_LookupDefineClass__
[0.107s][info][class,load] java.util.stream.SliceOps source: jrt:/java.base
[0.107s][info][class,load] java.util.stream.ReferencePipeline$StatefulOp source: shared objects file
[0.107s][info][class,load] java.util.stream.SliceOps$1 source: jrt:/java.base
[0.107s][info][class,load] java.util.stream.FindOps source: shared objects file
[0.107s][info][class,load] java.util.stream.FindOps$FindSink source: shared objects file
[0.107s][info][class,load] java.util.stream.FindOps$FindSink$OfRef source: shared objects file
[0.107s][info][class,load] java.util.stream.FindOps$FindSink$OfRef$$Lambda/0x800000049 source: shared objects file
[0.107s][info][class,load] java.util.stream.FindOps$FindSink$OfRef$$Lambda/0x800000048 source: shared objects file
[0.107s][info][class,load] java.util.stream.FindOps$FindOp source: shared objects file
[0.107s][info][class,load] java.util.stream.SliceOps$1$1 source: jrt:/java.base
[0.107s][info][class,load] java.lang.invoke.LambdaForm$DMH/0x00000f0001070c00 source: __JVM_LookupDefineClass__
[0.107s][info][class,load] org.apache.logging.log4j.util.StackLocator$$Lambda/0x00000f0001074248 source: org.apache.logging.log4j.util.StackLocator
[0.107s][info][class,load] org.apache.logging.log4j.util.OsgiServiceLocator source: jar:nested:/Users/kibong_home/Desktop/development/blog/build/libs/blog-0.0.1-SNAPSHOT.jar/!BOOT-INF/lib/log4j-api-2.25.5.jar!/
[0.108s][info][class,load] org.apache.logging.log4j.util.ServiceLoaderUtil$$Lambda/0x00000f00010746a0 source: org.apache.logging.log4j.util.ServiceLoaderUtil
[0.108s][info][class,load] org.apache.logging.log4j.util.PropertiesUtil$Environment$$Lambda/0x00000f0001074900 source: org.apache.logging.log4j.util.PropertiesUtil$Environment
[0.108s][info][class,load] java.util.stream.ForEachOps source: shared objects file
[0.108s][info][class,load] java.util.stream.ForEachOps$ForEachOp source: shared objects file
[0.108s][info][class,load] java.util.stream.ForEachOps$ForEachOp$OfRef source: shared objects file
[0.108s][info][class,load] java.lang.Readable source: shared objects file
[0.108s][info][class,load] java.io.Reader source: jrt:/java.base
[0.108s][info][class,load] java.io.BufferedReader source: jrt:/java.base
[0.108s][info][class,load] java.io.InputStreamReader source: jrt:/java.base
[0.108s][info][class,load] sun.nio.cs.StreamDecoder source: jrt:/java.base
[0.109s][info][class,load] java.nio.charset.CharsetDecoder source: jrt:/java.base
[0.109s][info][class,load] sun.nio.cs.UTF_8$Decoder source: jrt:/java.base
[0.109s][info][class,load] java.nio.CharBuffer source: shared objects file
[0.109s][info][class,load] java.nio.HeapCharBuffer source: shared objects file
[0.109s][info][class,load] java.nio.charset.CoderResult source: shared objects file
[0.109s][info][class,load] java.lang.invoke.LambdaForm$DMH/0x00000f0001071000 source: __JVM_LookupDefineClass__
[0.109s][info][class,load] org.springframework.boot.loader.jar.NestedJarFileResources$$Lambda/0x00000f0001056780 source: org.springframework.boot.loader.jar.NestedJarFileResources
[0.109s][info][class,load] org.springframework.boot.logging.log4j2.SpringBootPropertySource source: jar:nested:/Users/kibong_home/Desktop/development/blog/build/libs/blog-0.0.1-SNAPSHOT.jar/!BOOT-INF/lib/spring-boot-4.1.1.jar!/
[0.109s][info][class,load] java.util.ServiceLoader$Provider source: shared objects file
[0.109s][info][class,load] java.util.ServiceLoader$ProviderImpl source: shared objects file
[0.110s][info][class,load] org.apache.logging.log4j.util.EnvironmentPropertySource source: jar:nested:/Users/kibong_home/Desktop/development/blog/build/libs/blog-0.0.1-SNAPSHOT.jar/!BOOT-INF/lib/log4j-api-2.25.5.jar!/
[0.110s][info][class,load] org.apache.logging.log4j.util.SystemPropertiesPropertySource source: jar:nested:/Users/kibong_home/Desktop/development/blog/build/libs/blog-0.0.1-SNAPSHOT.jar/!BOOT-INF/lib/log4j-api-2.25.5.jar!/
[0.110s][info][class,load] org.apache.logging.log4j.util.LazyUtil source: jar:nested:/Users/kibong_home/Desktop/development/blog/build/libs/blog-0.0.1-SNAPSHOT.jar/!BOOT-INF/lib/log4j-api-2.25.5.jar!/
[0.110s][info][class,load] org.apache.logging.log4j.util.LazyUtil$1 source: jar:nested:/Users/kibong_home/Desktop/development/blog/build/libs/blog-0.0.1-SNAPSHOT.jar/!BOOT-INF/lib/log4j-api-2.25.5.jar!/
[0.110s][info][class,load] org.apache.logging.log4j.util.Cast source: jar:nested:/Users/kibong_home/Desktop/development/blog/build/libs/blog-0.0.1-SNAPSHOT.jar/!BOOT-INF/lib/log4j-api-2.25.5.jar!/
[0.110s][info][class,load] org.apache.logging.log4j.util.PropertySource$Util source: jar:nested:/Users/kibong_home/Desktop/development/blog/build/libs/blog-0.0.1-SNAPSHOT.jar/!BOOT-INF/lib/log4j-api-2.25.5.jar!/
[0.110s][info][class,load] java.util.regex.Pattern$Pos source: jrt:/java.base
[0.110s][info][class,load] java.util.regex.Pattern$$Lambda/0x800000028 source: shared objects file
[0.110s][info][class,load] java.util.regex.Pattern$$Lambda/0x800000030 source: shared objects file
[0.111s][info][class,load] java.util.concurrent.ConcurrentHashMap$KeySpliterator source: jrt:/java.base
[0.111s][info][class,load] org.apache.logging.log4j.util.PropertySource$Comparator source: jar:nested:/Users/kibong_home/Desktop/development/blog/build/libs/blog-0.0.1-SNAPSHOT.jar/!BOOT-INF/lib/log4j-api-2.25.5.jar!/
[0.111s][info][class,load] java.util.stream.SortedOps source: jrt:/java.base
[0.111s][info][class,load] java.util.stream.SortedOps$OfRef source: jrt:/java.base
[0.111s][info][class,load] java.lang.invoke.DirectMethodHandle$Special source: jrt:/java.base
[0.111s][info][class,load] org.apache.logging.log4j.util.PropertiesUtil$Environment$$Lambda/0x00000f0001075db8 source: org.apache.logging.log4j.util.PropertiesUtil$Environment
[0.111s][info][class,load] org.apache.logging.log4j.util.PropertiesUtil$Environment$$Lambda/0x00000f0001076008 source: org.apache.logging.log4j.util.PropertiesUtil$Environment
[0.111s][info][class,load] java.util.stream.SortedOps$AbstractRefSortingSink source: jrt:/java.base
[0.111s][info][class,load] java.util.stream.SortedOps$RefSortingSink source: jrt:/java.base
[0.112s][info][class,load] org.apache.logging.log4j.spi.ThreadContextMap2 source: jar:nested:/Users/kibong_home/Desktop/development/blog/build/libs/blog-0.0.1-SNAPSHOT.jar/!BOOT-INF/lib/log4j-api-2.25.5.jar!/
[0.112s][info][class,load] org.apache.logging.log4j.spi.CleanableThreadContextMap source: jar:nested:/Users/kibong_home/Desktop/development/blog/build/libs/blog-0.0.1-SNAPSHOT.jar/!BOOT-INF/lib/log4j-api-2.25.5.jar!/
[0.112s][info][class,load] org.apache.logging.slf4j.MDCContextMap source: jar:nested:/Users/kibong_home/Desktop/development/blog/build/libs/blog-0.0.1-SNAPSHOT.jar/!BOOT-INF/lib/log4j-to-slf4j-2.25.5.jar!/
[0.112s][info][class,load] org.apache.logging.log4j.util.ReadOnlyStringMap source: jar:nested:/Users/kibong_home/Desktop/development/blog/build/libs/blog-0.0.1-SNAPSHOT.jar/!BOOT-INF/lib/log4j-api-2.25.5.jar!/
[0.112s][info][class,load] org.apache.logging.log4j.util.StringMap source: jar:nested:/Users/kibong_home/Desktop/development/blog/build/libs/blog-0.0.1-SNAPSHOT.jar/!BOOT-INF/lib/log4j-api-2.25.5.jar!/
[0.112s][info][class,load] org.apache.logging.log4j.util.IndexedReadOnlyStringMap source: jar:nested:/Users/kibong_home/Desktop/development/blog/build/libs/blog-0.0.1-SNAPSHOT.jar/!BOOT-INF/lib/log4j-api-2.25.5.jar!/
[0.112s][info][class,load] org.apache.logging.log4j.util.IndexedStringMap source: jar:nested:/Users/kibong_home/Desktop/development/blog/build/libs/blog-0.0.1-SNAPSHOT.jar/!BOOT-INF/lib/log4j-api-2.25.5.jar!/
[0.112s][info][class,load] org.apache.logging.log4j.util.SortedArrayStringMap source: jar:nested:/Users/kibong_home/Desktop/development/blog/build/libs/blog-0.0.1-SNAPSHOT.jar/!BOOT-INF/lib/log4j-api-2.25.5.jar!/
[0.112s][info][class,load] java.util.ConcurrentModificationException source: jrt:/java.base
[0.112s][info][class,load] java.io.ObjectStreamException source: jrt:/java.base
[0.112s][info][class,load] java.io.InvalidObjectException source: jrt:/java.base
[0.113s][info][class,load] org.apache.logging.log4j.util.TriConsumer source: jar:nested:/Users/kibong_home/Desktop/development/blog/build/libs/blog-0.0.1-SNAPSHOT.jar/!BOOT-INF/lib/log4j-api-2.25.5.jar!/
[0.113s][info][class,load] java.lang.invoke.LambdaForm$DMH/0x00000f0001071400 source: __JVM_LookupDefineClass__
[0.113s][info][class,load] org.apache.logging.log4j.util.SortedArrayStringMap$$Lambda/0x00000f00010776f0 source: org.apache.logging.log4j.util.SortedArrayStringMap
[0.113s][info][class,load] org.apache.commons.logging.impl.Slf4jLogFactory source: jar:nested:/Users/kibong_home/Desktop/development/blog/build/libs/blog-0.0.1-SNAPSHOT.jar/!BOOT-INF/lib/commons-logging-1.3.6.jar!/
[0.113s][info][class,load] org.apache.commons.logging.Log source: jar:nested:/Users/kibong_home/Desktop/development/blog/build/libs/blog-0.0.1-SNAPSHOT.jar/!BOOT-INF/lib/commons-logging-1.3.6.jar!/
[0.113s][info][class,load] org.slf4j.MarkerFactory source: jar:nested:/Users/kibong_home/Desktop/development/blog/build/libs/blog-0.0.1-SNAPSHOT.jar/!BOOT-INF/lib/slf4j-api-2.0.18.jar!/
[0.113s][info][class,load] org.slf4j.IMarkerFactory source: jar:nested:/Users/kibong_home/Desktop/development/blog/build/libs/blog-0.0.1-SNAPSHOT.jar/!BOOT-INF/lib/slf4j-api-2.0.18.jar!/
[0.114s][info][class,load] org.slf4j.LoggerFactory source: jar:nested:/Users/kibong_home/Desktop/development/blog/build/libs/blog-0.0.1-SNAPSHOT.jar/!BOOT-INF/lib/slf4j-api-2.0.18.jar!/
[0.114s][info][class,load] org.slf4j.event.LoggingEvent source: jar:nested:/Users/kibong_home/Desktop/development/blog/build/libs/blog-0.0.1-SNAPSHOT.jar/!BOOT-INF/lib/slf4j-api-2.0.18.jar!/
[0.114s][info][class,load] org.slf4j.spi.SLF4JServiceProvider source: jar:nested:/Users/kibong_home/Desktop/development/blog/build/libs/blog-0.0.1-SNAPSHOT.jar/!BOOT-INF/lib/slf4j-api-2.0.18.jar!/
[0.114s][info][class,load] org.slf4j.helpers.SubstituteServiceProvider source: jar:nested:/Users/kibong_home/Desktop/development/blog/build/libs/blog-0.0.1-SNAPSHOT.jar/!BOOT-INF/lib/slf4j-api-2.0.18.jar!/
[0.114s][info][class,load] org.slf4j.ILoggerFactory source: jar:nested:/Users/kibong_home/Desktop/development/blog/build/libs/blog-0.0.1-SNAPSHOT.jar/!BOOT-INF/lib/slf4j-api-2.0.18.jar!/
[0.114s][info][class,load] org.slf4j.spi.MDCAdapter source: jar:nested:/Users/kibong_home/Desktop/development/blog/build/libs/blog-0.0.1-SNAPSHOT.jar/!BOOT-INF/lib/slf4j-api-2.0.18.jar!/
[0.114s][info][class,load] org.slf4j.helpers.SubstituteLoggerFactory source: jar:nested:/Users/kibong_home/Desktop/development/blog/build/libs/blog-0.0.1-SNAPSHOT.jar/!BOOT-INF/lib/slf4j-api-2.0.18.jar!/
[0.114s][info][class,load] org.slf4j.Logger source: jar:nested:/Users/kibong_home/Desktop/development/blog/build/libs/blog-0.0.1-SNAPSHOT.jar/!BOOT-INF/lib/slf4j-api-2.0.18.jar!/
[0.115s][info][class,load] java.util.concurrent.BlockingQueue source: jrt:/java.base
[0.115s][info][class,load] java.util.concurrent.LinkedBlockingQueue source: jrt:/java.base
[0.115s][info][class,load] java.util.concurrent.locks.Condition source: jrt:/java.base
[0.115s][info][class,load] java.util.concurrent.locks.AbstractQueuedSynchronizer$ConditionObject source: jrt:/java.base
[0.115s][info][class,load] java.util.concurrent.LinkedBlockingQueue$Node source: jrt:/java.base
[0.115s][info][class,load] org.slf4j.helpers.BasicMarkerFactory source: jar:nested:/Users/kibong_home/Desktop/development/blog/build/libs/blog-0.0.1-SNAPSHOT.jar/!BOOT-INF/lib/slf4j-api-2.0.18.jar!/
[0.115s][info][class,load] org.slf4j.Marker source: jar:nested:/Users/kibong_home/Desktop/development/blog/build/libs/blog-0.0.1-SNAPSHOT.jar/!BOOT-INF/lib/slf4j-api-2.0.18.jar!/
[0.115s][info][class,load] org.slf4j.helpers.BasicMDCAdapter source: jar:nested:/Users/kibong_home/Desktop/development/blog/build/libs/blog-0.0.1-SNAPSHOT.jar/!BOOT-INF/lib/slf4j-api-2.0.18.jar!/
[0.115s][info][class,load] java.lang.InheritableThreadLocal source: jrt:/java.base
[0.115s][info][class,load] org.slf4j.helpers.BasicMDCAdapter$1 source: jar:nested:/Users/kibong_home/Desktop/development/blog/build/libs/blog-0.0.1-SNAPSHOT.jar/!BOOT-INF/lib/slf4j-api-2.0.18.jar!/
[0.115s][info][class,load] org.slf4j.helpers.ThreadLocalMapOfStacks source: jar:nested:/Users/kibong_home/Desktop/development/blog/build/libs/blog-0.0.1-SNAPSHOT.jar/!BOOT-INF/lib/slf4j-api-2.0.18.jar!/
[0.115s][info][class,load] org.slf4j.helpers.NOP_FallbackServiceProvider source: jar:nested:/Users/kibong_home/Desktop/development/blog/build/libs/blog-0.0.1-SNAPSHOT.jar/!BOOT-INF/lib/slf4j-api-2.0.18.jar!/
[0.115s][info][class,load] org.slf4j.helpers.NOPLoggerFactory source: jar:nested:/Users/kibong_home/Desktop/development/blog/build/libs/blog-0.0.1-SNAPSHOT.jar/!BOOT-INF/lib/slf4j-api-2.0.18.jar!/
[0.116s][info][class,load] org.slf4j.helpers.NOPMDCAdapter source: jar:nested:/Users/kibong_home/Desktop/development/blog/build/libs/blog-0.0.1-SNAPSHOT.jar/!BOOT-INF/lib/slf4j-api-2.0.18.jar!/
[0.116s][info][class,load] org.slf4j.helpers.Util source: jar:nested:/Users/kibong_home/Desktop/development/blog/build/libs/blog-0.0.1-SNAPSHOT.jar/!BOOT-INF/lib/slf4j-api-2.0.18.jar!/
[0.116s][info][class,load] ch.qos.logback.classic.spi.LogbackServiceProvider source: jar:nested:/Users/kibong_home/Desktop/development/blog/build/libs/blog-0.0.1-SNAPSHOT.jar/!BOOT-INF/lib/logback-classic-1.5.38.jar!/
[0.116s][info][class,load] ch.qos.logback.core.joran.spi.JoranException source: jar:nested:/Users/kibong_home/Desktop/development/blog/build/libs/blog-0.0.1-SNAPSHOT.jar/!BOOT-INF/lib/logback-core-1.5.38.jar!/
[0.116s][info][class,load] ch.qos.logback.core.spi.PropertyContainer source: jar:nested:/Users/kibong_home/Desktop/development/blog/build/libs/blog-0.0.1-SNAPSHOT.jar/!BOOT-INF/lib/logback-core-1.5.38.jar!/
[0.116s][info][class,load] ch.qos.logback.core.Context source: jar:nested:/Users/kibong_home/Desktop/development/blog/build/libs/blog-0.0.1-SNAPSHOT.jar/!BOOT-INF/lib/logback-core-1.5.38.jar!/
[0.117s][info][class,load] ch.qos.logback.core.spi.LifeCycle source: jar:nested:/Users/kibong_home/Desktop/development/blog/build/libs/blog-0.0.1-SNAPSHOT.jar/!BOOT-INF/lib/logback-core-1.5.38.jar!/
[0.117s][info][class,load] ch.qos.logback.core.ContextBase source: jar:nested:/Users/kibong_home/Desktop/development/blog/build/libs/blog-0.0.1-SNAPSHOT.jar/!BOOT-INF/lib/logback-core-1.5.38.jar!/
[0.117s][info][class,load] ch.qos.logback.classic.LoggerContext source: jar:nested:/Users/kibong_home/Desktop/development/blog/build/libs/blog-0.0.1-SNAPSHOT.jar/!BOOT-INF/lib/logback-classic-1.5.38.jar!/
[0.117s][info][class,load] java.util.concurrent.Executor source: shared objects file
[0.117s][info][class,load] java.util.concurrent.ExecutorService source: shared objects file
[0.117s][info][class,load] ch.qos.logback.core.status.StatusManager source: jar:nested:/Users/kibong_home/Desktop/development/blog/build/libs/blog-0.0.1-SNAPSHOT.jar/!BOOT-INF/lib/logback-core-1.5.38.jar!/
[0.117s][info][class,load] ch.qos.logback.core.status.Status source: jar:nested:/Users/kibong_home/Desktop/development/blog/build/libs/blog-0.0.1-SNAPSHOT.jar/!BOOT-INF/lib/logback-core-1.5.38.jar!/
[0.117s][info][class,load] ch.qos.logback.core.BasicStatusManager source: jar:nested:/Users/kibong_home/Desktop/development/blog/build/libs/blog-0.0.1-SNAPSHOT.jar/!BOOT-INF/lib/logback-core-1.5.38.jar!/
[0.118s][info][class,load] ch.qos.logback.core.helpers.CyclicBuffer source: jar:nested:/Users/kibong_home/Desktop/development/blog/build/libs/blog-0.0.1-SNAPSHOT.jar/!BOOT-INF/lib/logback-core-1.5.38.jar!/
[0.118s][info][class,load] ch.qos.logback.core.spi.LogbackLock source: jar:nested:/Users/kibong_home/Desktop/development/blog/build/libs/blog-0.0.1-SNAPSHOT.jar/!BOOT-INF/lib/logback-core-1.5.38.jar!/
[0.118s][info][class,load] ch.qos.logback.classic.spi.TurboFilterList source: jar:nested:/Users/kibong_home/Desktop/development/blog/build/libs/blog-0.0.1-SNAPSHOT.jar/!BOOT-INF/lib/logback-classic-1.5.38.jar!/
[0.118s][info][class,load] ch.qos.logback.classic.spi.LoggerContextVO source: jar:nested:/Users/kibong_home/Desktop/development/blog/build/libs/blog-0.0.1-SNAPSHOT.jar/!BOOT-INF/lib/logback-classic-1.5.38.jar!/
[0.118s][info][class,load] org.slf4j.spi.LocationAwareLogger source: jar:nested:/Users/kibong_home/Desktop/development/blog/build/libs/blog-0.0.1-SNAPSHOT.jar/!BOOT-INF/lib/slf4j-api-2.0.18.jar!/
[0.118s][info][class,load] org.slf4j.spi.LoggingEventAware source: jar:nested:/Users/kibong_home/Desktop/development/blog/build/libs/blog-0.0.1-SNAPSHOT.jar/!BOOT-INF/lib/slf4j-api-2.0.18.jar!/
[0.118s][info][class,load] ch.qos.logback.core.spi.AppenderAttachable source: jar:nested:/Users/kibong_home/Desktop/development/blog/build/libs/blog-0.0.1-SNAPSHOT.jar/!BOOT-INF/lib/logback-core-1.5.38.jar!/
[0.118s][info][class,load] ch.qos.logback.classic.Logger source: jar:nested:/Users/kibong_home/Desktop/development/blog/build/libs/blog-0.0.1-SNAPSHOT.jar/!BOOT-INF/lib/logback-classic-1.5.38.jar!/
[0.118s][info][class,load] org.slf4j.spi.LoggingEventBuilder source: jar:nested:/Users/kibong_home/Desktop/development/blog/build/libs/blog-0.0.1-SNAPSHOT.jar/!BOOT-INF/lib/slf4j-api-2.0.18.jar!/
[0.118s][info][class,load] ch.qos.logback.core.spi.DeferredProcessingAware source: jar:nested:/Users/kibong_home/Desktop/development/blog/build/libs/blog-0.0.1-SNAPSHOT.jar/!BOOT-INF/lib/logback-core-1.5.38.jar!/
[0.118s][info][class,load] ch.qos.logback.classic.spi.ILoggingEvent source: jar:nested:/Users/kibong_home/Desktop/development/blog/build/libs/blog-0.0.1-SNAPSHOT.jar/!BOOT-INF/lib/logback-classic-1.5.38.jar!/
[0.119s][info][class,load] ch.qos.logback.classic.Level source: jar:nested:/Users/kibong_home/Desktop/development/blog/build/libs/blog-0.0.1-SNAPSHOT.jar/!BOOT-INF/lib/logback-classic-1.5.38.jar!/
[0.119s][info][class,load] ch.qos.logback.classic.util.LogbackMDCAdapter source: jar:nested:/Users/kibong_home/Desktop/development/blog/build/libs/blog-0.0.1-SNAPSHOT.jar/!BOOT-INF/lib/logback-classic-1.5.38.jar!/
[0.119s][info][class,load] org.slf4j.MDC source: jar:nested:/Users/kibong_home/Desktop/development/blog/build/libs/blog-0.0.1-SNAPSHOT.jar/!BOOT-INF/lib/slf4j-api-2.0.18.jar!/
[0.119s][info][class,load] ch.qos.logback.classic.util.ContextInitializer source: jar:nested:/Users/kibong_home/Desktop/development/blog/build/libs/blog-0.0.1-SNAPSHOT.jar/!BOOT-INF/lib/logback-classic-1.5.38.jar!/
[0.119s][info][class,load] ch.qos.logback.core.LogbackException source: jar:nested:/Users/kibong_home/Desktop/development/blog/build/libs/blog-0.0.1-SNAPSHOT.jar/!BOOT-INF/lib/logback-core-1.5.38.jar!/
[0.119s][info][class,load] ch.qos.logback.core.spi.ContextAware source: jar:nested:/Users/kibong_home/Desktop/development/blog/build/libs/blog-0.0.1-SNAPSHOT.jar/!BOOT-INF/lib/logback-core-1.5.38.jar!/
[0.120s][info][class,load] ch.qos.logback.classic.util.ContextInitializer$1 source: jar:nested:/Users/kibong_home/Desktop/development/blog/build/libs/blog-0.0.1-SNAPSHOT.jar/!BOOT-INF/lib/logback-classic-1.5.38.jar!/
[0.120s][info][class,load] ch.qos.logback.core.spi.ContextAwareImpl source: jar:nested:/Users/kibong_home/Desktop/development/blog/build/libs/blog-0.0.1-SNAPSHOT.jar/!BOOT-INF/lib/logback-core-1.5.38.jar!/
[0.120s][info][class,load] ch.qos.logback.classic.spi.Configurator source: jar:nested:/Users/kibong_home/Desktop/development/blog/build/libs/blog-0.0.1-SNAPSHOT.jar/!BOOT-INF/lib/logback-classic-1.5.38.jar!/
[0.120s][info][class,load] ch.qos.logback.core.util.Loader source: jar:nested:/Users/kibong_home/Desktop/development/blog/build/libs/blog-0.0.1-SNAPSHOT.jar/!BOOT-INF/lib/logback-core-1.5.38.jar!/
[0.120s][info][class,load] ch.qos.logback.core.util.OptionHelper source: jar:nested:/Users/kibong_home/Desktop/development/blog/build/libs/blog-0.0.1-SNAPSHOT.jar/!BOOT-INF/lib/logback-core-1.5.38.jar!/
[0.120s][info][class,load] ch.qos.logback.core.util.IncompatibleClassException source: jar:nested:/Users/kibong_home/Desktop/development/blog/build/libs/blog-0.0.1-SNAPSHOT.jar/!BOOT-INF/lib/logback-core-1.5.38.jar!/
[0.120s][info][class,load] ch.qos.logback.core.util.DynamicClassLoadingException source: jar:nested:/Users/kibong_home/Desktop/development/blog/build/libs/blog-0.0.1-SNAPSHOT.jar/!BOOT-INF/lib/logback-core-1.5.38.jar!/
[0.120s][info][class,load] ch.qos.logback.core.util.CoreVersionUtil source: jar:nested:/Users/kibong_home/Desktop/development/blog/build/libs/blog-0.0.1-SNAPSHOT.jar/!BOOT-INF/lib/logback-core-1.5.38.jar!/
[0.120s][info][class,load] ch.qos.logback.core.CoreConstants source: jar:nested:/Users/kibong_home/Desktop/development/blog/build/libs/blog-0.0.1-SNAPSHOT.jar/!BOOT-INF/lib/logback-core-1.5.38.jar!/
[0.121s][info][class,load] java.util.Properties$LineReader source: shared objects file
[0.121s][info][class,load] ch.qos.logback.classic.util.ClassicVersionUtil source: jar:nested:/Users/kibong_home/Desktop/development/blog/build/libs/blog-0.0.1-SNAPSHOT.jar/!BOOT-INF/lib/logback-classic-1.5.38.jar!/
[0.121s][info][class,load] ch.qos.logback.classic.ClassicConstants source: jar:nested:/Users/kibong_home/Desktop/development/blog/build/libs/blog-0.0.1-SNAPSHOT.jar/!BOOT-INF/lib/logback-classic-1.5.38.jar!/
[0.121s][info][class,load] ch.qos.logback.core.util.VersionUtil source: jar:nested:/Users/kibong_home/Desktop/development/blog/build/libs/blog-0.0.1-SNAPSHOT.jar/!BOOT-INF/lib/logback-core-1.5.38.jar!/
[0.121s][info][class,load] java.util.Formatter source: shared objects file
[0.121s][info][class,load] java.util.Formatter$FormatString source: shared objects file
[0.121s][info][class,load] java.util.Formatter$FixedString source: jrt:/java.base
[0.121s][info][class,load] java.util.Formatter$Conversion source: shared objects file
[0.121s][info][class,load] java.util.Formatter$FormatSpecifier source: shared objects file
[0.121s][info][class,load] java.util.Formattable source: shared objects file
[0.121s][info][class,load] java.util.Formatter$Flags source: shared objects file
[0.121s][info][class,load] ch.qos.logback.core.status.StatusBase source: jar:nested:/Users/kibong_home/Desktop/development/blog/build/libs/blog-0.0.1-SNAPSHOT.jar/!BOOT-INF/lib/logback-core-1.5.38.jar!/
[0.121s][info][class,load] ch.qos.logback.core.status.InfoStatus source: jar:nested:/Users/kibong_home/Desktop/development/blog/build/libs/blog-0.0.1-SNAPSHOT.jar/!BOOT-INF/lib/logback-core-1.5.38.jar!/
[0.121s][info][class,load] ch.qos.logback.core.util.StatusListenerConfigHelper source: jar:nested:/Users/kibong_home/Desktop/development/blog/build/libs/blog-0.0.1-SNAPSHOT.jar/!BOOT-INF/lib/logback-core-1.5.38.jar!/
[0.121s][info][class,load] ch.qos.logback.core.status.StatusListener source: jar:nested:/Users/kibong_home/Desktop/development/blog/build/libs/blog-0.0.1-SNAPSHOT.jar/!BOOT-INF/lib/logback-core-1.5.38.jar!/
[0.122s][info][class,load] ch.qos.logback.classic.util.ClassicEnvUtil source: jar:nested:/Users/kibong_home/Desktop/development/blog/build/libs/blog-0.0.1-SNAPSHOT.jar/!BOOT-INF/lib/logback-classic-1.5.38.jar!/
[0.122s][info][class,load] ch.qos.logback.core.spi.ContextAwareBase source: jar:nested:/Users/kibong_home/Desktop/development/blog/build/libs/blog-0.0.1-SNAPSHOT.jar/!BOOT-INF/lib/logback-core-1.5.38.jar!/
[0.122s][info][class,load] org.springframework.boot.logging.logback.RootLogLevelConfigurator source: jar:nested:/Users/kibong_home/Desktop/development/blog/build/libs/blog-0.0.1-SNAPSHOT.jar/!BOOT-INF/lib/spring-boot-4.1.1.jar!/
[0.122s][info][class,load] ch.qos.logback.classic.spi.ConfiguratorRank source: jar:nested:/Users/kibong_home/Desktop/development/blog/build/libs/blog-0.0.1-SNAPSHOT.jar/!BOOT-INF/lib/logback-classic-1.5.38.jar!/
[0.122s][info][class,load] java.lang.Class$AnnotationData source: jrt:/java.base
[0.122s][info][class,load] java.util.Collections$EmptyIterator source: shared objects file
[0.122s][info][class,load] ch.qos.logback.classic.spi.Configurator$ExecutionStatus source: jar:nested:/Users/kibong_home/Desktop/development/blog/build/libs/blog-0.0.1-SNAPSHOT.jar/!BOOT-INF/lib/logback-classic-1.5.38.jar!/
[0.123s][info][class,load] java.lang.String$$StringConcat/0x00000f0001080000 source: __JVM_LookupDefineClass__
[0.123s][info][class,load] java.lang.invoke.LambdaForm$DMH/0x00000f0001080400 source: __JVM_LookupDefineClass__
[0.123s][info][class,load] java.lang.invoke.LambdaForm$DMH/0x00000f0001080800 source: __JVM_LookupDefineClass__
[0.123s][info][class,load] java.lang.invoke.LambdaForm$BMH/0x00000f0001080c00 source: __JVM_LookupDefineClass__
[0.123s][info][class,load] java.lang.invoke.LambdaForm$MH/0x00000f0001081000 source: __JVM_LookupDefineClass__
[0.123s][info][class,load] java.lang.invoke.LambdaForm$MH/0x00000f0001081400 source: __JVM_LookupDefineClass__
[0.124s][info][class,load] ch.qos.logback.classic.util.DefaultJoranConfigurator source: jar:nested:/Users/kibong_home/Desktop/development/blog/build/libs/blog-0.0.1-SNAPSHOT.jar/!BOOT-INF/lib/logback-classic-1.5.38.jar!/
[0.124s][info][class,load] ch.qos.logback.classic.BasicConfigurator source: jar:nested:/Users/kibong_home/Desktop/development/blog/build/libs/blog-0.0.1-SNAPSHOT.jar/!BOOT-INF/lib/logback-classic-1.5.38.jar!/
[0.124s][info][class,load] ch.qos.logback.core.Layout source: jar:nested:/Users/kibong_home/Desktop/development/blog/build/libs/blog-0.0.1-SNAPSHOT.jar/!BOOT-INF/lib/logback-core-1.5.38.jar!/
[0.124s][info][class,load] ch.qos.logback.core.encoder.Encoder source: jar:nested:/Users/kibong_home/Desktop/development/blog/build/libs/blog-0.0.1-SNAPSHOT.jar/!BOOT-INF/lib/logback-core-1.5.38.jar!/
[0.124s][info][class,load] ch.qos.logback.core.spi.FilterAttachable source: jar:nested:/Users/kibong_home/Desktop/development/blog/build/libs/blog-0.0.1-SNAPSHOT.jar/!BOOT-INF/lib/logback-core-1.5.38.jar!/
[0.124s][info][class,load] ch.qos.logback.core.Appender source: jar:nested:/Users/kibong_home/Desktop/development/blog/build/libs/blog-0.0.1-SNAPSHOT.jar/!BOOT-INF/lib/logback-core-1.5.38.jar!/
[0.125s][info][class,load] ch.qos.logback.core.UnsynchronizedAppenderBase source: jar:nested:/Users/kibong_home/Desktop/development/blog/build/libs/blog-0.0.1-SNAPSHOT.jar/!BOOT-INF/lib/logback-core-1.5.38.jar!/
[0.125s][info][class,load] ch.qos.logback.core.OutputStreamAppender source: jar:nested:/Users/kibong_home/Desktop/development/blog/build/libs/blog-0.0.1-SNAPSHOT.jar/!BOOT-INF/lib/logback-core-1.5.38.jar!/
[0.125s][info][class,load] ch.qos.logback.core.ConsoleAppender source: jar:nested:/Users/kibong_home/Desktop/development/blog/build/libs/blog-0.0.1-SNAPSHOT.jar/!BOOT-INF/lib/logback-core-1.5.38.jar!/
[0.125s][info][class,load] ch.qos.logback.core.spi.FilterAttachableImpl source: jar:nested:/Users/kibong_home/Desktop/development/blog/build/libs/blog-0.0.1-SNAPSHOT.jar/!BOOT-INF/lib/logback-core-1.5.38.jar!/
[0.125s][info][class,load] ch.qos.logback.core.util.COWArrayList source: jar:nested:/Users/kibong_home/Desktop/development/blog/build/libs/blog-0.0.1-SNAPSHOT.jar/!BOOT-INF/lib/logback-core-1.5.38.jar!/
[0.125s][info][class,load] ch.qos.logback.core.filter.Filter source: jar:nested:/Users/kibong_home/Desktop/development/blog/build/libs/blog-0.0.1-SNAPSHOT.jar/!BOOT-INF/lib/logback-core-1.5.38.jar!/
[0.125s][info][class,load] java.util.concurrent.atomic.AtomicBoolean source: jrt:/java.base
[0.125s][info][class,load] jdk.internal.invoke.MhUtil source: shared objects file
[0.125s][info][class,load] java.lang.invoke.VarHandleInts$FieldInstanceReadOnly source: jrt:/java.base
[0.125s][info][class,load] java.lang.invoke.VarHandleInts$FieldInstanceReadWrite source: jrt:/java.base
[0.125s][info][class,load] ch.qos.logback.core.util.SimpleTimeBasedGuard source: jar:nested:/Users/kibong_home/Desktop/development/blog/build/libs/blog-0.0.1-SNAPSHOT.jar/!BOOT-INF/lib/logback-core-1.5.38.jar!/
[0.126s][info][class,load] ch.qos.logback.core.joran.spi.ConsoleTarget source: jar:nested:/Users/kibong_home/Desktop/development/blog/build/libs/blog-0.0.1-SNAPSHOT.jar/!BOOT-INF/lib/logback-core-1.5.38.jar!/
[0.126s][info][class,load] ch.qos.logback.core.joran.spi.ConsoleTarget$1 source: jar:nested:/Users/kibong_home/Desktop/development/blog/build/libs/blog-0.0.1-SNAPSHOT.jar/!BOOT-INF/lib/logback-core-1.5.38.jar!/
[0.126s][info][class,load] ch.qos.logback.core.joran.spi.ConsoleTarget$2 source: jar:nested:/Users/kibong_home/Desktop/development/blog/build/libs/blog-0.0.1-SNAPSHOT.jar/!BOOT-INF/lib/logback-core-1.5.38.jar!/
[0.126s][info][class,load] ch.qos.logback.core.encoder.EncoderBase source: jar:nested:/Users/kibong_home/Desktop/development/blog/build/libs/blog-0.0.1-SNAPSHOT.jar/!BOOT-INF/lib/logback-core-1.5.38.jar!/
[0.126s][info][class,load] ch.qos.logback.core.encoder.LayoutWrappingEncoder source: jar:nested:/Users/kibong_home/Desktop/development/blog/build/libs/blog-0.0.1-SNAPSHOT.jar/!BOOT-INF/lib/logback-core-1.5.38.jar!/
[0.126s][info][class,load] ch.qos.logback.core.LayoutBase source: jar:nested:/Users/kibong_home/Desktop/development/blog/build/libs/blog-0.0.1-SNAPSHOT.jar/!BOOT-INF/lib/logback-core-1.5.38.jar!/
[0.126s][info][class,load] ch.qos.logback.classic.layout.TTLLLayout source: jar:nested:/Users/kibong_home/Desktop/development/blog/build/libs/blog-0.0.1-SNAPSHOT.jar/!BOOT-INF/lib/logback-classic-1.5.38.jar!/
[0.126s][info][class,load] ch.qos.logback.core.util.CachingDateFormatter source: jar:nested:/Users/kibong_home/Desktop/development/blog/build/libs/blog-0.0.1-SNAPSHOT.jar/!BOOT-INF/lib/logback-core-1.5.38.jar!/
[0.126s][info][class,load] java.util.TimeZone source: shared objects file
[0.126s][info][class,load] sun.util.calendar.ZoneInfo source: shared objects file
[0.126s][info][class,load] sun.util.calendar.ZoneInfoFile source: shared objects file
[0.126s][info][class,load] java.io.DataInputStream source: shared objects file
[0.126s][info][class,load] jdk.internal.util.ByteArray source: shared objects file
[0.126s][info][class,load] java.lang.invoke.VarHandleByteArrayAsShorts$ByteArrayViewVarHandle source: shared objects file
[0.126s][info][class,load] java.lang.invoke.VarHandleByteArrayAsShorts$ArrayHandle source: shared objects file
[0.126s][info][class,load] java.lang.invoke.VarHandleByteArrayAsChars$ByteArrayViewVarHandle source: shared objects file
[0.126s][info][class,load] java.lang.invoke.VarHandleByteArrayAsChars$ArrayHandle source: shared objects file
[0.126s][info][class,load] java.lang.invoke.VarHandleByteArrayAsInts$ByteArrayViewVarHandle source: shared objects file
[0.126s][info][class,load] java.lang.invoke.VarHandleByteArrayAsInts$ArrayHandle source: shared objects file
[0.126s][info][class,load] java.lang.invoke.VarHandleByteArrayAsFloats$ByteArrayViewVarHandle source: shared objects file
[0.126s][info][class,load] java.lang.invoke.VarHandleByteArrayAsFloats$ArrayHandle source: shared objects file
[0.126s][info][class,load] java.lang.invoke.VarHandleByteArrayAsLongs$ByteArrayViewVarHandle source: shared objects file
[0.126s][info][class,load] java.lang.invoke.VarHandleByteArrayAsLongs$ArrayHandle source: shared objects file
[0.126s][info][class,load] java.lang.invoke.VarHandleByteArrayAsDoubles$ByteArrayViewVarHandle source: shared objects file
[0.126s][info][class,load] java.lang.invoke.VarHandleByteArrayAsDoubles$ArrayHandle source: shared objects file
[0.128s][info][class,load] java.io.FileInputStream$1 source: shared objects file
[0.128s][info][class,load] sun.util.calendar.ZoneInfoFile$ZoneOffsetTransitionRule source: shared objects file
[0.128s][info][class,load] sun.util.calendar.ZoneInfoFile$Checksum source: jrt:/java.base
[0.128s][info][class,load] java.time.zone.ZoneRulesProvider source: jrt:/java.base
[0.128s][info][class,load] java.time.zone.TzdbZoneRulesProvider source: jrt:/java.base
[0.129s][info][class,load] java.util.Arrays$ArrayItr source: shared objects file
[0.129s][info][class,load] java.util.concurrent.ConcurrentHashMap$KeyIterator source: shared objects file
[0.129s][info][class,load] java.io.Externalizable source: jrt:/java.base
[0.129s][info][class,load] java.time.zone.Ser source: jrt:/java.base
[0.129s][info][class,load] java.time.zone.ZoneOffsetTransition source: jrt:/java.base
[0.129s][info][class,load] java.time.chrono.ChronoLocalDate source: shared objects file
[0.129s][info][class,load] java.time.LocalDate source: shared objects file
[0.129s][info][class,load] java.time.LocalTime source: shared objects file
[0.129s][info][class,load] ch.qos.logback.core.util.CachingDateFormatter$CacheTuple source: jar:nested:/Users/kibong_home/Desktop/development/blog/build/libs/blog-0.0.1-SNAPSHOT.jar/!BOOT-INF/lib/logback-core-1.5.38.jar!/
[0.130s][info][class,load] java.util.concurrent.atomic.AtomicReference source: jrt:/java.base
[0.130s][info][class,load] ch.qos.logback.core.pattern.Converter source: jar:nested:/Users/kibong_home/Desktop/development/blog/build/libs/blog-0.0.1-SNAPSHOT.jar/!BOOT-INF/lib/logback-core-1.5.38.jar!/
[0.130s][info][class,load] ch.qos.logback.core.pattern.FormattingConverter source: jar:nested:/Users/kibong_home/Desktop/development/blog/build/libs/blog-0.0.1-SNAPSHOT.jar/!BOOT-INF/lib/logback-core-1.5.38.jar!/
[0.130s][info][class,load] ch.qos.logback.core.pattern.DynamicConverter source: jar:nested:/Users/kibong_home/Desktop/development/blog/build/libs/blog-0.0.1-SNAPSHOT.jar/!BOOT-INF/lib/logback-core-1.5.38.jar!/
[0.130s][info][class,load] ch.qos.logback.classic.pattern.ClassicConverter source: jar:nested:/Users/kibong_home/Desktop/development/blog/build/libs/blog-0.0.1-SNAPSHOT.jar/!BOOT-INF/lib/logback-classic-1.5.38.jar!/
[0.130s][info][class,load] ch.qos.logback.classic.pattern.ThrowableHandlingConverter source: jar:nested:/Users/kibong_home/Desktop/development/blog/build/libs/blog-0.0.1-SNAPSHOT.jar/!BOOT-INF/lib/logback-classic-1.5.38.jar!/
[0.130s][info][class,load] ch.qos.logback.classic.pattern.ThrowableProxyConverter source: jar:nested:/Users/kibong_home/Desktop/development/blog/build/libs/blog-0.0.1-SNAPSHOT.jar/!BOOT-INF/lib/logback-classic-1.5.38.jar!/
[0.130s][info][class,load] ch.qos.logback.core.boolex.EvaluationException source: jar:nested:/Users/kibong_home/Desktop/development/blog/build/libs/blog-0.0.1-SNAPSHOT.jar/!BOOT-INF/lib/logback-core-1.5.38.jar!/
[0.130s][info][class,load] ch.qos.logback.core.util.ReentryGuardFactory$GuardType source: jar:nested:/Users/kibong_home/Desktop/development/blog/build/libs/blog-0.0.1-SNAPSHOT.jar/!BOOT-INF/lib/logback-core-1.5.38.jar!/
[0.130s][info][class,load] ch.qos.logback.core.util.ReentryGuardFactory source: jar:nested:/Users/kibong_home/Desktop/development/blog/build/libs/blog-0.0.1-SNAPSHOT.jar/!BOOT-INF/lib/logback-core-1.5.38.jar!/
[0.130s][info][class,load] ch.qos.logback.core.util.ReentryGuard source: jar:nested:/Users/kibong_home/Desktop/development/blog/build/libs/blog-0.0.1-SNAPSHOT.jar/!BOOT-INF/lib/logback-core-1.5.38.jar!/
[0.131s][info][class,load] ch.qos.logback.core.util.ReentryGuard$ReentryGuardImpl source: jar:nested:/Users/kibong_home/Desktop/development/blog/build/libs/blog-0.0.1-SNAPSHOT.jar/!BOOT-INF/lib/logback-core-1.5.38.jar!/
[0.131s][info][class,load] ch.qos.logback.core.spi.AppenderAttachableImpl source: jar:nested:/Users/kibong_home/Desktop/development/blog/build/libs/blog-0.0.1-SNAPSHOT.jar/!BOOT-INF/lib/logback-core-1.5.38.jar!/
[0.131s][info][class,load] ch.qos.logback.core.status.StatusUtil source: jar:nested:/Users/kibong_home/Desktop/development/blog/build/libs/blog-0.0.1-SNAPSHOT.jar/!BOOT-INF/lib/logback-core-1.5.38.jar!/
[0.131s][info][class,load] ch.qos.logback.core.util.StatusPrinter source: jar:nested:/Users/kibong_home/Desktop/development/blog/build/libs/blog-0.0.1-SNAPSHOT.jar/!BOOT-INF/lib/logback-core-1.5.38.jar!/
[0.131s][info][class,load] ch.qos.logback.core.util.StatusPrinter2 source: jar:nested:/Users/kibong_home/Desktop/development/blog/build/libs/blog-0.0.1-SNAPSHOT.jar/!BOOT-INF/lib/logback-core-1.5.38.jar!/
[0.131s][info][class,load] org.slf4j.helpers.Reporter source: jar:nested:/Users/kibong_home/Desktop/development/blog/build/libs/blog-0.0.1-SNAPSHOT.jar/!BOOT-INF/lib/slf4j-api-2.0.18.jar!/
[0.131s][info][class,load] org.slf4j.helpers.Reporter$TargetChoice source: jar:nested:/Users/kibong_home/Desktop/development/blog/build/libs/blog-0.0.1-SNAPSHOT.jar/!BOOT-INF/lib/slf4j-api-2.0.18.jar!/
[0.131s][info][class,load] org.slf4j.helpers.Reporter$Level source: jar:nested:/Users/kibong_home/Desktop/development/blog/build/libs/blog-0.0.1-SNAPSHOT.jar/!BOOT-INF/lib/slf4j-api-2.0.18.jar!/
[0.131s][info][class,load] org.slf4j.helpers.BasicMarker source: jar:nested:/Users/kibong_home/Desktop/development/blog/build/libs/blog-0.0.1-SNAPSHOT.jar/!BOOT-INF/lib/slf4j-api-2.0.18.jar!/
[0.132s][info][class,load] org.apache.commons.logging.LogFactory$$Lambda/0x00000f0001089f80 source: org.apache.commons.logging.LogFactory
[0.132s][info][class,load] org.apache.commons.logging.impl.Slf4jLogFactory$$Lambda/0x00000f000108a1a8 source: org.apache.commons.logging.impl.Slf4jLogFactory
[0.132s][info][class,load] ch.qos.logback.classic.util.LoggerNameUtil source: jar:nested:/Users/kibong_home/Desktop/development/blog/build/libs/blog-0.0.1-SNAPSHOT.jar/!BOOT-INF/lib/logback-classic-1.5.38.jar!/
[0.132s][info][class,load] org.apache.commons.logging.impl.Slf4jLogFactory$Slf4jLocationAwareLog source: jar:nested:/Users/kibong_home/Desktop/development/blog/build/libs/blog-0.0.1-SNAPSHOT.jar/!BOOT-INF/lib/commons-logging-1.3.6.jar!/
[0.132s][info][class,load] org.springframework.boot.SpringApplicationShutdownHook source: jar:nested:/Users/kibong_home/Desktop/development/blog/build/libs/blog-0.0.1-SNAPSHOT.jar/!BOOT-INF/lib/spring-boot-4.1.1.jar!/
[0.132s][info][class,load] java.lang.InterruptedException source: jrt:/java.base
[0.132s][info][class,load] java.util.concurrent.TimeoutException source: jrt:/java.base
[0.132s][info][class,load] org.springframework.boot.SpringApplicationShutdownHandlers source: jar:nested:/Users/kibong_home/Desktop/development/blog/build/libs/blog-0.0.1-SNAPSHOT.jar/!BOOT-INF/lib/spring-boot-4.1.1.jar!/
[0.132s][info][class,load] org.springframework.boot.SpringApplicationShutdownHook$Handlers source: jar:nested:/Users/kibong_home/Desktop/development/blog/build/libs/blog-0.0.1-SNAPSHOT.jar/!BOOT-INF/lib/spring-boot-4.1.1.jar!/
[0.133s][info][class,load] org.springframework.boot.SpringApplicationShutdownHook$ApplicationContextClosedListener source: jar:nested:/Users/kibong_home/Desktop/development/blog/build/libs/blog-0.0.1-SNAPSHOT.jar/!BOOT-INF/lib/spring-boot-4.1.1.jar!/
[0.133s][info][class,load] org.springframework.boot.ApplicationContextFactory source: jar:nested:/Users/kibong_home/Desktop/development/blog/build/libs/blog-0.0.1-SNAPSHOT.jar/!BOOT-INF/lib/spring-boot-4.1.1.jar!/
[0.133s][info][class,load] org.springframework.boot.DefaultApplicationContextFactory source: jar:nested:/Users/kibong_home/Desktop/development/blog/build/libs/blog-0.0.1-SNAPSHOT.jar/!BOOT-INF/lib/spring-boot-4.1.1.jar!/
[0.133s][info][class,load] org.springframework.context.Lifecycle source: jar:nested:/Users/kibong_home/Desktop/development/blog/build/libs/blog-0.0.1-SNAPSHOT.jar/!BOOT-INF/lib/spring-context-7.0.9.jar!/
[0.133s][info][class,load] org.springframework.context.ConfigurableApplicationContext source: jar:nested:/Users/kibong_home/Desktop/development/blog/build/libs/blog-0.0.1-SNAPSHOT.jar/!BOOT-INF/lib/spring-context-7.0.9.jar!/
[0.133s][info][class,load] org.springframework.core.metrics.ApplicationStartup source: jar:nested:/Users/kibong_home/Desktop/development/blog/build/libs/blog-0.0.1-SNAPSHOT.jar/!BOOT-INF/lib/spring-core-7.0.9.jar!/
[0.133s][info][class,load] org.springframework.core.metrics.DefaultApplicationStartup source: jar:nested:/Users/kibong_home/Desktop/development/blog/build/libs/blog-0.0.1-SNAPSHOT.jar/!BOOT-INF/lib/spring-core-7.0.9.jar!/
[0.133s][info][class,load] org.springframework.core.metrics.StartupStep source: jar:nested:/Users/kibong_home/Desktop/development/blog/build/libs/blog-0.0.1-SNAPSHOT.jar/!BOOT-INF/lib/spring-core-7.0.9.jar!/
[0.133s][info][class,load] org.springframework.core.metrics.DefaultApplicationStartup$DefaultStartupStep source: jar:nested:/Users/kibong_home/Desktop/development/blog/build/libs/blog-0.0.1-SNAPSHOT.jar/!BOOT-INF/lib/spring-core-7.0.9.jar!/
[0.133s][info][class,load] org.springframework.core.metrics.StartupStep$Tags source: jar:nested:/Users/kibong_home/Desktop/development/blog/build/libs/blog-0.0.1-SNAPSHOT.jar/!BOOT-INF/lib/spring-core-7.0.9.jar!/
[0.133s][info][class,load] org.springframework.core.metrics.DefaultApplicationStartup$DefaultStartupStep$DefaultTags source: jar:nested:/Users/kibong_home/Desktop/development/blog/build/libs/blog-0.0.1-SNAPSHOT.jar/!BOOT-INF/lib/spring-core-7.0.9.jar!/
[0.133s][info][class,load] org.springframework.boot.ApplicationProperties source: jar:nested:/Users/kibong_home/Desktop/development/blog/build/libs/blog-0.0.1-SNAPSHOT.jar/!BOOT-INF/lib/spring-boot-4.1.1.jar!/
[0.134s][info][class,load] org.springframework.util.Assert source: jar:nested:/Users/kibong_home/Desktop/development/blog/build/libs/blog-0.0.1-SNAPSHOT.jar/!BOOT-INF/lib/spring-core-7.0.9.jar!/
[0.134s][info][class,load] org.springframework.boot.WebApplicationType source: jar:nested:/Users/kibong_home/Desktop/development/blog/build/libs/blog-0.0.1-SNAPSHOT.jar/!BOOT-INF/lib/spring-boot-4.1.1.jar!/
[0.134s][info][class,load] org.springframework.core.io.support.SpringFactoriesLoader source: jar:nested:/Users/kibong_home/Desktop/development/blog/build/libs/blog-0.0.1-SNAPSHOT.jar/!BOOT-INF/lib/spring-core-7.0.9.jar!/
[0.135s][info][class,load] org.springframework.core.io.InputStreamSource source: jar:nested:/Users/kibong_home/Desktop/development/blog/build/libs/blog-0.0.1-SNAPSHOT.jar/!BOOT-INF/lib/spring-core-7.0.9.jar!/
[0.135s][info][class,load] org.springframework.core.io.Resource source: jar:nested:/Users/kibong_home/Desktop/development/blog/build/libs/blog-0.0.1-SNAPSHOT.jar/!BOOT-INF/lib/spring-core-7.0.9.jar!/
[0.135s][info][class,load] org.springframework.core.io.support.SpringFactoriesLoader$FailureHandler source: jar:nested:/Users/kibong_home/Desktop/development/blog/build/libs/blog-0.0.1-SNAPSHOT.jar/!BOOT-INF/lib/spring-core-7.0.9.jar!/
[0.135s][info][class,load] org.springframework.core.io.support.SpringFactoriesLoader$FailureHandler$$Lambda/0x00000f000108d900 source: org.springframework.core.io.support.SpringFactoriesLoader
[0.135s][info][class,load] org.springframework.core.io.support.SpringFactoriesLoader$FailureHandler$$Lambda/0x00000f000108db38 source: org.springframework.core.io.support.SpringFactoriesLoader
[0.135s][info][class,load] org.springframework.core.io.support.SpringFactoriesLoader$FailureHandler$$Lambda/0x00000f000108dd78 source: org.springframework.core.io.support.SpringFactoriesLoader
[0.135s][info][class,load] org.springframework.util.ConcurrentReferenceHashMap source: jar:nested:/Users/kibong_home/Desktop/development/blog/build/libs/blog-0.0.1-SNAPSHOT.jar/!BOOT-INF/lib/spring-core-7.0.9.jar!/
[0.136s][info][class,load] org.springframework.util.ConcurrentReferenceHashMap$Task source: jar:nested:/Users/kibong_home/Desktop/development/blog/build/libs/blog-0.0.1-SNAPSHOT.jar/!BOOT-INF/lib/spring-core-7.0.9.jar!/
[0.136s][info][class,load] org.springframework.util.ConcurrentReferenceHashMap$3 source: jar:nested:/Users/kibong_home/Desktop/development/blog/build/libs/blog-0.0.1-SNAPSHOT.jar/!BOOT-INF/lib/spring-core-7.0.9.jar!/
[0.136s][info][class,load] org.springframework.util.ConcurrentReferenceHashMap$2 source: jar:nested:/Users/kibong_home/Desktop/development/blog/build/libs/blog-0.0.1-SNAPSHOT.jar/!BOOT-INF/lib/spring-core-7.0.9.jar!/
[0.136s][info][class,load] org.springframework.util.ConcurrentReferenceHashMap$1 source: jar:nested:/Users/kibong_home/Desktop/development/blog/build/libs/blog-0.0.1-SNAPSHOT.jar/!BOOT-INF/lib/spring-core-7.0.9.jar!/
[0.136s][info][class,load] org.springframework.util.ConcurrentReferenceHashMap$5 source: jar:nested:/Users/kibong_home/Desktop/development/blog/build/libs/blog-0.0.1-SNAPSHOT.jar/!BOOT-INF/lib/spring-core-7.0.9.jar!/
[0.136s][info][class,load] org.springframework.util.ConcurrentReferenceHashMap$4 source: jar:nested:/Users/kibong_home/Desktop/development/blog/build/libs/blog-0.0.1-SNAPSHOT.jar/!BOOT-INF/lib/spring-core-7.0.9.jar!/
[0.136s][info][class,load] org.springframework.util.ConcurrentReferenceHashMap$9 source: jar:nested:/Users/kibong_home/Desktop/development/blog/build/libs/blog-0.0.1-SNAPSHOT.jar/!BOOT-INF/lib/spring-core-7.0.9.jar!/
[0.136s][info][class,load] org.springframework.util.ConcurrentReferenceHashMap$8 source: jar:nested:/Users/kibong_home/Desktop/development/blog/build/libs/blog-0.0.1-SNAPSHOT.jar/!BOOT-INF/lib/spring-core-7.0.9.jar!/
[0.136s][info][class,load] org.springframework.util.ConcurrentReferenceHashMap$6 source: jar:nested:/Users/kibong_home/Desktop/development/blog/build/libs/blog-0.0.1-SNAPSHOT.jar/!BOOT-INF/lib/spring-core-7.0.9.jar!/
[0.136s][info][class,load] org.springframework.util.ConcurrentReferenceHashMap$7 source: jar:nested:/Users/kibong_home/Desktop/development/blog/build/libs/blog-0.0.1-SNAPSHOT.jar/!BOOT-INF/lib/spring-core-7.0.9.jar!/
[0.136s][info][class,load] org.springframework.util.ConcurrentReferenceHashMap$ReferenceType source: jar:nested:/Users/kibong_home/Desktop/development/blog/build/libs/blog-0.0.1-SNAPSHOT.jar/!BOOT-INF/lib/spring-core-7.0.9.jar!/
[0.136s][info][class,load] org.springframework.util.ConcurrentReferenceHashMap$Segment source: jar:nested:/Users/kibong_home/Desktop/development/blog/build/libs/blog-0.0.1-SNAPSHOT.jar/!BOOT-INF/lib/spring-core-7.0.9.jar!/
[0.137s][info][class,load] org.springframework.util.ConcurrentReferenceHashMap$ReferenceManager source: jar:nested:/Users/kibong_home/Desktop/development/blog/build/libs/blog-0.0.1-SNAPSHOT.jar/!BOOT-INF/lib/spring-core-7.0.9.jar!/
[0.137s][info][class,load] org.springframework.util.ConcurrentReferenceHashMap$Reference source: jar:nested:/Users/kibong_home/Desktop/development/blog/build/libs/blog-0.0.1-SNAPSHOT.jar/!BOOT-INF/lib/spring-core-7.0.9.jar!/
[0.137s][info][class,load] org.springframework.util.StringUtils source: jar:nested:/Users/kibong_home/Desktop/development/blog/build/libs/blog-0.0.1-SNAPSHOT.jar/!BOOT-INF/lib/spring-core-7.0.9.jar!/
[0.137s][info][class,load] org.springframework.core.io.support.SpringFactoriesLoader$$Lambda/0x00000f0001090d08 source: org.springframework.core.io.support.SpringFactoriesLoader
[0.137s][info][class,load] org.springframework.util.ConcurrentReferenceHashMap$Restructure source: jar:nested:/Users/kibong_home/Desktop/development/blog/build/libs/blog-0.0.1-SNAPSHOT.jar/!BOOT-INF/lib/spring-core-7.0.9.jar!/
[0.137s][info][class,load] org.springframework.util.ConcurrentReferenceHashMap$TaskOption source: jar:nested:/Users/kibong_home/Desktop/development/blog/build/libs/blog-0.0.1-SNAPSHOT.jar/!BOOT-INF/lib/spring-core-7.0.9.jar!/
[0.137s][info][class,load] org.springframework.util.ConcurrentReferenceHashMap$Entries source: jar:nested:/Users/kibong_home/Desktop/development/blog/build/libs/blog-0.0.1-SNAPSHOT.jar/!BOOT-INF/lib/spring-core-7.0.9.jar!/
[0.138s][info][class,load] java.lang.invoke.LambdaForm$DMH/0x00000f0001094000 source: __JVM_LookupDefineClass__
[0.138s][info][class,load] org.springframework.util.ConcurrentReferenceHashMap$Segment$$Lambda/0x00000f00010919f8 source: org.springframework.util.ConcurrentReferenceHashMap
[0.138s][info][class,load] java.lang.invoke.LambdaForm$DMH/0x00000f0001094400 source: __JVM_LookupDefineClass__
[0.138s][info][class,load] java.lang.invoke.LambdaForm$DMH/0x00000f0001094800 source: __JVM_LookupDefineClass__
[0.138s][info][class,load] java.lang.invoke.LambdaForm$MH/0x00000f0001094c00 source: __JVM_LookupDefineClass__
[0.138s][info][class,load] org.springframework.util.ConcurrentReferenceHashMap$Entry source: jar:nested:/Users/kibong_home/Desktop/development/blog/build/libs/blog-0.0.1-SNAPSHOT.jar/!BOOT-INF/lib/spring-core-7.0.9.jar!/
[0.138s][info][class,load] org.springframework.util.ConcurrentReferenceHashMap$SoftEntryReference source: jar:nested:/Users/kibong_home/Desktop/development/blog/build/libs/blog-0.0.1-SNAPSHOT.jar/!BOOT-INF/lib/spring-core-7.0.9.jar!/
[0.139s][info][class,load] org.springframework.core.io.support.SpringFactoriesLoader$Factories source: jar:nested:/Users/kibong_home/Desktop/development/blog/build/libs/blog-0.0.1-SNAPSHOT.jar/!BOOT-INF/lib/spring-core-7.0.9.jar!/
[0.139s][info][class,load] org.springframework.core.io.support.SpringFactoriesLoader$$Lambda/0x00000f0001092320 source: org.springframework.core.io.support.SpringFactoriesLoader
[0.139s][info][class,load] org.springframework.core.io.AbstractResource source: jar:nested:/Users/kibong_home/Desktop/development/blog/build/libs/blog-0.0.1-SNAPSHOT.jar/!BOOT-INF/lib/spring-core-7.0.9.jar!/
[0.139s][info][class,load] org.springframework.core.io.AbstractFileResolvingResource source: jar:nested:/Users/kibong_home/Desktop/development/blog/build/libs/blog-0.0.1-SNAPSHOT.jar/!BOOT-INF/lib/spring-core-7.0.9.jar!/
[0.139s][info][class,load] org.springframework.core.io.UrlResource source: jar:nested:/Users/kibong_home/Desktop/development/blog/build/libs/blog-0.0.1-SNAPSHOT.jar/!BOOT-INF/lib/spring-core-7.0.9.jar!/
[0.139s][info][class,load] java.net.URISyntaxException source: jrt:/java.base
[0.139s][info][class,load] java.nio.file.FileSystemException source: shared objects file
[0.139s][info][class,load] java.nio.file.NoSuchFileException source: shared objects file
[0.140s][info][class,load] org.springframework.core.io.support.PropertiesLoaderUtils source: jar:nested:/Users/kibong_home/Desktop/development/blog/build/libs/blog-0.0.1-SNAPSHOT.jar/!BOOT-INF/lib/spring-core-7.0.9.jar!/
[0.140s][info][class,load] org.springframework.util.PropertiesPersister source: jar:nested:/Users/kibong_home/Desktop/development/blog/build/libs/blog-0.0.1-SNAPSHOT.jar/!BOOT-INF/lib/spring-core-7.0.9.jar!/
[0.140s][info][class,load] org.springframework.util.ResourceUtils source: jar:nested:/Users/kibong_home/Desktop/development/blog/build/libs/blog-0.0.1-SNAPSHOT.jar/!BOOT-INF/lib/spring-core-7.0.9.jar!/
[0.140s][info][class,load] org.springframework.util.CollectionUtils source: jar:nested:/Users/kibong_home/Desktop/development/blog/build/libs/blog-0.0.1-SNAPSHOT.jar/!BOOT-INF/lib/spring-core-7.0.9.jar!/
[0.140s][info][class,load] org.springframework.util.MultiValueMap source: jar:nested:/Users/kibong_home/Desktop/development/blog/build/libs/blog-0.0.1-SNAPSHOT.jar/!BOOT-INF/lib/spring-core-7.0.9.jar!/
[0.140s][info][class,load] java.net.URLDecoder source: jrt:/java.base
[0.140s][info][class,load] org.springframework.core.io.support.SpringFactoriesLoader$$Lambda/0x00000f0001093a20 source: org.springframework.core.io.support.SpringFactoriesLoader
[0.141s][info][class,load] org.springframework.core.io.support.SpringFactoriesLoader$$Lambda/0x00000f0001093c60 source: org.springframework.core.io.support.SpringFactoriesLoader
[0.141s][info][class,load] org.springframework.core.io.support.SpringFactoriesLoader$$Lambda/0x00000f0001096000 source: org.springframework.core.io.support.SpringFactoriesLoader
[0.141s][info][class,load] org.springframework.core.io.support.SpringFactoriesLoader$$Lambda/0x00000f0001096248 source: org.springframework.core.io.support.SpringFactoriesLoader
[0.141s][info][class,load] org.springframework.core.io.support.SpringFactoriesLoader$$Lambda/0x00000f0001096488 source: org.springframework.core.io.support.SpringFactoriesLoader
[0.141s][info][class,load] java.util.ArrayList$ArrayListSpliterator source: shared objects file
[0.141s][info][class,load] java.util.stream.DistinctOps source: shared objects file
[0.141s][info][class,load] java.util.stream.DistinctOps$1 source: shared objects file
[0.141s][info][class,load] java.util.stream.AbstractSpinedBuffer source: shared objects file
[0.141s][info][class,load] java.util.stream.SpinedBuffer source: shared objects file
[0.141s][info][class,load] java.util.stream.Nodes$SpinedNodeBuilder source: shared objects file
[0.141s][info][class,load] java.util.stream.DistinctOps$1$2 source: shared objects file
[0.142s][info][class,load] org.springframework.boot.WebApplicationType$Deducer source: jar:nested:/Users/kibong_home/Desktop/development/blog/build/libs/blog-0.0.1-SNAPSHOT.jar/!BOOT-INF/lib/spring-boot-4.1.1.jar!/
[0.142s][info][class,load] org.springframework.core.log.LogMessage source: jar:nested:/Users/kibong_home/Desktop/development/blog/build/libs/blog-0.0.1-SNAPSHOT.jar/!BOOT-INF/lib/spring-core-7.0.9.jar!/
[0.142s][info][class,load] org.springframework.core.log.LogMessage$SupplierMessage source: jar:nested:/Users/kibong_home/Desktop/development/blog/build/libs/blog-0.0.1-SNAPSHOT.jar/!BOOT-INF/lib/spring-core-7.0.9.jar!/
[0.142s][info][class,load] org.springframework.core.log.LogMessage$FormatMessage source: jar:nested:/Users/kibong_home/Desktop/development/blog/build/libs/blog-0.0.1-SNAPSHOT.jar/!BOOT-INF/lib/spring-core-7.0.9.jar!/
[0.142s][info][class,load] org.springframework.core.log.LogMessage$FormatMessageX source: jar:nested:/Users/kibong_home/Desktop/development/blog/build/libs/blog-0.0.1-SNAPSHOT.jar/!BOOT-INF/lib/spring-core-7.0.9.jar!/
[0.142s][info][class,load] org.springframework.core.log.LogMessage$FormatMessage3 source: jar:nested:/Users/kibong_home/Desktop/development/blog/build/libs/blog-0.0.1-SNAPSHOT.jar/!BOOT-INF/lib/spring-core-7.0.9.jar!/
[0.142s][info][class,load] org.springframework.core.log.LogMessage$FormatMessage4 source: jar:nested:/Users/kibong_home/Desktop/development/blog/build/libs/blog-0.0.1-SNAPSHOT.jar/!BOOT-INF/lib/spring-core-7.0.9.jar!/
[0.142s][info][class,load] org.springframework.core.log.LogMessage$FormatMessage1 source: jar:nested:/Users/kibong_home/Desktop/development/blog/build/libs/blog-0.0.1-SNAPSHOT.jar/!BOOT-INF/lib/spring-core-7.0.9.jar!/
[0.142s][info][class,load] org.springframework.core.log.LogMessage$FormatMessage2 source: jar:nested:/Users/kibong_home/Desktop/development/blog/build/libs/blog-0.0.1-SNAPSHOT.jar/!BOOT-INF/lib/spring-core-7.0.9.jar!/
[0.142s][info][class,load] ch.qos.logback.core.spi.FilterReply source: jar:nested:/Users/kibong_home/Desktop/development/blog/build/libs/blog-0.0.1-SNAPSHOT.jar/!BOOT-INF/lib/logback-core-1.5.38.jar!/
[0.143s][info][class,load] org.springframework.util.ClassUtils source: jar:nested:/Users/kibong_home/Desktop/development/blog/build/libs/blog-0.0.1-SNAPSHOT.jar/!BOOT-INF/lib/spring-core-7.0.9.jar!/
[0.143s][info][class,load] java.util.IdentityHashMap$EntrySet source: jrt:/java.base
[0.143s][info][class,load] java.util.IdentityHashMap$IdentityHashMapIterator source: shared objects file
[0.143s][info][class,load] java.util.IdentityHashMap$EntryIterator source: jrt:/java.base
[0.143s][info][class,load] java.util.IdentityHashMap$EntryIterator$Entry source: jrt:/java.base
[0.143s][info][class,load] java.util.IdentityHashMap$Values source: shared objects file
[0.143s][info][class,load] java.util.IdentityHashMap$ValueIterator source: jrt:/java.base
[0.143s][info][class,load] org.springframework.boot.bootstrap.BootstrapRegistryInitializer source: jar:nested:/Users/kibong_home/Desktop/development/blog/build/libs/blog-0.0.1-SNAPSHOT.jar/!BOOT-INF/lib/spring-boot-4.1.1.jar!/
[0.143s][info][class,load] org.springframework.util.ObjectUtils source: jar:nested:/Users/kibong_home/Desktop/development/blog/build/libs/blog-0.0.1-SNAPSHOT.jar/!BOOT-INF/lib/spring-core-7.0.9.jar!/
[0.144s][info][class,load] org.springframework.context.ApplicationContextInitializer source: jar:nested:/Users/kibong_home/Desktop/development/blog/build/libs/blog-0.0.1-SNAPSHOT.jar/!BOOT-INF/lib/spring-context-7.0.9.jar!/
[0.144s][info][class,load] org.springframework.core.Ordered source: jar:nested:/Users/kibong_home/Desktop/development/blog/build/libs/blog-0.0.1-SNAPSHOT.jar/!BOOT-INF/lib/spring-core-7.0.9.jar!/
[0.144s][info][class,load] org.springframework.beans.factory.aot.BeanRegistrationExcludeFilter source: jar:nested:/Users/kibong_home/Desktop/development/blog/build/libs/blog-0.0.1-SNAPSHOT.jar/!BOOT-INF/lib/spring-beans-7.0.9.jar!/
[0.144s][info][class,load] org.springframework.boot.autoconfigure.SharedMetadataReaderFactoryContextInitializer source: jar:nested:/Users/kibong_home/Desktop/development/blog/build/libs/blog-0.0.1-SNAPSHOT.jar/!BOOT-INF/lib/spring-boot-autoconfigure-4.1.1.jar!/
[0.144s][info][class,load] org.springframework.core.io.support.SpringFactoriesLoader$$Lambda/0x00000f0001098478 source: org.springframework.core.io.support.SpringFactoriesLoader
[0.144s][info][class,load] org.springframework.core.io.support.SpringFactoriesLoader$FactoryInstantiator source: jar:nested:/Users/kibong_home/Desktop/development/blog/build/libs/blog-0.0.1-SNAPSHOT.jar/!BOOT-INF/lib/spring-core-7.0.9.jar!/
[0.144s][info][class,load] org.springframework.core.KotlinDetector source: jar:nested:/Users/kibong_home/Desktop/development/blog/build/libs/blog-0.0.1-SNAPSHOT.jar/!BOOT-INF/lib/spring-core-7.0.9.jar!/
[0.144s][info][class,load] kotlin.Metadata source: jar:nested:/Users/kibong_home/Desktop/development/blog/build/libs/blog-0.0.1-SNAPSHOT.jar/!BOOT-INF/lib/kotlin-stdlib-2.3.21.jar!/
[0.144s][info][class,load] kotlin.jvm.JvmInline source: jar:nested:/Users/kibong_home/Desktop/development/blog/build/libs/blog-0.0.1-SNAPSHOT.jar/!BOOT-INF/lib/kotlin-stdlib-2.3.21.jar!/
[0.145s][info][class,load] kotlin.coroutines.Continuation source: jar:nested:/Users/kibong_home/Desktop/development/blog/build/libs/blog-0.0.1-SNAPSHOT.jar/!BOOT-INF/lib/kotlin-stdlib-2.3.21.jar!/
[0.145s][info][class,load] kotlin.reflect.full.KClasses source: jar:nested:/Users/kibong_home/Desktop/development/blog/build/libs/blog-0.0.1-SNAPSHOT.jar/!BOOT-INF/lib/kotlin-reflect-2.3.21.jar!/
[0.145s][info][class,load] org.springframework.core.io.support.SpringFactoriesLoader$FactoryInstantiator$$Lambda/0x00000f00010992f8 source: org.springframework.core.io.support.SpringFactoriesLoader
[0.145s][info][class,load] org.springframework.util.ReflectionUtils source: jar:nested:/Users/kibong_home/Desktop/development/blog/build/libs/blog-0.0.1-SNAPSHOT.jar/!BOOT-INF/lib/spring-core-7.0.9.jar!/
[0.145s][info][class,load] java.lang.reflect.UndeclaredThrowableException source: jrt:/java.base
[0.145s][info][class,load] org.springframework.util.ReflectionUtils$MethodFilter source: jar:nested:/Users/kibong_home/Desktop/development/blog/build/libs/blog-0.0.1-SNAPSHOT.jar/!BOOT-INF/lib/spring-core-7.0.9.jar!/
[0.146s][info][class,load] org.springframework.util.ReflectionUtils$$Lambda/0x00000f0001099940 source: org.springframework.util.ReflectionUtils
[0.146s][info][class,load] org.springframework.util.ReflectionUtils$FieldFilter source: jar:nested:/Users/kibong_home/Desktop/development/blog/build/libs/blog-0.0.1-SNAPSHOT.jar/!BOOT-INF/lib/spring-core-7.0.9.jar!/
[0.146s][info][class,load] org.springframework.util.ReflectionUtils$$Lambda/0x00000f0001099d80 source: org.springframework.util.ReflectionUtils
[0.146s][info][class,load] org.springframework.boot.autoconfigure.logging.ConditionEvaluationReportLoggingListener source: jar:nested:/Users/kibong_home/Desktop/development/blog/build/libs/blog-0.0.1-SNAPSHOT.jar/!BOOT-INF/lib/spring-boot-autoconfigure-4.1.1.jar!/
[0.146s][info][class,load] org.springframework.boot.logging.LogLevel source: jar:nested:/Users/kibong_home/Desktop/development/blog/build/libs/blog-0.0.1-SNAPSHOT.jar/!BOOT-INF/lib/spring-boot-4.1.1.jar!/
[0.146s][info][class,load] org.springframework.boot.logging.LogLevel$LogMethod source: jar:nested:/Users/kibong_home/Desktop/development/blog/build/libs/blog-0.0.1-SNAPSHOT.jar/!BOOT-INF/lib/spring-boot-4.1.1.jar!/
[0.146s][info][class,load] java.lang.invoke.LambdaForm$DMH/0x00000f000109c000 source: __JVM_LookupDefineClass__
[0.146s][info][class,load] org.springframework.boot.logging.LogLevel$$Lambda/0x00000f000109a648 source: org.springframework.boot.logging.LogLevel
[0.147s][info][class,load] org.springframework.boot.logging.LogLevel$$Lambda/0x00000f000109a870 source: org.springframework.boot.logging.LogLevel
[0.147s][info][class,load] org.springframework.boot.logging.LogLevel$$Lambda/0x00000f000109aa98 source: org.springframework.boot.logging.LogLevel
[0.147s][info][class,load] org.springframework.boot.logging.LogLevel$$Lambda/0x00000f000109acc0 source: org.springframework.boot.logging.LogLevel
[0.147s][info][class,load] org.springframework.boot.logging.LogLevel$$Lambda/0x00000f000109aee8 source: org.springframework.boot.logging.LogLevel
[0.147s][info][class,load] org.springframework.boot.logging.LogLevel$$Lambda/0x00000f000109b110 source: org.springframework.boot.logging.LogLevel
[0.147s][info][class,load] org.springframework.boot.context.ConfigurationWarningsApplicationContextInitializer source: jar:nested:/Users/kibong_home/Desktop/development/blog/build/libs/blog-0.0.1-SNAPSHOT.jar/!BOOT-INF/lib/spring-boot-4.1.1.jar!/
[0.147s][info][class,load] org.springframework.boot.context.ContextIdApplicationContextInitializer source: jar:nested:/Users/kibong_home/Desktop/development/blog/build/libs/blog-0.0.1-SNAPSHOT.jar/!BOOT-INF/lib/spring-boot-4.1.1.jar!/
[0.147s][info][class,load] org.springframework.boot.io.ProtocolResolverApplicationContextInitializer source: jar:nested:/Users/kibong_home/Desktop/development/blog/build/libs/blog-0.0.1-SNAPSHOT.jar/!BOOT-INF/lib/spring-boot-4.1.1.jar!/
[0.147s][info][class,load] org.springframework.core.PriorityOrdered source: jar:nested:/Users/kibong_home/Desktop/development/blog/build/libs/blog-0.0.1-SNAPSHOT.jar/!BOOT-INF/lib/spring-core-7.0.9.jar!/
[0.147s][info][class,load] org.springframework.core.annotation.MergedAnnotations$SearchStrategy source: jar:nested:/Users/kibong_home/Desktop/development/blog/build/libs/blog-0.0.1-SNAPSHOT.jar/!BOOT-INF/lib/spring-core-7.0.9.jar!/
[0.147s][info][class,load] org.springframework.core.annotation.MergedAnnotations source: jar:nested:/Users/kibong_home/Desktop/development/blog/build/libs/blog-0.0.1-SNAPSHOT.jar/!BOOT-INF/lib/spring-core-7.0.9.jar!/
[0.148s][info][class,load] org.springframework.core.annotation.RepeatableContainers source: jar:nested:/Users/kibong_home/Desktop/development/blog/build/libs/blog-0.0.1-SNAPSHOT.jar/!BOOT-INF/lib/spring-core-7.0.9.jar!/
[0.148s][info][class,load] org.springframework.core.annotation.RepeatableContainers$NoRepeatableContainers source: jar:nested:/Users/kibong_home/Desktop/development/blog/build/libs/blog-0.0.1-SNAPSHOT.jar/!BOOT-INF/lib/spring-core-7.0.9.jar!/
[0.148s][info][class,load] org.springframework.core.annotation.RepeatableContainers$StandardRepeatableContainers source: jar:nested:/Users/kibong_home/Desktop/development/blog/build/libs/blog-0.0.1-SNAPSHOT.jar/!BOOT-INF/lib/spring-core-7.0.9.jar!/
[0.148s][info][class,load] org.springframework.core.annotation.RepeatableContainers$ExplicitRepeatableContainer source: jar:nested:/Users/kibong_home/Desktop/development/blog/build/libs/blog-0.0.1-SNAPSHOT.jar/!BOOT-INF/lib/spring-core-7.0.9.jar!/
[0.148s][info][class,load] org.springframework.core.annotation.AnnotationFilter source: jar:nested:/Users/kibong_home/Desktop/development/blog/build/libs/blog-0.0.1-SNAPSHOT.jar/!BOOT-INF/lib/spring-core-7.0.9.jar!/
[0.148s][info][class,load] org.springframework.core.annotation.PackagesAnnotationFilter source: jar:nested:/Users/kibong_home/Desktop/development/blog/build/libs/blog-0.0.1-SNAPSHOT.jar/!BOOT-INF/lib/spring-core-7.0.9.jar!/
[0.148s][info][class,load] java.util.ComparableTimSort source: jrt:/java.base
[0.148s][info][class,load] org.springframework.core.annotation.AnnotationFilter$1 source: jar:nested:/Users/kibong_home/Desktop/development/blog/build/libs/blog-0.0.1-SNAPSHOT.jar/!BOOT-INF/lib/spring-core-7.0.9.jar!/
[0.148s][info][class,load] org.springframework.core.annotation.AnnotationFilter$2 source: jar:nested:/Users/kibong_home/Desktop/development/blog/build/libs/blog-0.0.1-SNAPSHOT.jar/!BOOT-INF/lib/spring-core-7.0.9.jar!/
[0.148s][info][class,load] org.springframework.core.annotation.MergedAnnotations$Search source: jar:nested:/Users/kibong_home/Desktop/development/blog/build/libs/blog-0.0.1-SNAPSHOT.jar/!BOOT-INF/lib/spring-core-7.0.9.jar!/
[0.149s][info][class,load] org.springframework.core.annotation.MergedAnnotations$Search$$Lambda/0x00000f000109fa18 source: org.springframework.core.annotation.MergedAnnotations
[0.149s][info][class,load] org.springframework.core.annotation.MergedAnnotations$Search$$Lambda/0x00000f000109fc70 source: org.springframework.core.annotation.MergedAnnotations
[0.149s][info][class,load] org.springframework.core.annotation.TypeMappedAnnotations source: jar:nested:/Users/kibong_home/Desktop/development/blog/build/libs/blog-0.0.1-SNAPSHOT.jar/!BOOT-INF/lib/spring-core-7.0.9.jar!/
[0.149s][info][class,load] org.springframework.core.annotation.AnnotationsProcessor source: jar:nested:/Users/kibong_home/Desktop/development/blog/build/libs/blog-0.0.1-SNAPSHOT.jar/!BOOT-INF/lib/spring-core-7.0.9.jar!/
[0.149s][info][class,load] org.springframework.core.annotation.AnnotationsScanner source: jar:nested:/Users/kibong_home/Desktop/development/blog/build/libs/blog-0.0.1-SNAPSHOT.jar/!BOOT-INF/lib/spring-core-7.0.9.jar!/
[0.149s][info][class,load] org.springframework.core.annotation.OrderUtils source: jar:nested:/Users/kibong_home/Desktop/development/blog/build/libs/blog-0.0.1-SNAPSHOT.jar/!BOOT-INF/lib/spring-core-7.0.9.jar!/
[0.149s][info][class,load] org.springframework.core.annotation.Order source: jar:nested:/Users/kibong_home/Desktop/development/blog/build/libs/blog-0.0.1-SNAPSHOT.jar/!BOOT-INF/lib/spring-core-7.0.9.jar!/
[0.150s][info][class,load] org.springframework.core.annotation.TypeMappedAnnotations$MergedAnnotationFinder source: jar:nested:/Users/kibong_home/Desktop/development/blog/build/libs/blog-0.0.1-SNAPSHOT.jar/!BOOT-INF/lib/spring-core-7.0.9.jar!/
[0.150s][info][class,load] org.springframework.core.annotation.MergedAnnotation source: jar:nested:/Users/kibong_home/Desktop/development/blog/build/libs/blog-0.0.1-SNAPSHOT.jar/!BOOT-INF/lib/spring-core-7.0.9.jar!/
[0.150s][info][class,load] org.springframework.core.annotation.MergedAnnotationSelectors source: jar:nested:/Users/kibong_home/Desktop/development/blog/build/libs/blog-0.0.1-SNAPSHOT.jar/!BOOT-INF/lib/spring-core-7.0.9.jar!/
[0.150s][info][class,load] org.springframework.core.annotation.MergedAnnotationSelector source: jar:nested:/Users/kibong_home/Desktop/development/blog/build/libs/blog-0.0.1-SNAPSHOT.jar/!BOOT-INF/lib/spring-core-7.0.9.jar!/
[0.150s][info][class,load] org.springframework.core.annotation.MergedAnnotationSelectors$Nearest source: jar:nested:/Users/kibong_home/Desktop/development/blog/build/libs/blog-0.0.1-SNAPSHOT.jar/!BOOT-INF/lib/spring-core-7.0.9.jar!/
[0.150s][info][class,load] org.springframework.core.annotation.MergedAnnotationSelectors$FirstDirectlyDeclared source: jar:nested:/Users/kibong_home/Desktop/development/blog/build/libs/blog-0.0.1-SNAPSHOT.jar/!BOOT-INF/lib/spring-core-7.0.9.jar!/
[0.150s][info][class,load] org.springframework.core.annotation.AnnotationsScanner$1 source: jar:nested:/Users/kibong_home/Desktop/development/blog/build/libs/blog-0.0.1-SNAPSHOT.jar/!BOOT-INF/lib/spring-core-7.0.9.jar!/
[0.150s][info][class,load] java.lang.NoSuchFieldError source: jrt:/java.base
[0.150s][info][class,load] sun.reflect.generics.parser.SignatureParser source: jrt:/java.base
[0.150s][info][class,load] sun.reflect.generics.tree.Tree source: jrt:/java.base
[0.150s][info][class,load] sun.reflect.generics.tree.TypeTree source: jrt:/java.base
[0.150s][info][class,load] sun.reflect.generics.tree.TypeArgument source: jrt:/java.base
[0.150s][info][class,load] sun.reflect.generics.tree.ReturnType source: jrt:/java.base
[0.150s][info][class,load] sun.reflect.generics.tree.TypeSignature source: jrt:/java.base
[0.150s][info][class,load] sun.reflect.generics.tree.BaseType source: jrt:/java.base
[0.150s][info][class,load] sun.reflect.generics.tree.FieldTypeSignature source: jrt:/java.base
[0.150s][info][class,load] sun.reflect.generics.tree.SimpleClassTypeSignature source: jrt:/java.base
[0.150s][info][class,load] sun.reflect.generics.tree.ClassTypeSignature source: jrt:/java.base
[0.150s][info][class,load] sun.reflect.generics.scope.Scope source: jrt:/java.base
[0.150s][info][class,load] sun.reflect.generics.scope.AbstractScope source: jrt:/java.base
[0.150s][info][class,load] sun.reflect.generics.scope.ClassScope source: jrt:/java.base
[0.150s][info][class,load] sun.reflect.generics.factory.GenericsFactory source: jrt:/java.base
[0.150s][info][class,load] sun.reflect.generics.factory.CoreReflectionFactory source: jrt:/java.base
[0.150s][info][class,load] sun.reflect.generics.visitor.TypeTreeVisitor source: jrt:/java.base
[0.150s][info][class,load] sun.reflect.generics.visitor.Reifier source: jrt:/java.base
[0.150s][info][class,load] java.lang.FunctionalInterface source: jrt:/java.base
[0.150s][info][class,load] java.lang.reflect.GenericArrayType source: jrt:/java.base
[0.151s][info][class,load] sun.reflect.annotation.AnnotationType source: jrt:/java.base
[0.151s][info][class,load] java.lang.annotation.Retention source: jrt:/java.base
[0.151s][info][class,load] java.lang.annotation.Inherited source: jrt:/java.base
[0.151s][info][class,load] java.lang.annotation.Documented source: jrt:/java.base
[0.151s][info][class,load] java.lang.annotation.RetentionPolicy source: jrt:/java.base
[0.151s][info][class,load] sun.reflect.annotation.ExceptionProxy source: jrt:/java.base
[0.151s][info][class,load] sun.reflect.annotation.AnnotationTypeMismatchExceptionProxy source: jrt:/java.base
[0.151s][info][class,load] java.lang.reflect.InvocationHandler source: jrt:/java.base
[0.151s][info][class,load] sun.reflect.annotation.AnnotationInvocationHandler source: jrt:/java.base
[0.151s][info][class,load] java.lang.reflect.Proxy source: jrt:/java.base
[0.151s][info][class,load] java.lang.reflect.Proxy$1 source: jrt:/java.base
[0.151s][info][class,load] jdk.internal.loader.AbstractClassLoaderValue$Sub source: jrt:/java.base
[0.151s][info][class,load] java.lang.reflect.Proxy$$Lambda/0x00000f0001027150 source: java.lang.reflect.Proxy
[0.151s][info][class,load] java.lang.reflect.Proxy$ProxyBuilder source: jrt:/java.base
[0.151s][info][class,load] java.util.Collections$SingletonList source: jrt:/java.base
[0.151s][info][class,load] java.lang.PublicMethods source: jrt:/java.base
[0.151s][info][class,load] java.util.LinkedHashMap$LinkedValues source: jrt:/java.base
[0.151s][info][class,load] java.util.LinkedHashMap$LinkedValueIterator source: jrt:/java.base
[0.152s][info][class,load] java.lang.reflect.Proxy$ProxyBuilder$$Lambda/0x00000f0001028450 source: java.lang.reflect.Proxy
[0.152s][info][class,load] java.lang.module.ModuleDescriptor$Modifier source: shared objects file
[0.152s][info][class,load] java.lang.reflect.AccessFlag source: shared objects file
[0.152s][info][class,load] java.lang.reflect.AccessFlag$Location source: shared objects file
[0.152s][info][class,load] java.lang.module.ModuleDescriptor$Builder source: shared objects file
[0.152s][info][class,load] jdk.internal.module.Checks source: shared objects file
[0.152s][info][class,load] java.lang.Module$ReflectionData source: shared objects file
[0.152s][info][class,load] java.lang.WeakPairMap source: shared objects file
[0.152s][info][class,load] java.lang.WeakPairMap$Pair source: shared objects file
[0.152s][info][class,load] java.lang.WeakPairMap$Pair$Lookup source: shared objects file
[0.152s][info][class,load] java.lang.module.ModuleDescriptor$Builder$$Lambda/0x80000000e source: shared objects file
[0.152s][info][class,load] java.lang.WeakPairMap$WeakRefPeer source: jrt:/java.base
[0.152s][info][class,load] java.lang.WeakPairMap$Pair$Weak source: jrt:/java.base
[0.152s][info][class,load] java.lang.WeakPairMap$Pair$Weak$1 source: jrt:/java.base
[0.152s][info][class,load] java.lang.Module$$Lambda/0x00000f0001028de0 source: java.lang.Module
[0.152s][info][class,load] java.lang.WeakPairMap$$Lambda/0x00000f0001029018 source: java.lang.WeakPairMap
[0.153s][info][class,load] java.lang.reflect.Proxy$ProxyBuilder$ProxyClassContext source: jrt:/java.base
[0.153s][info][class,load] java.lang.reflect.ProxyGenerator source: jrt:/java.base
[0.153s][info][class,load] java.lang.classfile.ClassFile$Option source: shared objects file
[0.153s][info][class,load] java.lang.classfile.ClassFile$StackMapsOption source: shared objects file
[0.153s][info][class,load] java.util.StringJoiner source: shared objects file
[0.153s][info][class,load] java.lang.classfile.attribute.StackMapFrameInfo$VerificationTypeInfo source: shared objects file
[0.153s][info][class,load] java.lang.classfile.attribute.StackMapFrameInfo$ObjectVerificationTypeInfo source: shared objects file
[0.153s][info][class,load] jdk.internal.classfile.impl.StackMapDecoder$ObjectVerificationTypeInfoImpl source: shared objects file
[0.153s][info][class,load] java.lang.reflect.ProxyGenerator$ProxyMethod source: jrt:/java.base
[0.153s][info][class,load] java.lang.reflect.ProxyGenerator$$Lambda/0x00000f0001029cb0 source: java.lang.reflect.ProxyGenerator
[0.154s][info][class,load] java.lang.reflect.ProxyGenerator$$Lambda/0x00000f0001029ef8 source: java.lang.reflect.ProxyGenerator
[0.154s][info][class,load] java.lang.reflect.ProxyGenerator$$Lambda/0x00000f000102a138 source: java.lang.reflect.ProxyGenerator
[0.154s][info][class,load] java.lang.reflect.ProxyGenerator$ProxyMethod$$Lambda/0x00000f000102a378 source: java.lang.reflect.ProxyGenerator
[0.154s][info][class,load] java.lang.classfile.attribute.ExceptionsAttribute source: jrt:/java.base
[0.154s][info][class,load] jdk.internal.classfile.impl.UnboundAttribute$UnboundExceptionsAttribute source: jrt:/java.base
[0.154s][info][class,load] jdk.internal.classfile.impl.AbstractAttributeMapper$ExceptionsMapper source: jrt:/java.base
[0.154s][info][class,load] java.lang.reflect.ProxyGenerator$ProxyMethod$$Lambda/0x00000f000102ace0 source: java.lang.reflect.ProxyGenerator
[0.154s][info][class,load] java.lang.reflect.ProxyGenerator$PrimitiveTypeInfo source: jrt:/java.base
[0.154s][info][class,load] java.lang.classfile.instruction.ExceptionCatch source: jrt:/java.base
[0.154s][info][class,load] jdk.internal.classfile.impl.AbstractPseudoInstruction source: jrt:/java.base
[0.154s][info][class,load] jdk.internal.classfile.impl.AbstractPseudoInstruction$ExceptionCatchImpl source: jrt:/java.base
[0.154s][info][class,load] java.lang.classfile.attribute.StackMapFrameInfo source: shared objects file
[0.154s][info][class,load] jdk.internal.classfile.impl.StackMapDecoder$StackMapFrameImpl source: shared objects file
[0.155s][info][class,load] java.lang.classfile.attribute.StackMapTableAttribute source: shared objects file
[0.155s][info][class,load] jdk.internal.classfile.impl.UnboundAttribute$UnboundStackMapTableAttribute source: shared objects file
[0.155s][info][class,load] java.lang.reflect.ProxyGenerator$$Lambda/0x00000f000102ba50 source: java.lang.reflect.ProxyGenerator
[0.155s][info][class,load] java.lang.classfile.constantpool.ConstantValueEntry source: jrt:/java.base
[0.155s][info][class,load] java.lang.classfile.constantpool.StringEntry source: jrt:/java.base
[0.155s][info][class,load] jdk.internal.classfile.impl.AbstractPoolEntry$StringEntryImpl source: jrt:/java.base
[0.155s][info][class,load] java.lang.reflect.ProxyGenerator$$Lambda/0x00000f000102c3f8 source: java.lang.reflect.ProxyGenerator
[0.155s][info][class,load] java.lang.reflect.ProxyGenerator$$Lambda/0x00000f000102c638 source: java.lang.reflect.ProxyGenerator
[0.155s][info][class,load] jdk.internal.classfile.impl.StackCounter source: jrt:/java.base
[0.155s][info][class,load] jdk.internal.classfile.impl.StackCounter$Target source: jrt:/java.base
[0.155s][info][class,load] java.lang.classfile.attribute.StackMapFrameInfo$SimpleVerificationTypeInfo source: shared objects file
[0.155s][info][class,load] jdk.internal.classfile.impl.StackMapDecoder source: shared objects file
[0.155s][info][class,load] jdk.internal.classfile.impl.StackMapDecoder$1 source: shared objects file
[0.156s][info][class,load] jdk.proxy1.$Proxy0 source: __dynamic_proxy__
[0.156s][info][class,load] java.lang.annotation.Target source: jrt:/java.base
[0.156s][info][class,load] jdk.proxy1.$Proxy1 source: __dynamic_proxy__
[0.157s][info][class,load] org.springframework.core.annotation.AbstractMergedAnnotation source: jar:nested:/Users/kibong_home/Desktop/development/blog/build/libs/blog-0.0.1-SNAPSHOT.jar/!BOOT-INF/lib/spring-core-7.0.9.jar!/
[0.157s][info][class,load] org.springframework.core.annotation.MissingMergedAnnotation source: jar:nested:/Users/kibong_home/Desktop/development/blog/build/libs/blog-0.0.1-SNAPSHOT.jar/!BOOT-INF/lib/spring-core-7.0.9.jar!/
[0.157s][info][class,load] org.springframework.core.DecoratingProxy source: jar:nested:/Users/kibong_home/Desktop/development/blog/build/libs/blog-0.0.1-SNAPSHOT.jar/!BOOT-INF/lib/spring-core-7.0.9.jar!/
[0.157s][info][class,load] org.springframework.boot.autoconfigure.preinitialize.BackgroundPreinitializingApplicationListener source: jar:nested:/Users/kibong_home/Desktop/development/blog/build/libs/blog-0.0.1-SNAPSHOT.jar/!BOOT-INF/lib/spring-boot-autoconfigure-4.1.1.jar!/
[0.157s][info][class,load] java.util.concurrent.CountDownLatch source: shared objects file
[0.157s][info][class,load] java.util.concurrent.CountDownLatch$Sync source: jrt:/java.base
[0.157s][info][class,load] org.springframework.core.NativeDetector source: jar:nested:/Users/kibong_home/Desktop/development/blog/build/libs/blog-0.0.1-SNAPSHOT.jar/!BOOT-INF/lib/spring-core-7.0.9.jar!/
[0.157s][info][class,load] org.springframework.boot.ClearCachesApplicationListener source: jar:nested:/Users/kibong_home/Desktop/development/blog/build/libs/blog-0.0.1-SNAPSHOT.jar/!BOOT-INF/lib/spring-boot-4.1.1.jar!/
[0.157s][info][class,load] org.springframework.beans.factory.Aware source: jar:nested:/Users/kibong_home/Desktop/development/blog/build/libs/blog-0.0.1-SNAPSHOT.jar/!BOOT-INF/lib/spring-beans-7.0.9.jar!/
[0.157s][info][class,load] org.springframework.context.ApplicationContextAware source: jar:nested:/Users/kibong_home/Desktop/development/blog/build/libs/blog-0.0.1-SNAPSHOT.jar/!BOOT-INF/lib/spring-context-7.0.9.jar!/
[0.157s][info][class,load] org.springframework.boot.builder.ParentContextCloserApplicationListener source: jar:nested:/Users/kibong_home/Desktop/development/blog/build/libs/blog-0.0.1-SNAPSHOT.jar/!BOOT-INF/lib/spring-boot-4.1.1.jar!/
[0.158s][info][class,load] org.springframework.boot.context.FileEncodingApplicationListener source: jar:nested:/Users/kibong_home/Desktop/development/blog/build/libs/blog-0.0.1-SNAPSHOT.jar/!BOOT-INF/lib/spring-boot-4.1.1.jar!/
[0.158s][info][class,load] org.springframework.context.event.SmartApplicationListener source: jar:nested:/Users/kibong_home/Desktop/development/blog/build/libs/blog-0.0.1-SNAPSHOT.jar/!BOOT-INF/lib/spring-context-7.0.9.jar!/
[0.158s][info][class,load] org.springframework.context.event.GenericApplicationListener source: jar:nested:/Users/kibong_home/Desktop/development/blog/build/libs/blog-0.0.1-SNAPSHOT.jar/!BOOT-INF/lib/spring-context-7.0.9.jar!/
[0.158s][info][class,load] org.springframework.boot.context.logging.LoggingApplicationListener source: jar:nested:/Users/kibong_home/Desktop/development/blog/build/libs/blog-0.0.1-SNAPSHOT.jar/!BOOT-INF/lib/spring-boot-4.1.1.jar!/
[0.158s][info][class,load] org.springframework.boot.context.properties.source.ConfigurationPropertyName source: jar:nested:/Users/kibong_home/Desktop/development/blog/build/libs/blog-0.0.1-SNAPSHOT.jar/!BOOT-INF/lib/spring-boot-4.1.1.jar!/
[0.158s][info][class,load] org.springframework.boot.context.properties.source.InvalidConfigurationPropertyNameException source: jar:nested:/Users/kibong_home/Desktop/development/blog/build/libs/blog-0.0.1-SNAPSHOT.jar/!BOOT-INF/lib/spring-boot-4.1.1.jar!/
[0.159s][info][class,load] org.springframework.boot.context.properties.source.ConfigurationPropertyName$Elements source: jar:nested:/Users/kibong_home/Desktop/development/blog/build/libs/blog-0.0.1-SNAPSHOT.jar/!BOOT-INF/lib/spring-boot-4.1.1.jar!/
[0.159s][info][class,load] org.springframework.boot.context.properties.source.ConfigurationPropertyName$ElementType source: jar:nested:/Users/kibong_home/Desktop/development/blog/build/libs/blog-0.0.1-SNAPSHOT.jar/!BOOT-INF/lib/spring-boot-4.1.1.jar!/
[0.159s][info][class,load] org.springframework.boot.context.properties.source.ConfigurationPropertyName$ToStringFormat source: jar:nested:/Users/kibong_home/Desktop/development/blog/build/libs/blog-0.0.1-SNAPSHOT.jar/!BOOT-INF/lib/spring-boot-4.1.1.jar!/
[0.159s][info][class,load] org.springframework.boot.context.properties.source.ConfigurationPropertyName$ElementsParser source: jar:nested:/Users/kibong_home/Desktop/development/blog/build/libs/blog-0.0.1-SNAPSHOT.jar/!BOOT-INF/lib/spring-boot-4.1.1.jar!/
[0.159s][info][class,load] org.springframework.boot.context.properties.bind.Bindable source: jar:nested:/Users/kibong_home/Desktop/development/blog/build/libs/blog-0.0.1-SNAPSHOT.jar/!BOOT-INF/lib/spring-boot-4.1.1.jar!/
[0.159s][info][class,load] org.springframework.boot.context.properties.bind.Bindable$BindRestriction source: jar:nested:/Users/kibong_home/Desktop/development/blog/build/libs/blog-0.0.1-SNAPSHOT.jar/!BOOT-INF/lib/spring-boot-4.1.1.jar!/
[0.160s][info][class,load] org.springframework.core.ResolvableType source: jar:nested:/Users/kibong_home/Desktop/development/blog/build/libs/blog-0.0.1-SNAPSHOT.jar/!BOOT-INF/lib/spring-core-7.0.9.jar!/
[0.160s][info][class,load] org.springframework.core.SerializableTypeWrapper$TypeProvider source: jar:nested:/Users/kibong_home/Desktop/development/blog/build/libs/blog-0.0.1-SNAPSHOT.jar/!BOOT-INF/lib/spring-core-7.0.9.jar!/
[0.160s][info][class,load] java.lang.TypeNotPresentException source: jrt:/java.base
[0.160s][info][class,load] org.springframework.core.ResolvableType$VariableResolver source: jar:nested:/Users/kibong_home/Desktop/development/blog/build/libs/blog-0.0.1-SNAPSHOT.jar/!BOOT-INF/lib/spring-core-7.0.9.jar!/
[0.160s][info][class,load] org.springframework.core.ResolvableType$1 source: jar:nested:/Users/kibong_home/Desktop/development/blog/build/libs/blog-0.0.1-SNAPSHOT.jar/!BOOT-INF/lib/spring-core-7.0.9.jar!/
[0.160s][info][class,load] org.springframework.core.ResolvableType$EmptyType source: jar:nested:/Users/kibong_home/Desktop/development/blog/build/libs/blog-0.0.1-SNAPSHOT.jar/!BOOT-INF/lib/spring-core-7.0.9.jar!/
[0.160s][info][class,load] sun.reflect.generics.repository.AbstractRepository source: jrt:/java.base
[0.160s][info][class,load] sun.reflect.generics.repository.GenericDeclRepository source: jrt:/java.base
[0.160s][info][class,load] sun.reflect.generics.repository.ClassRepository source: jrt:/java.base
[0.160s][info][class,load] java.lang.reflect.TypeVariable source: jrt:/java.base
[0.160s][info][class,load] sun.reflect.generics.tree.FormalTypeParameter source: jrt:/java.base
[0.160s][info][class,load] sun.reflect.generics.tree.Signature source: jrt:/java.base
[0.160s][info][class,load] sun.reflect.generics.tree.ClassSignature source: jrt:/java.base
[0.160s][info][class,load] sun.reflect.generics.reflectiveObjects.LazyReflectiveObjectGenerator source: jrt:/java.base
[0.160s][info][class,load] sun.reflect.generics.reflectiveObjects.TypeVariableImpl source: jrt:/java.base
[0.161s][info][class,load] org.springframework.core.ResolvableType$$Lambda/0x00000f00010a4c40 source: org.springframework.core.ResolvableType
[0.161s][info][class,load] org.springframework.core.SerializableTypeWrapper source: jar:nested:/Users/kibong_home/Desktop/development/blog/build/libs/blog-0.0.1-SNAPSHOT.jar/!BOOT-INF/lib/spring-core-7.0.9.jar!/
[0.161s][info][class,load] java.lang.reflect.ParameterizedType source: jrt:/java.base
[0.161s][info][class,load] java.lang.reflect.WildcardType source: jrt:/java.base
[0.161s][info][class,load] org.springframework.core.SerializableTypeWrapper$SerializableTypeProxy source: jar:nested:/Users/kibong_home/Desktop/development/blog/build/libs/blog-0.0.1-SNAPSHOT.jar/!BOOT-INF/lib/spring-core-7.0.9.jar!/
[0.161s][info][class,load] org.springframework.core.ResolvableType$SyntheticParameterizedType source: jar:nested:/Users/kibong_home/Desktop/development/blog/build/libs/blog-0.0.1-SNAPSHOT.jar/!BOOT-INF/lib/spring-core-7.0.9.jar!/
[0.161s][info][class,load] org.springframework.core.ResolvableType$TypeVariablesVariableResolver source: jar:nested:/Users/kibong_home/Desktop/development/blog/build/libs/blog-0.0.1-SNAPSHOT.jar/!BOOT-INF/lib/spring-core-7.0.9.jar!/
[0.161s][info][class,load] sun.reflect.generics.tree.TypeVariableSignature source: jrt:/java.base
[0.161s][info][class,load] sun.reflect.generics.reflectiveObjects.ParameterizedTypeImpl source: jrt:/java.base
[0.161s][info][class,load] org.springframework.core.ResolvableType$DefaultVariableResolver source: jar:nested:/Users/kibong_home/Desktop/development/blog/build/libs/blog-0.0.1-SNAPSHOT.jar/!BOOT-INF/lib/spring-core-7.0.9.jar!/
[0.162s][info][class,load] org.springframework.util.MultiValueMapAdapter source: jar:nested:/Users/kibong_home/Desktop/development/blog/build/libs/blog-0.0.1-SNAPSHOT.jar/!BOOT-INF/lib/spring-core-7.0.9.jar!/
[0.162s][info][class,load] org.springframework.util.LinkedMultiValueMap source: jar:nested:/Users/kibong_home/Desktop/development/blog/build/libs/blog-0.0.1-SNAPSHOT.jar/!BOOT-INF/lib/spring-core-7.0.9.jar!/
[0.162s][info][class,load] org.springframework.util.MultiValueMapAdapter$$Lambda/0x00000f00010a6310 source: org.springframework.util.MultiValueMapAdapter
[0.162s][info][class,load] org.springframework.boot.context.event.SpringApplicationEvent source: jar:nested:/Users/kibong_home/Desktop/development/blog/build/libs/blog-0.0.1-SNAPSHOT.jar/!BOOT-INF/lib/spring-boot-4.1.1.jar!/
[0.162s][info][class,load] org.springframework.boot.context.event.ApplicationStartingEvent source: jar:nested:/Users/kibong_home/Desktop/development/blog/build/libs/blog-0.0.1-SNAPSHOT.jar/!BOOT-INF/lib/spring-boot-4.1.1.jar!/
[0.162s][info][class,load] org.springframework.boot.context.event.ApplicationEnvironmentPreparedEvent source: jar:nested:/Users/kibong_home/Desktop/development/blog/build/libs/blog-0.0.1-SNAPSHOT.jar/!BOOT-INF/lib/spring-boot-4.1.1.jar!/
[0.162s][info][class,load] org.springframework.boot.context.event.ApplicationPreparedEvent source: jar:nested:/Users/kibong_home/Desktop/development/blog/build/libs/blog-0.0.1-SNAPSHOT.jar/!BOOT-INF/lib/spring-boot-4.1.1.jar!/
[0.162s][info][class,load] org.springframework.context.event.ApplicationContextEvent source: jar:nested:/Users/kibong_home/Desktop/development/blog/build/libs/blog-0.0.1-SNAPSHOT.jar/!BOOT-INF/lib/spring-context-7.0.9.jar!/
[0.162s][info][class,load] org.springframework.context.event.ContextClosedEvent source: jar:nested:/Users/kibong_home/Desktop/development/blog/build/libs/blog-0.0.1-SNAPSHOT.jar/!BOOT-INF/lib/spring-context-7.0.9.jar!/
[0.162s][info][class,load] org.springframework.boot.context.event.ApplicationFailedEvent source: jar:nested:/Users/kibong_home/Desktop/development/blog/build/libs/blog-0.0.1-SNAPSHOT.jar/!BOOT-INF/lib/spring-boot-4.1.1.jar!/
[0.162s][info][class,load] org.springframework.boot.support.AnsiOutputApplicationListener source: jar:nested:/Users/kibong_home/Desktop/development/blog/build/libs/blog-0.0.1-SNAPSHOT.jar/!BOOT-INF/lib/spring-boot-4.1.1.jar!/
[0.162s][info][class,load] org.springframework.boot.support.EnvironmentPostProcessorApplicationListener source: jar:nested:/Users/kibong_home/Desktop/development/blog/build/libs/blog-0.0.1-SNAPSHOT.jar/!BOOT-INF/lib/spring-boot-4.1.1.jar!/
[0.162s][info][class,load] org.springframework.boot.logging.DeferredLogFactory source: jar:nested:/Users/kibong_home/Desktop/development/blog/build/libs/blog-0.0.1-SNAPSHOT.jar/!BOOT-INF/lib/spring-boot-4.1.1.jar!/
[0.163s][info][class,load] org.springframework.core.NestedRuntimeException source: jar:nested:/Users/kibong_home/Desktop/development/blog/build/libs/blog-0.0.1-SNAPSHOT.jar/!BOOT-INF/lib/spring-core-7.0.9.jar!/
[0.163s][info][class,load] org.springframework.beans.BeansException source: jar:nested:/Users/kibong_home/Desktop/development/blog/build/libs/blog-0.0.1-SNAPSHOT.jar/!BOOT-INF/lib/spring-beans-7.0.9.jar!/
[0.163s][info][class,load] org.springframework.beans.FatalBeanException source: jar:nested:/Users/kibong_home/Desktop/development/blog/build/libs/blog-0.0.1-SNAPSHOT.jar/!BOOT-INF/lib/spring-beans-7.0.9.jar!/
[0.163s][info][class,load] org.springframework.beans.BeanInstantiationException source: jar:nested:/Users/kibong_home/Desktop/development/blog/build/libs/blog-0.0.1-SNAPSHOT.jar/!BOOT-INF/lib/spring-beans-7.0.9.jar!/
[0.163s][info][class,load] org.springframework.boot.support.EnvironmentPostProcessorsFactory source: jar:nested:/Users/kibong_home/Desktop/development/blog/build/libs/blog-0.0.1-SNAPSHOT.jar/!BOOT-INF/lib/spring-boot-4.1.1.jar!/
[0.163s][info][class,load] org.springframework.boot.support.EnvironmentPostProcessorApplicationListener$$Lambda/0x00000f00010a89a0 source: org.springframework.boot.support.EnvironmentPostProcessorApplicationListener
[0.163s][info][class,load] org.springframework.boot.logging.DeferredLogs source: jar:nested:/Users/kibong_home/Desktop/development/blog/build/libs/blog-0.0.1-SNAPSHOT.jar/!BOOT-INF/lib/spring-boot-4.1.1.jar!/
[0.163s][info][class,load] org.springframework.boot.logging.DeferredLog$Lines source: jar:nested:/Users/kibong_home/Desktop/development/blog/build/libs/blog-0.0.1-SNAPSHOT.jar/!BOOT-INF/lib/spring-boot-4.1.1.jar!/
[0.163s][info][class,load] org.springframework.boot.SpringApplication$$Lambda/0x00000f00010a90b0 source: org.springframework.boot.SpringApplication
[0.163s][info][class,load] org.springframework.boot.SpringApplication$$Lambda/0x00000f00010a9300 source: org.springframework.boot.SpringApplication
[0.164s][info][class,load] org.springframework.boot.SpringApplication$$Lambda/0x00000f00010a9558 source: org.springframework.boot.SpringApplication
[0.164s][info][class,load] org.springframework.boot.SpringApplication$Startup source: jar:nested:/Users/kibong_home/Desktop/development/blog/build/libs/blog-0.0.1-SNAPSHOT.jar/!BOOT-INF/lib/spring-boot-4.1.1.jar!/
[0.164s][info][class,load] org.springframework.boot.SpringApplication$CoordinatedRestoreAtCheckpointStartup source: jar:nested:/Users/kibong_home/Desktop/development/blog/build/libs/blog-0.0.1-SNAPSHOT.jar/!BOOT-INF/lib/spring-boot-4.1.1.jar!/
[0.164s][info][class,load] org.springframework.boot.SpringApplication$StandardStartup source: jar:nested:/Users/kibong_home/Desktop/development/blog/build/libs/blog-0.0.1-SNAPSHOT.jar/!BOOT-INF/lib/spring-boot-4.1.1.jar!/
[0.164s][info][class,load] org.springframework.boot.bootstrap.DefaultBootstrapContext source: jar:nested:/Users/kibong_home/Desktop/development/blog/build/libs/blog-0.0.1-SNAPSHOT.jar/!BOOT-INF/lib/spring-boot-4.1.1.jar!/
[0.164s][info][class,load] org.springframework.context.event.ApplicationEventMulticaster source: jar:nested:/Users/kibong_home/Desktop/development/blog/build/libs/blog-0.0.1-SNAPSHOT.jar/!BOOT-INF/lib/spring-context-7.0.9.jar!/
[0.164s][info][class,load] org.springframework.boot.bootstrap.BootstrapContextClosedEvent source: jar:nested:/Users/kibong_home/Desktop/development/blog/build/libs/blog-0.0.1-SNAPSHOT.jar/!BOOT-INF/lib/spring-boot-4.1.1.jar!/
[0.164s][info][class,load] org.springframework.beans.factory.BeanClassLoaderAware source: jar:nested:/Users/kibong_home/Desktop/development/blog/build/libs/blog-0.0.1-SNAPSHOT.jar/!BOOT-INF/lib/spring-beans-7.0.9.jar!/
[0.164s][info][class,load] org.springframework.beans.factory.BeanFactoryAware source: jar:nested:/Users/kibong_home/Desktop/development/blog/build/libs/blog-0.0.1-SNAPSHOT.jar/!BOOT-INF/lib/spring-beans-7.0.9.jar!/
[0.164s][info][class,load] org.springframework.context.event.AbstractApplicationEventMulticaster source: jar:nested:/Users/kibong_home/Desktop/development/blog/build/libs/blog-0.0.1-SNAPSHOT.jar/!BOOT-INF/lib/spring-context-7.0.9.jar!/
[0.164s][info][class,load] org.springframework.context.event.SimpleApplicationEventMulticaster source: jar:nested:/Users/kibong_home/Desktop/development/blog/build/libs/blog-0.0.1-SNAPSHOT.jar/!BOOT-INF/lib/spring-context-7.0.9.jar!/
[0.165s][info][class,load] org.springframework.beans.factory.NoSuchBeanDefinitionException source: jar:nested:/Users/kibong_home/Desktop/development/blog/build/libs/blog-0.0.1-SNAPSHOT.jar/!BOOT-INF/lib/spring-beans-7.0.9.jar!/
[0.165s][info][class,load] java.util.concurrent.RejectedExecutionException source: jrt:/java.base
[0.165s][info][class,load] org.springframework.context.event.AbstractApplicationEventMulticaster$DefaultListenerRetriever source: jar:nested:/Users/kibong_home/Desktop/development/blog/build/libs/blog-0.0.1-SNAPSHOT.jar/!BOOT-INF/lib/spring-context-7.0.9.jar!/
[0.165s][info][class,load] org.springframework.boot.SpringApplication$$Lambda/0x00000f00010ab498 source: org.springframework.boot.SpringApplication
[0.165s][info][class,load] org.springframework.core.io.support.SpringFactoriesLoader$ArgumentResolver source: jar:nested:/Users/kibong_home/Desktop/development/blog/build/libs/blog-0.0.1-SNAPSHOT.jar/!BOOT-INF/lib/spring-core-7.0.9.jar!/
[0.165s][info][class,load] org.springframework.core.io.support.SpringFactoriesLoader$ArgumentResolver$$Lambda/0x00000f00010ab8e0 source: org.springframework.core.io.support.SpringFactoriesLoader
[0.165s][info][class,load] org.springframework.core.io.support.SpringFactoriesLoader$ArgumentResolver$$Lambda/0x00000f00010abb10 source: org.springframework.core.io.support.SpringFactoriesLoader
[0.165s][info][class,load] org.springframework.core.io.support.SpringFactoriesLoader$ArgumentResolver$1 source: jar:nested:/Users/kibong_home/Desktop/development/blog/build/libs/blog-0.0.1-SNAPSHOT.jar/!BOOT-INF/lib/spring-core-7.0.9.jar!/
[0.166s][info][class,load] java.lang.invoke.LambdaForm$DMH/0x00000f00010ac000 source: __JVM_LookupDefineClass__
[0.166s][info][class,load] org.springframework.core.io.support.SpringFactoriesLoader$ArgumentResolver$$Lambda/0x00000f00010ae000 source: org.springframework.core.io.support.SpringFactoriesLoader
[0.166s][info][class,load] org.springframework.boot.SpringApplicationRunListener source: jar:nested:/Users/kibong_home/Desktop/development/blog/build/libs/blog-0.0.1-SNAPSHOT.jar/!BOOT-INF/lib/spring-boot-4.1.1.jar!/
[0.166s][info][class,load] org.springframework.boot.context.event.EventPublishingRunListener source: jar:nested:/Users/kibong_home/Desktop/development/blog/build/libs/blog-0.0.1-SNAPSHOT.jar/!BOOT-INF/lib/spring-boot-4.1.1.jar!/
[0.166s][info][class,load] org.springframework.boot.context.event.ApplicationReadyEvent source: jar:nested:/Users/kibong_home/Desktop/development/blog/build/libs/blog-0.0.1-SNAPSHOT.jar/!BOOT-INF/lib/spring-boot-4.1.1.jar!/
[0.166s][info][class,load] org.springframework.boot.availability.AvailabilityState source: jar:nested:/Users/kibong_home/Desktop/development/blog/build/libs/blog-0.0.1-SNAPSHOT.jar/!BOOT-INF/lib/spring-boot-4.1.1.jar!/
[0.166s][info][class,load] org.springframework.boot.context.event.ApplicationContextInitializedEvent source: jar:nested:/Users/kibong_home/Desktop/development/blog/build/libs/blog-0.0.1-SNAPSHOT.jar/!BOOT-INF/lib/spring-boot-4.1.1.jar!/
[0.166s][info][class,load] org.springframework.util.ErrorHandler source: jar:nested:/Users/kibong_home/Desktop/development/blog/build/libs/blog-0.0.1-SNAPSHOT.jar/!BOOT-INF/lib/spring-core-7.0.9.jar!/
[0.166s][info][class,load] org.springframework.boot.context.event.ApplicationStartedEvent source: jar:nested:/Users/kibong_home/Desktop/development/blog/build/libs/blog-0.0.1-SNAPSHOT.jar/!BOOT-INF/lib/spring-boot-4.1.1.jar!/
[0.167s][info][class,load] java.lang.invoke.LambdaForm$DMH/0x00000f00010ac400 source: __JVM_LookupDefineClass__
[0.167s][info][class,load] org.springframework.core.io.support.SpringFactoriesLoader$FactoryInstantiator$$Lambda/0x00000f00010af1d8 source: org.springframework.core.io.support.SpringFactoriesLoader
[0.167s][info][class,load] java.lang.invoke.LambdaForm$MH/0x00000f00010ac800 source: __JVM_LookupDefineClass__
[0.167s][info][class,load] java.lang.invoke.LambdaForm$MH/0x00000f00010acc00 source: __JVM_LookupDefineClass__
[0.167s][info][class,load] org.springframework.boot.SpringApplicationRunListeners source: jar:nested:/Users/kibong_home/Desktop/development/blog/build/libs/blog-0.0.1-SNAPSHOT.jar/!BOOT-INF/lib/spring-boot-4.1.1.jar!/
[0.167s][info][class,load] org.springframework.boot.SpringApplicationRunListeners$$Lambda/0x00000f00010af678 source: org.springframework.boot.SpringApplicationRunListeners
[0.167s][info][class,load] org.springframework.boot.SpringApplicationRunListeners$$Lambda/0x00000f00010af8b8 source: org.springframework.boot.SpringApplicationRunListeners
[0.168s][info][class,load] org.springframework.boot.context.event.EventPublishingRunListener$$Lambda/0x00000f00010afaf8 source: org.springframework.boot.context.event.EventPublishingRunListener
[0.168s][info][class,load] org.springframework.aop.framework.AopProxyUtils source: jar:nested:/Users/kibong_home/Desktop/development/blog/build/libs/blog-0.0.1-SNAPSHOT.jar/!BOOT-INF/lib/spring-aop-7.0.9.jar!/
[0.168s][info][class,load] org.springframework.aop.TargetClassAware source: jar:nested:/Users/kibong_home/Desktop/development/blog/build/libs/blog-0.0.1-SNAPSHOT.jar/!BOOT-INF/lib/spring-aop-7.0.9.jar!/
[0.168s][info][class,load] org.springframework.aop.framework.Advised source: jar:nested:/Users/kibong_home/Desktop/development/blog/build/libs/blog-0.0.1-SNAPSHOT.jar/!BOOT-INF/lib/spring-aop-7.0.9.jar!/
[0.168s][info][class,load] org.springframework.core.ResolvableTypeProvider source: jar:nested:/Users/kibong_home/Desktop/development/blog/build/libs/blog-0.0.1-SNAPSHOT.jar/!BOOT-INF/lib/spring-core-7.0.9.jar!/
[0.168s][info][class,load] org.springframework.context.event.AbstractApplicationEventMulticaster$ListenerCacheKey source: jar:nested:/Users/kibong_home/Desktop/development/blog/build/libs/blog-0.0.1-SNAPSHOT.jar/!BOOT-INF/lib/spring-context-7.0.9.jar!/
[0.168s][info][class,load] org.springframework.context.event.AbstractApplicationEventMulticaster$CachedListenerRetriever source: jar:nested:/Users/kibong_home/Desktop/development/blog/build/libs/blog-0.0.1-SNAPSHOT.jar/!BOOT-INF/lib/spring-context-7.0.9.jar!/
[0.168s][info][class,load] org.springframework.context.event.GenericApplicationListenerAdapter source: jar:nested:/Users/kibong_home/Desktop/development/blog/build/libs/blog-0.0.1-SNAPSHOT.jar/!BOOT-INF/lib/spring-context-7.0.9.jar!/
[0.169s][info][class,load] org.springframework.aop.support.AopUtils source: jar:nested:/Users/kibong_home/Desktop/development/blog/build/libs/blog-0.0.1-SNAPSHOT.jar/!BOOT-INF/lib/spring-aop-7.0.9.jar!/
[0.169s][info][class,load] java.lang.reflect.InaccessibleObjectException source: jrt:/java.base
[0.169s][info][class,load] org.springframework.aop.AopInvocationException source: jar:nested:/Users/kibong_home/Desktop/development/blog/build/libs/blog-0.0.1-SNAPSHOT.jar/!BOOT-INF/lib/spring-aop-7.0.9.jar!/
[0.169s][info][class,load] org.springframework.aop.SpringProxy source: jar:nested:/Users/kibong_home/Desktop/development/blog/build/libs/blog-0.0.1-SNAPSHOT.jar/!BOOT-INF/lib/spring-aop-7.0.9.jar!/
[0.169s][info][class,load] org.springframework.boot.builder.ParentContextApplicationContextInitializer$ParentContextAvailableEvent source: jar:nested:/Users/kibong_home/Desktop/development/blog/build/libs/blog-0.0.1-SNAPSHOT.jar/!BOOT-INF/lib/spring-boot-4.1.1.jar!/
[0.169s][info][class,load] org.springframework.context.event.ContextRefreshedEvent source: jar:nested:/Users/kibong_home/Desktop/development/blog/build/libs/blog-0.0.1-SNAPSHOT.jar/!BOOT-INF/lib/spring-context-7.0.9.jar!/
[0.169s][info][class,load] org.springframework.boot.logging.LoggingSystem source: jar:nested:/Users/kibong_home/Desktop/development/blog/build/libs/blog-0.0.1-SNAPSHOT.jar/!BOOT-INF/lib/spring-boot-4.1.1.jar!/
[0.169s][info][class,load] org.springframework.boot.logging.LoggingSystem$NoOpLoggingSystem source: jar:nested:/Users/kibong_home/Desktop/development/blog/build/libs/blog-0.0.1-SNAPSHOT.jar/!BOOT-INF/lib/spring-boot-4.1.1.jar!/
[0.169s][info][class,load] org.springframework.boot.logging.LoggingSystemFactory source: jar:nested:/Users/kibong_home/Desktop/development/blog/build/libs/blog-0.0.1-SNAPSHOT.jar/!BOOT-INF/lib/spring-boot-4.1.1.jar!/
[0.169s][info][class,load] org.springframework.boot.logging.DelegatingLoggingSystemFactory source: jar:nested:/Users/kibong_home/Desktop/development/blog/build/libs/blog-0.0.1-SNAPSHOT.jar/!BOOT-INF/lib/spring-boot-4.1.1.jar!/
[0.169s][info][class,load] org.springframework.boot.logging.LoggingSystemFactory$$Lambda/0x00000f00010b11c8 source: org.springframework.boot.logging.LoggingSystemFactory
[0.170s][info][class,load] org.springframework.boot.logging.java.JavaLoggingSystem$Factory source: jar:nested:/Users/kibong_home/Desktop/development/blog/build/libs/blog-0.0.1-SNAPSHOT.jar/!BOOT-INF/lib/spring-boot-4.1.1.jar!/
[0.170s][info][class,load] jdk.proxy2.$Proxy2 source: __dynamic_proxy__
[0.171s][info][class,load] org.springframework.boot.logging.AbstractLoggingSystem source: jar:nested:/Users/kibong_home/Desktop/development/blog/build/libs/blog-0.0.1-SNAPSHOT.jar/!BOOT-INF/lib/spring-boot-4.1.1.jar!/
[0.171s][info][class,load] org.springframework.boot.logging.java.JavaLoggingSystem source: jar:nested:/Users/kibong_home/Desktop/development/blog/build/libs/blog-0.0.1-SNAPSHOT.jar/!BOOT-INF/lib/spring-boot-4.1.1.jar!/
[0.171s][info][class,load] java.util.logging.LogManager source: shared objects file
[0.171s][info][class,load] org.springframework.boot.logging.log4j2.Log4J2LoggingSystem$Factory source: jar:nested:/Users/kibong_home/Desktop/development/blog/build/libs/blog-0.0.1-SNAPSHOT.jar/!BOOT-INF/lib/spring-boot-4.1.1.jar!/
[0.171s][info][class,load] org.springframework.boot.logging.log4j2.Log4J2LoggingSystem source: jar:nested:/Users/kibong_home/Desktop/development/blog/build/libs/blog-0.0.1-SNAPSHOT.jar/!BOOT-INF/lib/spring-boot-4.1.1.jar!/
[0.171s][info][class,load] org.springframework.boot.logging.logback.LogbackLoggingSystem$Factory source: jar:nested:/Users/kibong_home/Desktop/development/blog/build/libs/blog-0.0.1-SNAPSHOT.jar/!BOOT-INF/lib/spring-boot-4.1.1.jar!/
[0.172s][info][class,load] org.springframework.beans.factory.aot.BeanFactoryInitializationAotProcessor source: jar:nested:/Users/kibong_home/Desktop/development/blog/build/libs/blog-0.0.1-SNAPSHOT.jar/!BOOT-INF/lib/spring-beans-7.0.9.jar!/
[0.172s][info][class,load] org.springframework.boot.logging.logback.LogbackLoggingSystem source: jar:nested:/Users/kibong_home/Desktop/development/blog/build/libs/blog-0.0.1-SNAPSHOT.jar/!BOOT-INF/lib/spring-boot-4.1.1.jar!/
[0.172s][info][class,load] org.springframework.core.annotation.AttributeMethods source: jar:nested:/Users/kibong_home/Desktop/development/blog/build/libs/blog-0.0.1-SNAPSHOT.jar/!BOOT-INF/lib/spring-core-7.0.9.jar!/
[0.172s][info][class,load] org.springframework.core.annotation.IntrospectionFailureLogger source: jar:nested:/Users/kibong_home/Desktop/development/blog/build/libs/blog-0.0.1-SNAPSHOT.jar/!BOOT-INF/lib/spring-core-7.0.9.jar!/
[0.172s][info][class,load] org.springframework.core.annotation.IntrospectionFailureLogger$1 source: jar:nested:/Users/kibong_home/Desktop/development/blog/build/libs/blog-0.0.1-SNAPSHOT.jar/!BOOT-INF/lib/spring-core-7.0.9.jar!/
[0.172s][info][class,load] org.springframework.core.annotation.IntrospectionFailureLogger$2 source: jar:nested:/Users/kibong_home/Desktop/development/blog/build/libs/blog-0.0.1-SNAPSHOT.jar/!BOOT-INF/lib/spring-core-7.0.9.jar!/
[0.172s][info][class,load] org.springframework.core.annotation.IntrospectionFailureLogger$3 source: jar:nested:/Users/kibong_home/Desktop/development/blog/build/libs/blog-0.0.1-SNAPSHOT.jar/!BOOT-INF/lib/spring-core-7.0.9.jar!/
[0.172s][info][class,load] org.springframework.core.annotation.AttributeMethods$$Lambda/0x00000f00010b3798 source: org.springframework.core.annotation.AttributeMethods
[0.172s][info][class,load] org.springframework.core.annotation.AttributeMethods$$Lambda/0x00000f00010b3a38 source: org.springframework.core.annotation.AttributeMethods
[0.172s][info][class,load] org.springframework.core.annotation.RepeatableContainers$StandardRepeatableContainers$$Lambda/0x00000f00010b3c80 source: org.springframework.core.annotation.RepeatableContainers
[0.173s][info][class,load] org.springframework.core.annotation.AnnotationTypeMappings source: jar:nested:/Users/kibong_home/Desktop/development/blog/build/libs/blog-0.0.1-SNAPSHOT.jar/!BOOT-INF/lib/spring-core-7.0.9.jar!/
[0.173s][info][class,load] org.springframework.core.annotation.AnnotationTypeMappings$Cache source: jar:nested:/Users/kibong_home/Desktop/development/blog/build/libs/blog-0.0.1-SNAPSHOT.jar/!BOOT-INF/lib/spring-core-7.0.9.jar!/
[0.173s][info][class,load] org.springframework.core.annotation.AnnotationTypeMappings$$Lambda/0x00000f00010b4300 source: org.springframework.core.annotation.AnnotationTypeMappings
[0.173s][info][class,load] org.springframework.core.annotation.AnnotationTypeMapping source: jar:nested:/Users/kibong_home/Desktop/development/blog/build/libs/blog-0.0.1-SNAPSHOT.jar/!BOOT-INF/lib/spring-core-7.0.9.jar!/
[0.173s][info][class,load] org.springframework.core.annotation.AnnotationConfigurationException source: jar:nested:/Users/kibong_home/Desktop/development/blog/build/libs/blog-0.0.1-SNAPSHOT.jar/!BOOT-INF/lib/spring-core-7.0.9.jar!/
[0.173s][info][class,load] org.springframework.core.annotation.AnnotationTypeMapping$MirrorSets$MirrorSet source: jar:nested:/Users/kibong_home/Desktop/development/blog/build/libs/blog-0.0.1-SNAPSHOT.jar/!BOOT-INF/lib/spring-core-7.0.9.jar!/
[0.173s][info][class,load] org.springframework.core.annotation.AnnotationTypeMapping$MirrorSets source: jar:nested:/Users/kibong_home/Desktop/development/blog/build/libs/blog-0.0.1-SNAPSHOT.jar/!BOOT-INF/lib/spring-core-7.0.9.jar!/
[0.173s][info][class,load] org.springframework.core.annotation.AliasFor source: jar:nested:/Users/kibong_home/Desktop/development/blog/build/libs/blog-0.0.1-SNAPSHOT.jar/!BOOT-INF/lib/spring-core-7.0.9.jar!/
[0.174s][info][class,load] java.lang.annotation.ElementType source: jrt:/java.base
[0.174s][info][class,load] sun.reflect.annotation.AnnotationParser$$Lambda/0x00000f0001031308 source: sun.reflect.annotation.AnnotationParser
[0.174s][info][class,load] java.lang.invoke.LambdaForm$DMH/0x00000f00010b8000 source: __JVM_LookupDefineClass__
[0.174s][info][class,load] jdk.proxy1.$Proxy3 source: __dynamic_proxy__
[0.175s][info][class,load] jdk.proxy1.$Proxy4 source: __dynamic_proxy__
[0.175s][info][class,load] org.springframework.core.annotation.AnnotationTypeMappings$$Lambda/0x00000f00010b5470 source: org.springframework.core.annotation.AnnotationTypeMappings
[0.175s][info][class,load] org.springframework.core.annotation.TypeMappedAnnotation source: jar:nested:/Users/kibong_home/Desktop/development/blog/build/libs/blog-0.0.1-SNAPSHOT.jar/!BOOT-INF/lib/spring-core-7.0.9.jar!/
[0.176s][info][class,load] org.springframework.core.annotation.ValueExtractor source: jar:nested:/Users/kibong_home/Desktop/development/blog/build/libs/blog-0.0.1-SNAPSHOT.jar/!BOOT-INF/lib/spring-core-7.0.9.jar!/
[0.176s][info][class,load] org.springframework.core.annotation.AnnotationUtils source: jar:nested:/Users/kibong_home/Desktop/development/blog/build/libs/blog-0.0.1-SNAPSHOT.jar/!BOOT-INF/lib/spring-core-7.0.9.jar!/
[0.176s][info][class,load] org.springframework.core.annotation.TypeMappedAnnotation$$Lambda/0x00000f00010b5ff8 source: org.springframework.core.annotation.TypeMappedAnnotation
[0.176s][info][class,load] org.springframework.boot.logging.LoggingSystemProperties source: jar:nested:/Users/kibong_home/Desktop/development/blog/build/libs/blog-0.0.1-SNAPSHOT.jar/!BOOT-INF/lib/spring-boot-4.1.1.jar!/
[0.177s][info][class,load] org.springframework.boot.logging.logback.LogbackLoggingSystemProperties source: jar:nested:/Users/kibong_home/Desktop/development/blog/build/libs/blog-0.0.1-SNAPSHOT.jar/!BOOT-INF/lib/spring-boot-4.1.1.jar!/
[0.177s][info][class,load] ch.qos.logback.classic.spi.LoggerContextListener source: jar:nested:/Users/kibong_home/Desktop/development/blog/build/libs/blog-0.0.1-SNAPSHOT.jar/!BOOT-INF/lib/logback-classic-1.5.38.jar!/
[0.177s][info][class,load] ch.qos.logback.core.joran.GenericXMLConfigurator source: jar:nested:/Users/kibong_home/Desktop/development/blog/build/libs/blog-0.0.1-SNAPSHOT.jar/!BOOT-INF/lib/logback-core-1.5.38.jar!/
[0.177s][info][class,load] ch.qos.logback.core.joran.JoranConfiguratorBase source: jar:nested:/Users/kibong_home/Desktop/development/blog/build/libs/blog-0.0.1-SNAPSHOT.jar/!BOOT-INF/lib/logback-core-1.5.38.jar!/
[0.177s][info][class,load] ch.qos.logback.classic.joran.JoranConfigurator source: jar:nested:/Users/kibong_home/Desktop/development/blog/build/libs/blog-0.0.1-SNAPSHOT.jar/!BOOT-INF/lib/logback-classic-1.5.38.jar!/
[0.177s][info][class,load] org.springframework.boot.logging.logback.SpringBootJoranConfigurator source: jar:nested:/Users/kibong_home/Desktop/development/blog/build/libs/blog-0.0.1-SNAPSHOT.jar/!BOOT-INF/lib/spring-boot-4.1.1.jar!/
[0.177s][info][class,load] org.springframework.boot.logging.logback.LogbackConfigurator source: jar:nested:/Users/kibong_home/Desktop/development/blog/build/libs/blog-0.0.1-SNAPSHOT.jar/!BOOT-INF/lib/spring-boot-4.1.1.jar!/
[0.178s][info][class,load] org.springframework.boot.logging.logback.DebugLogbackConfigurator source: jar:nested:/Users/kibong_home/Desktop/development/blog/build/libs/blog-0.0.1-SNAPSHOT.jar/!BOOT-INF/lib/spring-boot-4.1.1.jar!/
[0.178s][info][class,load] ch.qos.logback.classic.turbo.TurboFilter source: jar:nested:/Users/kibong_home/Desktop/development/blog/build/libs/blog-0.0.1-SNAPSHOT.jar/!BOOT-INF/lib/logback-classic-1.5.38.jar!/
[0.178s][info][class,load] org.springframework.boot.logging.logback.LogbackLoggingSystem$1 source: jar:nested:/Users/kibong_home/Desktop/development/blog/build/libs/blog-0.0.1-SNAPSHOT.jar/!BOOT-INF/lib/spring-boot-4.1.1.jar!/
[0.178s][info][class,load] org.springframework.boot.logging.LoggerConfigurationComparator source: jar:nested:/Users/kibong_home/Desktop/development/blog/build/libs/blog-0.0.1-SNAPSHOT.jar/!BOOT-INF/lib/spring-boot-4.1.1.jar!/
[0.178s][info][class,load] org.springframework.boot.logging.AbstractLoggingSystem$LogLevels source: jar:nested:/Users/kibong_home/Desktop/development/blog/build/libs/blog-0.0.1-SNAPSHOT.jar/!BOOT-INF/lib/spring-boot-4.1.1.jar!/
[0.178s][info][class,load] org.springframework.boot.logging.logback.LogbackLoggingSystem$$Lambda/0x00000f00010bcb40 source: org.springframework.boot.logging.logback.LogbackLoggingSystem
[0.178s][info][class,load] java.util.logging.Handler source: shared objects file
[0.178s][info][class,load] org.slf4j.bridge.SLF4JBridgeHandler source: jar:nested:/Users/kibong_home/Desktop/development/blog/build/libs/blog-0.0.1-SNAPSHOT.jar/!BOOT-INF/lib/jul-to-slf4j-2.0.18.jar!/
[0.178s][info][class,load] java.util.logging.Level source: shared objects file
[0.178s][info][class,load] java.util.logging.Level$KnownLevel source: shared objects file
[0.178s][info][class,load] java.util.logging.Level$KnownLevel$$Lambda/0x800000020 source: shared objects file
[0.178s][info][class,load] java.util.logging.Level$KnownLevel$$Lambda/0x800000021 source: shared objects file
[0.178s][info][class,load] java.util.logging.LogManager$LoggerContext source: shared objects file
[0.178s][info][class,load] java.util.logging.LogManager$SystemLoggerContext source: shared objects file
[0.178s][info][class,load] java.util.logging.LogManager$LogNode source: shared objects file
[0.178s][info][class,load] java.util.Collections$SynchronizedMap source: shared objects file
[0.178s][info][class,load] java.util.logging.LogManager$Cleaner source: shared objects file
[0.178s][info][class,load] java.lang.ApplicationShutdownHooks source: shared objects file
[0.178s][info][class,load] java.lang.ApplicationShutdownHooks$1 source: shared objects file
[0.178s][info][class,load] java.lang.Shutdown source: shared objects file
[0.178s][info][class,load] java.lang.Shutdown$Lock source: shared objects file
[0.178s][info][class,load] sun.util.logging.internal.LoggingProviderImpl$LogManagerAccess source: shared objects file
[0.178s][info][class,load] java.util.logging.LogManager$LoggingProviderAccess source: shared objects file
[0.178s][info][class,load] java.lang.System$LoggerFinder source: shared objects file
[0.178s][info][class,load] jdk.internal.logger.DefaultLoggerFinder source: shared objects file
[0.178s][info][class,load] sun.util.logging.internal.LoggingProviderImpl source: shared objects file
[0.178s][info][class,load] java.util.logging.Logger source: shared objects file
[0.178s][info][class,load] java.util.logging.LogManager$RootLogger source: shared objects file
[0.179s][info][class,load] java.util.logging.Logger$LoggerBundle source: shared objects file
[0.179s][info][class,load] java.util.logging.Logger$ConfigurationData source: shared objects file
[0.179s][info][class,load] java.util.logging.LogManager$LoggerWeakRef source: shared objects file
[0.179s][info][class,load] java.util.logging.LogManager$VisitedLoggers source: shared objects file
[0.179s][info][class,load] java.util.Collections$3 source: shared objects file
[0.179s][info][class,load] java.util.concurrent.ConcurrentHashMap$MapEntry source: shared objects file
[0.179s][info][class,load] java.util.Hashtable$Enumerator source: shared objects file
[0.179s][info][class,load] java.util.logging.Level$$Lambda/0x80000001f source: shared objects file
[0.179s][info][class,load] java.util.logging.Level$KnownLevel$$Lambda/0x800000022 source: shared objects file
[0.179s][info][class,load] java.util.stream.ReferencePipeline$7 source: shared objects file
[0.179s][info][class,load] java.util.stream.ReferencePipeline$7$1FlatMap source: shared objects file
[0.179s][info][class,load] java.util.stream.Streams$AbstractStreamBuilderImpl source: shared objects file
[0.179s][info][class,load] java.util.stream.Stream$Builder source: shared objects file
[0.179s][info][class,load] java.util.stream.Streams$StreamBuilderImpl source: shared objects file
[0.179s][info][class,load] java.util.stream.Streams source: jrt:/java.base
[0.179s][info][class,load] java.lang.System$Logger source: shared objects file
[0.179s][info][class,load] sun.util.logging.PlatformLogger$Bridge source: shared objects file
[0.179s][info][class,load] sun.util.logging.PlatformLogger$ConfigurableBridge source: shared objects file
[0.179s][info][class,load] jdk.internal.logger.BootstrapLogger source: shared objects file
[0.179s][info][class,load] jdk.internal.logger.BootstrapLogger$DetectBackend source: shared objects file
[0.179s][info][class,load] java.util.concurrent.CopyOnWriteArrayList$COWIterator source: shared objects file
[0.179s][info][class,load] jdk.internal.logger.BootstrapLogger$LoggingBackend source: shared objects file
[0.179s][info][class,load] jdk.internal.logger.BootstrapLogger$RedirectedLoggers source: shared objects file
[0.179s][info][class,load] jdk.internal.logger.BootstrapLogger$BootstrapExecutors source: shared objects file
[0.179s][info][class,load] java.util.logging.StreamHandler source: jrt:/java.logging
[0.179s][info][class,load] java.util.logging.ConsoleHandler source: jrt:/java.logging
[0.179s][info][class,load] java.util.logging.Formatter source: jrt:/java.logging
[0.179s][info][class,load] java.util.logging.SimpleFormatter source: jrt:/java.logging
[0.180s][info][class,load] java.util.logging.SimpleFormatter$$Lambda/0x00000f0001032da8 source: java.util.logging.SimpleFormatter
[0.180s][info][class,load] sun.util.logging.PlatformLogger$ConfigurableBridge$LoggerConfiguration source: jrt:/java.base
[0.180s][info][class,load] jdk.internal.logger.SimpleConsoleLogger source: jrt:/java.base
[0.180s][info][class,load] jdk.internal.logger.SurrogateLogger source: jrt:/java.base
[0.180s][info][class,load] java.lang.System$Logger$Level source: jrt:/java.base
[0.180s][info][class,load] sun.util.logging.PlatformLogger source: jrt:/java.base
[0.180s][info][class,load] sun.util.logging.PlatformLogger$Level source: jrt:/java.base
[0.180s][info][class,load] jdk.internal.logger.SimpleConsoleLogger$Formatting source: jrt:/java.base
[0.180s][info][class,load] java.util.logging.ErrorManager source: jrt:/java.logging
[0.180s][info][class,load] java.util.logging.LogManager$CloseOnReset source: jrt:/java.logging
[0.180s][info][class,load] java.util.MissingResourceException source: jrt:/java.base
[0.180s][info][class,load] org.springframework.boot.DefaultApplicationArguments source: jar:nested:/Users/kibong_home/Desktop/development/blog/build/libs/blog-0.0.1-SNAPSHOT.jar/!BOOT-INF/lib/spring-boot-4.1.1.jar!/
[0.180s][info][class,load] org.springframework.boot.DefaultApplicationArguments$Source source: jar:nested:/Users/kibong_home/Desktop/development/blog/build/libs/blog-0.0.1-SNAPSHOT.jar/!BOOT-INF/lib/spring-boot-4.1.1.jar!/
[0.180s][info][class,load] org.springframework.core.env.PropertySource$StubPropertySource source: jar:nested:/Users/kibong_home/Desktop/development/blog/build/libs/blog-0.0.1-SNAPSHOT.jar/!BOOT-INF/lib/spring-core-7.0.9.jar!/
[0.180s][info][class,load] org.springframework.core.env.PropertySource$ComparisonPropertySource source: jar:nested:/Users/kibong_home/Desktop/development/blog/build/libs/blog-0.0.1-SNAPSHOT.jar/!BOOT-INF/lib/spring-core-7.0.9.jar!/
[0.180s][info][class,load] org.springframework.core.env.SimpleCommandLineArgsParser source: jar:nested:/Users/kibong_home/Desktop/development/blog/build/libs/blog-0.0.1-SNAPSHOT.jar/!BOOT-INF/lib/spring-core-7.0.9.jar!/
[0.180s][info][class,load] org.springframework.core.env.CommandLineArgs source: jar:nested:/Users/kibong_home/Desktop/development/blog/build/libs/blog-0.0.1-SNAPSHOT.jar/!BOOT-INF/lib/spring-core-7.0.9.jar!/
[0.181s][info][class,load] org.springframework.boot.DefaultApplicationContextFactory$$Lambda/0x00000f00010bddd0 source: org.springframework.boot.DefaultApplicationContextFactory
[0.181s][info][class,load] org.springframework.core.env.AbstractEnvironment source: jar:nested:/Users/kibong_home/Desktop/development/blog/build/libs/blog-0.0.1-SNAPSHOT.jar/!BOOT-INF/lib/spring-core-7.0.9.jar!/
[0.181s][info][class,load] org.springframework.core.env.StandardEnvironment source: jar:nested:/Users/kibong_home/Desktop/development/blog/build/libs/blog-0.0.1-SNAPSHOT.jar/!BOOT-INF/lib/spring-core-7.0.9.jar!/
[0.181s][info][class,load] org.springframework.boot.ApplicationEnvironment source: jar:nested:/Users/kibong_home/Desktop/development/blog/build/libs/blog-0.0.1-SNAPSHOT.jar/!BOOT-INF/lib/spring-boot-4.1.1.jar!/
[0.181s][info][class,load] org.springframework.core.env.PropertySources source: jar:nested:/Users/kibong_home/Desktop/development/blog/build/libs/blog-0.0.1-SNAPSHOT.jar/!BOOT-INF/lib/spring-core-7.0.9.jar!/
[0.181s][info][class,load] org.springframework.core.env.PropertiesPropertySource source: jar:nested:/Users/kibong_home/Desktop/development/blog/build/libs/blog-0.0.1-SNAPSHOT.jar/!BOOT-INF/lib/spring-core-7.0.9.jar!/
[0.181s][info][class,load] org.springframework.core.env.SystemEnvironmentPropertySource source: jar:nested:/Users/kibong_home/Desktop/development/blog/build/libs/blog-0.0.1-SNAPSHOT.jar/!BOOT-INF/lib/spring-core-7.0.9.jar!/
[0.182s][info][class,load] org.springframework.core.env.MutablePropertySources source: jar:nested:/Users/kibong_home/Desktop/development/blog/build/libs/blog-0.0.1-SNAPSHOT.jar/!BOOT-INF/lib/spring-core-7.0.9.jar!/
[0.182s][info][class,load] org.springframework.boot.context.properties.source.ConfigurationPropertySources source: jar:nested:/Users/kibong_home/Desktop/development/blog/build/libs/blog-0.0.1-SNAPSHOT.jar/!BOOT-INF/lib/spring-boot-4.1.1.jar!/
[0.182s][info][class,load] org.springframework.boot.origin.OriginLookup source: jar:nested:/Users/kibong_home/Desktop/development/blog/build/libs/blog-0.0.1-SNAPSHOT.jar/!BOOT-INF/lib/spring-boot-4.1.1.jar!/
[0.182s][info][class,load] org.springframework.boot.context.properties.source.ConfigurationPropertySourcesPropertySource source: jar:nested:/Users/kibong_home/Desktop/development/blog/build/libs/blog-0.0.1-SNAPSHOT.jar/!BOOT-INF/lib/spring-boot-4.1.1.jar!/
[0.182s][info][class,load] org.springframework.core.env.AbstractPropertyResolver source: jar:nested:/Users/kibong_home/Desktop/development/blog/build/libs/blog-0.0.1-SNAPSHOT.jar/!BOOT-INF/lib/spring-core-7.0.9.jar!/
[0.182s][info][class,load] org.springframework.boot.context.properties.source.ConfigurationPropertySourcesPropertyResolver source: jar:nested:/Users/kibong_home/Desktop/development/blog/build/libs/blog-0.0.1-SNAPSHOT.jar/!BOOT-INF/lib/spring-boot-4.1.1.jar!/
[0.182s][info][class,load] org.springframework.core.env.MissingRequiredPropertiesException source: jar:nested:/Users/kibong_home/Desktop/development/blog/build/libs/blog-0.0.1-SNAPSHOT.jar/!BOOT-INF/lib/spring-core-7.0.9.jar!/
[0.182s][info][class,load] org.springframework.core.convert.ConversionException source: jar:nested:/Users/kibong_home/Desktop/development/blog/build/libs/blog-0.0.1-SNAPSHOT.jar/!BOOT-INF/lib/spring-core-7.0.9.jar!/
[0.182s][info][class,load] org.springframework.core.convert.ConversionFailedException source: jar:nested:/Users/kibong_home/Desktop/development/blog/build/libs/blog-0.0.1-SNAPSHOT.jar/!BOOT-INF/lib/spring-core-7.0.9.jar!/
[0.182s][info][class,load] org.springframework.boot.context.properties.source.InvalidConfigurationPropertyValueException source: jar:nested:/Users/kibong_home/Desktop/development/blog/build/libs/blog-0.0.1-SNAPSHOT.jar/!BOOT-INF/lib/spring-boot-4.1.1.jar!/
[0.183s][info][class,load] org.springframework.core.SpringProperties source: jar:nested:/Users/kibong_home/Desktop/development/blog/build/libs/blog-0.0.1-SNAPSHOT.jar/!BOOT-INF/lib/spring-core-7.0.9.jar!/
[0.183s][info][class,load] org.springframework.util.SystemPropertyUtils source: jar:nested:/Users/kibong_home/Desktop/development/blog/build/libs/blog-0.0.1-SNAPSHOT.jar/!BOOT-INF/lib/spring-core-7.0.9.jar!/
[0.183s][info][class,load] org.springframework.util.PropertyPlaceholderHelper$PlaceholderResolver source: jar:nested:/Users/kibong_home/Desktop/development/blog/build/libs/blog-0.0.1-SNAPSHOT.jar/!BOOT-INF/lib/spring-core-7.0.9.jar!/
[0.183s][info][class,load] org.springframework.util.PropertyPlaceholderHelper source: jar:nested:/Users/kibong_home/Desktop/development/blog/build/libs/blog-0.0.1-SNAPSHOT.jar/!BOOT-INF/lib/spring-core-7.0.9.jar!/
[0.183s][info][class,load] org.springframework.util.PlaceholderParser source: jar:nested:/Users/kibong_home/Desktop/development/blog/build/libs/blog-0.0.1-SNAPSHOT.jar/!BOOT-INF/lib/spring-core-7.0.9.jar!/
[0.183s][info][class,load] org.springframework.core.env.PropertySourcesPropertyResolver source: jar:nested:/Users/kibong_home/Desktop/development/blog/build/libs/blog-0.0.1-SNAPSHOT.jar/!BOOT-INF/lib/spring-core-7.0.9.jar!/
[0.183s][info][class,load] org.springframework.boot.context.properties.source.ConfigurationPropertySourcesPropertyResolver$DefaultResolver source: jar:nested:/Users/kibong_home/Desktop/development/blog/build/libs/blog-0.0.1-SNAPSHOT.jar/!BOOT-INF/lib/spring-boot-4.1.1.jar!/
[0.184s][info][class,load] org.springframework.format.FormatterRegistry source: jar:nested:/Users/kibong_home/Desktop/development/blog/build/libs/blog-0.0.1-SNAPSHOT.jar/!BOOT-INF/lib/spring-context-7.0.9.jar!/
[0.184s][info][class,load] org.springframework.context.EmbeddedValueResolverAware source: jar:nested:/Users/kibong_home/Desktop/development/blog/build/libs/blog-0.0.1-SNAPSHOT.jar/!BOOT-INF/lib/spring-context-7.0.9.jar!/
[0.184s][info][class,load] org.springframework.core.convert.support.GenericConversionService source: jar:nested:/Users/kibong_home/Desktop/development/blog/build/libs/blog-0.0.1-SNAPSHOT.jar/!BOOT-INF/lib/spring-core-7.0.9.jar!/
[0.184s][info][class,load] org.springframework.format.support.FormattingConversionService source: jar:nested:/Users/kibong_home/Desktop/development/blog/build/libs/blog-0.0.1-SNAPSHOT.jar/!BOOT-INF/lib/spring-context-7.0.9.jar!/
[0.184s][info][class,load] org.springframework.boot.convert.ApplicationConversionService source: jar:nested:/Users/kibong_home/Desktop/development/blog/build/libs/blog-0.0.1-SNAPSHOT.jar/!BOOT-INF/lib/spring-boot-4.1.1.jar!/
[0.184s][info][class,load] org.springframework.core.convert.converter.GenericConverter source: jar:nested:/Users/kibong_home/Desktop/development/blog/build/libs/blog-0.0.1-SNAPSHOT.jar/!BOOT-INF/lib/spring-core-7.0.9.jar!/
[0.184s][info][class,load] org.springframework.core.convert.ConverterNotFoundException source: jar:nested:/Users/kibong_home/Desktop/development/blog/build/libs/blog-0.0.1-SNAPSHOT.jar/!BOOT-INF/lib/spring-core-7.0.9.jar!/
[0.184s][info][class,load] org.springframework.format.Printer source: jar:nested:/Users/kibong_home/Desktop/development/blog/build/libs/blog-0.0.1-SNAPSHOT.jar/!BOOT-INF/lib/spring-context-7.0.9.jar!/
[0.184s][info][class,load] org.springframework.format.Parser source: jar:nested:/Users/kibong_home/Desktop/development/blog/build/libs/blog-0.0.1-SNAPSHOT.jar/!BOOT-INF/lib/spring-context-7.0.9.jar!/
[0.184s][info][class,load] org.springframework.format.Formatter source: jar:nested:/Users/kibong_home/Desktop/development/blog/build/libs/blog-0.0.1-SNAPSHOT.jar/!BOOT-INF/lib/spring-context-7.0.9.jar!/
[0.184s][info][class,load] org.springframework.core.convert.converter.Converter source: jar:nested:/Users/kibong_home/Desktop/development/blog/build/libs/blog-0.0.1-SNAPSHOT.jar/!BOOT-INF/lib/spring-core-7.0.9.jar!/
[0.184s][info][class,load] org.springframework.core.convert.converter.ConverterFactory source: jar:nested:/Users/kibong_home/Desktop/development/blog/build/libs/blog-0.0.1-SNAPSHOT.jar/!BOOT-INF/lib/spring-core-7.0.9.jar!/
[0.184s][info][class,load] org.springframework.core.convert.support.GenericConversionService$NoOpConverter source: jar:nested:/Users/kibong_home/Desktop/development/blog/build/libs/blog-0.0.1-SNAPSHOT.jar/!BOOT-INF/lib/spring-core-7.0.9.jar!/
[0.184s][info][class,load] org.springframework.core.convert.support.GenericConversionService$Converters source: jar:nested:/Users/kibong_home/Desktop/development/blog/build/libs/blog-0.0.1-SNAPSHOT.jar/!BOOT-INF/lib/spring-core-7.0.9.jar!/
[0.184s][info][class,load] java.util.concurrent.CopyOnWriteArraySet source: jrt:/java.base
[0.185s][info][class,load] org.springframework.core.convert.support.DefaultConversionService source: jar:nested:/Users/kibong_home/Desktop/development/blog/build/libs/blog-0.0.1-SNAPSHOT.jar/!BOOT-INF/lib/spring-core-7.0.9.jar!/
[0.185s][info][class,load] org.springframework.core.convert.converter.ConditionalConverter source: jar:nested:/Users/kibong_home/Desktop/development/blog/build/libs/blog-0.0.1-SNAPSHOT.jar/!BOOT-INF/lib/spring-core-7.0.9.jar!/
[0.185s][info][class,load] org.springframework.core.convert.support.NumberToNumberConverterFactory source: jar:nested:/Users/kibong_home/Desktop/development/blog/build/libs/blog-0.0.1-SNAPSHOT.jar/!BOOT-INF/lib/spring-core-7.0.9.jar!/
[0.185s][info][class,load] org.springframework.core.convert.converter.ConditionalGenericConverter source: jar:nested:/Users/kibong_home/Desktop/development/blog/build/libs/blog-0.0.1-SNAPSHOT.jar/!BOOT-INF/lib/spring-core-7.0.9.jar!/
[0.185s][info][class,load] org.springframework.core.convert.support.GenericConversionService$ConverterFactoryAdapter source: jar:nested:/Users/kibong_home/Desktop/development/blog/build/libs/blog-0.0.1-SNAPSHOT.jar/!BOOT-INF/lib/spring-core-7.0.9.jar!/
[0.185s][info][class,load] org.springframework.core.convert.converter.GenericConverter$ConvertiblePair source: jar:nested:/Users/kibong_home/Desktop/development/blog/build/libs/blog-0.0.1-SNAPSHOT.jar/!BOOT-INF/lib/spring-core-7.0.9.jar!/
[0.185s][info][class,load] org.springframework.core.convert.support.GenericConversionService$ConvertersForPair source: jar:nested:/Users/kibong_home/Desktop/development/blog/build/libs/blog-0.0.1-SNAPSHOT.jar/!BOOT-INF/lib/spring-core-7.0.9.jar!/
[0.185s][info][class,load] org.springframework.core.convert.support.GenericConversionService$Converters$$Lambda/0x00000f00010c2170 source: org.springframework.core.convert.support.GenericConversionService
[0.185s][info][class,load] java.util.concurrent.ConcurrentLinkedDeque source: jrt:/java.base
[0.185s][info][class,load] java.util.concurrent.ConcurrentLinkedDeque$Node source: jrt:/java.base
[0.186s][info][class,load] org.springframework.core.convert.support.StringToNumberConverterFactory source: jar:nested:/Users/kibong_home/Desktop/development/blog/build/libs/blog-0.0.1-SNAPSHOT.jar/!BOOT-INF/lib/spring-core-7.0.9.jar!/
[0.186s][info][class,load] org.springframework.core.convert.support.ObjectToStringConverter source: jar:nested:/Users/kibong_home/Desktop/development/blog/build/libs/blog-0.0.1-SNAPSHOT.jar/!BOOT-INF/lib/spring-core-7.0.9.jar!/
[0.186s][info][class,load] org.springframework.core.convert.support.GenericConversionService$ConverterAdapter source: jar:nested:/Users/kibong_home/Desktop/development/blog/build/libs/blog-0.0.1-SNAPSHOT.jar/!BOOT-INF/lib/spring-core-7.0.9.jar!/
[0.186s][info][class,load] org.springframework.core.convert.support.StringToCharacterConverter source: jar:nested:/Users/kibong_home/Desktop/development/blog/build/libs/blog-0.0.1-SNAPSHOT.jar/!BOOT-INF/lib/spring-core-7.0.9.jar!/
[0.186s][info][class,load] org.springframework.core.convert.support.NumberToCharacterConverter source: jar:nested:/Users/kibong_home/Desktop/development/blog/build/libs/blog-0.0.1-SNAPSHOT.jar/!BOOT-INF/lib/spring-core-7.0.9.jar!/
[0.186s][info][class,load] org.springframework.core.convert.support.CharacterToNumberFactory source: jar:nested:/Users/kibong_home/Desktop/development/blog/build/libs/blog-0.0.1-SNAPSHOT.jar/!BOOT-INF/lib/spring-core-7.0.9.jar!/
[0.186s][info][class,load] org.springframework.core.convert.support.StringToBooleanConverter source: jar:nested:/Users/kibong_home/Desktop/development/blog/build/libs/blog-0.0.1-SNAPSHOT.jar/!BOOT-INF/lib/spring-core-7.0.9.jar!/
[0.186s][info][class,load] org.springframework.core.convert.support.StringToEnumConverterFactory source: jar:nested:/Users/kibong_home/Desktop/development/blog/build/libs/blog-0.0.1-SNAPSHOT.jar/!BOOT-INF/lib/spring-core-7.0.9.jar!/
[0.186s][info][class,load] org.springframework.core.convert.support.AbstractConditionalEnumConverter source: jar:nested:/Users/kibong_home/Desktop/development/blog/build/libs/blog-0.0.1-SNAPSHOT.jar/!BOOT-INF/lib/spring-core-7.0.9.jar!/
[0.186s][info][class,load] org.springframework.core.convert.support.EnumToStringConverter source: jar:nested:/Users/kibong_home/Desktop/development/blog/build/libs/blog-0.0.1-SNAPSHOT.jar/!BOOT-INF/lib/spring-core-7.0.9.jar!/
[0.186s][info][class,load] sun.reflect.generics.tree.BottomSignature source: jrt:/java.base
[0.186s][info][class,load] sun.reflect.generics.tree.Wildcard source: jrt:/java.base
[0.186s][info][class,load] sun.reflect.generics.reflectiveObjects.WildcardTypeImpl source: jrt:/java.base
[0.187s][info][class,load] org.springframework.core.convert.support.IntegerToEnumConverterFactory source: jar:nested:/Users/kibong_home/Desktop/development/blog/build/libs/blog-0.0.1-SNAPSHOT.jar/!BOOT-INF/lib/spring-core-7.0.9.jar!/
[0.187s][info][class,load] org.springframework.core.convert.support.EnumToIntegerConverter source: jar:nested:/Users/kibong_home/Desktop/development/blog/build/libs/blog-0.0.1-SNAPSHOT.jar/!BOOT-INF/lib/spring-core-7.0.9.jar!/
[0.187s][info][class,load] org.springframework.core.convert.support.StringToLocaleConverter source: jar:nested:/Users/kibong_home/Desktop/development/blog/build/libs/blog-0.0.1-SNAPSHOT.jar/!BOOT-INF/lib/spring-core-7.0.9.jar!/
[0.187s][info][class,load] org.springframework.core.convert.support.StringToCharsetConverter source: jar:nested:/Users/kibong_home/Desktop/development/blog/build/libs/blog-0.0.1-SNAPSHOT.jar/!BOOT-INF/lib/spring-core-7.0.9.jar!/
[0.187s][info][class,load] org.springframework.core.convert.support.StringToCurrencyConverter source: jar:nested:/Users/kibong_home/Desktop/development/blog/build/libs/blog-0.0.1-SNAPSHOT.jar/!BOOT-INF/lib/spring-core-7.0.9.jar!/
[0.187s][info][class,load] java.util.Currency source: jrt:/java.base
[0.187s][info][class,load] org.springframework.core.convert.support.StringToPropertiesConverter source: jar:nested:/Users/kibong_home/Desktop/development/blog/build/libs/blog-0.0.1-SNAPSHOT.jar/!BOOT-INF/lib/spring-core-7.0.9.jar!/
[0.187s][info][class,load] org.springframework.core.convert.support.PropertiesToStringConverter source: jar:nested:/Users/kibong_home/Desktop/development/blog/build/libs/blog-0.0.1-SNAPSHOT.jar/!BOOT-INF/lib/spring-core-7.0.9.jar!/
[0.187s][info][class,load] org.springframework.core.convert.support.StringToUUIDConverter source: jar:nested:/Users/kibong_home/Desktop/development/blog/build/libs/blog-0.0.1-SNAPSHOT.jar/!BOOT-INF/lib/spring-core-7.0.9.jar!/
[0.187s][info][class,load] java.util.UUID source: jrt:/java.base
[0.187s][info][class,load] org.springframework.core.convert.support.StringToPatternConverter source: jar:nested:/Users/kibong_home/Desktop/development/blog/build/libs/blog-0.0.1-SNAPSHOT.jar/!BOOT-INF/lib/spring-core-7.0.9.jar!/
[0.187s][info][class,load] org.springframework.core.convert.support.StringToRegexConverter source: jar:nested:/Users/kibong_home/Desktop/development/blog/build/libs/blog-0.0.1-SNAPSHOT.jar/!BOOT-INF/lib/spring-core-7.0.9.jar!/
[0.188s][info][class,load] kotlin.text.Regex source: jar:nested:/Users/kibong_home/Desktop/development/blog/build/libs/blog-0.0.1-SNAPSHOT.jar/!BOOT-INF/lib/kotlin-stdlib-2.3.21.jar!/
[0.188s][info][class,load] org.springframework.core.convert.support.ArrayToCollectionConverter source: jar:nested:/Users/kibong_home/Desktop/development/blog/build/libs/blog-0.0.1-SNAPSHOT.jar/!BOOT-INF/lib/spring-core-7.0.9.jar!/
[0.188s][info][class,load] org.springframework.core.convert.support.CollectionToArrayConverter source: jar:nested:/Users/kibong_home/Desktop/development/blog/build/libs/blog-0.0.1-SNAPSHOT.jar/!BOOT-INF/lib/spring-core-7.0.9.jar!/
[0.188s][info][class,load] org.springframework.core.convert.support.ArrayToArrayConverter source: jar:nested:/Users/kibong_home/Desktop/development/blog/build/libs/blog-0.0.1-SNAPSHOT.jar/!BOOT-INF/lib/spring-core-7.0.9.jar!/
[0.188s][info][class,load] org.springframework.core.convert.support.CollectionToCollectionConverter source: jar:nested:/Users/kibong_home/Desktop/development/blog/build/libs/blog-0.0.1-SNAPSHOT.jar/!BOOT-INF/lib/spring-core-7.0.9.jar!/
[0.188s][info][class,load] org.springframework.core.convert.support.MapToMapConverter source: jar:nested:/Users/kibong_home/Desktop/development/blog/build/libs/blog-0.0.1-SNAPSHOT.jar/!BOOT-INF/lib/spring-core-7.0.9.jar!/
[0.188s][info][class,load] org.springframework.core.convert.support.ArrayToStringConverter source: jar:nested:/Users/kibong_home/Desktop/development/blog/build/libs/blog-0.0.1-SNAPSHOT.jar/!BOOT-INF/lib/spring-core-7.0.9.jar!/
[0.188s][info][class,load] org.springframework.core.convert.support.CollectionToStringConverter source: jar:nested:/Users/kibong_home/Desktop/development/blog/build/libs/blog-0.0.1-SNAPSHOT.jar/!BOOT-INF/lib/spring-core-7.0.9.jar!/
[0.188s][info][class,load] org.springframework.core.convert.support.StringToArrayConverter source: jar:nested:/Users/kibong_home/Desktop/development/blog/build/libs/blog-0.0.1-SNAPSHOT.jar/!BOOT-INF/lib/spring-core-7.0.9.jar!/
[0.188s][info][class,load] org.springframework.core.convert.support.ArrayToObjectConverter source: jar:nested:/Users/kibong_home/Desktop/development/blog/build/libs/blog-0.0.1-SNAPSHOT.jar/!BOOT-INF/lib/spring-core-7.0.9.jar!/
[0.188s][info][class,load] org.springframework.core.convert.support.ObjectToArrayConverter source: jar:nested:/Users/kibong_home/Desktop/development/blog/build/libs/blog-0.0.1-SNAPSHOT.jar/!BOOT-INF/lib/spring-core-7.0.9.jar!/
[0.188s][info][class,load] org.springframework.core.convert.support.StringToCollectionConverter source: jar:nested:/Users/kibong_home/Desktop/development/blog/build/libs/blog-0.0.1-SNAPSHOT.jar/!BOOT-INF/lib/spring-core-7.0.9.jar!/
[0.188s][info][class,load] org.springframework.core.convert.support.CollectionToObjectConverter source: jar:nested:/Users/kibong_home/Desktop/development/blog/build/libs/blog-0.0.1-SNAPSHOT.jar/!BOOT-INF/lib/spring-core-7.0.9.jar!/
[0.189s][info][class,load] org.springframework.core.convert.support.ObjectToCollectionConverter source: jar:nested:/Users/kibong_home/Desktop/development/blog/build/libs/blog-0.0.1-SNAPSHOT.jar/!BOOT-INF/lib/spring-core-7.0.9.jar!/
[0.189s][info][class,load] org.springframework.core.convert.support.StreamConverter source: jar:nested:/Users/kibong_home/Desktop/development/blog/build/libs/blog-0.0.1-SNAPSHOT.jar/!BOOT-INF/lib/spring-core-7.0.9.jar!/
[0.189s][info][class,load] org.springframework.core.convert.TypeDescriptor source: jar:nested:/Users/kibong_home/Desktop/development/blog/build/libs/blog-0.0.1-SNAPSHOT.jar/!BOOT-INF/lib/spring-core-7.0.9.jar!/
[0.189s][info][class,load] org.springframework.core.convert.TypeDescriptor$AnnotatedElementSupplier source: jar:nested:/Users/kibong_home/Desktop/development/blog/build/libs/blog-0.0.1-SNAPSHOT.jar/!BOOT-INF/lib/spring-core-7.0.9.jar!/
[0.189s][info][class,load] org.springframework.core.annotation.AnnotatedElementAdapter source: jar:nested:/Users/kibong_home/Desktop/development/blog/build/libs/blog-0.0.1-SNAPSHOT.jar/!BOOT-INF/lib/spring-core-7.0.9.jar!/
[0.189s][info][class,load] java.lang.invoke.InnerClassLambdaMetafactory$SerializationSupport source: jrt:/java.base
[0.189s][info][class,load] java.lang.invoke.InnerClassLambdaMetafactory$4 source: jrt:/java.base
[0.189s][info][class,load] sun.invoke.util.BytecodeDescriptor source: jrt:/java.base
[0.189s][info][class,load] java.lang.classfile.constantpool.IntegerEntry source: jrt:/java.base
[0.189s][info][class,load] jdk.internal.classfile.impl.AbstractPoolEntry$IntegerEntryImpl source: jrt:/java.base
[0.189s][info][class,load] java.lang.invoke.TypeConvertingMethodAdapter$1 source: jrt:/java.base
[0.190s][info][class,load] org.springframework.core.convert.TypeDescriptor$$Lambda/0x00000f00010c7b30 source: org.springframework.core.convert.TypeDescriptor
[0.190s][info][class,load] org.springframework.core.convert.support.ByteBufferConverter source: jar:nested:/Users/kibong_home/Desktop/development/blog/build/libs/blog-0.0.1-SNAPSHOT.jar/!BOOT-INF/lib/spring-core-7.0.9.jar!/
[0.190s][info][class,load] org.springframework.core.convert.support.DateToInstantConverter source: jar:nested:/Users/kibong_home/Desktop/development/blog/build/libs/blog-0.0.1-SNAPSHOT.jar/!BOOT-INF/lib/spring-core-7.0.9.jar!/
[0.190s][info][class,load] java.util.Date source: shared objects file
[0.190s][info][class,load] org.springframework.core.convert.support.InstantToDateConverter source: jar:nested:/Users/kibong_home/Desktop/development/blog/build/libs/blog-0.0.1-SNAPSHOT.jar/!BOOT-INF/lib/spring-core-7.0.9.jar!/
[0.190s][info][class,load] org.springframework.core.convert.support.StringToTimeZoneConverter source: jar:nested:/Users/kibong_home/Desktop/development/blog/build/libs/blog-0.0.1-SNAPSHOT.jar/!BOOT-INF/lib/spring-core-7.0.9.jar!/
[0.190s][info][class,load] org.springframework.core.convert.support.ZoneIdToTimeZoneConverter source: jar:nested:/Users/kibong_home/Desktop/development/blog/build/libs/blog-0.0.1-SNAPSHOT.jar/!BOOT-INF/lib/spring-core-7.0.9.jar!/
[0.190s][info][class,load] org.springframework.core.convert.support.ZonedDateTimeToCalendarConverter source: jar:nested:/Users/kibong_home/Desktop/development/blog/build/libs/blog-0.0.1-SNAPSHOT.jar/!BOOT-INF/lib/spring-core-7.0.9.jar!/
[0.190s][info][class,load] java.util.Calendar source: shared objects file
[0.190s][info][class,load] java.util.GregorianCalendar source: shared objects file
[0.190s][info][class,load] java.time.chrono.ChronoZonedDateTime source: jrt:/java.base
[0.190s][info][class,load] java.time.ZonedDateTime source: jrt:/java.base
[0.191s][info][class,load] org.springframework.core.convert.support.ObjectToObjectConverter source: jar:nested:/Users/kibong_home/Desktop/development/blog/build/libs/blog-0.0.1-SNAPSHOT.jar/!BOOT-INF/lib/spring-core-7.0.9.jar!/
[0.191s][info][class,load] org.springframework.core.convert.support.IdToEntityConverter source: jar:nested:/Users/kibong_home/Desktop/development/blog/build/libs/blog-0.0.1-SNAPSHOT.jar/!BOOT-INF/lib/spring-core-7.0.9.jar!/
[0.191s][info][class,load] org.springframework.core.convert.support.FallbackObjectToStringConverter source: jar:nested:/Users/kibong_home/Desktop/development/blog/build/libs/blog-0.0.1-SNAPSHOT.jar/!BOOT-INF/lib/spring-core-7.0.9.jar!/
[0.191s][info][class,load] org.springframework.core.convert.support.ObjectToOptionalConverter source: jar:nested:/Users/kibong_home/Desktop/development/blog/build/libs/blog-0.0.1-SNAPSHOT.jar/!BOOT-INF/lib/spring-core-7.0.9.jar!/
[0.191s][info][class,load] org.springframework.core.convert.support.ObjectToOptionalConverter$GenericTypeDescriptor source: jar:nested:/Users/kibong_home/Desktop/development/blog/build/libs/blog-0.0.1-SNAPSHOT.jar/!BOOT-INF/lib/spring-core-7.0.9.jar!/
[0.191s][info][class,load] org.springframework.core.convert.support.OptionalToObjectConverter source: jar:nested:/Users/kibong_home/Desktop/development/blog/build/libs/blog-0.0.1-SNAPSHOT.jar/!BOOT-INF/lib/spring-core-7.0.9.jar!/
[0.191s][info][class,load] org.springframework.format.support.DefaultFormattingConversionService source: jar:nested:/Users/kibong_home/Desktop/development/blog/build/libs/blog-0.0.1-SNAPSHOT.jar/!BOOT-INF/lib/spring-context-7.0.9.jar!/
[0.191s][info][class,load] org.springframework.format.AnnotationFormatterFactory source: jar:nested:/Users/kibong_home/Desktop/development/blog/build/libs/blog-0.0.1-SNAPSHOT.jar/!BOOT-INF/lib/spring-context-7.0.9.jar!/
[0.191s][info][class,load] org.springframework.context.support.EmbeddedValueResolutionSupport source: jar:nested:/Users/kibong_home/Desktop/development/blog/build/libs/blog-0.0.1-SNAPSHOT.jar/!BOOT-INF/lib/spring-context-7.0.9.jar!/
[0.191s][info][class,load] org.springframework.format.number.NumberFormatAnnotationFormatterFactory source: jar:nested:/Users/kibong_home/Desktop/development/blog/build/libs/blog-0.0.1-SNAPSHOT.jar/!BOOT-INF/lib/spring-context-7.0.9.jar!/
[0.192s][info][class,load] org.springframework.core.GenericTypeResolver source: jar:nested:/Users/kibong_home/Desktop/development/blog/build/libs/blog-0.0.1-SNAPSHOT.jar/!BOOT-INF/lib/spring-core-7.0.9.jar!/
[0.192s][info][class,load] org.springframework.format.annotation.NumberFormat source: jar:nested:/Users/kibong_home/Desktop/development/blog/build/libs/blog-0.0.1-SNAPSHOT.jar/!BOOT-INF/lib/spring-context-7.0.9.jar!/
[0.192s][info][class,load] org.springframework.core.GenericTypeResolver$$Lambda/0x00000f00010ca8a8 source: org.springframework.core.GenericTypeResolver
[0.192s][info][class,load] org.springframework.util.NumberUtils source: jar:nested:/Users/kibong_home/Desktop/development/blog/build/libs/blog-0.0.1-SNAPSHOT.jar/!BOOT-INF/lib/spring-core-7.0.9.jar!/
[0.192s][info][class,load] java.math.BigDecimal source: jrt:/java.base
[0.192s][info][class,load] java.text.ParseException source: jrt:/java.base
[0.192s][info][class,load] org.springframework.format.support.FormattingConversionService$AnnotationPrinterConverter source: jar:nested:/Users/kibong_home/Desktop/development/blog/build/libs/blog-0.0.1-SNAPSHOT.jar/!BOOT-INF/lib/spring-context-7.0.9.jar!/
[0.193s][info][class,load] org.springframework.format.support.FormattingConversionService$AnnotationParserConverter source: jar:nested:/Users/kibong_home/Desktop/development/blog/build/libs/blog-0.0.1-SNAPSHOT.jar/!BOOT-INF/lib/spring-context-7.0.9.jar!/
[0.193s][info][class,load] org.springframework.format.FormatterRegistrar source: jar:nested:/Users/kibong_home/Desktop/development/blog/build/libs/blog-0.0.1-SNAPSHOT.jar/!BOOT-INF/lib/spring-context-7.0.9.jar!/
[0.193s][info][class,load] org.springframework.format.datetime.standard.DateTimeFormatterRegistrar source: jar:nested:/Users/kibong_home/Desktop/development/blog/build/libs/blog-0.0.1-SNAPSHOT.jar/!BOOT-INF/lib/spring-context-7.0.9.jar!/
[0.193s][info][class,load] org.springframework.format.datetime.standard.DateTimeFormatterRegistrar$Type source: jar:nested:/Users/kibong_home/Desktop/development/blog/build/libs/blog-0.0.1-SNAPSHOT.jar/!BOOT-INF/lib/spring-context-7.0.9.jar!/
[0.193s][info][class,load] org.springframework.format.datetime.standard.DateTimeFormatterFactory source: jar:nested:/Users/kibong_home/Desktop/development/blog/build/libs/blog-0.0.1-SNAPSHOT.jar/!BOOT-INF/lib/spring-context-7.0.9.jar!/
[0.193s][info][class,load] org.springframework.format.datetime.standard.DateTimeConverters source: jar:nested:/Users/kibong_home/Desktop/development/blog/build/libs/blog-0.0.1-SNAPSHOT.jar/!BOOT-INF/lib/spring-context-7.0.9.jar!/
[0.193s][info][class,load] org.springframework.format.datetime.DateFormatterRegistrar source: jar:nested:/Users/kibong_home/Desktop/development/blog/build/libs/blog-0.0.1-SNAPSHOT.jar/!BOOT-INF/lib/spring-context-7.0.9.jar!/
[0.193s][info][class,load] org.springframework.format.datetime.DateFormatterRegistrar$DateToLongConverter source: jar:nested:/Users/kibong_home/Desktop/development/blog/build/libs/blog-0.0.1-SNAPSHOT.jar/!BOOT-INF/lib/spring-context-7.0.9.jar!/
[0.193s][info][class,load] org.springframework.format.datetime.DateFormatterRegistrar$DateToCalendarConverter source: jar:nested:/Users/kibong_home/Desktop/development/blog/build/libs/blog-0.0.1-SNAPSHOT.jar/!BOOT-INF/lib/spring-context-7.0.9.jar!/
[0.193s][info][class,load] org.springframework.format.datetime.DateFormatterRegistrar$CalendarToDateConverter source: jar:nested:/Users/kibong_home/Desktop/development/blog/build/libs/blog-0.0.1-SNAPSHOT.jar/!BOOT-INF/lib/spring-context-7.0.9.jar!/
[0.193s][info][class,load] org.springframework.format.datetime.DateFormatterRegistrar$CalendarToLongConverter source: jar:nested:/Users/kibong_home/Desktop/development/blog/build/libs/blog-0.0.1-SNAPSHOT.jar/!BOOT-INF/lib/spring-context-7.0.9.jar!/
[0.193s][info][class,load] org.springframework.format.datetime.DateFormatterRegistrar$LongToDateConverter source: jar:nested:/Users/kibong_home/Desktop/development/blog/build/libs/blog-0.0.1-SNAPSHOT.jar/!BOOT-INF/lib/spring-context-7.0.9.jar!/
[0.194s][info][class,load] org.springframework.format.datetime.DateFormatterRegistrar$LongToCalendarConverter source: jar:nested:/Users/kibong_home/Desktop/development/blog/build/libs/blog-0.0.1-SNAPSHOT.jar/!BOOT-INF/lib/spring-context-7.0.9.jar!/
[0.194s][info][class,load] org.springframework.format.datetime.standard.DateTimeConverters$LocalDateTimeToLocalDateConverter source: jar:nested:/Users/kibong_home/Desktop/development/blog/build/libs/blog-0.0.1-SNAPSHOT.jar/!BOOT-INF/lib/spring-context-7.0.9.jar!/
[0.194s][info][class,load] org.springframework.format.datetime.standard.DateTimeConverters$LocalDateTimeToLocalTimeConverter source: jar:nested:/Users/kibong_home/Desktop/development/blog/build/libs/blog-0.0.1-SNAPSHOT.jar/!BOOT-INF/lib/spring-context-7.0.9.jar!/
[0.194s][info][class,load] org.springframework.format.datetime.standard.DateTimeConverters$ZonedDateTimeToLocalDateConverter source: jar:nested:/Users/kibong_home/Desktop/development/blog/build/libs/blog-0.0.1-SNAPSHOT.jar/!BOOT-INF/lib/spring-context-7.0.9.jar!/
[0.194s][info][class,load] org.springframework.format.datetime.standard.DateTimeConverters$ZonedDateTimeToLocalTimeConverter source: jar:nested:/Users/kibong_home/Desktop/development/blog/build/libs/blog-0.0.1-SNAPSHOT.jar/!BOOT-INF/lib/spring-context-7.0.9.jar!/
[0.194s][info][class,load] org.springframework.format.datetime.standard.DateTimeConverters$ZonedDateTimeToLocalDateTimeConverter source: jar:nested:/Users/kibong_home/Desktop/development/blog/build/libs/blog-0.0.1-SNAPSHOT.jar/!BOOT-INF/lib/spring-context-7.0.9.jar!/
[0.194s][info][class,load] org.springframework.format.datetime.standard.DateTimeConverters$ZonedDateTimeToOffsetDateTimeConverter source: jar:nested:/Users/kibong_home/Desktop/development/blog/build/libs/blog-0.0.1-SNAPSHOT.jar/!BOOT-INF/lib/spring-context-7.0.9.jar!/
[0.194s][info][class,load] java.time.OffsetDateTime source: jrt:/java.base
[0.194s][info][class,load] org.springframework.format.datetime.standard.DateTimeConverters$ZonedDateTimeToInstantConverter source: jar:nested:/Users/kibong_home/Desktop/development/blog/build/libs/blog-0.0.1-SNAPSHOT.jar/!BOOT-INF/lib/spring-context-7.0.9.jar!/
[0.194s][info][class,load] org.springframework.format.datetime.standard.DateTimeConverters$OffsetDateTimeToLocalDateConverter source: jar:nested:/Users/kibong_home/Desktop/development/blog/build/libs/blog-0.0.1-SNAPSHOT.jar/!BOOT-INF/lib/spring-context-7.0.9.jar!/
[0.194s][info][class,load] org.springframework.format.datetime.standard.DateTimeConverters$OffsetDateTimeToLocalTimeConverter source: jar:nested:/Users/kibong_home/Desktop/development/blog/build/libs/blog-0.0.1-SNAPSHOT.jar/!BOOT-INF/lib/spring-context-7.0.9.jar!/
[0.194s][info][class,load] org.springframework.format.datetime.standard.DateTimeConverters$OffsetDateTimeToLocalDateTimeConverter source: jar:nested:/Users/kibong_home/Desktop/development/blog/build/libs/blog-0.0.1-SNAPSHOT.jar/!BOOT-INF/lib/spring-context-7.0.9.jar!/
[0.194s][info][class,load] org.springframework.format.datetime.standard.DateTimeConverters$OffsetDateTimeToZonedDateTimeConverter source: jar:nested:/Users/kibong_home/Desktop/development/blog/build/libs/blog-0.0.1-SNAPSHOT.jar/!BOOT-INF/lib/spring-context-7.0.9.jar!/
[0.194s][info][class,load] org.springframework.format.datetime.standard.DateTimeConverters$OffsetDateTimeToInstantConverter source: jar:nested:/Users/kibong_home/Desktop/development/blog/build/libs/blog-0.0.1-SNAPSHOT.jar/!BOOT-INF/lib/spring-context-7.0.9.jar!/
[0.194s][info][class,load] org.springframework.format.datetime.standard.DateTimeConverters$CalendarToZonedDateTimeConverter source: jar:nested:/Users/kibong_home/Desktop/development/blog/build/libs/blog-0.0.1-SNAPSHOT.jar/!BOOT-INF/lib/spring-context-7.0.9.jar!/
[0.195s][info][class,load] org.springframework.format.datetime.standard.DateTimeConverters$CalendarToOffsetDateTimeConverter source: jar:nested:/Users/kibong_home/Desktop/development/blog/build/libs/blog-0.0.1-SNAPSHOT.jar/!BOOT-INF/lib/spring-context-7.0.9.jar!/
[0.195s][info][class,load] org.springframework.format.datetime.standard.DateTimeConverters$CalendarToLocalDateConverter source: jar:nested:/Users/kibong_home/Desktop/development/blog/build/libs/blog-0.0.1-SNAPSHOT.jar/!BOOT-INF/lib/spring-context-7.0.9.jar!/
[0.195s][info][class,load] org.springframework.format.datetime.standard.DateTimeConverters$CalendarToLocalTimeConverter source: jar:nested:/Users/kibong_home/Desktop/development/blog/build/libs/blog-0.0.1-SNAPSHOT.jar/!BOOT-INF/lib/spring-context-7.0.9.jar!/
[0.195s][info][class,load] org.springframework.format.datetime.standard.DateTimeConverters$CalendarToLocalDateTimeConverter source: jar:nested:/Users/kibong_home/Desktop/development/blog/build/libs/blog-0.0.1-SNAPSHOT.jar/!BOOT-INF/lib/spring-context-7.0.9.jar!/
[0.195s][info][class,load] org.springframework.format.datetime.standard.DateTimeConverters$CalendarToInstantConverter source: jar:nested:/Users/kibong_home/Desktop/development/blog/build/libs/blog-0.0.1-SNAPSHOT.jar/!BOOT-INF/lib/spring-context-7.0.9.jar!/
[0.195s][info][class,load] org.springframework.format.datetime.standard.DateTimeConverters$LongToInstantConverter source: jar:nested:/Users/kibong_home/Desktop/development/blog/build/libs/blog-0.0.1-SNAPSHOT.jar/!BOOT-INF/lib/spring-context-7.0.9.jar!/
[0.195s][info][class,load] org.springframework.format.datetime.standard.DateTimeConverters$InstantToLongConverter source: jar:nested:/Users/kibong_home/Desktop/development/blog/build/libs/blog-0.0.1-SNAPSHOT.jar/!BOOT-INF/lib/spring-context-7.0.9.jar!/
[0.195s][info][class,load] java.time.format.FormatStyle source: jrt:/java.base
[0.195s][info][class,load] java.time.format.DateTimeFormatterBuilder$LocalizedPrinterParser source: jrt:/java.base
[0.195s][info][class,load] org.springframework.format.datetime.standard.TemporalAccessorPrinter source: jar:nested:/Users/kibong_home/Desktop/development/blog/build/libs/blog-0.0.1-SNAPSHOT.jar/!BOOT-INF/lib/spring-context-7.0.9.jar!/
[0.195s][info][class,load] org.springframework.format.datetime.standard.TemporalAccessorParser source: jar:nested:/Users/kibong_home/Desktop/development/blog/build/libs/blog-0.0.1-SNAPSHOT.jar/!BOOT-INF/lib/spring-context-7.0.9.jar!/
[0.195s][info][class,load] java.time.DateTimeException source: jrt:/java.base
[0.195s][info][class,load] java.time.format.DateTimeParseException source: jrt:/java.base
[0.195s][info][class,load] org.springframework.format.support.FormattingConversionService$PrinterConverter source: jar:nested:/Users/kibong_home/Desktop/development/blog/build/libs/blog-0.0.1-SNAPSHOT.jar/!BOOT-INF/lib/spring-context-7.0.9.jar!/
[0.196s][info][class,load] org.springframework.format.support.FormattingConversionService$ParserConverter source: jar:nested:/Users/kibong_home/Desktop/development/blog/build/libs/blog-0.0.1-SNAPSHOT.jar/!BOOT-INF/lib/spring-context-7.0.9.jar!/
[0.196s][info][class,load] java.time.OffsetTime source: jrt:/java.base
[0.196s][info][class,load] org.springframework.format.datetime.standard.InstantFormatter source: jar:nested:/Users/kibong_home/Desktop/development/blog/build/libs/blog-0.0.1-SNAPSHOT.jar/!BOOT-INF/lib/spring-context-7.0.9.jar!/
[0.196s][info][class,load] org.springframework.format.datetime.standard.PeriodFormatter source: jar:nested:/Users/kibong_home/Desktop/development/blog/build/libs/blog-0.0.1-SNAPSHOT.jar/!BOOT-INF/lib/spring-context-7.0.9.jar!/
[0.196s][info][class,load] org.springframework.format.datetime.standard.DurationFormatter source: jar:nested:/Users/kibong_home/Desktop/development/blog/build/libs/blog-0.0.1-SNAPSHOT.jar/!BOOT-INF/lib/spring-context-7.0.9.jar!/
[0.196s][info][class,load] org.springframework.format.annotation.DurationFormat$Style source: jar:nested:/Users/kibong_home/Desktop/development/blog/build/libs/blog-0.0.1-SNAPSHOT.jar/!BOOT-INF/lib/spring-context-7.0.9.jar!/
[0.196s][info][class,load] java.time.Year source: jrt:/java.base
[0.196s][info][class,load] org.springframework.format.datetime.standard.YearFormatter source: jar:nested:/Users/kibong_home/Desktop/development/blog/build/libs/blog-0.0.1-SNAPSHOT.jar/!BOOT-INF/lib/spring-context-7.0.9.jar!/
[0.196s][info][class,load] java.time.Month source: jrt:/java.base
[0.196s][info][class,load] org.springframework.format.datetime.standard.MonthFormatter source: jar:nested:/Users/kibong_home/Desktop/development/blog/build/libs/blog-0.0.1-SNAPSHOT.jar/!BOOT-INF/lib/spring-context-7.0.9.jar!/
[0.196s][info][class,load] java.time.YearMonth source: jrt:/java.base
[0.196s][info][class,load] org.springframework.format.datetime.standard.YearMonthFormatter source: jar:nested:/Users/kibong_home/Desktop/development/blog/build/libs/blog-0.0.1-SNAPSHOT.jar/!BOOT-INF/lib/spring-context-7.0.9.jar!/
[0.197s][info][class,load] java.time.MonthDay source: jrt:/java.base
[0.197s][info][class,load] org.springframework.format.datetime.standard.MonthDayFormatter source: jar:nested:/Users/kibong_home/Desktop/development/blog/build/libs/blog-0.0.1-SNAPSHOT.jar/!BOOT-INF/lib/spring-context-7.0.9.jar!/
[0.197s][info][class,load] org.springframework.format.datetime.standard.Jsr310DateTimeFormatAnnotationFormatterFactory source: jar:nested:/Users/kibong_home/Desktop/development/blog/build/libs/blog-0.0.1-SNAPSHOT.jar/!BOOT-INF/lib/spring-context-7.0.9.jar!/
[0.197s][info][class,load] org.springframework.format.annotation.DateTimeFormat source: jar:nested:/Users/kibong_home/Desktop/development/blog/build/libs/blog-0.0.1-SNAPSHOT.jar/!BOOT-INF/lib/spring-context-7.0.9.jar!/
[0.197s][info][class,load] org.springframework.format.datetime.standard.DurationFormatAnnotationFormatterFactory source: jar:nested:/Users/kibong_home/Desktop/development/blog/build/libs/blog-0.0.1-SNAPSHOT.jar/!BOOT-INF/lib/spring-context-7.0.9.jar!/
[0.197s][info][class,load] org.springframework.format.annotation.DurationFormat source: jar:nested:/Users/kibong_home/Desktop/development/blog/build/libs/blog-0.0.1-SNAPSHOT.jar/!BOOT-INF/lib/spring-context-7.0.9.jar!/
[0.197s][info][class,load] org.springframework.format.datetime.DateTimeFormatAnnotationFormatterFactory source: jar:nested:/Users/kibong_home/Desktop/development/blog/build/libs/blog-0.0.1-SNAPSHOT.jar/!BOOT-INF/lib/spring-context-7.0.9.jar!/
[0.197s][info][class,load] org.springframework.boot.convert.CharArrayFormatter source: jar:nested:/Users/kibong_home/Desktop/development/blog/build/libs/blog-0.0.1-SNAPSHOT.jar/!BOOT-INF/lib/spring-boot-4.1.1.jar!/
[0.197s][info][class,load] sun.reflect.generics.tree.CharSignature source: jrt:/java.base
[0.197s][info][class,load] sun.reflect.generics.tree.ArrayTypeSignature source: jrt:/java.base
[0.197s][info][class,load] org.springframework.format.support.FormattingConversionService$$Lambda/0x00000f00010d2a38 source: org.springframework.format.support.FormattingConversionService
[0.198s][info][class,load] org.springframework.boot.convert.InetAddressFormatter source: jar:nested:/Users/kibong_home/Desktop/development/blog/build/libs/blog-0.0.1-SNAPSHOT.jar/!BOOT-INF/lib/spring-boot-4.1.1.jar!/
[0.198s][info][class,load] java.net.UnknownHostException source: jrt:/java.base
[0.198s][info][class,load] java.net.InetAddress source: shared objects file
[0.198s][info][class,load] org.springframework.boot.convert.IsoOffsetFormatter source: jar:nested:/Users/kibong_home/Desktop/development/blog/build/libs/blog-0.0.1-SNAPSHOT.jar/!BOOT-INF/lib/spring-boot-4.1.1.jar!/
[0.198s][info][class,load] org.springframework.boot.convert.ArrayToDelimitedStringConverter source: jar:nested:/Users/kibong_home/Desktop/development/blog/build/libs/blog-0.0.1-SNAPSHOT.jar/!BOOT-INF/lib/spring-boot-4.1.1.jar!/
[0.198s][info][class,load] org.springframework.boot.convert.CollectionToDelimitedStringConverter source: jar:nested:/Users/kibong_home/Desktop/development/blog/build/libs/blog-0.0.1-SNAPSHOT.jar/!BOOT-INF/lib/spring-boot-4.1.1.jar!/
[0.198s][info][class,load] org.springframework.boot.convert.DelimitedStringToArrayConverter source: jar:nested:/Users/kibong_home/Desktop/development/blog/build/libs/blog-0.0.1-SNAPSHOT.jar/!BOOT-INF/lib/spring-boot-4.1.1.jar!/
[0.198s][info][class,load] org.springframework.boot.convert.DelimitedStringToCollectionConverter source: jar:nested:/Users/kibong_home/Desktop/development/blog/build/libs/blog-0.0.1-SNAPSHOT.jar/!BOOT-INF/lib/spring-boot-4.1.1.jar!/
[0.198s][info][class,load] org.springframework.boot.convert.StringToDurationConverter source: jar:nested:/Users/kibong_home/Desktop/development/blog/build/libs/blog-0.0.1-SNAPSHOT.jar/!BOOT-INF/lib/spring-boot-4.1.1.jar!/
[0.198s][info][class,load] org.springframework.boot.convert.DurationToStringConverter source: jar:nested:/Users/kibong_home/Desktop/development/blog/build/libs/blog-0.0.1-SNAPSHOT.jar/!BOOT-INF/lib/spring-boot-4.1.1.jar!/
[0.198s][info][class,load] org.springframework.boot.convert.NumberToDurationConverter source: jar:nested:/Users/kibong_home/Desktop/development/blog/build/libs/blog-0.0.1-SNAPSHOT.jar/!BOOT-INF/lib/spring-boot-4.1.1.jar!/
[0.198s][info][class,load] org.springframework.boot.convert.DurationToNumberConverter source: jar:nested:/Users/kibong_home/Desktop/development/blog/build/libs/blog-0.0.1-SNAPSHOT.jar/!BOOT-INF/lib/spring-boot-4.1.1.jar!/
[0.198s][info][class,load] org.springframework.boot.convert.StringToPeriodConverter source: jar:nested:/Users/kibong_home/Desktop/development/blog/build/libs/blog-0.0.1-SNAPSHOT.jar/!BOOT-INF/lib/spring-boot-4.1.1.jar!/
[0.198s][info][class,load] org.springframework.boot.convert.PeriodToStringConverter source: jar:nested:/Users/kibong_home/Desktop/development/blog/build/libs/blog-0.0.1-SNAPSHOT.jar/!BOOT-INF/lib/spring-boot-4.1.1.jar!/
[0.198s][info][class,load] org.springframework.boot.convert.NumberToPeriodConverter source: jar:nested:/Users/kibong_home/Desktop/development/blog/build/libs/blog-0.0.1-SNAPSHOT.jar/!BOOT-INF/lib/spring-boot-4.1.1.jar!/
[0.198s][info][class,load] org.springframework.boot.convert.StringToDataSizeConverter source: jar:nested:/Users/kibong_home/Desktop/development/blog/build/libs/blog-0.0.1-SNAPSHOT.jar/!BOOT-INF/lib/spring-boot-4.1.1.jar!/
[0.199s][info][class,load] org.springframework.util.unit.DataSize source: jar:nested:/Users/kibong_home/Desktop/development/blog/build/libs/blog-0.0.1-SNAPSHOT.jar/!BOOT-INF/lib/spring-core-7.0.9.jar!/
[0.199s][info][class,load] org.springframework.boot.convert.NumberToDataSizeConverter source: jar:nested:/Users/kibong_home/Desktop/development/blog/build/libs/blog-0.0.1-SNAPSHOT.jar/!BOOT-INF/lib/spring-boot-4.1.1.jar!/
[0.199s][info][class,load] org.springframework.boot.convert.StringToFileConverter source: jar:nested:/Users/kibong_home/Desktop/development/blog/build/libs/blog-0.0.1-SNAPSHOT.jar/!BOOT-INF/lib/spring-boot-4.1.1.jar!/
[0.199s][info][class,load] org.springframework.boot.convert.InputStreamSourceToByteArrayConverter source: jar:nested:/Users/kibong_home/Desktop/development/blog/build/libs/blog-0.0.1-SNAPSHOT.jar/!BOOT-INF/lib/spring-boot-4.1.1.jar!/
[0.199s][info][class,load] sun.reflect.generics.tree.ByteSignature source: jrt:/java.base
[0.199s][info][class,load] org.springframework.boot.convert.LenientObjectToEnumConverterFactory source: jar:nested:/Users/kibong_home/Desktop/development/blog/build/libs/blog-0.0.1-SNAPSHOT.jar/!BOOT-INF/lib/spring-boot-4.1.1.jar!/
[0.199s][info][class,load] org.springframework.boot.convert.LenientStringToEnumConverterFactory source: jar:nested:/Users/kibong_home/Desktop/development/blog/build/libs/blog-0.0.1-SNAPSHOT.jar/!BOOT-INF/lib/spring-boot-4.1.1.jar!/
[0.199s][info][class,load] org.springframework.boot.convert.LenientBooleanToEnumConverterFactory source: jar:nested:/Users/kibong_home/Desktop/development/blog/build/libs/blog-0.0.1-SNAPSHOT.jar/!BOOT-INF/lib/spring-boot-4.1.1.jar!/
[0.199s][info][class,load] org.springframework.boot.convert.CharSequenceToObjectConverter source: jar:nested:/Users/kibong_home/Desktop/development/blog/build/libs/blog-0.0.1-SNAPSHOT.jar/!BOOT-INF/lib/spring-boot-4.1.1.jar!/
[0.199s][info][class,load] org.springframework.boot.system.ApplicationPid source: jar:nested:/Users/kibong_home/Desktop/development/blog/build/libs/blog-0.0.1-SNAPSHOT.jar/!BOOT-INF/lib/spring-boot-4.1.1.jar!/
[0.199s][info][class,load] java.lang.ProcessHandle source: jrt:/java.base
[0.199s][info][class,load] java.lang.ProcessHandleImpl source: jrt:/java.base
[0.200s][info][class,load] java.util.random.RandomGenerator source: shared objects file
[0.200s][info][class,load] java.util.Random source: shared objects file
[0.200s][info][class,load] java.util.concurrent.ThreadLocalRandom source: shared objects file
[0.200s][info][class,load] jdk.internal.util.random.RandomSupport source: shared objects file
[0.200s][info][class,load] java.lang.invoke.LambdaForm$DMH/0x00000f00010d8000 source: __JVM_LookupDefineClass__
[0.200s][info][class,load] java.lang.invoke.LambdaForm$DMH/0x00000f00010d8400 source: __JVM_LookupDefineClass__
[0.200s][info][class,load] java.lang.ProcessHandleImpl$$Lambda/0x00000f000103ab08 source: java.lang.ProcessHandleImpl
[0.200s][info][class,load] java.lang.invoke.LambdaForm$DMH/0x00000f00010d8800 source: __JVM_LookupDefineClass__
[0.200s][info][class,load] java.util.concurrent.Executors source: jrt:/java.base
[0.200s][info][class,load] java.util.concurrent.AbstractExecutorService source: shared objects file
[0.200s][info][class,load] java.util.concurrent.ThreadPoolExecutor source: jrt:/java.base
[0.200s][info][class,load] java.util.concurrent.RejectedExecutionHandler source: jrt:/java.base
[0.200s][info][class,load] java.util.concurrent.ThreadPoolExecutor$AbortPolicy source: jrt:/java.base
[0.201s][info][class,load] java.util.concurrent.SynchronousQueue source: jrt:/java.base
[0.201s][info][class,load] java.util.concurrent.TransferQueue source: jrt:/java.base
[0.201s][info][class,load] java.util.concurrent.LinkedTransferQueue source: jrt:/java.base
[0.201s][info][class,load] java.util.concurrent.SynchronousQueue$Transferer source: jrt:/java.base
[0.201s][info][class,load] java.util.concurrent.ForkJoinPool$ManagedBlocker source: jrt:/java.base
[0.201s][info][class,load] java.util.concurrent.LinkedTransferQueue$DualNode source: jrt:/java.base
[0.201s][info][class,load] jdk.internal.vm.StackableScope source: shared objects file
[0.201s][info][class,load] jdk.internal.vm.ThreadContainer source: shared objects file
[0.201s][info][class,load] jdk.internal.vm.SharedThreadContainer source: shared objects file
[0.201s][info][class,load] java.lang.invoke.VarHandleBooleans$FieldInstanceReadOnly source: shared objects file
[0.201s][info][class,load] java.lang.invoke.VarHandleBooleans$FieldInstanceReadWrite source: shared objects file
[0.201s][info][class,load] jdk.internal.vm.ThreadContainers source: shared objects file
[0.201s][info][class,load] jdk.internal.vm.ThreadContainers$RootContainer source: shared objects file
[0.201s][info][class,load] jdk.internal.vm.ThreadContainers$RootContainer$TrackingRootContainer source: shared objects file
[0.201s][info][class,load] org.springframework.boot.context.properties.source.SpringConfigurationPropertySources source: jar:nested:/Users/kibong_home/Desktop/development/blog/build/libs/blog-0.0.1-SNAPSHOT.jar/!BOOT-INF/lib/spring-boot-4.1.1.jar!/
[0.201s][info][class,load] org.springframework.boot.context.properties.source.ConfigurationPropertySource source: jar:nested:/Users/kibong_home/Desktop/development/blog/build/libs/blog-0.0.1-SNAPSHOT.jar/!BOOT-INF/lib/spring-boot-4.1.1.jar!/
[0.201s][info][class,load] org.springframework.boot.SpringApplicationRunListeners$$Lambda/0x00000f00010d64c8 source: org.springframework.boot.SpringApplicationRunListeners
[0.201s][info][class,load] org.springframework.boot.support.SpringFactoriesEnvironmentPostProcessorsFactory source: jar:nested:/Users/kibong_home/Desktop/development/blog/build/libs/blog-0.0.1-SNAPSHOT.jar/!BOOT-INF/lib/spring-boot-4.1.1.jar!/
[0.201s][info][class,load] org.springframework.boot.EnvironmentPostProcessor source: jar:nested:/Users/kibong_home/Desktop/development/blog/build/libs/blog-0.0.1-SNAPSHOT.jar/!BOOT-INF/lib/spring-boot-4.1.1.jar!/
[0.202s][info][class,load] org.springframework.boot.cloud.CloudFoundryVcapEnvironmentPostProcessor source: jar:nested:/Users/kibong_home/Desktop/development/blog/build/libs/blog-0.0.1-SNAPSHOT.jar/!BOOT-INF/lib/spring-boot-4.1.1.jar!/
[0.202s][info][class,load] org.springframework.boot.logging.DeferredLogs$$Lambda/0x00000f00010d6da8 source: org.springframework.boot.logging.DeferredLogs
[0.202s][info][class,load] org.springframework.boot.logging.DeferredLog source: jar:nested:/Users/kibong_home/Desktop/development/blog/build/libs/blog-0.0.1-SNAPSHOT.jar/!BOOT-INF/lib/spring-boot-4.1.1.jar!/
[0.202s][info][class,load] org.springframework.boot.context.config.ConfigDataEnvironmentPostProcessor source: jar:nested:/Users/kibong_home/Desktop/development/blog/build/libs/blog-0.0.1-SNAPSHOT.jar/!BOOT-INF/lib/spring-boot-4.1.1.jar!/
[0.202s][info][class,load] org.springframework.boot.support.RandomValuePropertySourceEnvironmentPostProcessor source: jar:nested:/Users/kibong_home/Desktop/development/blog/build/libs/blog-0.0.1-SNAPSHOT.jar/!BOOT-INF/lib/spring-boot-4.1.1.jar!/
[0.202s][info][class,load] org.springframework.boot.support.SpringApplicationJsonEnvironmentPostProcessor source: jar:nested:/Users/kibong_home/Desktop/development/blog/build/libs/blog-0.0.1-SNAPSHOT.jar/!BOOT-INF/lib/spring-boot-4.1.1.jar!/
[0.202s][info][class,load] org.springframework.boot.support.SpringApplicationJsonEnvironmentPostProcessor$JsonPropertySource source: jar:nested:/Users/kibong_home/Desktop/development/blog/build/libs/blog-0.0.1-SNAPSHOT.jar/!BOOT-INF/lib/spring-boot-4.1.1.jar!/
[0.202s][info][class,load] org.springframework.boot.support.SystemEnvironmentPropertySourceEnvironmentPostProcessor source: jar:nested:/Users/kibong_home/Desktop/development/blog/build/libs/blog-0.0.1-SNAPSHOT.jar/!BOOT-INF/lib/spring-boot-4.1.1.jar!/
[0.203s][info][class,load] org.springframework.boot.support.SystemEnvironmentPropertySourceEnvironmentPostProcessor$OriginAwareSystemEnvironmentPropertySource source: jar:nested:/Users/kibong_home/Desktop/development/blog/build/libs/blog-0.0.1-SNAPSHOT.jar/!BOOT-INF/lib/spring-boot-4.1.1.jar!/
[0.203s][info][class,load] org.springframework.boot.env.EnvironmentPostProcessor source: jar:nested:/Users/kibong_home/Desktop/development/blog/build/libs/blog-0.0.1-SNAPSHOT.jar/!BOOT-INF/lib/spring-boot-4.1.1.jar!/
[0.203s][info][class,load] org.springframework.boot.support.SpringFactoriesEnvironmentPostProcessorsFactory$Adapter source: jar:nested:/Users/kibong_home/Desktop/development/blog/build/libs/blog-0.0.1-SNAPSHOT.jar/!BOOT-INF/lib/spring-boot-4.1.1.jar!/
[0.203s][info][class,load] org.springframework.boot.support.SpringFactoriesEnvironmentPostProcessorsFactory$$Lambda/0x00000f00010dc6d0 source: org.springframework.boot.support.SpringFactoriesEnvironmentPostProcessorsFactory
[0.203s][info][class,load] org.springframework.boot.support.SpringFactoriesEnvironmentPostProcessorsFactory$$Lambda/0x00000f00010dc918 source: org.springframework.boot.support.SpringFactoriesEnvironmentPostProcessorsFactory
[0.203s][info][class,load] org.springframework.aot.AotDetector source: jar:nested:/Users/kibong_home/Desktop/development/blog/build/libs/blog-0.0.1-SNAPSHOT.jar/!BOOT-INF/lib/spring-core-7.0.9.jar!/
[0.203s][info][class,load] org.springframework.core.NativeDetector$Context source: jar:nested:/Users/kibong_home/Desktop/development/blog/build/libs/blog-0.0.1-SNAPSHOT.jar/!BOOT-INF/lib/spring-core-7.0.9.jar!/
[0.203s][info][class,load] org.springframework.boot.env.RandomValuePropertySource source: jar:nested:/Users/kibong_home/Desktop/development/blog/build/libs/blog-0.0.1-SNAPSHOT.jar/!BOOT-INF/lib/spring-boot-4.1.1.jar!/
[0.203s][info][class,load] java.security.SecureRandom source: jrt:/java.base
[0.203s][info][class,load] sun.security.jca.Providers source: jrt:/java.base
[0.203s][info][class,load] sun.security.jca.ProviderList source: jrt:/java.base
[0.203s][info][class,load] sun.security.jca.ProviderConfig source: jrt:/java.base
[0.204s][info][class,load] java.security.Provider source: jrt:/java.base
[0.204s][info][class,load] sun.security.jca.ProviderList$2 source: jrt:/java.base
[0.204s][info][class,load] sun.security.jca.ProviderList$1 source: jrt:/java.base
[0.204s][info][class,load] java.security.Provider$ServiceKey source: jrt:/java.base
[0.204s][info][class,load] java.security.Provider$$Lambda/0x00000f000103f0c8 source: java.security.Provider
[0.204s][info][class,load] java.security.Provider$EngineDescription source: jrt:/java.base
[0.204s][info][class,load] java.security.SecureRandomParameters source: jrt:/java.base
[0.204s][info][class,load] java.security.cert.CertStoreParameters source: jrt:/java.base
[0.204s][info][class,load] javax.crypto.KDFParameters source: jrt:/java.base
[0.204s][info][class,load] java.security.Policy$Parameters source: jrt:/java.base
[0.204s][info][class,load] javax.security.auth.login.Configuration$Parameters source: jrt:/java.base
[0.204s][info][class,load] jdk.internal.math.FloatingDecimal source: jrt:/java.base
[0.204s][info][class,load] jdk.internal.math.FloatingDecimal$BinaryToASCIIConverter source: jrt:/java.base
[0.204s][info][class,load] jdk.internal.math.FloatingDecimal$ExceptionalBinaryToASCIIBuffer source: jrt:/java.base
[0.204s][info][class,load] jdk.internal.math.FloatingDecimal$BinaryToASCIIBuffer source: jrt:/java.base
[0.204s][info][class,load] jdk.internal.math.FloatingDecimal$1 source: jrt:/java.base
[0.204s][info][class,load] jdk.internal.math.FloatingDecimal$ASCIIToBinaryConverter source: jrt:/java.base
[0.204s][info][class,load] jdk.internal.math.FloatingDecimal$PreparedASCIIToBinaryBuffer source: jrt:/java.base
[0.204s][info][class,load] jdk.internal.math.MathUtils source: shared objects file
[0.204s][info][class,load] jdk.internal.math.FloatingDecimal$ASCIIToBinaryBuffer source: jrt:/java.base
[0.204s][info][class,load] java.security.Security source: shared objects file
[0.204s][info][class,load] java.security.Security$1 source: shared objects file
[0.204s][info][class,load] java.security.Security$SecPropLoader source: shared objects file
[0.204s][info][class,load] java.security.Security$SecPropLoader$LoadingMode source: shared objects file
[0.204s][info][class,load] java.nio.channels.Channels source: shared objects file
[0.204s][info][class,load] sun.nio.ch.Streams source: shared objects file
[0.205s][info][class,load] java.nio.channels.SelectableChannel source: shared objects file
[0.205s][info][class,load] java.nio.channels.spi.AbstractSelectableChannel source: shared objects file
[0.205s][info][class,load] java.nio.channels.NetworkChannel source: shared objects file
[0.205s][info][class,load] java.nio.channels.SocketChannel source: shared objects file
[0.205s][info][class,load] sun.nio.ch.SelChImpl source: shared objects file
[0.205s][info][class,load] sun.nio.ch.SocketChannelImpl source: shared objects file
[0.205s][info][class,load] sun.nio.ch.ChannelInputStream source: shared objects file
[0.205s][info][class,load] sun.nio.ch.Util source: shared objects file
[0.205s][info][class,load] sun.nio.ch.Util$1 source: shared objects file
[0.205s][info][class,load] sun.nio.ch.Util$BufferCache source: shared objects file
[0.205s][info][class,load] jdk.internal.access.JavaSecurityPropertiesAccess source: shared objects file
[0.205s][info][class,load] java.security.Security$2 source: shared objects file
[0.205s][info][class,load] java.util.AbstractList$Itr source: jrt:/java.base
[0.206s][info][class,load] sun.security.provider.Sun source: jrt:/java.base
[0.206s][info][class,load] sun.security.util.SecurityConstants source: jrt:/java.base
[0.206s][info][class,load] java.security.AllPermission source: jrt:/java.base
[0.206s][info][class,load] sun.security.provider.SunEntries source: jrt:/java.base
[0.206s][info][class,load] java.security.SecureRandomSpi source: jrt:/java.base
[0.206s][info][class,load] sun.security.provider.NativePRNG source: jrt:/java.base
[0.206s][info][class,load] sun.security.provider.NativePRNG$Variant source: jrt:/java.base
[0.206s][info][class,load] sun.security.provider.NativePRNG$RandomIO source: jrt:/java.base
[0.206s][info][class,load] sun.security.provider.FileInputStreamPool source: jrt:/java.base
[0.206s][info][class,load] sun.security.provider.FileInputStreamPool$UnclosableInputStream source: jrt:/java.base
[0.206s][info][class,load] sun.security.provider.FileInputStreamPool$StreamRef source: jrt:/java.base
[0.206s][info][class,load] java.security.Provider$Service source: jrt:/java.base
[0.206s][info][class,load] java.security.Provider$UString source: jrt:/java.base
[0.206s][info][class,load] sun.security.provider.NativePRNG$Blocking source: jrt:/java.base
[0.206s][info][class,load] sun.security.provider.NativePRNG$NonBlocking source: jrt:/java.base
[0.206s][info][class,load] sun.security.util.SecurityProviderConstants source: jrt:/java.base
[0.206s][info][class,load] sun.security.util.KnownOIDs source: jrt:/java.base
[0.208s][info][class,load] jdk.internal.event.Event source: jrt:/java.base
[0.208s][info][class,load] jdk.internal.event.SecurityProviderServiceEvent source: jrt:/java.base
[0.208s][info][class,load] org.springframework.boot.logging.DeferredLog$Line source: jar:nested:/Users/kibong_home/Desktop/development/blog/build/libs/blog-0.0.1-SNAPSHOT.jar/!BOOT-INF/lib/spring-boot-4.1.1.jar!/
[0.208s][info][class,load] org.springframework.boot.origin.Origin source: jar:nested:/Users/kibong_home/Desktop/development/blog/build/libs/blog-0.0.1-SNAPSHOT.jar/!BOOT-INF/lib/spring-boot-4.1.1.jar!/
[0.208s][info][class,load] org.springframework.boot.cloud.CloudPlatform source: jar:nested:/Users/kibong_home/Desktop/development/blog/build/libs/blog-0.0.1-SNAPSHOT.jar/!BOOT-INF/lib/spring-boot-4.1.1.jar!/
[0.208s][info][class,load] org.springframework.boot.cloud.CloudPlatform$1 source: jar:nested:/Users/kibong_home/Desktop/development/blog/build/libs/blog-0.0.1-SNAPSHOT.jar/!BOOT-INF/lib/spring-boot-4.1.1.jar!/
[0.209s][info][class,load] org.springframework.boot.cloud.CloudPlatform$2 source: jar:nested:/Users/kibong_home/Desktop/development/blog/build/libs/blog-0.0.1-SNAPSHOT.jar/!BOOT-INF/lib/spring-boot-4.1.1.jar!/
[0.209s][info][class,load] org.springframework.boot.cloud.CloudPlatform$3 source: jar:nested:/Users/kibong_home/Desktop/development/blog/build/libs/blog-0.0.1-SNAPSHOT.jar/!BOOT-INF/lib/spring-boot-4.1.1.jar!/
[0.209s][info][class,load] org.springframework.boot.cloud.CloudPlatform$4 source: jar:nested:/Users/kibong_home/Desktop/development/blog/build/libs/blog-0.0.1-SNAPSHOT.jar/!BOOT-INF/lib/spring-boot-4.1.1.jar!/
[0.209s][info][class,load] org.springframework.boot.cloud.CloudPlatform$5 source: jar:nested:/Users/kibong_home/Desktop/development/blog/build/libs/blog-0.0.1-SNAPSHOT.jar/!BOOT-INF/lib/spring-boot-4.1.1.jar!/
[0.209s][info][class,load] org.springframework.boot.cloud.CloudPlatform$6 source: jar:nested:/Users/kibong_home/Desktop/development/blog/build/libs/blog-0.0.1-SNAPSHOT.jar/!BOOT-INF/lib/spring-boot-4.1.1.jar!/
[0.209s][info][class,load] org.springframework.boot.cloud.CloudPlatform$7 source: jar:nested:/Users/kibong_home/Desktop/development/blog/build/libs/blog-0.0.1-SNAPSHOT.jar/!BOOT-INF/lib/spring-boot-4.1.1.jar!/
[0.209s][info][class,load] org.springframework.boot.cloud.CloudPlatform$8 source: jar:nested:/Users/kibong_home/Desktop/development/blog/build/libs/blog-0.0.1-SNAPSHOT.jar/!BOOT-INF/lib/spring-boot-4.1.1.jar!/
[0.209s][info][class,load] org.springframework.boot.context.properties.source.SpringConfigurationPropertySources$SourcesIterator source: jar:nested:/Users/kibong_home/Desktop/development/blog/build/libs/blog-0.0.1-SNAPSHOT.jar/!BOOT-INF/lib/spring-boot-4.1.1.jar!/
[0.209s][info][class,load] org.springframework.boot.context.properties.source.SpringConfigurationPropertySources$$Lambda/0x00000f00010df2c0 source: org.springframework.boot.context.properties.source.SpringConfigurationPropertySources
[0.209s][info][class,load] org.springframework.boot.context.properties.source.SpringConfigurationPropertySource source: jar:nested:/Users/kibong_home/Desktop/development/blog/build/libs/blog-0.0.1-SNAPSHOT.jar/!BOOT-INF/lib/spring-boot-4.1.1.jar!/
[0.210s][info][class,load] org.springframework.boot.context.properties.source.IterableConfigurationPropertySource source: jar:nested:/Users/kibong_home/Desktop/development/blog/build/libs/blog-0.0.1-SNAPSHOT.jar/!BOOT-INF/lib/spring-boot-4.1.1.jar!/
[0.210s][info][class,load] org.springframework.boot.context.properties.source.CachingConfigurationPropertySource source: jar:nested:/Users/kibong_home/Desktop/development/blog/build/libs/blog-0.0.1-SNAPSHOT.jar/!BOOT-INF/lib/spring-boot-4.1.1.jar!/
[0.210s][info][class,load] org.springframework.boot.context.properties.source.SpringIterableConfigurationPropertySource source: jar:nested:/Users/kibong_home/Desktop/development/blog/build/libs/blog-0.0.1-SNAPSHOT.jar/!BOOT-INF/lib/spring-boot-4.1.1.jar!/
[0.210s][info][class,load] org.springframework.boot.context.properties.source.PropertyMapper source: jar:nested:/Users/kibong_home/Desktop/development/blog/build/libs/blog-0.0.1-SNAPSHOT.jar/!BOOT-INF/lib/spring-boot-4.1.1.jar!/
[0.210s][info][class,load] org.springframework.boot.context.properties.source.DefaultPropertyMapper source: jar:nested:/Users/kibong_home/Desktop/development/blog/build/libs/blog-0.0.1-SNAPSHOT.jar/!BOOT-INF/lib/spring-boot-4.1.1.jar!/
[0.210s][info][class,load] java.util.function.BiPredicate source: shared objects file
[0.210s][info][class,load] org.springframework.boot.context.properties.source.PropertyMapper$$Lambda/0x00000f00010da650 source: org.springframework.boot.context.properties.source.PropertyMapper
[0.210s][info][class,load] org.springframework.boot.context.properties.source.SystemEnvironmentPropertyMapper source: jar:nested:/Users/kibong_home/Desktop/development/blog/build/libs/blog-0.0.1-SNAPSHOT.jar/!BOOT-INF/lib/spring-boot-4.1.1.jar!/
[0.210s][info][class,load] org.springframework.boot.context.properties.source.ConfigurationPropertyCaching source: jar:nested:/Users/kibong_home/Desktop/development/blog/build/libs/blog-0.0.1-SNAPSHOT.jar/!BOOT-INF/lib/spring-boot-4.1.1.jar!/
[0.210s][info][class,load] org.springframework.boot.context.properties.source.SoftReferenceConfigurationPropertyCache source: jar:nested:/Users/kibong_home/Desktop/development/blog/build/libs/blog-0.0.1-SNAPSHOT.jar/!BOOT-INF/lib/spring-boot-4.1.1.jar!/
[0.211s][info][class,load] org.springframework.boot.context.properties.source.ConfigurationPropertyCaching$CacheOverride source: jar:nested:/Users/kibong_home/Desktop/development/blog/build/libs/blog-0.0.1-SNAPSHOT.jar/!BOOT-INF/lib/spring-boot-4.1.1.jar!/
[0.211s][info][class,load] java.lang.invoke.LambdaForm$DMH/0x00000f00010d8c00 source: __JVM_LookupDefineClass__
[0.211s][info][class,load] org.springframework.boot.context.properties.source.SoftReferenceConfigurationPropertyCache$$Lambda/0x00000f00010db198 source: org.springframework.boot.context.properties.source.SoftReferenceConfigurationPropertyCache
[0.211s][info][class,load] java.time.InstantSource source: shared objects file
[0.211s][info][class,load] java.time.Clock source: shared objects file
[0.211s][info][class,load] org.springframework.boot.context.properties.source.DefaultPropertyMapper$LastMapping source: jar:nested:/Users/kibong_home/Desktop/development/blog/build/libs/blog-0.0.1-SNAPSHOT.jar/!BOOT-INF/lib/spring-boot-4.1.1.jar!/
[0.211s][info][class,load] org.springframework.boot.context.properties.source.SpringIterableConfigurationPropertySource$Cache source: jar:nested:/Users/kibong_home/Desktop/development/blog/build/libs/blog-0.0.1-SNAPSHOT.jar/!BOOT-INF/lib/spring-boot-4.1.1.jar!/
[0.211s][info][class,load] org.springframework.boot.context.properties.source.SpringIterableConfigurationPropertySource$$Lambda/0x00000f00010db840 source: org.springframework.boot.context.properties.source.SpringIterableConfigurationPropertySource
[0.211s][info][class,load] java.util.function.UnaryOperator source: jrt:/java.base
[0.211s][info][class,load] org.springframework.boot.context.properties.source.SpringIterableConfigurationPropertySource$$Lambda/0x00000f00010dba70 source: org.springframework.boot.context.properties.source.SpringIterableConfigurationPropertySource
[0.212s][info][class,load] org.springframework.core.env.PropertiesPropertySource$$Lambda/0x00000f00010d9000 source: org.springframework.core.env.PropertiesPropertySource
[0.212s][info][class,load] org.springframework.core.env.PropertiesPropertySource$$Lambda/0x00000f00010d9258 source: org.springframework.core.env.PropertiesPropertySource
[0.212s][info][class,load] org.springframework.boot.context.properties.source.SpringIterableConfigurationPropertySource$Cache$$Lambda/0x00000f00010d9480 source: org.springframework.boot.context.properties.source.SpringIterableConfigurationPropertySource
[0.212s][info][class,load] org.springframework.boot.context.properties.source.ConfigurationPropertyName$Form source: jar:nested:/Users/kibong_home/Desktop/development/blog/build/libs/blog-0.0.1-SNAPSHOT.jar/!BOOT-INF/lib/spring-boot-4.1.1.jar!/
[0.212s][info][class,load] org.springframework.boot.context.properties.source.SpringIterableConfigurationPropertySource$Cache$Data source: jar:nested:/Users/kibong_home/Desktop/development/blog/build/libs/blog-0.0.1-SNAPSHOT.jar/!BOOT-INF/lib/spring-boot-4.1.1.jar!/
[0.213s][info][class,load] org.springframework.boot.context.properties.source.SystemEnvironmentPropertyMapper$$Lambda/0x00000f00010d9d30 source: org.springframework.boot.context.properties.source.SystemEnvironmentPropertyMapper
[0.213s][info][class,load] java.lang.invoke.LambdaForm$DMH/0x00000f0001100000 source: __JVM_LookupDefineClass__
[0.213s][info][class,load] java.util.function.BiPredicate$$Lambda/0x00000f00010e5260 source: java.util.function.BiPredicate
[0.213s][info][class,load] org.springframework.boot.context.properties.source.ConfigurationPropertyName$$Lambda/0x00000f0001104000 source: org.springframework.boot.context.properties.source.ConfigurationPropertyName
[0.213s][info][class,load] org.springframework.boot.context.properties.source.ConfigurationPropertyName$ElementCharPredicate source: jar:nested:/Users/kibong_home/Desktop/development/blog/build/libs/blog-0.0.1-SNAPSHOT.jar/!BOOT-INF/lib/spring-boot-4.1.1.jar!/
[0.213s][info][class,load] org.springframework.boot.context.properties.source.ConfigurationPropertyName$$Lambda/0x00000f0001104438 source: org.springframework.boot.context.properties.source.ConfigurationPropertyName
[0.213s][info][class,load] org.springframework.boot.context.properties.source.ConfigurationPropertyName$$Lambda/0x00000f0001104660 source: org.springframework.boot.context.properties.source.ConfigurationPropertyName
[0.213s][info][class,load] java.lang.ProcessEnvironment$StringKeySet source: jrt:/java.base
[0.213s][info][class,load] java.lang.ProcessEnvironment$StringKeySet$1 source: jrt:/java.base
[0.213s][info][class,load] org.springframework.boot.context.properties.source.SystemEnvironmentPropertyMapper$$Lambda/0x00000f0001104890 source: org.springframework.boot.context.properties.source.SystemEnvironmentPropertyMapper
[0.213s][info][class,load] java.util.Spliterator$OfPrimitive source: jrt:/java.base
[0.214s][info][class,load] java.util.Spliterator$OfInt source: jrt:/java.base
[0.214s][info][class,load] java.lang.StringLatin1$CharsSpliterator source: jrt:/java.base
[0.214s][info][class,load] java.util.stream.IntPipeline$Head source: jrt:/java.base
[0.214s][info][class,load] java.util.function.IntPredicate source: shared objects file
[0.214s][info][class,load] org.springframework.boot.context.properties.source.SystemEnvironmentPropertyMapper$$Lambda/0x00000f0001104ae0 source: org.springframework.boot.context.properties.source.SystemEnvironmentPropertyMapper
[0.214s][info][class,load] java.util.stream.MatchOps$$Lambda/0x00000f00010e67f8 source: java.util.stream.MatchOps
[0.214s][info][class,load] java.util.stream.MatchOps$2MatchSink source: jrt:/java.base
[0.215s][info][class,load] org.springframework.boot.support.SpringApplicationJsonEnvironmentPostProcessor$JsonPropertyValue source: jar:nested:/Users/kibong_home/Desktop/development/blog/build/libs/blog-0.0.1-SNAPSHOT.jar/!BOOT-INF/lib/spring-boot-4.1.1.jar!/
[0.215s][info][class,load] org.springframework.boot.support.SpringApplicationJsonEnvironmentPostProcessor$$Lambda/0x00000f0001104f60 source: org.springframework.boot.support.SpringApplicationJsonEnvironmentPostProcessor
[0.215s][info][class,load] org.springframework.boot.support.SpringApplicationJsonEnvironmentPostProcessor$$Lambda/0x00000f00011051a8 source: org.springframework.boot.support.SpringApplicationJsonEnvironmentPostProcessor
[0.215s][info][class,load] org.springframework.boot.support.SpringApplicationJsonEnvironmentPostProcessor$$Lambda/0x00000f0001105400 source: org.springframework.boot.support.SpringApplicationJsonEnvironmentPostProcessor
[0.215s][info][class,load] org.springframework.core.io.DefaultResourceLoader source: jar:nested:/Users/kibong_home/Desktop/development/blog/build/libs/blog-0.0.1-SNAPSHOT.jar/!BOOT-INF/lib/spring-core-7.0.9.jar!/
[0.215s][info][class,load] org.springframework.core.io.WritableResource source: jar:nested:/Users/kibong_home/Desktop/development/blog/build/libs/blog-0.0.1-SNAPSHOT.jar/!BOOT-INF/lib/spring-core-7.0.9.jar!/
[0.215s][info][class,load] org.springframework.core.io.FileUrlResource source: jar:nested:/Users/kibong_home/Desktop/development/blog/build/libs/blog-0.0.1-SNAPSHOT.jar/!BOOT-INF/lib/spring-core-7.0.9.jar!/
[0.215s][info][class,load] org.springframework.boot.context.config.ConfigDataEnvironment source: jar:nested:/Users/kibong_home/Desktop/development/blog/build/libs/blog-0.0.1-SNAPSHOT.jar/!BOOT-INF/lib/spring-boot-4.1.1.jar!/
[0.216s][info][class,load] org.springframework.boot.origin.OriginProvider source: jar:nested:/Users/kibong_home/Desktop/development/blog/build/libs/blog-0.0.1-SNAPSHOT.jar/!BOOT-INF/lib/spring-boot-4.1.1.jar!/
[0.216s][info][class,load] org.springframework.boot.context.properties.bind.BindException source: jar:nested:/Users/kibong_home/Desktop/development/blog/build/libs/blog-0.0.1-SNAPSHOT.jar/!BOOT-INF/lib/spring-boot-4.1.1.jar!/
[0.216s][info][class,load] org.springframework.boot.context.config.ConfigDataException source: jar:nested:/Users/kibong_home/Desktop/development/blog/build/libs/blog-0.0.1-SNAPSHOT.jar/!BOOT-INF/lib/spring-boot-4.1.1.jar!/
[0.216s][info][class,load] org.springframework.boot.context.config.InactiveConfigDataAccessException source: jar:nested:/Users/kibong_home/Desktop/development/blog/build/libs/blog-0.0.1-SNAPSHOT.jar/!BOOT-INF/lib/spring-boot-4.1.1.jar!/
[0.216s][info][class,load] org.springframework.boot.context.properties.bind.PlaceholdersResolver source: jar:nested:/Users/kibong_home/Desktop/development/blog/build/libs/blog-0.0.1-SNAPSHOT.jar/!BOOT-INF/lib/spring-boot-4.1.1.jar!/
[0.216s][info][class,load] org.springframework.boot.context.properties.bind.BindHandler source: jar:nested:/Users/kibong_home/Desktop/development/blog/build/libs/blog-0.0.1-SNAPSHOT.jar/!BOOT-INF/lib/spring-boot-4.1.1.jar!/
[0.216s][info][class,load] org.springframework.boot.context.config.ConfigDataNotFoundException source: jar:nested:/Users/kibong_home/Desktop/development/blog/build/libs/blog-0.0.1-SNAPSHOT.jar/!BOOT-INF/lib/spring-boot-4.1.1.jar!/
[0.216s][info][class,load] org.springframework.boot.context.config.ConfigDataLocationNotFoundException source: jar:nested:/Users/kibong_home/Desktop/development/blog/build/libs/blog-0.0.1-SNAPSHOT.jar/!BOOT-INF/lib/spring-boot-4.1.1.jar!/
[0.216s][info][class,load] org.springframework.boot.context.config.ConfigDataLocation source: jar:nested:/Users/kibong_home/Desktop/development/blog/build/libs/blog-0.0.1-SNAPSHOT.jar/!BOOT-INF/lib/spring-boot-4.1.1.jar!/
[0.216s][info][class,load] org.springframework.boot.context.config.ConfigDataEnvironmentContributors$BinderOption source: jar:nested:/Users/kibong_home/Desktop/development/blog/build/libs/blog-0.0.1-SNAPSHOT.jar/!BOOT-INF/lib/spring-boot-4.1.1.jar!/
[0.216s][info][class,load] org.springframework.boot.context.properties.bind.Binder source: jar:nested:/Users/kibong_home/Desktop/development/blog/build/libs/blog-0.0.1-SNAPSHOT.jar/!BOOT-INF/lib/spring-boot-4.1.1.jar!/
[0.217s][info][class,load] org.springframework.boot.context.properties.bind.BindContext source: jar:nested:/Users/kibong_home/Desktop/development/blog/build/libs/blog-0.0.1-SNAPSHOT.jar/!BOOT-INF/lib/spring-boot-4.1.1.jar!/
[0.217s][info][class,load] org.springframework.boot.context.properties.bind.AggregateBinder source: jar:nested:/Users/kibong_home/Desktop/development/blog/build/libs/blog-0.0.1-SNAPSHOT.jar/!BOOT-INF/lib/spring-boot-4.1.1.jar!/
[0.217s][info][class,load] org.springframework.boot.context.properties.bind.MapBinder source: jar:nested:/Users/kibong_home/Desktop/development/blog/build/libs/blog-0.0.1-SNAPSHOT.jar/!BOOT-INF/lib/spring-boot-4.1.1.jar!/
[0.217s][info][class,load] org.springframework.boot.context.properties.bind.IndexedElementsBinder source: jar:nested:/Users/kibong_home/Desktop/development/blog/build/libs/blog-0.0.1-SNAPSHOT.jar/!BOOT-INF/lib/spring-boot-4.1.1.jar!/
[0.217s][info][class,load] org.springframework.boot.context.properties.bind.CollectionBinder source: jar:nested:/Users/kibong_home/Desktop/development/blog/build/libs/blog-0.0.1-SNAPSHOT.jar/!BOOT-INF/lib/spring-boot-4.1.1.jar!/
[0.217s][info][class,load] org.springframework.boot.context.properties.bind.ArrayBinder source: jar:nested:/Users/kibong_home/Desktop/development/blog/build/libs/blog-0.0.1-SNAPSHOT.jar/!BOOT-INF/lib/spring-boot-4.1.1.jar!/
[0.217s][info][class,load] org.springframework.boot.context.properties.bind.PropertySourcesPlaceholdersResolver source: jar:nested:/Users/kibong_home/Desktop/development/blog/build/libs/blog-0.0.1-SNAPSHOT.jar/!BOOT-INF/lib/spring-boot-4.1.1.jar!/
[0.217s][info][class,load] org.springframework.boot.context.properties.source.ConfigurationPropertySourcesCaching source: jar:nested:/Users/kibong_home/Desktop/development/blog/build/libs/blog-0.0.1-SNAPSHOT.jar/!BOOT-INF/lib/spring-boot-4.1.1.jar!/
[0.217s][info][class,load] org.springframework.boot.context.properties.bind.BindConverter source: jar:nested:/Users/kibong_home/Desktop/development/blog/build/libs/blog-0.0.1-SNAPSHOT.jar/!BOOT-INF/lib/spring-boot-4.1.1.jar!/
[0.217s][info][class,load] org.springframework.boot.context.properties.bind.BindConverter$ResolvableTypeDescriptor source: jar:nested:/Users/kibong_home/Desktop/development/blog/build/libs/blog-0.0.1-SNAPSHOT.jar/!BOOT-INF/lib/spring-boot-4.1.1.jar!/
[0.217s][info][class,load] org.springframework.boot.context.properties.bind.BindConverter$TypeConverterConversionService source: jar:nested:/Users/kibong_home/Desktop/development/blog/build/libs/blog-0.0.1-SNAPSHOT.jar/!BOOT-INF/lib/spring-boot-4.1.1.jar!/
[0.218s][info][class,load] org.springframework.boot.context.properties.bind.BindConverter$TypeConverterConverter source: jar:nested:/Users/kibong_home/Desktop/development/blog/build/libs/blog-0.0.1-SNAPSHOT.jar/!BOOT-INF/lib/spring-boot-4.1.1.jar!/
[0.218s][info][class,load] java.beans.PropertyEditor source: jrt:/java.desktop
[0.218s][info][class,load] java.beans.PropertyEditorSupport source: jrt:/java.desktop
[0.218s][info][class,load] org.springframework.beans.propertyeditors.CustomNumberEditor source: jar:nested:/Users/kibong_home/Desktop/development/blog/build/libs/blog-0.0.1-SNAPSHOT.jar/!BOOT-INF/lib/spring-beans-7.0.9.jar!/
[0.218s][info][class,load] org.springframework.beans.propertyeditors.CustomBooleanEditor source: jar:nested:/Users/kibong_home/Desktop/development/blog/build/libs/blog-0.0.1-SNAPSHOT.jar/!BOOT-INF/lib/spring-beans-7.0.9.jar!/
[0.218s][info][class,load] org.springframework.beans.propertyeditors.FileEditor source: jar:nested:/Users/kibong_home/Desktop/development/blog/build/libs/blog-0.0.1-SNAPSHOT.jar/!BOOT-INF/lib/spring-beans-7.0.9.jar!/
[0.218s][info][class,load] org.springframework.beans.TypeConverter source: jar:nested:/Users/kibong_home/Desktop/development/blog/build/libs/blog-0.0.1-SNAPSHOT.jar/!BOOT-INF/lib/spring-beans-7.0.9.jar!/
[0.218s][info][class,load] org.springframework.beans.PropertyEditorRegistry source: jar:nested:/Users/kibong_home/Desktop/development/blog/build/libs/blog-0.0.1-SNAPSHOT.jar/!BOOT-INF/lib/spring-beans-7.0.9.jar!/
[0.218s][info][class,load] org.springframework.beans.PropertyEditorRegistrySupport source: jar:nested:/Users/kibong_home/Desktop/development/blog/build/libs/blog-0.0.1-SNAPSHOT.jar/!BOOT-INF/lib/spring-beans-7.0.9.jar!/
[0.218s][info][class,load] org.springframework.beans.TypeConverterSupport source: jar:nested:/Users/kibong_home/Desktop/development/blog/build/libs/blog-0.0.1-SNAPSHOT.jar/!BOOT-INF/lib/spring-beans-7.0.9.jar!/
[0.218s][info][class,load] org.springframework.beans.SimpleTypeConverter source: jar:nested:/Users/kibong_home/Desktop/development/blog/build/libs/blog-0.0.1-SNAPSHOT.jar/!BOOT-INF/lib/spring-beans-7.0.9.jar!/
[0.218s][info][class,load] org.springframework.beans.PropertyAccessException source: jar:nested:/Users/kibong_home/Desktop/development/blog/build/libs/blog-0.0.1-SNAPSHOT.jar/!BOOT-INF/lib/spring-beans-7.0.9.jar!/
[0.219s][info][class,load] org.springframework.beans.TypeMismatchException source: jar:nested:/Users/kibong_home/Desktop/development/blog/build/libs/blog-0.0.1-SNAPSHOT.jar/!BOOT-INF/lib/spring-beans-7.0.9.jar!/
[0.219s][info][class,load] org.springframework.beans.ConversionNotSupportedException source: jar:nested:/Users/kibong_home/Desktop/development/blog/build/libs/blog-0.0.1-SNAPSHOT.jar/!BOOT-INF/lib/spring-beans-7.0.9.jar!/
[0.219s][info][class,load] org.springframework.beans.TypeConverterDelegate source: jar:nested:/Users/kibong_home/Desktop/development/blog/build/libs/blog-0.0.1-SNAPSHOT.jar/!BOOT-INF/lib/spring-beans-7.0.9.jar!/
[0.220s][info][class,load] java.util.Collections$UnmodifiableList source: shared objects file
[0.220s][info][class,load] java.util.Collections$UnmodifiableRandomAccessList source: shared objects file
[0.220s][info][class,load] org.springframework.boot.context.properties.bind.BindHandler$1 source: jar:nested:/Users/kibong_home/Desktop/development/blog/build/libs/blog-0.0.1-SNAPSHOT.jar/!BOOT-INF/lib/spring-boot-4.1.1.jar!/
[0.220s][info][class,load] org.springframework.boot.context.properties.bind.BindConstructorProvider source: jar:nested:/Users/kibong_home/Desktop/development/blog/build/libs/blog-0.0.1-SNAPSHOT.jar/!BOOT-INF/lib/spring-boot-4.1.1.jar!/
[0.220s][info][class,load] org.springframework.boot.context.properties.bind.DefaultBindConstructorProvider source: jar:nested:/Users/kibong_home/Desktop/development/blog/build/libs/blog-0.0.1-SNAPSHOT.jar/!BOOT-INF/lib/spring-boot-4.1.1.jar!/
[0.220s][info][class,load] org.springframework.boot.context.properties.bind.DataObjectBinder source: jar:nested:/Users/kibong_home/Desktop/development/blog/build/libs/blog-0.0.1-SNAPSHOT.jar/!BOOT-INF/lib/spring-boot-4.1.1.jar!/
[0.220s][info][class,load] org.springframework.boot.context.properties.bind.ValueObjectBinder source: jar:nested:/Users/kibong_home/Desktop/development/blog/build/libs/blog-0.0.1-SNAPSHOT.jar/!BOOT-INF/lib/spring-boot-4.1.1.jar!/
[0.220s][info][class,load] org.springframework.boot.context.properties.bind.JavaBeanBinder source: jar:nested:/Users/kibong_home/Desktop/development/blog/build/libs/blog-0.0.1-SNAPSHOT.jar/!BOOT-INF/lib/spring-boot-4.1.1.jar!/
[0.220s][info][class,load] org.springframework.boot.context.properties.bind.BindMethod source: jar:nested:/Users/kibong_home/Desktop/development/blog/build/libs/blog-0.0.1-SNAPSHOT.jar/!BOOT-INF/lib/spring-boot-4.1.1.jar!/
[0.220s][info][class,load] org.springframework.boot.context.config.ConfigDataNotFoundAction source: jar:nested:/Users/kibong_home/Desktop/development/blog/build/libs/blog-0.0.1-SNAPSHOT.jar/!BOOT-INF/lib/spring-boot-4.1.1.jar!/
[0.220s][info][class,load] org.springframework.boot.context.properties.bind.Binder$Context source: jar:nested:/Users/kibong_home/Desktop/development/blog/build/libs/blog-0.0.1-SNAPSHOT.jar/!BOOT-INF/lib/spring-boot-4.1.1.jar!/
[0.220s][info][class,load] org.springframework.boot.context.properties.source.ConfigurationPropertySourcesCaching$CacheOverrides source: jar:nested:/Users/kibong_home/Desktop/development/blog/build/libs/blog-0.0.1-SNAPSHOT.jar/!BOOT-INF/lib/spring-boot-4.1.1.jar!/
[0.221s][info][class,load] org.springframework.boot.context.properties.source.ConfigurationPropertySourcesCaching$$Lambda/0x00000f000110a628 source: org.springframework.boot.context.properties.source.ConfigurationPropertySourcesCaching
[0.221s][info][class,load] org.springframework.boot.context.properties.source.SoftReferenceConfigurationPropertyCache$ActiveCacheOverride source: jar:nested:/Users/kibong_home/Desktop/development/blog/build/libs/blog-0.0.1-SNAPSHOT.jar/!BOOT-INF/lib/spring-boot-4.1.1.jar!/
[0.221s][info][class,load] org.springframework.boot.context.properties.source.ConfigurationPropertyState source: jar:nested:/Users/kibong_home/Desktop/development/blog/build/libs/blog-0.0.1-SNAPSHOT.jar/!BOOT-INF/lib/spring-boot-4.1.1.jar!/
[0.221s][info][class,load] org.springframework.boot.context.properties.source.ConfigurationPropertyName$$Lambda/0x00000f000110af00 source: org.springframework.boot.context.properties.source.ConfigurationPropertyName
[0.221s][info][class,load] org.springframework.boot.context.properties.bind.DataObjectPropertyBinder source: jar:nested:/Users/kibong_home/Desktop/development/blog/build/libs/blog-0.0.1-SNAPSHOT.jar/!BOOT-INF/lib/spring-boot-4.1.1.jar!/
[0.221s][info][class,load] org.springframework.boot.context.properties.bind.Binder$$Lambda/0x00000f000110b338 source: org.springframework.boot.context.properties.bind.Binder
[0.221s][info][class,load] java.lang.invoke.LambdaForm$DMH/0x00000f000110c000 source: __JVM_LookupDefineClass__
[0.221s][info][class,load] org.springframework.boot.context.properties.bind.Binder$$Lambda/0x00000f000110b568 source: org.springframework.boot.context.properties.bind.Binder
[0.222s][info][class,load] java.lang.invoke.LambdaForm$DMH/0x00000f000110c400 source: __JVM_LookupDefineClass__
[0.222s][info][class,load] java.lang.invoke.LambdaForm$DMH/0x00000f000110c800 source: __JVM_LookupDefineClass__
[0.222s][info][class,load] java.lang.invoke.LambdaForm$MH/0x00000f000110cc00 source: __JVM_LookupDefineClass__
[0.222s][info][class,load] java.lang.invoke.LambdaForm$DMH/0x00000f000110d000 source: __JVM_LookupDefineClass__
[0.222s][info][class,load] org.springframework.boot.context.properties.bind.Binder$$Lambda/0x00000f000110b798 source: org.springframework.boot.context.properties.bind.Binder
[0.222s][info][class,load] java.lang.invoke.LambdaForm$DMH/0x00000f000110d400 source: __JVM_LookupDefineClass__
[0.222s][info][class,load] java.lang.invoke.LambdaForm$DMH/0x00000f000110d800 source: __JVM_LookupDefineClass__
[0.222s][info][class,load] java.lang.invoke.LambdaForm$MH/0x00000f000110dc00 source: __JVM_LookupDefineClass__
[0.222s][info][class,load] org.springframework.core.ParameterNameDiscoverer source: jar:nested:/Users/kibong_home/Desktop/development/blog/build/libs/blog-0.0.1-SNAPSHOT.jar/!BOOT-INF/lib/spring-core-7.0.9.jar!/
[0.222s][info][class,load] org.springframework.boot.context.properties.bind.ValueObjectBinder$Discoverer source: jar:nested:/Users/kibong_home/Desktop/development/blog/build/libs/blog-0.0.1-SNAPSHOT.jar/!BOOT-INF/lib/spring-boot-4.1.1.jar!/
[0.222s][info][class,load] org.springframework.core.PrioritizedParameterNameDiscoverer source: jar:nested:/Users/kibong_home/Desktop/development/blog/build/libs/blog-0.0.1-SNAPSHOT.jar/!BOOT-INF/lib/spring-core-7.0.9.jar!/
[0.222s][info][class,load] org.springframework.core.DefaultParameterNameDiscoverer source: jar:nested:/Users/kibong_home/Desktop/development/blog/build/libs/blog-0.0.1-SNAPSHOT.jar/!BOOT-INF/lib/spring-core-7.0.9.jar!/
[0.222s][info][class,load] org.springframework.core.KotlinReflectionParameterNameDiscoverer source: jar:nested:/Users/kibong_home/Desktop/development/blog/build/libs/blog-0.0.1-SNAPSHOT.jar/!BOOT-INF/lib/spring-core-7.0.9.jar!/
[0.223s][info][class,load] org.springframework.core.StandardReflectionParameterNameDiscoverer source: jar:nested:/Users/kibong_home/Desktop/development/blog/build/libs/blog-0.0.1-SNAPSHOT.jar/!BOOT-INF/lib/spring-core-7.0.9.jar!/
[0.223s][info][class,load] java.lang.invoke.LambdaForm$DMH/0x00000f0001110000 source: __JVM_LookupDefineClass__
[0.223s][info][class,load] org.springframework.boot.context.properties.bind.ValueObjectBinder$Discoverer$$Lambda/0x00000f000110e920 source: org.springframework.boot.context.properties.bind.ValueObjectBinder
[0.223s][info][class,load] org.springframework.boot.context.properties.bind.ValueObjectBinder$Discoverer$$Lambda/0x00000f000110eb58 source: org.springframework.boot.context.properties.bind.ValueObjectBinder
[0.223s][info][class,load] org.springframework.boot.context.properties.bind.ValueObjectBinder$ValueObject source: jar:nested:/Users/kibong_home/Desktop/development/blog/build/libs/blog-0.0.1-SNAPSHOT.jar/!BOOT-INF/lib/spring-boot-4.1.1.jar!/
[0.223s][info][class,load] org.springframework.boot.context.properties.bind.JavaBeanBinder$BeanProperties source: jar:nested:/Users/kibong_home/Desktop/development/blog/build/libs/blog-0.0.1-SNAPSHOT.jar/!BOOT-INF/lib/spring-boot-4.1.1.jar!/
[0.223s][info][class,load] org.springframework.boot.context.properties.bind.JavaBeanBinder$Bean source: jar:nested:/Users/kibong_home/Desktop/development/blog/build/libs/blog-0.0.1-SNAPSHOT.jar/!BOOT-INF/lib/spring-boot-4.1.1.jar!/
[0.223s][info][class,load] org.springframework.boot.context.config.ConfigDataNotFoundAction$1 source: jar:nested:/Users/kibong_home/Desktop/development/blog/build/libs/blog-0.0.1-SNAPSHOT.jar/!BOOT-INF/lib/spring-boot-4.1.1.jar!/
[0.223s][info][class,load] org.springframework.boot.context.config.ConfigDataNotFoundAction$2 source: jar:nested:/Users/kibong_home/Desktop/development/blog/build/libs/blog-0.0.1-SNAPSHOT.jar/!BOOT-INF/lib/spring-boot-4.1.1.jar!/
[0.223s][info][class,load] java.util.Collections$UnmodifiableCollection$1 source: shared objects file
[0.223s][info][class,load] java.lang.invoke.LambdaForm$DMH/0x00000f0001110400 source: __JVM_LookupDefineClass__
[0.223s][info][class,load] org.springframework.boot.context.properties.source.ConfigurationPropertySourcesCaching$CacheOverrides$$Lambda/0x00000f000110f8b0 source: org.springframework.boot.context.properties.source.ConfigurationPropertySourcesCaching
[0.223s][info][class,load] org.springframework.boot.context.properties.bind.BindResult source: jar:nested:/Users/kibong_home/Desktop/development/blog/build/libs/blog-0.0.1-SNAPSHOT.jar/!BOOT-INF/lib/spring-boot-4.1.1.jar!/
[0.224s][info][class,load] org.springframework.boot.context.config.ConfigDataLocationResolvers source: jar:nested:/Users/kibong_home/Desktop/development/blog/build/libs/blog-0.0.1-SNAPSHOT.jar/!BOOT-INF/lib/spring-boot-4.1.1.jar!/
[0.224s][info][class,load] org.springframework.boot.context.config.UnsupportedConfigDataLocationException source: jar:nested:/Users/kibong_home/Desktop/development/blog/build/libs/blog-0.0.1-SNAPSHOT.jar/!BOOT-INF/lib/spring-boot-4.1.1.jar!/
[0.224s][info][class,load] org.springframework.boot.context.config.ConfigDataLocationResolvers$$Lambda/0x00000f0001114498 source: org.springframework.boot.context.config.ConfigDataLocationResolvers
[0.224s][info][class,load] org.springframework.boot.context.config.ConfigDataLocationResolver source: jar:nested:/Users/kibong_home/Desktop/development/blog/build/libs/blog-0.0.1-SNAPSHOT.jar/!BOOT-INF/lib/spring-boot-4.1.1.jar!/
[0.224s][info][class,load] org.springframework.boot.context.config.ConfigTreeConfigDataLocationResolver source: jar:nested:/Users/kibong_home/Desktop/development/blog/build/libs/blog-0.0.1-SNAPSHOT.jar/!BOOT-INF/lib/spring-boot-4.1.1.jar!/
[0.224s][info][class,load] org.springframework.boot.context.config.LocationResourceLoader source: jar:nested:/Users/kibong_home/Desktop/development/blog/build/libs/blog-0.0.1-SNAPSHOT.jar/!BOOT-INF/lib/spring-boot-4.1.1.jar!/
[0.224s][info][class,load] org.springframework.boot.context.config.LocationResourceLoader$$Lambda/0x00000f0001114d50 source: org.springframework.boot.context.config.LocationResourceLoader
[0.224s][info][class,load] java.lang.invoke.LambdaForm$DMH/0x00000f0001110800 source: __JVM_LookupDefineClass__
[0.224s][info][class,load] java.util.Comparator$$Lambda/0x00000f00010e7250 source: java.util.Comparator
[0.225s][info][class,load] org.springframework.boot.context.config.LocationResourceLoader$$Lambda/0x00000f0001114f98 source: org.springframework.boot.context.config.LocationResourceLoader
[0.225s][info][class,load] org.springframework.boot.context.config.StandardConfigDataLocationResolver source: jar:nested:/Users/kibong_home/Desktop/development/blog/build/libs/blog-0.0.1-SNAPSHOT.jar/!BOOT-INF/lib/spring-boot-4.1.1.jar!/
[0.225s][info][class,load] java.util.regex.Pattern$Dollar source: shared objects file
[0.225s][info][class,load] java.lang.invoke.LambdaForm$MH/0x00000f0001110c00 source: __JVM_LookupDefineClass__
[0.225s][info][class,load] java.lang.invoke.LambdaForm$MH/0x00000f0001111000 source: __JVM_LookupDefineClass__
[0.225s][info][class,load] java.lang.invoke.LambdaForm$MH/0x00000f0001111400 source: __JVM_LookupDefineClass__
[0.225s][info][class,load] java.lang.invoke.LambdaForm$MH/0x00000f0001111800 source: __JVM_LookupDefineClass__
[0.225s][info][class,load] org.springframework.boot.env.PropertySourceLoader source: jar:nested:/Users/kibong_home/Desktop/development/blog/build/libs/blog-0.0.1-SNAPSHOT.jar/!BOOT-INF/lib/spring-boot-4.1.1.jar!/
[0.225s][info][class,load] org.springframework.boot.env.PropertiesPropertySourceLoader source: jar:nested:/Users/kibong_home/Desktop/development/blog/build/libs/blog-0.0.1-SNAPSHOT.jar/!BOOT-INF/lib/spring-boot-4.1.1.jar!/
[0.225s][info][class,load] org.springframework.boot.env.YamlPropertySourceLoader source: jar:nested:/Users/kibong_home/Desktop/development/blog/build/libs/blog-0.0.1-SNAPSHOT.jar/!BOOT-INF/lib/spring-boot-4.1.1.jar!/
[0.226s][info][class,load] org.springframework.boot.context.properties.bind.UnboundConfigurationPropertiesException source: jar:nested:/Users/kibong_home/Desktop/development/blog/build/libs/blog-0.0.1-SNAPSHOT.jar/!BOOT-INF/lib/spring-boot-4.1.1.jar!/
[0.226s][info][class,load] java.lang.invoke.LambdaForm$MH/0x00000f0001111c00 source: __JVM_LookupDefineClass__
[0.226s][info][class,load] org.springframework.boot.context.properties.bind.AggregateElementBinder source: jar:nested:/Users/kibong_home/Desktop/development/blog/build/libs/blog-0.0.1-SNAPSHOT.jar/!BOOT-INF/lib/spring-boot-4.1.1.jar!/
[0.226s][info][class,load] org.springframework.boot.context.properties.bind.Binder$$Lambda/0x00000f0001115f78 source: org.springframework.boot.context.properties.bind.Binder
[0.226s][info][class,load] org.springframework.boot.context.properties.bind.Binder$$Lambda/0x00000f00011161b8 source: org.springframework.boot.context.properties.bind.Binder
[0.226s][info][class,load] org.springframework.boot.context.properties.bind.AggregateBinder$AggregateSupplier source: jar:nested:/Users/kibong_home/Desktop/development/blog/build/libs/blog-0.0.1-SNAPSHOT.jar/!BOOT-INF/lib/spring-boot-4.1.1.jar!/
[0.226s][info][class,load] org.springframework.boot.context.properties.bind.IndexedElementsBinder$IndexedCollectionSupplier source: jar:nested:/Users/kibong_home/Desktop/development/blog/build/libs/blog-0.0.1-SNAPSHOT.jar/!BOOT-INF/lib/spring-boot-4.1.1.jar!/
[0.226s][info][class,load] org.springframework.boot.context.properties.bind.ArrayBinder$$Lambda/0x00000f0001116838 source: org.springframework.boot.context.properties.bind.ArrayBinder
[0.227s][info][class,load] org.springframework.boot.context.properties.bind.IndexedElementsBinder$$Lambda/0x00000f0001116a60 source: org.springframework.boot.context.properties.bind.IndexedElementsBinder
[0.227s][info][class,load] org.springframework.boot.context.properties.source.FilteredConfigurationPropertiesSource source: jar:nested:/Users/kibong_home/Desktop/development/blog/build/libs/blog-0.0.1-SNAPSHOT.jar/!BOOT-INF/lib/spring-boot-4.1.1.jar!/
[0.227s][info][class,load] org.springframework.boot.context.properties.source.FilteredIterableConfigurationPropertiesSource source: jar:nested:/Users/kibong_home/Desktop/development/blog/build/libs/blog-0.0.1-SNAPSHOT.jar/!BOOT-INF/lib/spring-boot-4.1.1.jar!/
[0.227s][info][class,load] org.springframework.boot.context.properties.source.SpringIterableConfigurationPropertySource$$Lambda/0x00000f00011172b8 source: org.springframework.boot.context.properties.source.SpringIterableConfigurationPropertySource
[0.227s][info][class,load] java.util.stream.AbstractPipeline$$Lambda/0x00000f00010e74f8 source: java.util.stream.AbstractPipeline
[0.227s][info][class,load] java.util.stream.StreamSpliterators$AbstractWrappingSpliterator source: jrt:/java.base
[0.227s][info][class,load] java.util.stream.StreamSpliterators$WrappingSpliterator source: jrt:/java.base
[0.227s][info][class,load] java.util.stream.StreamSpliterators source: jrt:/java.base
[0.227s][info][class,load] java.util.stream.StreamSpliterators$WrappingSpliterator$$Lambda/0x00000f00010e7e78 source: java.util.stream.StreamSpliterators
[0.227s][info][class,load] java.util.stream.StreamSpliterators$WrappingSpliterator$$Lambda/0x00000f00010e8130 source: java.util.stream.StreamSpliterators
[0.227s][info][class,load] org.springframework.boot.context.properties.bind.Binder$$Lambda/0x00000f0001117510 source: org.springframework.boot.context.properties.bind.Binder
[0.228s][info][class,load] java.lang.invoke.LambdaForm$DMH/0x00000f0001112000 source: __JVM_LookupDefineClass__
[0.228s][info][class,load] java.lang.invoke.LambdaForm$MH/0x00000f0001112400 source: __JVM_LookupDefineClass__
[0.228s][info][class,load] org.springframework.boot.context.config.StandardConfigDataLocationResolver$$Lambda/0x00000f0001117740 source: org.springframework.boot.context.config.StandardConfigDataLocationResolver
[0.228s][info][class,load] org.springframework.boot.context.config.SystemEnvironmentConfigDataLocationResolver source: jar:nested:/Users/kibong_home/Desktop/development/blog/build/libs/blog-0.0.1-SNAPSHOT.jar/!BOOT-INF/lib/spring-boot-4.1.1.jar!/
[0.228s][info][class,load] org.springframework.boot.context.config.SystemEnvironmentConfigDataLocationResolver$$Lambda/0x00000f0001117bc8 source: org.springframework.boot.context.config.SystemEnvironmentConfigDataLocationResolver
[0.228s][info][class,load] org.springframework.boot.context.config.ConfigDataEnvironmentUpdateListener source: jar:nested:/Users/kibong_home/Desktop/development/blog/build/libs/blog-0.0.1-SNAPSHOT.jar/!BOOT-INF/lib/spring-boot-4.1.1.jar!/
[0.228s][info][class,load] org.springframework.boot.context.config.ConfigDataEnvironmentUpdateListener$1 source: jar:nested:/Users/kibong_home/Desktop/development/blog/build/libs/blog-0.0.1-SNAPSHOT.jar/!BOOT-INF/lib/spring-boot-4.1.1.jar!/
[0.229s][info][class,load] org.springframework.boot.context.config.ConfigDataLoaders source: jar:nested:/Users/kibong_home/Desktop/development/blog/build/libs/blog-0.0.1-SNAPSHOT.jar/!BOOT-INF/lib/spring-boot-4.1.1.jar!/
[0.229s][info][class,load] org.springframework.boot.context.config.ConfigDataLoaders$$Lambda/0x00000f0001113678 source: org.springframework.boot.context.config.ConfigDataLoaders
[0.229s][info][class,load] org.springframework.boot.context.config.ConfigDataLoader source: jar:nested:/Users/kibong_home/Desktop/development/blog/build/libs/blog-0.0.1-SNAPSHOT.jar/!BOOT-INF/lib/spring-boot-4.1.1.jar!/
[0.229s][info][class,load] org.springframework.boot.context.config.ConfigTreeConfigDataLoader source: jar:nested:/Users/kibong_home/Desktop/development/blog/build/libs/blog-0.0.1-SNAPSHOT.jar/!BOOT-INF/lib/spring-boot-4.1.1.jar!/
[0.229s][info][class,load] org.springframework.boot.context.config.ConfigDataResource source: jar:nested:/Users/kibong_home/Desktop/development/blog/build/libs/blog-0.0.1-SNAPSHOT.jar/!BOOT-INF/lib/spring-boot-4.1.1.jar!/
[0.229s][info][class,load] org.springframework.boot.context.config.ConfigTreeConfigDataResource source: jar:nested:/Users/kibong_home/Desktop/development/blog/build/libs/blog-0.0.1-SNAPSHOT.jar/!BOOT-INF/lib/spring-boot-4.1.1.jar!/
[0.229s][info][class,load] org.springframework.boot.context.config.StandardConfigDataLoader source: jar:nested:/Users/kibong_home/Desktop/development/blog/build/libs/blog-0.0.1-SNAPSHOT.jar/!BOOT-INF/lib/spring-boot-4.1.1.jar!/
[0.229s][info][class,load] org.springframework.boot.context.config.StandardConfigDataResource source: jar:nested:/Users/kibong_home/Desktop/development/blog/build/libs/blog-0.0.1-SNAPSHOT.jar/!BOOT-INF/lib/spring-boot-4.1.1.jar!/
[0.229s][info][class,load] org.springframework.boot.context.config.ConfigData$Option source: jar:nested:/Users/kibong_home/Desktop/development/blog/build/libs/blog-0.0.1-SNAPSHOT.jar/!BOOT-INF/lib/spring-boot-4.1.1.jar!/
[0.229s][info][class,load] org.springframework.boot.context.config.ConfigData$PropertySourceOptions source: jar:nested:/Users/kibong_home/Desktop/development/blog/build/libs/blog-0.0.1-SNAPSHOT.jar/!BOOT-INF/lib/spring-boot-4.1.1.jar!/
[0.229s][info][class,load] org.springframework.boot.context.config.ConfigData$AlwaysPropertySourceOptions source: jar:nested:/Users/kibong_home/Desktop/development/blog/build/libs/blog-0.0.1-SNAPSHOT.jar/!BOOT-INF/lib/spring-boot-4.1.1.jar!/
[0.229s][info][class,load] org.springframework.boot.context.config.ConfigData$Options source: jar:nested:/Users/kibong_home/Desktop/development/blog/build/libs/blog-0.0.1-SNAPSHOT.jar/!BOOT-INF/lib/spring-boot-4.1.1.jar!/
[0.229s][info][class,load] org.springframework.boot.context.config.SystemEnvironmentConfigDataLoader source: jar:nested:/Users/kibong_home/Desktop/development/blog/build/libs/blog-0.0.1-SNAPSHOT.jar/!BOOT-INF/lib/spring-boot-4.1.1.jar!/
[0.229s][info][class,load] org.springframework.boot.context.config.SystemEnvironmentConfigDataResource source: jar:nested:/Users/kibong_home/Desktop/development/blog/build/libs/blog-0.0.1-SNAPSHOT.jar/!BOOT-INF/lib/spring-boot-4.1.1.jar!/
[0.229s][info][class,load] org.springframework.boot.context.config.ConfigDataResourceNotFoundException source: jar:nested:/Users/kibong_home/Desktop/development/blog/build/libs/blog-0.0.1-SNAPSHOT.jar/!BOOT-INF/lib/spring-boot-4.1.1.jar!/
[0.230s][info][class,load] org.springframework.boot.env.DefaultPropertiesPropertySource source: jar:nested:/Users/kibong_home/Desktop/development/blog/build/libs/blog-0.0.1-SNAPSHOT.jar/!BOOT-INF/lib/spring-boot-4.1.1.jar!/
[0.230s][info][class,load] org.springframework.boot.context.config.ConfigDataEnvironmentContributor source: jar:nested:/Users/kibong_home/Desktop/development/blog/build/libs/blog-0.0.1-SNAPSHOT.jar/!BOOT-INF/lib/spring-boot-4.1.1.jar!/
[0.230s][info][class,load] org.springframework.boot.context.config.ConfigDataEnvironmentContributor$Kind source: jar:nested:/Users/kibong_home/Desktop/development/blog/build/libs/blog-0.0.1-SNAPSHOT.jar/!BOOT-INF/lib/spring-boot-4.1.1.jar!/
[0.231s][info][class,load] org.springframework.boot.context.config.ConfigDataProperties source: jar:nested:/Users/kibong_home/Desktop/development/blog/build/libs/blog-0.0.1-SNAPSHOT.jar/!BOOT-INF/lib/spring-boot-4.1.1.jar!/
[0.231s][info][class,load] java.util.Collections$2 source: shared objects file
[0.231s][info][class,load] org.springframework.boot.context.config.ConfigDataProperties$$Lambda/0x00000f0001119d68 source: org.springframework.boot.context.config.ConfigDataProperties
[0.231s][info][class,load] org.springframework.boot.context.config.ConfigDataEnvironmentContributors source: jar:nested:/Users/kibong_home/Desktop/development/blog/build/libs/blog-0.0.1-SNAPSHOT.jar/!BOOT-INF/lib/spring-boot-4.1.1.jar!/
[0.231s][info][class,load] org.springframework.boot.context.config.ConfigDataLoaderContext source: jar:nested:/Users/kibong_home/Desktop/development/blog/build/libs/blog-0.0.1-SNAPSHOT.jar/!BOOT-INF/lib/spring-boot-4.1.1.jar!/
[0.231s][info][class,load] org.springframework.boot.context.config.ConfigDataLocationResolverContext source: jar:nested:/Users/kibong_home/Desktop/development/blog/build/libs/blog-0.0.1-SNAPSHOT.jar/!BOOT-INF/lib/spring-boot-4.1.1.jar!/
[0.231s][info][class,load] org.springframework.boot.context.config.ConfigDataEnvironmentContributors$$Lambda/0x00000f000111a648 source: org.springframework.boot.context.config.ConfigDataEnvironmentContributors
[0.231s][info][class,load] org.springframework.boot.context.config.ConfigDataEnvironmentContributor$ImportPhase source: jar:nested:/Users/kibong_home/Desktop/development/blog/build/libs/blog-0.0.1-SNAPSHOT.jar/!BOOT-INF/lib/spring-boot-4.1.1.jar!/
[0.231s][info][class,load] org.springframework.boot.context.config.ConfigDataImporter source: jar:nested:/Users/kibong_home/Desktop/development/blog/build/libs/blog-0.0.1-SNAPSHOT.jar/!BOOT-INF/lib/spring-boot-4.1.1.jar!/
[0.232s][info][class,load] org.springframework.boot.context.config.ConfigDataActivationContext source: jar:nested:/Users/kibong_home/Desktop/development/blog/build/libs/blog-0.0.1-SNAPSHOT.jar/!BOOT-INF/lib/spring-boot-4.1.1.jar!/
[0.232s][info][class,load] org.springframework.boot.context.config.ConfigDataEnvironment$$Lambda/0x00000f000111b150 source: org.springframework.boot.context.config.ConfigDataEnvironment
[0.232s][info][class,load] org.springframework.boot.bootstrap.BootstrapRegistry$InstanceSupplier source: jar:nested:/Users/kibong_home/Desktop/development/blog/build/libs/blog-0.0.1-SNAPSHOT.jar/!BOOT-INF/lib/spring-boot-4.1.1.jar!/
[0.232s][info][class,load] org.springframework.boot.bootstrap.BootstrapRegistry$InstanceSupplier$$Lambda/0x00000f000111b588 source: org.springframework.boot.bootstrap.BootstrapRegistry
[0.232s][info][class,load] org.springframework.boot.bootstrap.BootstrapRegistry$Scope source: jar:nested:/Users/kibong_home/Desktop/development/blog/build/libs/blog-0.0.1-SNAPSHOT.jar/!BOOT-INF/lib/spring-boot-4.1.1.jar!/
[0.232s][info][class,load] org.springframework.boot.bootstrap.BootstrapRegistry$InstanceSupplier$1 source: jar:nested:/Users/kibong_home/Desktop/development/blog/build/libs/blog-0.0.1-SNAPSHOT.jar/!BOOT-INF/lib/spring-boot-4.1.1.jar!/
[0.232s][info][class,load] org.springframework.boot.bootstrap.DefaultBootstrapContext$$Lambda/0x00000f000111be80 source: org.springframework.boot.bootstrap.DefaultBootstrapContext
[0.232s][info][class,load] org.springframework.boot.context.config.ConfigDataEnvironmentContributor$ContributorIterator source: jar:nested:/Users/kibong_home/Desktop/development/blog/build/libs/blog-0.0.1-SNAPSHOT.jar/!BOOT-INF/lib/spring-boot-4.1.1.jar!/
[0.232s][info][class,load] org.springframework.boot.context.config.ConfigDataEnvironmentContributors$ContributorConfigDataLocationResolverContext source: jar:nested:/Users/kibong_home/Desktop/development/blog/build/libs/blog-0.0.1-SNAPSHOT.jar/!BOOT-INF/lib/spring-boot-4.1.1.jar!/
[0.232s][info][class,load] org.springframework.boot.context.config.ConfigDataEnvironmentContributors$ContributorDataLoaderContext source: jar:nested:/Users/kibong_home/Desktop/development/blog/build/libs/blog-0.0.1-SNAPSHOT.jar/!BOOT-INF/lib/spring-boot-4.1.1.jar!/
[0.232s][info][class,load] org.springframework.boot.context.config.ConfigDataLocationResolvers$$Lambda/0x00000f000111c798 source: org.springframework.boot.context.config.ConfigDataLocationResolvers
[0.232s][info][class,load] org.springframework.boot.context.config.StandardConfigDataReference source: jar:nested:/Users/kibong_home/Desktop/development/blog/build/libs/blog-0.0.1-SNAPSHOT.jar/!BOOT-INF/lib/spring-boot-4.1.1.jar!/
[0.233s][info][class,load] java.lang.String$$StringConcat/0x00000f0001120000 source: __JVM_LookupDefineClass__
[0.233s][info][class,load] java.lang.invoke.LambdaForm$MH/0x00000f0001120400 source: __JVM_LookupDefineClass__
[0.233s][info][class,load] org.springframework.boot.context.config.LocationResourceLoader$$Lambda/0x00000f000111cc20 source: org.springframework.boot.context.config.LocationResourceLoader
[0.233s][info][class,load] org.springframework.boot.context.config.LocationResourceLoader$ResourceType source: jar:nested:/Users/kibong_home/Desktop/development/blog/build/libs/blog-0.0.1-SNAPSHOT.jar/!BOOT-INF/lib/spring-boot-4.1.1.jar!/
[0.233s][info][class,load] org.springframework.boot.context.config.LocationResourceLoader$$Lambda/0x00000f000111d2a0 source: org.springframework.boot.context.config.LocationResourceLoader
[0.233s][info][class,load] org.springframework.boot.context.config.LocationResourceLoader$$Lambda/0x00000f000111d4d0 source: org.springframework.boot.context.config.LocationResourceLoader
[0.233s][info][class,load] org.springframework.boot.context.config.LocationResourceLoader$$Lambda/0x00000f000111d700 source: org.springframework.boot.context.config.LocationResourceLoader
[0.233s][info][class,load] org.springframework.boot.context.config.LocationResourceLoader$$Lambda/0x00000f000111d930 source: org.springframework.boot.context.config.LocationResourceLoader
[0.234s][info][class,load] org.springframework.core.io.ClassPathResource source: jar:nested:/Users/kibong_home/Desktop/development/blog/build/libs/blog-0.0.1-SNAPSHOT.jar/!BOOT-INF/lib/spring-core-7.0.9.jar!/
[0.234s][info][class,load] org.springframework.core.io.FileSystemResource source: jar:nested:/Users/kibong_home/Desktop/development/blog/build/libs/blog-0.0.1-SNAPSHOT.jar/!BOOT-INF/lib/spring-core-7.0.9.jar!/
[0.234s][info][class,load] java.lang.invoke.LambdaForm$DMH/0x00000f0001120800 source: __JVM_LookupDefineClass__
[0.234s][info][class,load] org.springframework.boot.context.config.StandardConfigDataLocationResolver$$Lambda/0x00000f000111e2d8 source: org.springframework.boot.context.config.StandardConfigDataLocationResolver
[0.234s][info][class,load] org.springframework.boot.context.config.StandardConfigDataLocationResolver$$Lambda/0x00000f000111e530 source: org.springframework.boot.context.config.StandardConfigDataLocationResolver
[0.234s][info][class,load] org.springframework.boot.context.config.StandardConfigDataLocationResolver$$Lambda/0x00000f000111e780 source: org.springframework.boot.context.config.StandardConfigDataLocationResolver
[0.235s][info][class,load] org.springframework.boot.context.config.ConfigDataResolutionResult source: jar:nested:/Users/kibong_home/Desktop/development/blog/build/libs/blog-0.0.1-SNAPSHOT.jar/!BOOT-INF/lib/spring-boot-4.1.1.jar!/
[0.235s][info][class,load] org.springframework.boot.context.config.ConfigDataLoaders$$Lambda/0x00000f000111ebd8 source: org.springframework.boot.context.config.ConfigDataLoaders
[0.235s][info][class,load] org.springframework.boot.context.config.ConfigDataLoaders$$Lambda/0x00000f000111ee08 source: org.springframework.boot.context.config.ConfigDataLoaders
[0.235s][info][class,load] org.springframework.boot.context.config.ConfigData source: jar:nested:/Users/kibong_home/Desktop/development/blog/build/libs/blog-0.0.1-SNAPSHOT.jar/!BOOT-INF/lib/spring-boot-4.1.1.jar!/
[0.235s][info][class,load] org.springframework.boot.context.config.ConfigDataEnvironmentContributors$$Lambda/0x00000f000111f250 source: org.springframework.boot.context.config.ConfigDataEnvironmentContributors
[0.235s][info][class,load] org.springframework.boot.context.config.ConfigDataEnvironmentContributors$$Lambda/0x00000f000111f480 source: org.springframework.boot.context.config.ConfigDataEnvironmentContributors
[0.235s][info][class,load] java.lang.invoke.LambdaForm$DMH/0x00000f0001120c00 source: __JVM_LookupDefineClass__
[0.235s][info][class,load] org.springframework.boot.context.config.ConfigDataEnvironmentContributor$$Lambda/0x00000f000111f6c0 source: org.springframework.boot.context.config.ConfigDataEnvironmentContributor
[0.236s][info][class,load] org.springframework.boot.origin.OriginTrackedResource source: jar:nested:/Users/kibong_home/Desktop/development/blog/build/libs/blog-0.0.1-SNAPSHOT.jar/!BOOT-INF/lib/spring-boot-4.1.1.jar!/
[0.236s][info][class,load] org.springframework.boot.origin.OriginTrackedResource$OriginTrackedWritableResource source: jar:nested:/Users/kibong_home/Desktop/development/blog/build/libs/blog-0.0.1-SNAPSHOT.jar/!BOOT-INF/lib/spring-boot-4.1.1.jar!/
[0.237s][info][class,load] org.yaml.snakeyaml.Yaml source: jar:nested:/Users/kibong_home/Desktop/development/blog/build/libs/blog-0.0.1-SNAPSHOT.jar/!BOOT-INF/lib/snakeyaml-2.6.jar!/
[0.237s][info][class,load] org.springframework.beans.factory.config.YamlProcessor source: jar:nested:/Users/kibong_home/Desktop/development/blog/build/libs/blog-0.0.1-SNAPSHOT.jar/!BOOT-INF/lib/spring-beans-7.0.9.jar!/
[0.237s][info][class,load] org.springframework.boot.env.OriginTrackedYamlLoader source: jar:nested:/Users/kibong_home/Desktop/development/blog/build/libs/blog-0.0.1-SNAPSHOT.jar/!BOOT-INF/lib/spring-boot-4.1.1.jar!/
[0.237s][info][class,load] org.yaml.snakeyaml.inspector.TagInspector source: jar:nested:/Users/kibong_home/Desktop/development/blog/build/libs/blog-0.0.1-SNAPSHOT.jar/!BOOT-INF/lib/snakeyaml-2.6.jar!/
[0.237s][info][class,load] org.yaml.snakeyaml.constructor.BaseConstructor source: jar:nested:/Users/kibong_home/Desktop/development/blog/build/libs/blog-0.0.1-SNAPSHOT.jar/!BOOT-INF/lib/snakeyaml-2.6.jar!/
[0.237s][info][class,load] org.yaml.snakeyaml.constructor.SafeConstructor source: jar:nested:/Users/kibong_home/Desktop/development/blog/build/libs/blog-0.0.1-SNAPSHOT.jar/!BOOT-INF/lib/snakeyaml-2.6.jar!/
[0.237s][info][class,load] org.yaml.snakeyaml.constructor.Constructor source: jar:nested:/Users/kibong_home/Desktop/development/blog/build/libs/blog-0.0.1-SNAPSHOT.jar/!BOOT-INF/lib/snakeyaml-2.6.jar!/
[0.237s][info][class,load] org.yaml.snakeyaml.reader.UnicodeReader source: jar:nested:/Users/kibong_home/Desktop/development/blog/build/libs/blog-0.0.1-SNAPSHOT.jar/!BOOT-INF/lib/snakeyaml-2.6.jar!/
[0.238s][info][class,load] org.yaml.snakeyaml.resolver.Resolver source: jar:nested:/Users/kibong_home/Desktop/development/blog/build/libs/blog-0.0.1-SNAPSHOT.jar/!BOOT-INF/lib/snakeyaml-2.6.jar!/
[0.238s][info][class,load] org.springframework.boot.env.OriginTrackedYamlLoader$NoTimestampResolver source: jar:nested:/Users/kibong_home/Desktop/development/blog/build/libs/blog-0.0.1-SNAPSHOT.jar/!BOOT-INF/lib/spring-boot-4.1.1.jar!/
[0.238s][info][class,load] org.springframework.boot.env.OriginTrackedYamlLoader$OriginTrackingConstructor source: jar:nested:/Users/kibong_home/Desktop/development/blog/build/libs/blog-0.0.1-SNAPSHOT.jar/!BOOT-INF/lib/spring-boot-4.1.1.jar!/
[0.238s][info][class,load] org.springframework.beans.factory.config.YamlProcessor$ResolutionMethod source: jar:nested:/Users/kibong_home/Desktop/development/blog/build/libs/blog-0.0.1-SNAPSHOT.jar/!BOOT-INF/lib/spring-beans-7.0.9.jar!/
[0.238s][info][class,load] org.springframework.beans.factory.config.YamlProcessor$MatchCallback source: jar:nested:/Users/kibong_home/Desktop/development/blog/build/libs/blog-0.0.1-SNAPSHOT.jar/!BOOT-INF/lib/spring-beans-7.0.9.jar!/
[0.238s][info][class,load] org.springframework.boot.env.OriginTrackedYamlLoader$$Lambda/0x00000f0001126920 source: org.springframework.boot.env.OriginTrackedYamlLoader
[0.238s][info][class,load] org.yaml.snakeyaml.LoaderOptions source: jar:nested:/Users/kibong_home/Desktop/development/blog/build/libs/blog-0.0.1-SNAPSHOT.jar/!BOOT-INF/lib/snakeyaml-2.6.jar!/
[0.238s][info][class,load] org.yaml.snakeyaml.inspector.UnTrustedTagInspector source: jar:nested:/Users/kibong_home/Desktop/development/blog/build/libs/blog-0.0.1-SNAPSHOT.jar/!BOOT-INF/lib/snakeyaml-2.6.jar!/
[0.238s][info][class,load] org.yaml.snakeyaml.error.YAMLException source: jar:nested:/Users/kibong_home/Desktop/development/blog/build/libs/blog-0.0.1-SNAPSHOT.jar/!BOOT-INF/lib/snakeyaml-2.6.jar!/
[0.238s][info][class,load] org.yaml.snakeyaml.error.MarkedYAMLException source: jar:nested:/Users/kibong_home/Desktop/development/blog/build/libs/blog-0.0.1-SNAPSHOT.jar/!BOOT-INF/lib/snakeyaml-2.6.jar!/
[0.238s][info][class,load] org.yaml.snakeyaml.constructor.ConstructorException source: jar:nested:/Users/kibong_home/Desktop/development/blog/build/libs/blog-0.0.1-SNAPSHOT.jar/!BOOT-INF/lib/snakeyaml-2.6.jar!/
[0.238s][info][class,load] org.yaml.snakeyaml.nodes.Node source: jar:nested:/Users/kibong_home/Desktop/development/blog/build/libs/blog-0.0.1-SNAPSHOT.jar/!BOOT-INF/lib/snakeyaml-2.6.jar!/
[0.238s][info][class,load] org.yaml.snakeyaml.nodes.CollectionNode source: jar:nested:/Users/kibong_home/Desktop/development/blog/build/libs/blog-0.0.1-SNAPSHOT.jar/!BOOT-INF/lib/snakeyaml-2.6.jar!/
[0.238s][info][class,load] org.yaml.snakeyaml.nodes.MappingNode source: jar:nested:/Users/kibong_home/Desktop/development/blog/build/libs/blog-0.0.1-SNAPSHOT.jar/!BOOT-INF/lib/snakeyaml-2.6.jar!/
[0.238s][info][class,load] org.yaml.snakeyaml.nodes.SequenceNode source: jar:nested:/Users/kibong_home/Desktop/development/blog/build/libs/blog-0.0.1-SNAPSHOT.jar/!BOOT-INF/lib/snakeyaml-2.6.jar!/
[0.239s][info][class,load] org.yaml.snakeyaml.constructor.DuplicateKeyException source: jar:nested:/Users/kibong_home/Desktop/development/blog/build/libs/blog-0.0.1-SNAPSHOT.jar/!BOOT-INF/lib/snakeyaml-2.6.jar!/
[0.239s][info][class,load] org.yaml.snakeyaml.constructor.Construct source: jar:nested:/Users/kibong_home/Desktop/development/blog/build/libs/blog-0.0.1-SNAPSHOT.jar/!BOOT-INF/lib/snakeyaml-2.6.jar!/
[0.239s][info][class,load] org.yaml.snakeyaml.constructor.AbstractConstruct source: jar:nested:/Users/kibong_home/Desktop/development/blog/build/libs/blog-0.0.1-SNAPSHOT.jar/!BOOT-INF/lib/snakeyaml-2.6.jar!/
[0.239s][info][class,load] org.yaml.snakeyaml.constructor.SafeConstructor$ConstructUndefined source: jar:nested:/Users/kibong_home/Desktop/development/blog/build/libs/blog-0.0.1-SNAPSHOT.jar/!BOOT-INF/lib/snakeyaml-2.6.jar!/
[0.239s][info][class,load] org.yaml.snakeyaml.nodes.NodeId source: jar:nested:/Users/kibong_home/Desktop/development/blog/build/libs/blog-0.0.1-SNAPSHOT.jar/!BOOT-INF/lib/snakeyaml-2.6.jar!/
[0.239s][info][class,load] org.yaml.snakeyaml.TypeDescription source: jar:nested:/Users/kibong_home/Desktop/development/blog/build/libs/blog-0.0.1-SNAPSHOT.jar/!BOOT-INF/lib/snakeyaml-2.6.jar!/
[0.239s][info][class,load] org.yaml.snakeyaml.internal.Logger source: jar:nested:/Users/kibong_home/Desktop/development/blog/build/libs/blog-0.0.1-SNAPSHOT.jar/!BOOT-INF/lib/snakeyaml-2.6.jar!/
[0.239s][info][class,load] jdk.internal.logger.LazyLoggers source: jrt:/java.base
[0.239s][info][class,load] jdk.internal.logger.LazyLoggers$1 source: jrt:/java.base
[0.239s][info][class,load] jdk.internal.logger.LazyLoggers$LazyLoggerFactories source: jrt:/java.base
[0.239s][info][class,load] jdk.internal.logger.LoggerFinderLoader source: jrt:/java.base
[0.239s][info][class,load] jdk.internal.logger.LoggerFinderLoader$TemporaryLoggerFinder source: jrt:/java.base
[0.239s][info][class,load] sun.util.logging.internal.LoggingProviderImpl$JULWrapper source: jrt:/java.logging
[0.240s][info][class,load] org.yaml.snakeyaml.nodes.Tag source: jar:nested:/Users/kibong_home/Desktop/development/blog/build/libs/blog-0.0.1-SNAPSHOT.jar/!BOOT-INF/lib/snakeyaml-2.6.jar!/
[0.240s][info][class,load] org.yaml.snakeyaml.util.UriEncoder source: jar:nested:/Users/kibong_home/Desktop/development/blog/build/libs/blog-0.0.1-SNAPSHOT.jar/!BOOT-INF/lib/snakeyaml-2.6.jar!/
[0.240s][info][class,load] org.yaml.snakeyaml.external.com.google.gdata.util.common.base.Escaper source: jar:nested:/Users/kibong_home/Desktop/development/blog/build/libs/blog-0.0.1-SNAPSHOT.jar/!BOOT-INF/lib/snakeyaml-2.6.jar!/
[0.240s][info][class,load] java.io.UnsupportedEncodingException source: jrt:/java.base
[0.240s][info][class,load] org.yaml.snakeyaml.external.com.google.gdata.util.common.base.UnicodeEscaper source: jar:nested:/Users/kibong_home/Desktop/development/blog/build/libs/blog-0.0.1-SNAPSHOT.jar/!BOOT-INF/lib/snakeyaml-2.6.jar!/
[0.240s][info][class,load] org.yaml.snakeyaml.external.com.google.gdata.util.common.base.PercentEscaper source: jar:nested:/Users/kibong_home/Desktop/development/blog/build/libs/blog-0.0.1-SNAPSHOT.jar/!BOOT-INF/lib/snakeyaml-2.6.jar!/
[0.240s][info][class,load] org.yaml.snakeyaml.external.com.google.gdata.util.common.base.UnicodeEscaper$2 source: jar:nested:/Users/kibong_home/Desktop/development/blog/build/libs/blog-0.0.1-SNAPSHOT.jar/!BOOT-INF/lib/snakeyaml-2.6.jar!/
[0.240s][info][class,load] jdk.internal.module.ModulePatcher$PatchedModuleReader source: jrt:/java.base
[0.240s][info][class,load] sun.net.www.protocol.jrt.Handler source: jrt:/java.base
[0.240s][info][class,load] java.sql.Date source: jrt:/java.sql
[0.240s][info][class,load] sun.util.calendar.CalendarSystem source: shared objects file
[0.240s][info][class,load] sun.util.calendar.CalendarSystem$GregorianHolder source: shared objects file
[0.240s][info][class,load] sun.util.calendar.AbstractCalendar source: shared objects file
[0.240s][info][class,load] sun.util.calendar.BaseCalendar source: shared objects file
[0.240s][info][class,load] sun.util.calendar.Gregorian source: shared objects file
[0.240s][info][class,load] java.sql.Timestamp source: jrt:/java.sql
[0.240s][info][class,load] org.yaml.snakeyaml.constructor.SafeConstructor$ConstructYamlNull source: jar:nested:/Users/kibong_home/Desktop/development/blog/build/libs/blog-0.0.1-SNAPSHOT.jar/!BOOT-INF/lib/snakeyaml-2.6.jar!/
[0.241s][info][class,load] org.yaml.snakeyaml.constructor.SafeConstructor$ConstructYamlBool source: jar:nested:/Users/kibong_home/Desktop/development/blog/build/libs/blog-0.0.1-SNAPSHOT.jar/!BOOT-INF/lib/snakeyaml-2.6.jar!/
[0.241s][info][class,load] org.yaml.snakeyaml.constructor.SafeConstructor$ConstructYamlInt source: jar:nested:/Users/kibong_home/Desktop/development/blog/build/libs/blog-0.0.1-SNAPSHOT.jar/!BOOT-INF/lib/snakeyaml-2.6.jar!/
[0.241s][info][class,load] org.yaml.snakeyaml.constructor.SafeConstructor$ConstructYamlFloat source: jar:nested:/Users/kibong_home/Desktop/development/blog/build/libs/blog-0.0.1-SNAPSHOT.jar/!BOOT-INF/lib/snakeyaml-2.6.jar!/
[0.241s][info][class,load] org.yaml.snakeyaml.constructor.SafeConstructor$ConstructYamlBinary source: jar:nested:/Users/kibong_home/Desktop/development/blog/build/libs/blog-0.0.1-SNAPSHOT.jar/!BOOT-INF/lib/snakeyaml-2.6.jar!/
[0.241s][info][class,load] org.yaml.snakeyaml.constructor.SafeConstructor$ConstructYamlTimestamp source: jar:nested:/Users/kibong_home/Desktop/development/blog/build/libs/blog-0.0.1-SNAPSHOT.jar/!BOOT-INF/lib/snakeyaml-2.6.jar!/
[0.241s][info][class,load] org.yaml.snakeyaml.constructor.SafeConstructor$ConstructYamlOmap source: jar:nested:/Users/kibong_home/Desktop/development/blog/build/libs/blog-0.0.1-SNAPSHOT.jar/!BOOT-INF/lib/snakeyaml-2.6.jar!/
[0.241s][info][class,load] org.yaml.snakeyaml.constructor.SafeConstructor$ConstructYamlPairs source: jar:nested:/Users/kibong_home/Desktop/development/blog/build/libs/blog-0.0.1-SNAPSHOT.jar/!BOOT-INF/lib/snakeyaml-2.6.jar!/
[0.241s][info][class,load] org.yaml.snakeyaml.constructor.SafeConstructor$ConstructYamlSet source: jar:nested:/Users/kibong_home/Desktop/development/blog/build/libs/blog-0.0.1-SNAPSHOT.jar/!BOOT-INF/lib/snakeyaml-2.6.jar!/
[0.241s][info][class,load] org.yaml.snakeyaml.constructor.SafeConstructor$ConstructYamlStr source: jar:nested:/Users/kibong_home/Desktop/development/blog/build/libs/blog-0.0.1-SNAPSHOT.jar/!BOOT-INF/lib/snakeyaml-2.6.jar!/
[0.241s][info][class,load] org.yaml.snakeyaml.constructor.SafeConstructor$ConstructYamlSeq source: jar:nested:/Users/kibong_home/Desktop/development/blog/build/libs/blog-0.0.1-SNAPSHOT.jar/!BOOT-INF/lib/snakeyaml-2.6.jar!/
[0.241s][info][class,load] org.yaml.snakeyaml.constructor.SafeConstructor$ConstructYamlMap source: jar:nested:/Users/kibong_home/Desktop/development/blog/build/libs/blog-0.0.1-SNAPSHOT.jar/!BOOT-INF/lib/snakeyaml-2.6.jar!/
[0.241s][info][class,load] org.yaml.snakeyaml.DumperOptions source: jar:nested:/Users/kibong_home/Desktop/development/blog/build/libs/blog-0.0.1-SNAPSHOT.jar/!BOOT-INF/lib/snakeyaml-2.6.jar!/
[0.241s][info][class,load] org.yaml.snakeyaml.serializer.AnchorGenerator source: jar:nested:/Users/kibong_home/Desktop/development/blog/build/libs/blog-0.0.1-SNAPSHOT.jar/!BOOT-INF/lib/snakeyaml-2.6.jar!/
[0.241s][info][class,load] org.yaml.snakeyaml.DumperOptions$ScalarStyle source: jar:nested:/Users/kibong_home/Desktop/development/blog/build/libs/blog-0.0.1-SNAPSHOT.jar/!BOOT-INF/lib/snakeyaml-2.6.jar!/
[0.241s][info][class,load] org.yaml.snakeyaml.DumperOptions$FlowStyle source: jar:nested:/Users/kibong_home/Desktop/development/blog/build/libs/blog-0.0.1-SNAPSHOT.jar/!BOOT-INF/lib/snakeyaml-2.6.jar!/
[0.242s][info][class,load] org.yaml.snakeyaml.DumperOptions$LineBreak source: jar:nested:/Users/kibong_home/Desktop/development/blog/build/libs/blog-0.0.1-SNAPSHOT.jar/!BOOT-INF/lib/snakeyaml-2.6.jar!/
[0.242s][info][class,load] org.yaml.snakeyaml.DumperOptions$NonPrintableStyle source: jar:nested:/Users/kibong_home/Desktop/development/blog/build/libs/blog-0.0.1-SNAPSHOT.jar/!BOOT-INF/lib/snakeyaml-2.6.jar!/
[0.242s][info][class,load] org.yaml.snakeyaml.serializer.NumberAnchorGenerator source: jar:nested:/Users/kibong_home/Desktop/development/blog/build/libs/blog-0.0.1-SNAPSHOT.jar/!BOOT-INF/lib/snakeyaml-2.6.jar!/
[0.242s][info][class,load] org.yaml.snakeyaml.representer.BaseRepresenter source: jar:nested:/Users/kibong_home/Desktop/development/blog/build/libs/blog-0.0.1-SNAPSHOT.jar/!BOOT-INF/lib/snakeyaml-2.6.jar!/
[0.242s][info][class,load] org.yaml.snakeyaml.representer.SafeRepresenter source: jar:nested:/Users/kibong_home/Desktop/development/blog/build/libs/blog-0.0.1-SNAPSHOT.jar/!BOOT-INF/lib/snakeyaml-2.6.jar!/
[0.242s][info][class,load] org.yaml.snakeyaml.representer.Representer source: jar:nested:/Users/kibong_home/Desktop/development/blog/build/libs/blog-0.0.1-SNAPSHOT.jar/!BOOT-INF/lib/snakeyaml-2.6.jar!/
[0.242s][info][class,load] org.yaml.snakeyaml.nodes.ScalarNode source: jar:nested:/Users/kibong_home/Desktop/development/blog/build/libs/blog-0.0.1-SNAPSHOT.jar/!BOOT-INF/lib/snakeyaml-2.6.jar!/
[0.244s][info][class,load] org.yaml.snakeyaml.representer.Represent source: jar:nested:/Users/kibong_home/Desktop/development/blog/build/libs/blog-0.0.1-SNAPSHOT.jar/!BOOT-INF/lib/snakeyaml-2.6.jar!/
[0.244s][info][class,load] org.yaml.snakeyaml.representer.BaseRepresenter$1 source: jar:nested:/Users/kibong_home/Desktop/development/blog/build/libs/blog-0.0.1-SNAPSHOT.jar/!BOOT-INF/lib/snakeyaml-2.6.jar!/
[0.244s][info][class,load] org.yaml.snakeyaml.representer.SafeRepresenter$RepresentNull source: jar:nested:/Users/kibong_home/Desktop/development/blog/build/libs/blog-0.0.1-SNAPSHOT.jar/!BOOT-INF/lib/snakeyaml-2.6.jar!/
[0.244s][info][class,load] org.yaml.snakeyaml.representer.SafeRepresenter$RepresentString source: jar:nested:/Users/kibong_home/Desktop/development/blog/build/libs/blog-0.0.1-SNAPSHOT.jar/!BOOT-INF/lib/snakeyaml-2.6.jar!/
[0.244s][info][class,load] org.yaml.snakeyaml.representer.SafeRepresenter$RepresentBoolean source: jar:nested:/Users/kibong_home/Desktop/development/blog/build/libs/blog-0.0.1-SNAPSHOT.jar/!BOOT-INF/lib/snakeyaml-2.6.jar!/
[0.244s][info][class,load] org.yaml.snakeyaml.representer.SafeRepresenter$RepresentUuid source: jar:nested:/Users/kibong_home/Desktop/development/blog/build/libs/blog-0.0.1-SNAPSHOT.jar/!BOOT-INF/lib/snakeyaml-2.6.jar!/
[0.244s][info][class,load] org.yaml.snakeyaml.representer.SafeRepresenter$RepresentByteArray source: jar:nested:/Users/kibong_home/Desktop/development/blog/build/libs/blog-0.0.1-SNAPSHOT.jar/!BOOT-INF/lib/snakeyaml-2.6.jar!/
[0.244s][info][class,load] org.yaml.snakeyaml.representer.SafeRepresenter$RepresentPrimitiveArray source: jar:nested:/Users/kibong_home/Desktop/development/blog/build/libs/blog-0.0.1-SNAPSHOT.jar/!BOOT-INF/lib/snakeyaml-2.6.jar!/
[0.244s][info][class,load] org.yaml.snakeyaml.representer.SafeRepresenter$RepresentNumber source: jar:nested:/Users/kibong_home/Desktop/development/blog/build/libs/blog-0.0.1-SNAPSHOT.jar/!BOOT-INF/lib/snakeyaml-2.6.jar!/
[0.244s][info][class,load] org.yaml.snakeyaml.representer.SafeRepresenter$RepresentList source: jar:nested:/Users/kibong_home/Desktop/development/blog/build/libs/blog-0.0.1-SNAPSHOT.jar/!BOOT-INF/lib/snakeyaml-2.6.jar!/
[0.244s][info][class,load] org.yaml.snakeyaml.representer.SafeRepresenter$RepresentMap source: jar:nested:/Users/kibong_home/Desktop/development/blog/build/libs/blog-0.0.1-SNAPSHOT.jar/!BOOT-INF/lib/snakeyaml-2.6.jar!/
[0.244s][info][class,load] org.yaml.snakeyaml.representer.SafeRepresenter$RepresentSet source: jar:nested:/Users/kibong_home/Desktop/development/blog/build/libs/blog-0.0.1-SNAPSHOT.jar/!BOOT-INF/lib/snakeyaml-2.6.jar!/
[0.244s][info][class,load] org.yaml.snakeyaml.representer.SafeRepresenter$RepresentIterator source: jar:nested:/Users/kibong_home/Desktop/development/blog/build/libs/blog-0.0.1-SNAPSHOT.jar/!BOOT-INF/lib/snakeyaml-2.6.jar!/
[0.244s][info][class,load] org.yaml.snakeyaml.representer.SafeRepresenter$RepresentArray source: jar:nested:/Users/kibong_home/Desktop/development/blog/build/libs/blog-0.0.1-SNAPSHOT.jar/!BOOT-INF/lib/snakeyaml-2.6.jar!/
[0.245s][info][class,load] org.yaml.snakeyaml.representer.SafeRepresenter$RepresentDate source: jar:nested:/Users/kibong_home/Desktop/development/blog/build/libs/blog-0.0.1-SNAPSHOT.jar/!BOOT-INF/lib/snakeyaml-2.6.jar!/
[0.245s][info][class,load] org.yaml.snakeyaml.representer.SafeRepresenter$RepresentEnum source: jar:nested:/Users/kibong_home/Desktop/development/blog/build/libs/blog-0.0.1-SNAPSHOT.jar/!BOOT-INF/lib/snakeyaml-2.6.jar!/
[0.245s][info][class,load] org.yaml.snakeyaml.representer.Representer$RepresentJavaBean source: jar:nested:/Users/kibong_home/Desktop/development/blog/build/libs/blog-0.0.1-SNAPSHOT.jar/!BOOT-INF/lib/snakeyaml-2.6.jar!/
[0.245s][info][class,load] java.util.regex.Pattern$Loop source: jrt:/java.base
[0.245s][info][class,load] java.util.regex.Pattern$Prolog source: jrt:/java.base
[0.245s][info][class,load] org.yaml.snakeyaml.resolver.ResolverTuple source: jar:nested:/Users/kibong_home/Desktop/development/blog/build/libs/blog-0.0.1-SNAPSHOT.jar/!BOOT-INF/lib/snakeyaml-2.6.jar!/
[0.245s][info][class,load] org.yaml.snakeyaml.emitter.Emitable source: jar:nested:/Users/kibong_home/Desktop/development/blog/build/libs/blog-0.0.1-SNAPSHOT.jar/!BOOT-INF/lib/snakeyaml-2.6.jar!/
[0.245s][info][class,load] java.io.StringWriter source: jrt:/java.base
[0.245s][info][class,load] org.yaml.snakeyaml.parser.Parser source: jar:nested:/Users/kibong_home/Desktop/development/blog/build/libs/blog-0.0.1-SNAPSHOT.jar/!BOOT-INF/lib/snakeyaml-2.6.jar!/
[0.245s][info][class,load] java.io.StringReader source: jrt:/java.base
[0.245s][info][class,load] org.yaml.snakeyaml.introspector.PropertyUtils source: jar:nested:/Users/kibong_home/Desktop/development/blog/build/libs/blog-0.0.1-SNAPSHOT.jar/!BOOT-INF/lib/snakeyaml-2.6.jar!/
[0.245s][info][class,load] org.yaml.snakeyaml.introspector.Property source: jar:nested:/Users/kibong_home/Desktop/development/blog/build/libs/blog-0.0.1-SNAPSHOT.jar/!BOOT-INF/lib/snakeyaml-2.6.jar!/
[0.245s][info][class,load] org.yaml.snakeyaml.introspector.MissingProperty source: jar:nested:/Users/kibong_home/Desktop/development/blog/build/libs/blog-0.0.1-SNAPSHOT.jar/!BOOT-INF/lib/snakeyaml-2.6.jar!/
[0.245s][info][class,load] org.yaml.snakeyaml.util.PlatformFeatureDetector source: jar:nested:/Users/kibong_home/Desktop/development/blog/build/libs/blog-0.0.1-SNAPSHOT.jar/!BOOT-INF/lib/snakeyaml-2.6.jar!/
[0.246s][info][class,load] org.yaml.snakeyaml.introspector.BeanAccess source: jar:nested:/Users/kibong_home/Desktop/development/blog/build/libs/blog-0.0.1-SNAPSHOT.jar/!BOOT-INF/lib/snakeyaml-2.6.jar!/
[0.246s][info][class,load] java.beans.Introspector source: jrt:/java.desktop
[0.246s][info][class,load] java.beans.FeatureDescriptor source: jrt:/java.desktop
[0.246s][info][class,load] java.beans.EventSetDescriptor source: jrt:/java.desktop
[0.246s][info][class,load] jdk.internal.access.JavaBeansAccess source: jrt:/java.base
[0.246s][info][class,load] java.beans.Introspector$1 source: jrt:/java.desktop
[0.246s][info][class,load] java.io.PushbackInputStream source: jrt:/java.base
[0.246s][info][class,load] org.yaml.snakeyaml.composer.Composer source: jar:nested:/Users/kibong_home/Desktop/development/blog/build/libs/blog-0.0.1-SNAPSHOT.jar/!BOOT-INF/lib/snakeyaml-2.6.jar!/
[0.246s][info][class,load] org.yaml.snakeyaml.composer.ComposerException source: jar:nested:/Users/kibong_home/Desktop/development/blog/build/libs/blog-0.0.1-SNAPSHOT.jar/!BOOT-INF/lib/snakeyaml-2.6.jar!/
[0.246s][info][class,load] org.yaml.snakeyaml.util.MergeUtils source: jar:nested:/Users/kibong_home/Desktop/development/blog/build/libs/blog-0.0.1-SNAPSHOT.jar/!BOOT-INF/lib/snakeyaml-2.6.jar!/
[0.246s][info][class,load] org.yaml.snakeyaml.composer.Composer$1 source: jar:nested:/Users/kibong_home/Desktop/development/blog/build/libs/blog-0.0.1-SNAPSHOT.jar/!BOOT-INF/lib/snakeyaml-2.6.jar!/
[0.246s][info][class,load] org.yaml.snakeyaml.parser.ParserImpl source: jar:nested:/Users/kibong_home/Desktop/development/blog/build/libs/blog-0.0.1-SNAPSHOT.jar/!BOOT-INF/lib/snakeyaml-2.6.jar!/
[0.246s][info][class,load] org.yaml.snakeyaml.parser.ParserException source: jar:nested:/Users/kibong_home/Desktop/development/blog/build/libs/blog-0.0.1-SNAPSHOT.jar/!BOOT-INF/lib/snakeyaml-2.6.jar!/
[0.246s][info][class,load] org.yaml.snakeyaml.events.Event source: jar:nested:/Users/kibong_home/Desktop/development/blog/build/libs/blog-0.0.1-SNAPSHOT.jar/!BOOT-INF/lib/snakeyaml-2.6.jar!/
[0.247s][info][class,load] org.yaml.snakeyaml.events.NodeEvent source: jar:nested:/Users/kibong_home/Desktop/development/blog/build/libs/blog-0.0.1-SNAPSHOT.jar/!BOOT-INF/lib/snakeyaml-2.6.jar!/
[0.247s][info][class,load] org.yaml.snakeyaml.events.AliasEvent source: jar:nested:/Users/kibong_home/Desktop/development/blog/build/libs/blog-0.0.1-SNAPSHOT.jar/!BOOT-INF/lib/snakeyaml-2.6.jar!/
[0.247s][info][class,load] org.yaml.snakeyaml.parser.Production source: jar:nested:/Users/kibong_home/Desktop/development/blog/build/libs/blog-0.0.1-SNAPSHOT.jar/!BOOT-INF/lib/snakeyaml-2.6.jar!/
[0.247s][info][class,load] org.yaml.snakeyaml.events.CollectionStartEvent source: jar:nested:/Users/kibong_home/Desktop/development/blog/build/libs/blog-0.0.1-SNAPSHOT.jar/!BOOT-INF/lib/snakeyaml-2.6.jar!/
[0.247s][info][class,load] org.yaml.snakeyaml.events.SequenceStartEvent source: jar:nested:/Users/kibong_home/Desktop/development/blog/build/libs/blog-0.0.1-SNAPSHOT.jar/!BOOT-INF/lib/snakeyaml-2.6.jar!/
[0.247s][info][class,load] org.yaml.snakeyaml.events.ScalarEvent source: jar:nested:/Users/kibong_home/Desktop/development/blog/build/libs/blog-0.0.1-SNAPSHOT.jar/!BOOT-INF/lib/snakeyaml-2.6.jar!/
[0.247s][info][class,load] org.yaml.snakeyaml.events.MappingStartEvent source: jar:nested:/Users/kibong_home/Desktop/development/blog/build/libs/blog-0.0.1-SNAPSHOT.jar/!BOOT-INF/lib/snakeyaml-2.6.jar!/
[0.247s][info][class,load] org.yaml.snakeyaml.scanner.Scanner source: jar:nested:/Users/kibong_home/Desktop/development/blog/build/libs/blog-0.0.1-SNAPSHOT.jar/!BOOT-INF/lib/snakeyaml-2.6.jar!/
[0.247s][info][class,load] org.yaml.snakeyaml.reader.StreamReader source: jar:nested:/Users/kibong_home/Desktop/development/blog/build/libs/blog-0.0.1-SNAPSHOT.jar/!BOOT-INF/lib/snakeyaml-2.6.jar!/
[0.247s][info][class,load] org.yaml.snakeyaml.reader.ReaderException source: jar:nested:/Users/kibong_home/Desktop/development/blog/build/libs/blog-0.0.1-SNAPSHOT.jar/!BOOT-INF/lib/snakeyaml-2.6.jar!/
[0.247s][info][class,load] org.yaml.snakeyaml.scanner.ScannerImpl source: jar:nested:/Users/kibong_home/Desktop/development/blog/build/libs/blog-0.0.1-SNAPSHOT.jar/!BOOT-INF/lib/snakeyaml-2.6.jar!/
[0.247s][info][class,load] org.yaml.snakeyaml.scanner.ScannerException source: jar:nested:/Users/kibong_home/Desktop/development/blog/build/libs/blog-0.0.1-SNAPSHOT.jar/!BOOT-INF/lib/snakeyaml-2.6.jar!/
[0.247s][info][class,load] org.yaml.snakeyaml.tokens.Token source: jar:nested:/Users/kibong_home/Desktop/development/blog/build/libs/blog-0.0.1-SNAPSHOT.jar/!BOOT-INF/lib/snakeyaml-2.6.jar!/
[0.247s][info][class,load] org.yaml.snakeyaml.tokens.DocumentStartToken source: jar:nested:/Users/kibong_home/Desktop/development/blog/build/libs/blog-0.0.1-SNAPSHOT.jar/!BOOT-INF/lib/snakeyaml-2.6.jar!/
[0.247s][info][class,load] org.yaml.snakeyaml.tokens.DocumentEndToken source: jar:nested:/Users/kibong_home/Desktop/development/blog/build/libs/blog-0.0.1-SNAPSHOT.jar/!BOOT-INF/lib/snakeyaml-2.6.jar!/
[0.247s][info][class,load] org.yaml.snakeyaml.tokens.FlowMappingStartToken source: jar:nested:/Users/kibong_home/Desktop/development/blog/build/libs/blog-0.0.1-SNAPSHOT.jar/!BOOT-INF/lib/snakeyaml-2.6.jar!/
[0.247s][info][class,load] org.yaml.snakeyaml.tokens.FlowSequenceStartToken source: jar:nested:/Users/kibong_home/Desktop/development/blog/build/libs/blog-0.0.1-SNAPSHOT.jar/!BOOT-INF/lib/snakeyaml-2.6.jar!/
[0.248s][info][class,load] org.yaml.snakeyaml.tokens.FlowMappingEndToken source: jar:nested:/Users/kibong_home/Desktop/development/blog/build/libs/blog-0.0.1-SNAPSHOT.jar/!BOOT-INF/lib/snakeyaml-2.6.jar!/
[0.248s][info][class,load] org.yaml.snakeyaml.tokens.FlowSequenceEndToken source: jar:nested:/Users/kibong_home/Desktop/development/blog/build/libs/blog-0.0.1-SNAPSHOT.jar/!BOOT-INF/lib/snakeyaml-2.6.jar!/
[0.248s][info][class,load] org.yaml.snakeyaml.tokens.BlockEndToken source: jar:nested:/Users/kibong_home/Desktop/development/blog/build/libs/blog-0.0.1-SNAPSHOT.jar/!BOOT-INF/lib/snakeyaml-2.6.jar!/
[0.248s][info][class,load] org.yaml.snakeyaml.tokens.StreamStartToken source: jar:nested:/Users/kibong_home/Desktop/development/blog/build/libs/blog-0.0.1-SNAPSHOT.jar/!BOOT-INF/lib/snakeyaml-2.6.jar!/
[0.248s][info][class,load] org.yaml.snakeyaml.tokens.StreamEndToken source: jar:nested:/Users/kibong_home/Desktop/development/blog/build/libs/blog-0.0.1-SNAPSHOT.jar/!BOOT-INF/lib/snakeyaml-2.6.jar!/
[0.248s][info][class,load] org.yaml.snakeyaml.tokens.FlowEntryToken source: jar:nested:/Users/kibong_home/Desktop/development/blog/build/libs/blog-0.0.1-SNAPSHOT.jar/!BOOT-INF/lib/snakeyaml-2.6.jar!/
[0.248s][info][class,load] org.yaml.snakeyaml.tokens.BlockSequenceStartToken source: jar:nested:/Users/kibong_home/Desktop/development/blog/build/libs/blog-0.0.1-SNAPSHOT.jar/!BOOT-INF/lib/snakeyaml-2.6.jar!/
[0.248s][info][class,load] org.yaml.snakeyaml.tokens.BlockEntryToken source: jar:nested:/Users/kibong_home/Desktop/development/blog/build/libs/blog-0.0.1-SNAPSHOT.jar/!BOOT-INF/lib/snakeyaml-2.6.jar!/
[0.248s][info][class,load] org.yaml.snakeyaml.tokens.BlockMappingStartToken source: jar:nested:/Users/kibong_home/Desktop/development/blog/build/libs/blog-0.0.1-SNAPSHOT.jar/!BOOT-INF/lib/snakeyaml-2.6.jar!/
[0.248s][info][class,load] org.yaml.snakeyaml.tokens.KeyToken source: jar:nested:/Users/kibong_home/Desktop/development/blog/build/libs/blog-0.0.1-SNAPSHOT.jar/!BOOT-INF/lib/snakeyaml-2.6.jar!/
[0.248s][info][class,load] org.yaml.snakeyaml.tokens.ValueToken source: jar:nested:/Users/kibong_home/Desktop/development/blog/build/libs/blog-0.0.1-SNAPSHOT.jar/!BOOT-INF/lib/snakeyaml-2.6.jar!/
[0.248s][info][class,load] org.yaml.snakeyaml.tokens.CommentToken source: jar:nested:/Users/kibong_home/Desktop/development/blog/build/libs/blog-0.0.1-SNAPSHOT.jar/!BOOT-INF/lib/snakeyaml-2.6.jar!/
[0.248s][info][class,load] org.yaml.snakeyaml.tokens.AnchorToken source: jar:nested:/Users/kibong_home/Desktop/development/blog/build/libs/blog-0.0.1-SNAPSHOT.jar/!BOOT-INF/lib/snakeyaml-2.6.jar!/
[0.248s][info][class,load] org.yaml.snakeyaml.tokens.AliasToken source: jar:nested:/Users/kibong_home/Desktop/development/blog/build/libs/blog-0.0.1-SNAPSHOT.jar/!BOOT-INF/lib/snakeyaml-2.6.jar!/
[0.248s][info][class,load] org.yaml.snakeyaml.tokens.TagToken source: jar:nested:/Users/kibong_home/Desktop/development/blog/build/libs/blog-0.0.1-SNAPSHOT.jar/!BOOT-INF/lib/snakeyaml-2.6.jar!/
[0.248s][info][class,load] org.yaml.snakeyaml.tokens.ScalarToken source: jar:nested:/Users/kibong_home/Desktop/development/blog/build/libs/blog-0.0.1-SNAPSHOT.jar/!BOOT-INF/lib/snakeyaml-2.6.jar!/
[0.248s][info][class,load] java.nio.charset.CharacterCodingException source: jrt:/java.base
[0.248s][info][class,load] org.yaml.snakeyaml.util.ArrayStack source: jar:nested:/Users/kibong_home/Desktop/development/blog/build/libs/blog-0.0.1-SNAPSHOT.jar/!BOOT-INF/lib/snakeyaml-2.6.jar!/
[0.248s][info][class,load] org.yaml.snakeyaml.error.Mark source: jar:nested:/Users/kibong_home/Desktop/development/blog/build/libs/blog-0.0.1-SNAPSHOT.jar/!BOOT-INF/lib/snakeyaml-2.6.jar!/
[0.248s][info][class,load] org.yaml.snakeyaml.parser.VersionTagsTuple source: jar:nested:/Users/kibong_home/Desktop/development/blog/build/libs/blog-0.0.1-SNAPSHOT.jar/!BOOT-INF/lib/snakeyaml-2.6.jar!/
[0.248s][info][class,load] org.yaml.snakeyaml.parser.ParserImpl$ParseStreamStart source: jar:nested:/Users/kibong_home/Desktop/development/blog/build/libs/blog-0.0.1-SNAPSHOT.jar/!BOOT-INF/lib/snakeyaml-2.6.jar!/
[0.249s][info][class,load] org.yaml.snakeyaml.events.StreamStartEvent source: jar:nested:/Users/kibong_home/Desktop/development/blog/build/libs/blog-0.0.1-SNAPSHOT.jar/!BOOT-INF/lib/snakeyaml-2.6.jar!/
[0.249s][info][class,load] org.yaml.snakeyaml.comments.CommentEventsCollector source: jar:nested:/Users/kibong_home/Desktop/development/blog/build/libs/blog-0.0.1-SNAPSHOT.jar/!BOOT-INF/lib/snakeyaml-2.6.jar!/
[0.249s][info][class,load] org.yaml.snakeyaml.comments.CommentType source: jar:nested:/Users/kibong_home/Desktop/development/blog/build/libs/blog-0.0.1-SNAPSHOT.jar/!BOOT-INF/lib/snakeyaml-2.6.jar!/
[0.249s][info][class,load] org.yaml.snakeyaml.comments.CommentEventsCollector$1 source: jar:nested:/Users/kibong_home/Desktop/development/blog/build/libs/blog-0.0.1-SNAPSHOT.jar/!BOOT-INF/lib/snakeyaml-2.6.jar!/
[0.249s][info][class,load] org.yaml.snakeyaml.Yaml$1 source: jar:nested:/Users/kibong_home/Desktop/development/blog/build/libs/blog-0.0.1-SNAPSHOT.jar/!BOOT-INF/lib/snakeyaml-2.6.jar!/
[0.249s][info][class,load] org.yaml.snakeyaml.Yaml$YamlIterable source: jar:nested:/Users/kibong_home/Desktop/development/blog/build/libs/blog-0.0.1-SNAPSHOT.jar/!BOOT-INF/lib/snakeyaml-2.6.jar!/
[0.249s][info][class,load] org.yaml.snakeyaml.events.Event$ID source: jar:nested:/Users/kibong_home/Desktop/development/blog/build/libs/blog-0.0.1-SNAPSHOT.jar/!BOOT-INF/lib/snakeyaml-2.6.jar!/
[0.249s][info][class,load] org.yaml.snakeyaml.parser.ParserImpl$ParseImplicitDocumentStart source: jar:nested:/Users/kibong_home/Desktop/development/blog/build/libs/blog-0.0.1-SNAPSHOT.jar/!BOOT-INF/lib/snakeyaml-2.6.jar!/
[0.249s][info][class,load] org.yaml.snakeyaml.events.CommentEvent source: jar:nested:/Users/kibong_home/Desktop/development/blog/build/libs/blog-0.0.1-SNAPSHOT.jar/!BOOT-INF/lib/snakeyaml-2.6.jar!/
[0.249s][info][class,load] org.yaml.snakeyaml.events.DocumentStartEvent source: jar:nested:/Users/kibong_home/Desktop/development/blog/build/libs/blog-0.0.1-SNAPSHOT.jar/!BOOT-INF/lib/snakeyaml-2.6.jar!/
[0.249s][info][class,load] org.yaml.snakeyaml.tokens.Token$ID source: jar:nested:/Users/kibong_home/Desktop/development/blog/build/libs/blog-0.0.1-SNAPSHOT.jar/!BOOT-INF/lib/snakeyaml-2.6.jar!/
[0.249s][info][class,load] org.yaml.snakeyaml.scanner.Constant source: jar:nested:/Users/kibong_home/Desktop/development/blog/build/libs/blog-0.0.1-SNAPSHOT.jar/!BOOT-INF/lib/snakeyaml-2.6.jar!/
[0.249s][info][class,load] org.yaml.snakeyaml.scanner.SimpleKey source: jar:nested:/Users/kibong_home/Desktop/development/blog/build/libs/blog-0.0.1-SNAPSHOT.jar/!BOOT-INF/lib/snakeyaml-2.6.jar!/
[0.250s][info][class,load] org.yaml.snakeyaml.parser.ParserImpl$ParseDocumentEnd source: jar:nested:/Users/kibong_home/Desktop/development/blog/build/libs/blog-0.0.1-SNAPSHOT.jar/!BOOT-INF/lib/snakeyaml-2.6.jar!/
[0.250s][info][class,load] org.yaml.snakeyaml.events.DocumentEndEvent source: jar:nested:/Users/kibong_home/Desktop/development/blog/build/libs/blog-0.0.1-SNAPSHOT.jar/!BOOT-INF/lib/snakeyaml-2.6.jar!/
[0.250s][info][class,load] org.yaml.snakeyaml.parser.ParserImpl$ParseBlockNode source: jar:nested:/Users/kibong_home/Desktop/development/blog/build/libs/blog-0.0.1-SNAPSHOT.jar/!BOOT-INF/lib/snakeyaml-2.6.jar!/
[0.250s][info][class,load] org.yaml.snakeyaml.parser.ParserImpl$ParseBlockMappingFirstKey source: jar:nested:/Users/kibong_home/Desktop/development/blog/build/libs/blog-0.0.1-SNAPSHOT.jar/!BOOT-INF/lib/snakeyaml-2.6.jar!/
[0.250s][info][class,load] org.yaml.snakeyaml.resolver.Resolver$1 source: jar:nested:/Users/kibong_home/Desktop/development/blog/build/libs/blog-0.0.1-SNAPSHOT.jar/!BOOT-INF/lib/snakeyaml-2.6.jar!/
[0.250s][info][class,load] org.yaml.snakeyaml.parser.ParserImpl$ParseBlockMappingKey source: jar:nested:/Users/kibong_home/Desktop/development/blog/build/libs/blog-0.0.1-SNAPSHOT.jar/!BOOT-INF/lib/snakeyaml-2.6.jar!/
[0.250s][info][class,load] org.yaml.snakeyaml.events.CollectionEndEvent source: jar:nested:/Users/kibong_home/Desktop/development/blog/build/libs/blog-0.0.1-SNAPSHOT.jar/!BOOT-INF/lib/snakeyaml-2.6.jar!/
[0.250s][info][class,load] org.yaml.snakeyaml.events.MappingEndEvent source: jar:nested:/Users/kibong_home/Desktop/development/blog/build/libs/blog-0.0.1-SNAPSHOT.jar/!BOOT-INF/lib/snakeyaml-2.6.jar!/
[0.250s][info][class,load] org.yaml.snakeyaml.parser.ParserImpl$ParseBlockMappingValue source: jar:nested:/Users/kibong_home/Desktop/development/blog/build/libs/blog-0.0.1-SNAPSHOT.jar/!BOOT-INF/lib/snakeyaml-2.6.jar!/
[0.250s][info][class,load] org.yaml.snakeyaml.events.ImplicitTuple source: jar:nested:/Users/kibong_home/Desktop/development/blog/build/libs/blog-0.0.1-SNAPSHOT.jar/!BOOT-INF/lib/snakeyaml-2.6.jar!/
[0.250s][info][class,load] org.yaml.snakeyaml.nodes.NodeTuple source: jar:nested:/Users/kibong_home/Desktop/development/blog/build/libs/blog-0.0.1-SNAPSHOT.jar/!BOOT-INF/lib/snakeyaml-2.6.jar!/
[0.250s][info][class,load] org.yaml.snakeyaml.parser.ParserImpl$ParseDocumentStart source: jar:nested:/Users/kibong_home/Desktop/development/blog/build/libs/blog-0.0.1-SNAPSHOT.jar/!BOOT-INF/lib/snakeyaml-2.6.jar!/
[0.250s][info][class,load] org.yaml.snakeyaml.events.StreamEndEvent source: jar:nested:/Users/kibong_home/Desktop/development/blog/build/libs/blog-0.0.1-SNAPSHOT.jar/!BOOT-INF/lib/snakeyaml-2.6.jar!/
[0.250s][info][class,load] org.springframework.boot.env.OriginTrackedYamlLoader$KeyScalarNode source: jar:nested:/Users/kibong_home/Desktop/development/blog/build/libs/blog-0.0.1-SNAPSHOT.jar/!BOOT-INF/lib/spring-boot-4.1.1.jar!/
[0.250s][info][class,load] java.util.TreeMap$NavigableSubMap source: jrt:/java.base
[0.250s][info][class,load] java.util.TreeMap$DescendingSubMap source: jrt:/java.base
[0.251s][info][class,load] java.util.Collections$ReverseComparator source: jrt:/java.base
[0.251s][info][class,load] java.util.TreeMap$KeySet source: jrt:/java.base
[0.251s][info][class,load] java.util.TreeMap$NavigableSubMap$SubMapIterator source: jrt:/java.base
[0.251s][info][class,load] java.util.TreeMap$NavigableSubMap$DescendingSubMapKeyIterator source: jrt:/java.base
[0.251s][info][class,load] org.springframework.boot.origin.TextResourceOrigin$Location source: jar:nested:/Users/kibong_home/Desktop/development/blog/build/libs/blog-0.0.1-SNAPSHOT.jar/!BOOT-INF/lib/spring-boot-4.1.1.jar!/
[0.251s][info][class,load] org.springframework.boot.origin.TextResourceOrigin source: jar:nested:/Users/kibong_home/Desktop/development/blog/build/libs/blog-0.0.1-SNAPSHOT.jar/!BOOT-INF/lib/spring-boot-4.1.1.jar!/
[0.251s][info][class,load] org.springframework.boot.origin.OriginTrackedValue source: jar:nested:/Users/kibong_home/Desktop/development/blog/build/libs/blog-0.0.1-SNAPSHOT.jar/!BOOT-INF/lib/spring-boot-4.1.1.jar!/
[0.251s][info][class,load] org.springframework.boot.origin.OriginTrackedValue$OriginTrackedCharSequence source: jar:nested:/Users/kibong_home/Desktop/development/blog/build/libs/blog-0.0.1-SNAPSHOT.jar/!BOOT-INF/lib/spring-boot-4.1.1.jar!/
[0.251s][info][class,load] org.springframework.beans.factory.config.YamlProcessor$$Lambda/0x00000f000113aae8 source: org.springframework.beans.factory.config.YamlProcessor
[0.251s][info][class,load] org.springframework.core.CollectionFactory source: jar:nested:/Users/kibong_home/Desktop/development/blog/build/libs/blog-0.0.1-SNAPSHOT.jar/!BOOT-INF/lib/spring-core-7.0.9.jar!/
[0.252s][info][class,load] org.springframework.core.SortedProperties source: jar:nested:/Users/kibong_home/Desktop/development/blog/build/libs/blog-0.0.1-SNAPSHOT.jar/!BOOT-INF/lib/spring-core-7.0.9.jar!/
[0.252s][info][class,load] org.springframework.core.CollectionFactory$1 source: jar:nested:/Users/kibong_home/Desktop/development/blog/build/libs/blog-0.0.1-SNAPSHOT.jar/!BOOT-INF/lib/spring-core-7.0.9.jar!/
[0.252s][info][class,load] java.util.AbstractSequentialList source: jrt:/java.base
[0.252s][info][class,load] java.util.LinkedList source: jrt:/java.base
[0.252s][info][class,load] org.springframework.core.SortedProperties$$Lambda/0x00000f000113b808 source: org.springframework.core.SortedProperties
[0.252s][info][class,load] java.util.Map$Entry$$Lambda/0x00000f00010ee710 source: java.util.Map
[0.252s][info][class,load] java.lang.invoke.LambdaForm$DMH/0x00000f000113c000 source: __JVM_LookupDefineClass__
[0.252s][info][class,load] org.springframework.beans.factory.config.YamlProcessor$$Lambda/0x00000f000113ba50 source: org.springframework.beans.factory.config.YamlProcessor
[0.252s][info][class,load] java.lang.invoke.LambdaForm$DMH/0x00000f000113c400 source: __JVM_LookupDefineClass__
[0.252s][info][class,load] java.lang.invoke.LambdaForm$DMH/0x00000f000113c800 source: __JVM_LookupDefineClass__
[0.252s][info][class,load] java.lang.invoke.LambdaForm$MH/0x00000f000113cc00 source: __JVM_LookupDefineClass__
[0.253s][info][class,load] org.springframework.boot.env.OriginTrackedMapPropertySource source: jar:nested:/Users/kibong_home/Desktop/development/blog/build/libs/blog-0.0.1-SNAPSHOT.jar/!BOOT-INF/lib/spring-boot-4.1.1.jar!/
[0.253s][info][class,load] org.springframework.boot.context.config.ConfigDataEnvironmentContributorPlaceholdersResolver source: jar:nested:/Users/kibong_home/Desktop/development/blog/build/libs/blog-0.0.1-SNAPSHOT.jar/!BOOT-INF/lib/spring-boot-4.1.1.jar!/
[0.253s][info][class,load] org.springframework.boot.context.properties.bind.AbstractBindHandler source: jar:nested:/Users/kibong_home/Desktop/development/blog/build/libs/blog-0.0.1-SNAPSHOT.jar/!BOOT-INF/lib/spring-boot-4.1.1.jar!/
[0.253s][info][class,load] org.springframework.boot.context.config.ConfigDataLocationBindHandler source: jar:nested:/Users/kibong_home/Desktop/development/blog/build/libs/blog-0.0.1-SNAPSHOT.jar/!BOOT-INF/lib/spring-boot-4.1.1.jar!/
[0.253s][info][class,load] org.springframework.boot.context.properties.bind.ValueObjectBinder$ValueObject$CacheKey source: jar:nested:/Users/kibong_home/Desktop/development/blog/build/libs/blog-0.0.1-SNAPSHOT.jar/!BOOT-INF/lib/spring-boot-4.1.1.jar!/
[0.253s][info][class,load] org.springframework.boot.context.properties.bind.DefaultBindConstructorProvider$Constructors source: jar:nested:/Users/kibong_home/Desktop/development/blog/build/libs/blog-0.0.1-SNAPSHOT.jar/!BOOT-INF/lib/spring-boot-4.1.1.jar!/
[0.254s][info][class,load] org.springframework.boot.context.config.ConfigDataProperties$Activate source: jar:nested:/Users/kibong_home/Desktop/development/blog/build/libs/blog-0.0.1-SNAPSHOT.jar/!BOOT-INF/lib/spring-boot-4.1.1.jar!/
[0.254s][info][class,load] org.springframework.boot.context.properties.bind.DefaultBindConstructorProvider$Constructors$$Lambda/0x00000f000113ed78 source: org.springframework.boot.context.properties.bind.DefaultBindConstructorProvider
[0.254s][info][class,load] org.springframework.boot.context.properties.bind.DefaultBindConstructorProvider$Constructors$$Lambda/0x00000f000113efc0 source: org.springframework.boot.context.properties.bind.DefaultBindConstructorProvider
[0.254s][info][class,load] org.springframework.beans.factory.annotation.Autowired source: jar:nested:/Users/kibong_home/Desktop/development/blog/build/libs/blog-0.0.1-SNAPSHOT.jar/!BOOT-INF/lib/spring-beans-7.0.9.jar!/
[0.254s][info][class,load] org.springframework.boot.context.properties.bind.DefaultBindConstructorProvider$Constructors$$Lambda/0x00000f000113f420 source: org.springframework.boot.context.properties.bind.DefaultBindConstructorProvider
[0.254s][info][class,load] org.springframework.boot.context.properties.bind.DefaultBindConstructorProvider$Constructors$$Lambda/0x00000f000113f678 source: org.springframework.boot.context.properties.bind.DefaultBindConstructorProvider
[0.254s][info][class,load] org.springframework.boot.context.properties.bind.ConstructorBinding source: jar:nested:/Users/kibong_home/Desktop/development/blog/build/libs/blog-0.0.1-SNAPSHOT.jar/!BOOT-INF/lib/spring-boot-4.1.1.jar!/
[0.254s][info][class,load] org.springframework.boot.context.properties.bind.DefaultBindConstructorProvider$Constructors$$Lambda/0x00000f000113fca8 source: org.springframework.boot.context.properties.bind.DefaultBindConstructorProvider
[0.254s][info][class,load] org.springframework.boot.context.properties.bind.ValueObjectBinder$DefaultValueObject source: jar:nested:/Users/kibong_home/Desktop/development/blog/build/libs/blog-0.0.1-SNAPSHOT.jar/!BOOT-INF/lib/spring-boot-4.1.1.jar!/
[0.254s][info][class,load] java.lang.reflect.Executable$ParameterData source: jrt:/java.base
[0.254s][info][class,load] org.springframework.boot.context.properties.bind.Name source: jar:nested:/Users/kibong_home/Desktop/development/blog/build/libs/blog-0.0.1-SNAPSHOT.jar/!BOOT-INF/lib/spring-boot-4.1.1.jar!/
[0.255s][info][class,load] jdk.proxy2.$Proxy5 source: __dynamic_proxy__
[0.255s][info][class,load] org.springframework.core.MethodParameter source: jar:nested:/Users/kibong_home/Desktop/development/blog/build/libs/blog-0.0.1-SNAPSHOT.jar/!BOOT-INF/lib/spring-core-7.0.9.jar!/
[0.255s][info][class,load] org.springframework.core.MethodParameter$FieldAwareConstructorParameter source: jar:nested:/Users/kibong_home/Desktop/development/blog/build/libs/blog-0.0.1-SNAPSHOT.jar/!BOOT-INF/lib/spring-core-7.0.9.jar!/
[0.255s][info][class,load] org.springframework.core.MethodParameter$$Lambda/0x00000f000113dd30 source: org.springframework.core.MethodParameter
[0.255s][info][class,load] org.springframework.core.SerializableTypeWrapper$MethodParameterTypeProvider source: jar:nested:/Users/kibong_home/Desktop/development/blog/build/libs/blog-0.0.1-SNAPSHOT.jar/!BOOT-INF/lib/spring-core-7.0.9.jar!/
[0.255s][info][class,load] sun.reflect.generics.scope.ConstructorScope source: jrt:/java.base
[0.255s][info][class,load] sun.reflect.generics.repository.ConstructorRepository source: jrt:/java.base
[0.255s][info][class,load] sun.reflect.generics.tree.VoidDescriptor source: jrt:/java.base
[0.256s][info][class,load] sun.reflect.generics.tree.MethodTypeSignature source: jrt:/java.base
[0.256s][info][class,load] org.springframework.core.SerializableTypeWrapper$TypeProxyInvocationHandler source: jar:nested:/Users/kibong_home/Desktop/development/blog/build/libs/blog-0.0.1-SNAPSHOT.jar/!BOOT-INF/lib/spring-core-7.0.9.jar!/
[0.256s][info][class,load] java.lang.reflect.Proxy$$Lambda/0x00000f00010ef908 source: java.lang.reflect.Proxy
[0.256s][info][class,load] org.springframework.core.$Proxy6 source: __dynamic_proxy__
[0.256s][info][class,load] org.springframework.core.SerializableTypeWrapper$MethodInvokeTypeProvider source: jar:nested:/Users/kibong_home/Desktop/development/blog/build/libs/blog-0.0.1-SNAPSHOT.jar/!BOOT-INF/lib/spring-core-7.0.9.jar!/
[0.256s][info][class,load] org.springframework.boot.context.properties.bind.ValueObjectBinder$ConstructorParameter source: jar:nested:/Users/kibong_home/Desktop/development/blog/build/libs/blog-0.0.1-SNAPSHOT.jar/!BOOT-INF/lib/spring-boot-4.1.1.jar!/
[0.256s][info][class,load] org.springframework.boot.context.properties.bind.DataObjectPropertyName source: jar:nested:/Users/kibong_home/Desktop/development/blog/build/libs/blog-0.0.1-SNAPSHOT.jar/!BOOT-INF/lib/spring-boot-4.1.1.jar!/
[0.257s][info][class,load] org.springframework.boot.context.properties.bind.DefaultValue source: jar:nested:/Users/kibong_home/Desktop/development/blog/build/libs/blog-0.0.1-SNAPSHOT.jar/!BOOT-INF/lib/spring-boot-4.1.1.jar!/
[0.257s][info][class,load] org.springframework.boot.context.config.ConfigDataEnvironmentContributors$$Lambda/0x00000f0001140f80 source: org.springframework.boot.context.config.ConfigDataEnvironmentContributors
[0.257s][info][class,load] java.lang.invoke.LambdaForm$DMH/0x00000f0001144000 source: __JVM_LookupDefineClass__
[0.257s][info][class,load] java.lang.invoke.LambdaForm$DMH/0x00000f0001144400 source: __JVM_LookupDefineClass__
[0.257s][info][class,load] java.lang.invoke.LambdaForm$MH/0x00000f0001144800 source: __JVM_LookupDefineClass__
[0.257s][info][class,load] org.springframework.boot.context.config.ConfigDataEnvironmentContributors$InactiveSourceChecker source: jar:nested:/Users/kibong_home/Desktop/development/blog/build/libs/blog-0.0.1-SNAPSHOT.jar/!BOOT-INF/lib/spring-boot-4.1.1.jar!/
[0.257s][info][class,load] java.lang.invoke.LambdaForm$DMH/0x00000f0001144c00 source: __JVM_LookupDefineClass__
[0.257s][info][class,load] org.springframework.boot.context.config.ConfigDataEnvironmentContributors$$Lambda/0x00000f0001141448 source: org.springframework.boot.context.config.ConfigDataEnvironmentContributors
[0.257s][info][class,load] java.lang.invoke.LambdaForm$DMH/0x00000f0001145000 source: __JVM_LookupDefineClass__
[0.258s][info][class,load] java.lang.invoke.LambdaForm$DMH/0x00000f0001145400 source: __JVM_LookupDefineClass__
[0.258s][info][class,load] java.util.function.Predicate$$Lambda/0x00000f00010efb40 source: java.util.function.Predicate
[0.258s][info][class,load] java.util.Spliterators$IteratorSpliterator source: shared objects file
[0.258s][info][class,load] org.springframework.boot.context.config.ConfigDataEnvironmentContributors$$Lambda/0x00000f00011416a8 source: org.springframework.boot.context.config.ConfigDataEnvironmentContributors
[0.258s][info][class,load] org.springframework.boot.context.config.ConfigDataEnvironmentContributors$$Lambda/0x00000f0001141908 source: org.springframework.boot.context.config.ConfigDataEnvironmentContributors
[0.259s][info][class,load] org.springframework.boot.cloud.CloudPlatform$7$$Lambda/0x00000f0001141b50 source: org.springframework.boot.cloud.CloudPlatform
[0.260s][info][class,load] org.springframework.boot.context.config.ConfigDataEnvironment$$Lambda/0x00000f0001141db0 source: org.springframework.boot.context.config.ConfigDataEnvironment
[0.260s][info][class,load] org.springframework.boot.context.config.Profiles source: jar:nested:/Users/kibong_home/Desktop/development/blog/build/libs/blog-0.0.1-SNAPSHOT.jar/!BOOT-INF/lib/spring-boot-4.1.1.jar!/
[0.260s][info][class,load] org.springframework.boot.context.config.ProfilesValidator source: jar:nested:/Users/kibong_home/Desktop/development/blog/build/libs/blog-0.0.1-SNAPSHOT.jar/!BOOT-INF/lib/spring-boot-4.1.1.jar!/
[0.260s][info][class,load] org.springframework.boot.context.properties.bind.CollectionBinder$$Lambda/0x00000f00011424e8 source: org.springframework.boot.context.properties.bind.CollectionBinder
[0.260s][info][class,load] org.springframework.boot.context.config.ConfigDataEnvironment$$Lambda/0x00000f0001142718 source: org.springframework.boot.context.config.ConfigDataEnvironment
[0.261s][info][class,load] org.springframework.boot.context.config.Profiles$$Lambda/0x00000f0001142958 source: org.springframework.boot.context.config.Profiles
[0.261s][info][class,load] org.springframework.boot.context.config.ProfilesValidator$$Lambda/0x00000f0001142b80 source: org.springframework.boot.context.config.ProfilesValidator
[0.261s][info][class,load] org.springframework.boot.context.properties.bind.MapBinder$$Lambda/0x00000f0001142dc0 source: org.springframework.boot.context.properties.bind.MapBinder
[0.261s][info][class,load] org.springframework.boot.context.properties.bind.MapBinder$EntryBinder source: jar:nested:/Users/kibong_home/Desktop/development/blog/build/libs/blog-0.0.1-SNAPSHOT.jar/!BOOT-INF/lib/spring-boot-4.1.1.jar!/
[0.262s][info][class,load] org.springframework.boot.context.config.Profiles$$Lambda/0x00000f0001143240 source: org.springframework.boot.context.config.Profiles
[0.262s][info][class,load] org.springframework.boot.context.config.Profiles$Type source: jar:nested:/Users/kibong_home/Desktop/development/blog/build/libs/blog-0.0.1-SNAPSHOT.jar/!BOOT-INF/lib/spring-boot-4.1.1.jar!/
[0.262s][info][class,load] org.springframework.boot.context.config.Profiles$Type$$Lambda/0x00000f00011436b8 source: org.springframework.boot.context.config.Profiles
[0.262s][info][class,load] org.springframework.boot.context.config.Profiles$Type$$Lambda/0x00000f0001143900 source: org.springframework.boot.context.config.Profiles
[0.262s][info][class,load] org.springframework.boot.context.config.Profiles$$Lambda/0x00000f0001143d48 source: org.springframework.boot.context.config.Profiles
[0.262s][info][class,load] java.lang.invoke.LambdaForm$DMH/0x00000f0001145800 source: __JVM_LookupDefineClass__
[0.262s][info][class,load] org.springframework.boot.context.config.Profiles$$Lambda/0x00000f0001146000 source: org.springframework.boot.context.config.Profiles
[0.263s][info][class,load] org.springframework.boot.context.config.Profiles$$Lambda/0x00000f0001146240 source: org.springframework.boot.context.config.Profiles
[0.263s][info][class,load] org.springframework.boot.context.config.ConfigDataLocationResolvers$$Lambda/0x00000f0001146480 source: org.springframework.boot.context.config.ConfigDataLocationResolvers
[0.264s][info][class,load] org.springframework.boot.context.config.ConfigDataEnvironmentContributor$$Lambda/0x00000f00011466b0 source: org.springframework.boot.context.config.ConfigDataEnvironmentContributor
[0.265s][info][class,load] org.springframework.boot.context.config.InvalidConfigDataPropertyException source: jar:nested:/Users/kibong_home/Desktop/development/blog/build/libs/blog-0.0.1-SNAPSHOT.jar/!BOOT-INF/lib/spring-boot-4.1.1.jar!/
[0.266s][info][class,load] org.springframework.boot.context.config.InvalidConfigDataPropertyException$$Lambda/0x00000f0001146b88 source: org.springframework.boot.context.config.InvalidConfigDataPropertyException
[0.266s][info][class,load] org.springframework.boot.ansi.AnsiOutput$Enabled source: jar:nested:/Users/kibong_home/Desktop/development/blog/build/libs/blog-0.0.1-SNAPSHOT.jar/!BOOT-INF/lib/spring-boot-4.1.1.jar!/
[0.266s][info][class,load] org.springframework.boot.ansi.AnsiOutput source: jar:nested:/Users/kibong_home/Desktop/development/blog/build/libs/blog-0.0.1-SNAPSHOT.jar/!BOOT-INF/lib/spring-boot-4.1.1.jar!/
[0.266s][info][class,load] org.springframework.boot.support.AnsiOutputApplicationListener$$Lambda/0x00000f0001147228 source: org.springframework.boot.support.AnsiOutputApplicationListener
[0.266s][info][class,load] org.springframework.boot.ansi.AnsiElement source: jar:nested:/Users/kibong_home/Desktop/development/blog/build/libs/blog-0.0.1-SNAPSHOT.jar/!BOOT-INF/lib/spring-boot-4.1.1.jar!/
[0.267s][info][class,load] org.springframework.boot.ansi.AnsiColor source: jar:nested:/Users/kibong_home/Desktop/development/blog/build/libs/blog-0.0.1-SNAPSHOT.jar/!BOOT-INF/lib/spring-boot-4.1.1.jar!/
[0.267s][info][class,load] java.lang.invoke.LambdaForm$DMH/0x00000f0001145c00 source: __JVM_LookupDefineClass__
[0.267s][info][class,load] org.springframework.boot.logging.LoggingSystemProperties$$Lambda/0x00000f0001148000 source: org.springframework.boot.logging.LoggingSystemProperties
[0.267s][info][class,load] org.springframework.boot.logging.AbstractLoggingSystem$$Lambda/0x00000f0001148238 source: org.springframework.boot.logging.AbstractLoggingSystem
[0.267s][info][class,load] org.springframework.boot.logging.LoggingSystemProperty source: jar:nested:/Users/kibong_home/Desktop/development/blog/build/libs/blog-0.0.1-SNAPSHOT.jar/!BOOT-INF/lib/spring-boot-4.1.1.jar!/
[0.267s][info][class,load] org.springframework.boot.logging.LoggingSystemProperties$$Lambda/0x00000f00011488d8 source: org.springframework.boot.logging.LoggingSystemProperties
[0.267s][info][class,load] org.springframework.boot.origin.PropertySourceOrigin source: jar:nested:/Users/kibong_home/Desktop/development/blog/build/libs/blog-0.0.1-SNAPSHOT.jar/!BOOT-INF/lib/spring-boot-4.1.1.jar!/
[0.267s][info][class,load] org.springframework.boot.context.properties.source.ConfigurationProperty source: jar:nested:/Users/kibong_home/Desktop/development/blog/build/libs/blog-0.0.1-SNAPSHOT.jar/!BOOT-INF/lib/spring-boot-4.1.1.jar!/
[0.268s][info][class,load] java.lang.invoke.LambdaForm$DMH/0x00000f000114c000 source: __JVM_LookupDefineClass__
[0.268s][info][class,load] org.springframework.core.env.AbstractPropertyResolver$$Lambda/0x00000f0001148fd0 source: org.springframework.core.env.AbstractPropertyResolver
[0.268s][info][class,load] org.springframework.core.convert.support.GenericConversionService$ConverterCacheKey source: jar:nested:/Users/kibong_home/Desktop/development/blog/build/libs/blog-0.0.1-SNAPSHOT.jar/!BOOT-INF/lib/spring-core-7.0.9.jar!/
[0.268s][info][class,load] java.util.concurrent.ConcurrentLinkedDeque$AbstractItr source: jrt:/java.base
[0.268s][info][class,load] java.util.concurrent.ConcurrentLinkedDeque$Itr source: jrt:/java.base
[0.268s][info][class,load] org.springframework.core.convert.support.ConversionUtils source: jar:nested:/Users/kibong_home/Desktop/development/blog/build/libs/blog-0.0.1-SNAPSHOT.jar/!BOOT-INF/lib/spring-core-7.0.9.jar!/
[0.268s][info][class,load] java.io.Console source: jrt:/java.base
[0.269s][info][class,load] jdk.internal.io.JdkConsoleProvider source: jrt:/java.base
[0.269s][info][class,load] java.util.ServiceLoader$LayerLookupIterator source: jrt:/java.base
[0.269s][info][class,load] jdk.jshell.execution.impl.ConsoleImpl$ConsoleProviderImpl source: jrt:/jdk.jshell
[0.269s][info][class,load] jdk.internal.io.JdkConsole source: jrt:/java.base
[0.269s][info][class,load] jdk.internal.org.jline.JdkConsoleProviderImpl source: jrt:/jdk.internal.le
[0.269s][info][class,load] java.util.AbstractMap$2 source: jrt:/java.base
[0.269s][info][class,load] java.util.AbstractMap$ValueIterator source: jrt:/java.base
[0.269s][info][class,load] jdk.internal.access.JavaIOAccess source: jrt:/java.base
[0.269s][info][class,load] java.io.Console$1 source: jrt:/java.base
[0.269s][info][class,load] org.springframework.boot.logging.LoggingSystemProperties$$Lambda/0x00000f0001149640 source: org.springframework.boot.logging.LoggingSystemProperties
[0.269s][info][class,load] org.springframework.boot.logging.LoggingSystemProperties$$Lambda/0x00000f0001149888 source: org.springframework.boot.logging.LoggingSystemProperties
[0.269s][info][class,load] org.springframework.boot.logging.LoggingSystemProperties$$Lambda/0x00000f0001149ad8 source: org.springframework.boot.logging.LoggingSystemProperties
[0.270s][info][class,load] org.springframework.boot.logging.logback.RollingPolicySystemProperty source: jar:nested:/Users/kibong_home/Desktop/development/blog/build/libs/blog-0.0.1-SNAPSHOT.jar/!BOOT-INF/lib/spring-boot-4.1.1.jar!/
[0.270s][info][class,load] org.springframework.boot.logging.LogFile source: jar:nested:/Users/kibong_home/Desktop/development/blog/build/libs/blog-0.0.1-SNAPSHOT.jar/!BOOT-INF/lib/spring-boot-4.1.1.jar!/
[0.270s][info][class,load] org.springframework.boot.logging.LoggerGroups source: jar:nested:/Users/kibong_home/Desktop/development/blog/build/libs/blog-0.0.1-SNAPSHOT.jar/!BOOT-INF/lib/spring-boot-4.1.1.jar!/
[0.271s][info][class,load] org.springframework.boot.logging.LoggerGroups$$Lambda/0x00000f000114a5f0 source: org.springframework.boot.logging.LoggerGroups
[0.271s][info][class,load] org.springframework.boot.logging.LoggerGroup source: jar:nested:/Users/kibong_home/Desktop/development/blog/build/libs/blog-0.0.1-SNAPSHOT.jar/!BOOT-INF/lib/spring-boot-4.1.1.jar!/
[0.271s][info][class,load] org.springframework.boot.logging.LoggingInitializationContext source: jar:nested:/Users/kibong_home/Desktop/development/blog/build/libs/blog-0.0.1-SNAPSHOT.jar/!BOOT-INF/lib/spring-boot-4.1.1.jar!/
[0.271s][info][class,load] org.springframework.boot.logging.logback.LogbackLoggingSystem$$Lambda/0x00000f000114ac68 source: org.springframework.boot.logging.logback.LogbackLoggingSystem
[0.271s][info][class,load] ch.qos.logback.core.LifeCycleManager source: jar:nested:/Users/kibong_home/Desktop/development/blog/build/libs/blog-0.0.1-SNAPSHOT.jar/!BOOT-INF/lib/logback-core-1.5.38.jar!/
[0.272s][info][class,load] ch.qos.logback.core.util.ExecutorServiceUtil source: jar:nested:/Users/kibong_home/Desktop/development/blog/build/libs/blog-0.0.1-SNAPSHOT.jar/!BOOT-INF/lib/logback-core-1.5.38.jar!/
[0.272s][info][class,load] java.util.concurrent.ScheduledExecutorService source: shared objects file
[0.272s][info][class,load] ch.qos.logback.core.util.ExecutorServiceUtil$1 source: jar:nested:/Users/kibong_home/Desktop/development/blog/build/libs/blog-0.0.1-SNAPSHOT.jar/!BOOT-INF/lib/logback-core-1.5.38.jar!/
[0.272s][info][class,load] java.util.concurrent.Executors$DefaultThreadFactory source: jrt:/java.base
[0.272s][info][class,load] ch.qos.logback.classic.jul.LevelChangePropagator source: jar:nested:/Users/kibong_home/Desktop/development/blog/build/libs/blog-0.0.1-SNAPSHOT.jar/!BOOT-INF/lib/logback-classic-1.5.38.jar!/
[0.272s][info][class,load] org.springframework.boot.logging.logback.LogbackLoggingSystem$$Lambda/0x00000f000114b880 source: org.springframework.boot.logging.logback.LogbackLoggingSystem
[0.272s][info][class,load] ch.qos.logback.core.status.OnPrintStreamStatusListenerBase source: jar:nested:/Users/kibong_home/Desktop/development/blog/build/libs/blog-0.0.1-SNAPSHOT.jar/!BOOT-INF/lib/logback-core-1.5.38.jar!/
[0.272s][info][class,load] ch.qos.logback.core.status.OnConsoleStatusListener source: jar:nested:/Users/kibong_home/Desktop/development/blog/build/libs/blog-0.0.1-SNAPSHOT.jar/!BOOT-INF/lib/logback-core-1.5.38.jar!/
[0.272s][info][class,load] org.springframework.boot.logging.logback.SystemStatusListener source: jar:nested:/Users/kibong_home/Desktop/development/blog/build/libs/blog-0.0.1-SNAPSHOT.jar/!BOOT-INF/lib/spring-boot-4.1.1.jar!/
[0.272s][info][class,load] java.lang.invoke.LambdaForm$DMH/0x00000f000114c400 source: __JVM_LookupDefineClass__
[0.272s][info][class,load] org.springframework.boot.logging.logback.SystemStatusListener$$Lambda/0x00000f000114e6d0 source: org.springframework.boot.logging.logback.SystemStatusListener
[0.272s][info][class,load] org.springframework.boot.logging.logback.SystemStatusListener$$Lambda/0x00000f000114e928 source: org.springframework.boot.logging.logback.SystemStatusListener
[0.273s][info][class,load] java.lang.invoke.LambdaForm$DMH/0x00000f000114c800 source: __JVM_LookupDefineClass__
[0.273s][info][class,load] org.springframework.boot.logging.logback.LogbackLoggingSystem$$Lambda/0x00000f000114eb68 source: org.springframework.boot.logging.logback.LogbackLoggingSystem
[0.274s][info][class,load] org.springframework.boot.logging.logback.DefaultLogbackConfiguration source: jar:nested:/Users/kibong_home/Desktop/development/blog/build/libs/blog-0.0.1-SNAPSHOT.jar/!BOOT-INF/lib/spring-boot-4.1.1.jar!/
[0.274s][info][class,load] ch.qos.logback.core.FileAppender source: jar:nested:/Users/kibong_home/Desktop/development/blog/build/libs/blog-0.0.1-SNAPSHOT.jar/!BOOT-INF/lib/logback-core-1.5.38.jar!/
[0.274s][info][class,load] ch.qos.logback.core.rolling.RollingFileAppender source: jar:nested:/Users/kibong_home/Desktop/development/blog/build/libs/blog-0.0.1-SNAPSHOT.jar/!BOOT-INF/lib/logback-core-1.5.38.jar!/
[0.274s][info][class,load] ch.qos.logback.classic.filter.ThresholdFilter source: jar:nested:/Users/kibong_home/Desktop/development/blog/build/libs/blog-0.0.1-SNAPSHOT.jar/!BOOT-INF/lib/logback-classic-1.5.38.jar!/
[0.274s][info][class,load] ch.qos.logback.core.rolling.RollingPolicy source: jar:nested:/Users/kibong_home/Desktop/development/blog/build/libs/blog-0.0.1-SNAPSHOT.jar/!BOOT-INF/lib/logback-core-1.5.38.jar!/
[0.274s][info][class,load] ch.qos.logback.core.spi.ScanException source: jar:nested:/Users/kibong_home/Desktop/development/blog/build/libs/blog-0.0.1-SNAPSHOT.jar/!BOOT-INF/lib/logback-core-1.5.38.jar!/
[0.274s][info][class,load] org.springframework.boot.ansi.AnsiStyle source: jar:nested:/Users/kibong_home/Desktop/development/blog/build/libs/blog-0.0.1-SNAPSHOT.jar/!BOOT-INF/lib/spring-boot-4.1.1.jar!/
[0.274s][info][class,load] ch.qos.logback.core.pattern.CompositeConverter source: jar:nested:/Users/kibong_home/Desktop/development/blog/build/libs/blog-0.0.1-SNAPSHOT.jar/!BOOT-INF/lib/logback-core-1.5.38.jar!/
[0.274s][info][class,load] org.springframework.boot.logging.logback.ColorConverter source: jar:nested:/Users/kibong_home/Desktop/development/blog/build/libs/blog-0.0.1-SNAPSHOT.jar/!BOOT-INF/lib/spring-boot-4.1.1.jar!/
[0.275s][info][class,load] org.springframework.boot.logging.logback.ColorConverter$$Lambda/0x00000f000114dd68 source: org.springframework.boot.logging.logback.ColorConverter
[0.275s][info][class,load] org.springframework.boot.logging.logback.ColorConverter$$Lambda/0x00000f000114cc00 source: org.springframework.boot.logging.logback.ColorConverter
[0.275s][info][class,load] org.springframework.boot.logging.logback.ColorConverter$$Lambda/0x00000f0001150000 source: org.springframework.boot.logging.logback.ColorConverter
[0.275s][info][class,load] org.springframework.boot.ansi.AnsiBackground source: jar:nested:/Users/kibong_home/Desktop/development/blog/build/libs/blog-0.0.1-SNAPSHOT.jar/!BOOT-INF/lib/spring-boot-4.1.1.jar!/
[0.275s][info][class,load] org.springframework.boot.logging.logback.ColorConverter$$Lambda/0x00000f00011506a8 source: org.springframework.boot.logging.logback.ColorConverter
[0.275s][info][class,load] org.springframework.boot.logging.logback.ColorConverter$$Lambda/0x00000f0001150900 source: org.springframework.boot.logging.logback.ColorConverter
[0.275s][info][class,load] java.util.Collections$UnmodifiableMap$UnmodifiableEntrySet$UnmodifiableEntrySetSpliterator source: jrt:/java.base
[0.275s][info][class,load] java.util.HashMap$HashMapSpliterator source: shared objects file
[0.275s][info][class,load] java.util.HashMap$EntrySpliterator source: jrt:/java.base
[0.275s][info][class,load] org.springframework.boot.logging.logback.ColorConverter$$Lambda/0x00000f0001150b40 source: org.springframework.boot.logging.logback.ColorConverter
[0.275s][info][class,load] org.springframework.boot.logging.logback.ColorConverter$$Lambda/0x00000f0001150da0 source: org.springframework.boot.logging.logback.ColorConverter
[0.275s][info][class,load] java.util.Collections$UnmodifiableMap$UnmodifiableEntrySet$$Lambda/0x00000f00010f1ce8 source: java.util.Collections
[0.276s][info][class,load] java.lang.String$$StringConcat/0x00000f0001154000 source: __JVM_LookupDefineClass__
[0.276s][info][class,load] java.lang.invoke.LambdaForm$MH/0x00000f0001154400 source: __JVM_LookupDefineClass__
[0.276s][info][class,load] org.springframework.boot.logging.logback.DefaultLogbackConfiguration$$Lambda/0x00000f0001150fe8 source: org.springframework.boot.logging.logback.DefaultLogbackConfiguration
[0.276s][info][class,load] org.springframework.boot.logging.logback.CorrelationIdConverter source: jar:nested:/Users/kibong_home/Desktop/development/blog/build/libs/blog-0.0.1-SNAPSHOT.jar/!BOOT-INF/lib/spring-boot-4.1.1.jar!/
[0.276s][info][class,load] org.springframework.boot.logging.logback.DefaultLogbackConfiguration$$Lambda/0x00000f0001151540 source: org.springframework.boot.logging.logback.DefaultLogbackConfiguration
[0.276s][info][class,load] org.springframework.boot.logging.logback.EnclosedInSquareBracketsConverter source: jar:nested:/Users/kibong_home/Desktop/development/blog/build/libs/blog-0.0.1-SNAPSHOT.jar/!BOOT-INF/lib/spring-boot-4.1.1.jar!/
[0.276s][info][class,load] org.springframework.boot.logging.logback.DefaultLogbackConfiguration$$Lambda/0x00000f0001151ab0 source: org.springframework.boot.logging.logback.DefaultLogbackConfiguration
[0.276s][info][class,load] org.springframework.boot.logging.logback.WhitespaceThrowableProxyConverter source: jar:nested:/Users/kibong_home/Desktop/development/blog/build/libs/blog-0.0.1-SNAPSHOT.jar/!BOOT-INF/lib/spring-boot-4.1.1.jar!/
[0.276s][info][class,load] org.springframework.boot.logging.logback.DefaultLogbackConfiguration$$Lambda/0x00000f0001152028 source: org.springframework.boot.logging.logback.DefaultLogbackConfiguration
[0.276s][info][class,load] ch.qos.logback.classic.pattern.ExtendedThrowableProxyConverter source: jar:nested:/Users/kibong_home/Desktop/development/blog/build/libs/blog-0.0.1-SNAPSHOT.jar/!BOOT-INF/lib/logback-classic-1.5.38.jar!/
[0.276s][info][class,load] org.springframework.boot.logging.logback.ExtendedWhitespaceThrowableProxyConverter source: jar:nested:/Users/kibong_home/Desktop/development/blog/build/libs/blog-0.0.1-SNAPSHOT.jar/!BOOT-INF/lib/spring-boot-4.1.1.jar!/
[0.276s][info][class,load] org.springframework.boot.logging.logback.DefaultLogbackConfiguration$$Lambda/0x00000f0001152900 source: org.springframework.boot.logging.logback.DefaultLogbackConfiguration
[0.277s][info][class,load] ch.qos.logback.core.subst.NodeToStringTransformer source: jar:nested:/Users/kibong_home/Desktop/development/blog/build/libs/blog-0.0.1-SNAPSHOT.jar/!BOOT-INF/lib/logback-core-1.5.38.jar!/
[0.277s][info][class,load] ch.qos.logback.core.subst.Tokenizer source: jar:nested:/Users/kibong_home/Desktop/development/blog/build/libs/blog-0.0.1-SNAPSHOT.jar/!BOOT-INF/lib/logback-core-1.5.38.jar!/
[0.277s][info][class,load] ch.qos.logback.core.subst.Tokenizer$TokenizerState source: jar:nested:/Users/kibong_home/Desktop/development/blog/build/libs/blog-0.0.1-SNAPSHOT.jar/!BOOT-INF/lib/logback-core-1.5.38.jar!/
[0.277s][info][class,load] ch.qos.logback.core.subst.Token source: jar:nested:/Users/kibong_home/Desktop/development/blog/build/libs/blog-0.0.1-SNAPSHOT.jar/!BOOT-INF/lib/logback-core-1.5.38.jar!/
[0.277s][info][class,load] ch.qos.logback.core.subst.Token$Type source: jar:nested:/Users/kibong_home/Desktop/development/blog/build/libs/blog-0.0.1-SNAPSHOT.jar/!BOOT-INF/lib/logback-core-1.5.38.jar!/
[0.277s][info][class,load] ch.qos.logback.core.subst.Parser source: jar:nested:/Users/kibong_home/Desktop/development/blog/build/libs/blog-0.0.1-SNAPSHOT.jar/!BOOT-INF/lib/logback-core-1.5.38.jar!/
[0.277s][info][class,load] ch.qos.logback.core.subst.Parser$1 source: jar:nested:/Users/kibong_home/Desktop/development/blog/build/libs/blog-0.0.1-SNAPSHOT.jar/!BOOT-INF/lib/logback-core-1.5.38.jar!/
[0.277s][info][class,load] ch.qos.logback.core.subst.Node source: jar:nested:/Users/kibong_home/Desktop/development/blog/build/libs/blog-0.0.1-SNAPSHOT.jar/!BOOT-INF/lib/logback-core-1.5.38.jar!/
[0.277s][info][class,load] ch.qos.logback.core.subst.Node$Type source: jar:nested:/Users/kibong_home/Desktop/development/blog/build/libs/blog-0.0.1-SNAPSHOT.jar/!BOOT-INF/lib/logback-core-1.5.38.jar!/
[0.277s][info][class,load] java.util.Vector source: jrt:/java.base
[0.277s][info][class,load] java.util.Stack source: jrt:/java.base
[0.278s][info][class,load] ch.qos.logback.core.subst.NodeToStringTransformer$1 source: jar:nested:/Users/kibong_home/Desktop/development/blog/build/libs/blog-0.0.1-SNAPSHOT.jar/!BOOT-INF/lib/logback-core-1.5.38.jar!/
[0.278s][info][class,load] java.util.Vector$Itr source: jrt:/java.base
[0.278s][info][class,load] ch.qos.logback.classic.jul.JULHelper source: jar:nested:/Users/kibong_home/Desktop/development/blog/build/libs/blog-0.0.1-SNAPSHOT.jar/!BOOT-INF/lib/logback-classic-1.5.38.jar!/
[0.278s][info][class,load] java.util.logging.Logger$SystemLoggerHelper source: shared objects file
[0.278s][info][class,load] ch.qos.logback.core.pattern.PatternLayoutEncoderBase source: jar:nested:/Users/kibong_home/Desktop/development/blog/build/libs/blog-0.0.1-SNAPSHOT.jar/!BOOT-INF/lib/logback-core-1.5.38.jar!/
[0.278s][info][class,load] ch.qos.logback.classic.encoder.PatternLayoutEncoder source: jar:nested:/Users/kibong_home/Desktop/development/blog/build/libs/blog-0.0.1-SNAPSHOT.jar/!BOOT-INF/lib/logback-classic-1.5.38.jar!/
[0.279s][info][class,load] ch.qos.logback.core.pattern.PatternLayoutBase source: jar:nested:/Users/kibong_home/Desktop/development/blog/build/libs/blog-0.0.1-SNAPSHOT.jar/!BOOT-INF/lib/logback-core-1.5.38.jar!/
[0.279s][info][class,load] ch.qos.logback.classic.PatternLayout source: jar:nested:/Users/kibong_home/Desktop/development/blog/build/libs/blog-0.0.1-SNAPSHOT.jar/!BOOT-INF/lib/logback-classic-1.5.38.jar!/
[0.279s][info][class,load] ch.qos.logback.core.pattern.PostCompileProcessor source: jar:nested:/Users/kibong_home/Desktop/development/blog/build/libs/blog-0.0.1-SNAPSHOT.jar/!BOOT-INF/lib/logback-core-1.5.38.jar!/
[0.279s][info][class,load] ch.qos.logback.core.pattern.parser.Parser source: jar:nested:/Users/kibong_home/Desktop/development/blog/build/libs/blog-0.0.1-SNAPSHOT.jar/!BOOT-INF/lib/logback-core-1.5.38.jar!/
[0.279s][info][class,load] ch.qos.logback.core.pattern.parser.Node source: jar:nested:/Users/kibong_home/Desktop/development/blog/build/libs/blog-0.0.1-SNAPSHOT.jar/!BOOT-INF/lib/logback-core-1.5.38.jar!/
[0.279s][info][class,load] ch.qos.logback.core.pattern.parser.FormattingNode source: jar:nested:/Users/kibong_home/Desktop/development/blog/build/libs/blog-0.0.1-SNAPSHOT.jar/!BOOT-INF/lib/logback-core-1.5.38.jar!/
[0.279s][info][class,load] ch.qos.logback.core.pattern.parser.SimpleKeywordNode source: jar:nested:/Users/kibong_home/Desktop/development/blog/build/libs/blog-0.0.1-SNAPSHOT.jar/!BOOT-INF/lib/logback-core-1.5.38.jar!/
[0.279s][info][class,load] ch.qos.logback.core.pattern.parser.CompositeNode source: jar:nested:/Users/kibong_home/Desktop/development/blog/build/libs/blog-0.0.1-SNAPSHOT.jar/!BOOT-INF/lib/logback-core-1.5.38.jar!/
[0.279s][info][class,load] ch.qos.logback.core.pattern.util.IEscapeUtil source: jar:nested:/Users/kibong_home/Desktop/development/blog/build/libs/blog-0.0.1-SNAPSHOT.jar/!BOOT-INF/lib/logback-core-1.5.38.jar!/
[0.279s][info][class,load] ch.qos.logback.core.pattern.parser.Token source: jar:nested:/Users/kibong_home/Desktop/development/blog/build/libs/blog-0.0.1-SNAPSHOT.jar/!BOOT-INF/lib/logback-core-1.5.38.jar!/
[0.279s][info][class,load] ch.qos.logback.core.pattern.IdentityCompositeConverter source: jar:nested:/Users/kibong_home/Desktop/development/blog/build/libs/blog-0.0.1-SNAPSHOT.jar/!BOOT-INF/lib/logback-core-1.5.38.jar!/
[0.279s][info][class,load] ch.qos.logback.core.pattern.parser.Parser$$Lambda/0x00000f0001154b40 source: ch.qos.logback.core.pattern.parser.Parser
[0.280s][info][class,load] ch.qos.logback.core.pattern.ReplacingCompositeConverter source: jar:nested:/Users/kibong_home/Desktop/development/blog/build/libs/blog-0.0.1-SNAPSHOT.jar/!BOOT-INF/lib/logback-core-1.5.38.jar!/
[0.280s][info][class,load] ch.qos.logback.core.pattern.parser.Parser$$Lambda/0x00000f0001158340 source: ch.qos.logback.core.pattern.parser.Parser
[0.280s][info][class,load] ch.qos.logback.classic.pattern.DateConverter source: jar:nested:/Users/kibong_home/Desktop/development/blog/build/libs/blog-0.0.1-SNAPSHOT.jar/!BOOT-INF/lib/logback-classic-1.5.38.jar!/
[0.280s][info][class,load] ch.qos.logback.classic.PatternLayout$$Lambda/0x00000f0001158898 source: ch.qos.logback.classic.PatternLayout
[0.280s][info][class,load] ch.qos.logback.classic.PatternLayout$$Lambda/0x00000f0001158ac0 source: ch.qos.logback.classic.PatternLayout
[0.280s][info][class,load] ch.qos.logback.classic.pattern.MicrosecondConverter source: jar:nested:/Users/kibong_home/Desktop/development/blog/build/libs/blog-0.0.1-SNAPSHOT.jar/!BOOT-INF/lib/logback-classic-1.5.38.jar!/
[0.280s][info][class,load] ch.qos.logback.classic.PatternLayout$$Lambda/0x00000f0001159010 source: ch.qos.logback.classic.PatternLayout
[0.280s][info][class,load] ch.qos.logback.classic.PatternLayout$$Lambda/0x00000f0001159238 source: ch.qos.logback.classic.PatternLayout
[0.280s][info][class,load] ch.qos.logback.classic.pattern.EpochConverter source: jar:nested:/Users/kibong_home/Desktop/development/blog/build/libs/blog-0.0.1-SNAPSHOT.jar/!BOOT-INF/lib/logback-classic-1.5.38.jar!/
[0.280s][info][class,load] ch.qos.logback.classic.PatternLayout$$Lambda/0x00000f0001159788 source: ch.qos.logback.classic.PatternLayout
[0.280s][info][class,load] ch.qos.logback.classic.PatternLayout$$Lambda/0x00000f00011599b0 source: ch.qos.logback.classic.PatternLayout
[0.280s][info][class,load] ch.qos.logback.classic.pattern.RelativeTimeConverter source: jar:nested:/Users/kibong_home/Desktop/development/blog/build/libs/blog-0.0.1-SNAPSHOT.jar/!BOOT-INF/lib/logback-classic-1.5.38.jar!/
[0.280s][info][class,load] ch.qos.logback.classic.PatternLayout$$Lambda/0x00000f0001159f08 source: ch.qos.logback.classic.PatternLayout
[0.280s][info][class,load] ch.qos.logback.classic.PatternLayout$$Lambda/0x00000f000115a130 source: ch.qos.logback.classic.PatternLayout
[0.280s][info][class,load] ch.qos.logback.classic.pattern.LevelConverter source: jar:nested:/Users/kibong_home/Desktop/development/blog/build/libs/blog-0.0.1-SNAPSHOT.jar/!BOOT-INF/lib/logback-classic-1.5.38.jar!/
[0.280s][info][class,load] ch.qos.logback.classic.PatternLayout$$Lambda/0x00000f000115a680 source: ch.qos.logback.classic.PatternLayout
[0.280s][info][class,load] ch.qos.logback.classic.PatternLayout$$Lambda/0x00000f000115a8a8 source: ch.qos.logback.classic.PatternLayout
[0.280s][info][class,load] ch.qos.logback.classic.PatternLayout$$Lambda/0x00000f000115aad0 source: ch.qos.logback.classic.PatternLayout
[0.281s][info][class,load] ch.qos.logback.classic.pattern.ThreadConverter source: jar:nested:/Users/kibong_home/Desktop/development/blog/build/libs/blog-0.0.1-SNAPSHOT.jar/!BOOT-INF/lib/logback-classic-1.5.38.jar!/
[0.281s][info][class,load] ch.qos.logback.classic.PatternLayout$$Lambda/0x00000f000115b020 source: ch.qos.logback.classic.PatternLayout
[0.281s][info][class,load] ch.qos.logback.classic.PatternLayout$$Lambda/0x00000f000115b248 source: ch.qos.logback.classic.PatternLayout
[0.281s][info][class,load] ch.qos.logback.classic.pattern.NamedConverter source: jar:nested:/Users/kibong_home/Desktop/development/blog/build/libs/blog-0.0.1-SNAPSHOT.jar/!BOOT-INF/lib/logback-classic-1.5.38.jar!/
[0.281s][info][class,load] ch.qos.logback.classic.pattern.LoggerConverter source: jar:nested:/Users/kibong_home/Desktop/development/blog/build/libs/blog-0.0.1-SNAPSHOT.jar/!BOOT-INF/lib/logback-classic-1.5.38.jar!/
[0.281s][info][class,load] ch.qos.logback.classic.pattern.Abbreviator source: jar:nested:/Users/kibong_home/Desktop/development/blog/build/libs/blog-0.0.1-SNAPSHOT.jar/!BOOT-INF/lib/logback-classic-1.5.38.jar!/
[0.281s][info][class,load] ch.qos.logback.classic.PatternLayout$$Lambda/0x00000f000115bd08 source: ch.qos.logback.classic.PatternLayout
[0.281s][info][class,load] ch.qos.logback.classic.PatternLayout$$Lambda/0x00000f000115bf30 source: ch.qos.logback.classic.PatternLayout
[0.281s][info][class,load] ch.qos.logback.classic.PatternLayout$$Lambda/0x00000f000115c158 source: ch.qos.logback.classic.PatternLayout
[0.281s][info][class,load] ch.qos.logback.classic.pattern.MessageConverter source: jar:nested:/Users/kibong_home/Desktop/development/blog/build/libs/blog-0.0.1-SNAPSHOT.jar/!BOOT-INF/lib/logback-classic-1.5.38.jar!/
[0.281s][info][class,load] ch.qos.logback.classic.PatternLayout$$Lambda/0x00000f000115c6a8 source: ch.qos.logback.classic.PatternLayout
[0.281s][info][class,load] ch.qos.logback.classic.PatternLayout$$Lambda/0x00000f000115c8d0 source: ch.qos.logback.classic.PatternLayout
[0.281s][info][class,load] ch.qos.logback.classic.PatternLayout$$Lambda/0x00000f000115caf8 source: ch.qos.logback.classic.PatternLayout
[0.281s][info][class,load] ch.qos.logback.classic.pattern.ClassOfCallerConverter source: jar:nested:/Users/kibong_home/Desktop/development/blog/build/libs/blog-0.0.1-SNAPSHOT.jar/!BOOT-INF/lib/logback-classic-1.5.38.jar!/
[0.281s][info][class,load] ch.qos.logback.classic.PatternLayout$$Lambda/0x00000f000115d068 source: ch.qos.logback.classic.PatternLayout
[0.281s][info][class,load] ch.qos.logback.classic.PatternLayout$$Lambda/0x00000f000115d290 source: ch.qos.logback.classic.PatternLayout
[0.281s][info][class,load] ch.qos.logback.classic.pattern.MethodOfCallerConverter source: jar:nested:/Users/kibong_home/Desktop/development/blog/build/libs/blog-0.0.1-SNAPSHOT.jar/!BOOT-INF/lib/logback-classic-1.5.38.jar!/
[0.281s][info][class,load] ch.qos.logback.classic.PatternLayout$$Lambda/0x00000f000115d7e0 source: ch.qos.logback.classic.PatternLayout
[0.281s][info][class,load] ch.qos.logback.classic.PatternLayout$$Lambda/0x00000f000115da08 source: ch.qos.logback.classic.PatternLayout
[0.281s][info][class,load] ch.qos.logback.classic.pattern.LineOfCallerConverter source: jar:nested:/Users/kibong_home/Desktop/development/blog/build/libs/blog-0.0.1-SNAPSHOT.jar/!BOOT-INF/lib/logback-classic-1.5.38.jar!/
[0.281s][info][class,load] ch.qos.logback.classic.PatternLayout$$Lambda/0x00000f000115df58 source: ch.qos.logback.classic.PatternLayout
[0.281s][info][class,load] ch.qos.logback.classic.PatternLayout$$Lambda/0x00000f000115e180 source: ch.qos.logback.classic.PatternLayout
[0.281s][info][class,load] ch.qos.logback.classic.pattern.FileOfCallerConverter source: jar:nested:/Users/kibong_home/Desktop/development/blog/build/libs/blog-0.0.1-SNAPSHOT.jar/!BOOT-INF/lib/logback-classic-1.5.38.jar!/
[0.281s][info][class,load] ch.qos.logback.classic.PatternLayout$$Lambda/0x00000f000115e6d0 source: ch.qos.logback.classic.PatternLayout
[0.281s][info][class,load] ch.qos.logback.classic.PatternLayout$$Lambda/0x00000f000115e8f8 source: ch.qos.logback.classic.PatternLayout
[0.282s][info][class,load] ch.qos.logback.classic.pattern.MDCConverter source: jar:nested:/Users/kibong_home/Desktop/development/blog/build/libs/blog-0.0.1-SNAPSHOT.jar/!BOOT-INF/lib/logback-classic-1.5.38.jar!/
[0.282s][info][class,load] ch.qos.logback.classic.PatternLayout$$Lambda/0x00000f000115ee58 source: ch.qos.logback.classic.PatternLayout
[0.282s][info][class,load] ch.qos.logback.classic.PatternLayout$$Lambda/0x00000f000115f080 source: ch.qos.logback.classic.PatternLayout
[0.282s][info][class,load] ch.qos.logback.classic.PatternLayout$$Lambda/0x00000f000115f2a8 source: ch.qos.logback.classic.PatternLayout
[0.282s][info][class,load] ch.qos.logback.classic.PatternLayout$$Lambda/0x00000f000115f4d0 source: ch.qos.logback.classic.PatternLayout
[0.282s][info][class,load] ch.qos.logback.classic.pattern.RootCauseFirstThrowableProxyConverter source: jar:nested:/Users/kibong_home/Desktop/development/blog/build/libs/blog-0.0.1-SNAPSHOT.jar/!BOOT-INF/lib/logback-classic-1.5.38.jar!/
[0.282s][info][class,load] ch.qos.logback.classic.PatternLayout$$Lambda/0x00000f000115fa58 source: ch.qos.logback.classic.PatternLayout
[0.282s][info][class,load] ch.qos.logback.classic.PatternLayout$$Lambda/0x00000f000115fc80 source: ch.qos.logback.classic.PatternLayout
[0.282s][info][class,load] ch.qos.logback.classic.PatternLayout$$Lambda/0x00000f0001160000 source: ch.qos.logback.classic.PatternLayout
[0.282s][info][class,load] ch.qos.logback.classic.PatternLayout$$Lambda/0x00000f0001160228 source: ch.qos.logback.classic.PatternLayout
[0.282s][info][class,load] ch.qos.logback.classic.PatternLayout$$Lambda/0x00000f0001160450 source: ch.qos.logback.classic.PatternLayout
[0.282s][info][class,load] ch.qos.logback.classic.PatternLayout$$Lambda/0x00000f0001160678 source: ch.qos.logback.classic.PatternLayout
[0.282s][info][class,load] ch.qos.logback.classic.pattern.NopThrowableInformationConverter source: jar:nested:/Users/kibong_home/Desktop/development/blog/build/libs/blog-0.0.1-SNAPSHOT.jar/!BOOT-INF/lib/logback-classic-1.5.38.jar!/
[0.282s][info][class,load] ch.qos.logback.classic.PatternLayout$$Lambda/0x00000f0001160bd0 source: ch.qos.logback.classic.PatternLayout
[0.282s][info][class,load] ch.qos.logback.classic.PatternLayout$$Lambda/0x00000f0001160df8 source: ch.qos.logback.classic.PatternLayout
[0.282s][info][class,load] ch.qos.logback.classic.pattern.ContextNameConverter source: jar:nested:/Users/kibong_home/Desktop/development/blog/build/libs/blog-0.0.1-SNAPSHOT.jar/!BOOT-INF/lib/logback-classic-1.5.38.jar!/
[0.282s][info][class,load] ch.qos.logback.classic.PatternLayout$$Lambda/0x00000f0001161348 source: ch.qos.logback.classic.PatternLayout
[0.282s][info][class,load] ch.qos.logback.classic.PatternLayout$$Lambda/0x00000f0001161570 source: ch.qos.logback.classic.PatternLayout
[0.282s][info][class,load] ch.qos.logback.classic.pattern.CallerDataConverter source: jar:nested:/Users/kibong_home/Desktop/development/blog/build/libs/blog-0.0.1-SNAPSHOT.jar/!BOOT-INF/lib/logback-classic-1.5.38.jar!/
[0.283s][info][class,load] ch.qos.logback.classic.PatternLayout$$Lambda/0x00000f0001161ad8 source: ch.qos.logback.classic.PatternLayout
[0.283s][info][class,load] ch.qos.logback.classic.pattern.MarkerConverter source: jar:nested:/Users/kibong_home/Desktop/development/blog/build/libs/blog-0.0.1-SNAPSHOT.jar/!BOOT-INF/lib/logback-classic-1.5.38.jar!/
[0.283s][info][class,load] ch.qos.logback.classic.PatternLayout$$Lambda/0x00000f0001162028 source: ch.qos.logback.classic.PatternLayout
[0.283s][info][class,load] ch.qos.logback.classic.pattern.KeyValuePairConverter source: jar:nested:/Users/kibong_home/Desktop/development/blog/build/libs/blog-0.0.1-SNAPSHOT.jar/!BOOT-INF/lib/logback-classic-1.5.38.jar!/
[0.283s][info][class,load] ch.qos.logback.classic.PatternLayout$$Lambda/0x00000f0001162580 source: ch.qos.logback.classic.PatternLayout
[0.283s][info][class,load] ch.qos.logback.classic.pattern.MaskedKeyValuePairConverter source: jar:nested:/Users/kibong_home/Desktop/development/blog/build/libs/blog-0.0.1-SNAPSHOT.jar/!BOOT-INF/lib/logback-classic-1.5.38.jar!/
[0.283s][info][class,load] ch.qos.logback.classic.PatternLayout$$Lambda/0x00000f0001162ae0 source: ch.qos.logback.classic.PatternLayout
[0.283s][info][class,load] ch.qos.logback.classic.pattern.PropertyConverter source: jar:nested:/Users/kibong_home/Desktop/development/blog/build/libs/blog-0.0.1-SNAPSHOT.jar/!BOOT-INF/lib/logback-classic-1.5.38.jar!/
[0.283s][info][class,load] ch.qos.logback.classic.PatternLayout$$Lambda/0x00000f0001163030 source: ch.qos.logback.classic.PatternLayout
[0.283s][info][class,load] ch.qos.logback.classic.pattern.LineSeparatorConverter source: jar:nested:/Users/kibong_home/Desktop/development/blog/build/libs/blog-0.0.1-SNAPSHOT.jar/!BOOT-INF/lib/logback-classic-1.5.38.jar!/
[0.283s][info][class,load] ch.qos.logback.classic.PatternLayout$$Lambda/0x00000f0001163580 source: ch.qos.logback.classic.PatternLayout
[0.283s][info][class,load] ch.qos.logback.core.pattern.color.ForegroundCompositeConverterBase source: jar:nested:/Users/kibong_home/Desktop/development/blog/build/libs/blog-0.0.1-SNAPSHOT.jar/!BOOT-INF/lib/logback-core-1.5.38.jar!/
[0.283s][info][class,load] ch.qos.logback.core.pattern.color.BlackCompositeConverter source: jar:nested:/Users/kibong_home/Desktop/development/blog/build/libs/blog-0.0.1-SNAPSHOT.jar/!BOOT-INF/lib/logback-core-1.5.38.jar!/
[0.283s][info][class,load] ch.qos.logback.classic.PatternLayout$$Lambda/0x00000f0001163e38 source: ch.qos.logback.classic.PatternLayout
[0.283s][info][class,load] ch.qos.logback.core.pattern.color.RedCompositeConverter source: jar:nested:/Users/kibong_home/Desktop/development/blog/build/libs/blog-0.0.1-SNAPSHOT.jar/!BOOT-INF/lib/logback-core-1.5.38.jar!/
[0.283s][info][class,load] ch.qos.logback.classic.PatternLayout$$Lambda/0x00000f00011643a8 source: ch.qos.logback.classic.PatternLayout
[0.283s][info][class,load] ch.qos.logback.core.pattern.color.GreenCompositeConverter source: jar:nested:/Users/kibong_home/Desktop/development/blog/build/libs/blog-0.0.1-SNAPSHOT.jar/!BOOT-INF/lib/logback-core-1.5.38.jar!/
[0.283s][info][class,load] ch.qos.logback.classic.PatternLayout$$Lambda/0x00000f0001164918 source: ch.qos.logback.classic.PatternLayout
[0.283s][info][class,load] ch.qos.logback.core.pattern.color.YellowCompositeConverter source: jar:nested:/Users/kibong_home/Desktop/development/blog/build/libs/blog-0.0.1-SNAPSHOT.jar/!BOOT-INF/lib/logback-core-1.5.38.jar!/
[0.283s][info][class,load] ch.qos.logback.classic.PatternLayout$$Lambda/0x00000f0001164e88 source: ch.qos.logback.classic.PatternLayout
[0.284s][info][class,load] ch.qos.logback.core.pattern.color.BlueCompositeConverter source: jar:nested:/Users/kibong_home/Desktop/development/blog/build/libs/blog-0.0.1-SNAPSHOT.jar/!BOOT-INF/lib/logback-core-1.5.38.jar!/
[0.284s][info][class,load] ch.qos.logback.classic.PatternLayout$$Lambda/0x00000f00011653f8 source: ch.qos.logback.classic.PatternLayout
[0.284s][info][class,load] ch.qos.logback.core.pattern.color.MagentaCompositeConverter source: jar:nested:/Users/kibong_home/Desktop/development/blog/build/libs/blog-0.0.1-SNAPSHOT.jar/!BOOT-INF/lib/logback-core-1.5.38.jar!/
[0.284s][info][class,load] ch.qos.logback.classic.PatternLayout$$Lambda/0x00000f0001165968 source: ch.qos.logback.classic.PatternLayout
[0.284s][info][class,load] ch.qos.logback.core.pattern.color.CyanCompositeConverter source: jar:nested:/Users/kibong_home/Desktop/development/blog/build/libs/blog-0.0.1-SNAPSHOT.jar/!BOOT-INF/lib/logback-core-1.5.38.jar!/
[0.284s][info][class,load] ch.qos.logback.classic.PatternLayout$$Lambda/0x00000f0001165ed8 source: ch.qos.logback.classic.PatternLayout
[0.284s][info][class,load] ch.qos.logback.core.pattern.color.WhiteCompositeConverter source: jar:nested:/Users/kibong_home/Desktop/development/blog/build/libs/blog-0.0.1-SNAPSHOT.jar/!BOOT-INF/lib/logback-core-1.5.38.jar!/
[0.284s][info][class,load] ch.qos.logback.classic.PatternLayout$$Lambda/0x00000f0001166448 source: ch.qos.logback.classic.PatternLayout
[0.284s][info][class,load] ch.qos.logback.core.pattern.color.GrayCompositeConverter source: jar:nested:/Users/kibong_home/Desktop/development/blog/build/libs/blog-0.0.1-SNAPSHOT.jar/!BOOT-INF/lib/logback-core-1.5.38.jar!/
[0.284s][info][class,load] ch.qos.logback.classic.PatternLayout$$Lambda/0x00000f00011669b8 source: ch.qos.logback.classic.PatternLayout
[0.284s][info][class,load] ch.qos.logback.core.pattern.color.BoldRedCompositeConverter source: jar:nested:/Users/kibong_home/Desktop/development/blog/build/libs/blog-0.0.1-SNAPSHOT.jar/!BOOT-INF/lib/logback-core-1.5.38.jar!/
[0.284s][info][class,load] ch.qos.logback.classic.PatternLayout$$Lambda/0x00000f0001166f28 source: ch.qos.logback.classic.PatternLayout
[0.284s][info][class,load] ch.qos.logback.core.pattern.color.BoldGreenCompositeConverter source: jar:nested:/Users/kibong_home/Desktop/development/blog/build/libs/blog-0.0.1-SNAPSHOT.jar/!BOOT-INF/lib/logback-core-1.5.38.jar!/
[0.284s][info][class,load] ch.qos.logback.classic.PatternLayout$$Lambda/0x00000f0001167498 source: ch.qos.logback.classic.PatternLayout
[0.284s][info][class,load] ch.qos.logback.core.pattern.color.BoldYellowCompositeConverter source: jar:nested:/Users/kibong_home/Desktop/development/blog/build/libs/blog-0.0.1-SNAPSHOT.jar/!BOOT-INF/lib/logback-core-1.5.38.jar!/
[0.284s][info][class,load] ch.qos.logback.classic.PatternLayout$$Lambda/0x00000f0001167a08 source: ch.qos.logback.classic.PatternLayout
[0.284s][info][class,load] ch.qos.logback.core.pattern.color.BoldBlueCompositeConverter source: jar:nested:/Users/kibong_home/Desktop/development/blog/build/libs/blog-0.0.1-SNAPSHOT.jar/!BOOT-INF/lib/logback-core-1.5.38.jar!/
[0.284s][info][class,load] ch.qos.logback.classic.PatternLayout$$Lambda/0x00000f0001168000 source: ch.qos.logback.classic.PatternLayout
[0.284s][info][class,load] ch.qos.logback.core.pattern.color.BoldMagentaCompositeConverter source: jar:nested:/Users/kibong_home/Desktop/development/blog/build/libs/blog-0.0.1-SNAPSHOT.jar/!BOOT-INF/lib/logback-core-1.5.38.jar!/
[0.284s][info][class,load] ch.qos.logback.classic.PatternLayout$$Lambda/0x00000f0001168570 source: ch.qos.logback.classic.PatternLayout
[0.284s][info][class,load] ch.qos.logback.core.pattern.color.BoldCyanCompositeConverter source: jar:nested:/Users/kibong_home/Desktop/development/blog/build/libs/blog-0.0.1-SNAPSHOT.jar/!BOOT-INF/lib/logback-core-1.5.38.jar!/
[0.284s][info][class,load] ch.qos.logback.classic.PatternLayout$$Lambda/0x00000f0001168ae0 source: ch.qos.logback.classic.PatternLayout
[0.284s][info][class,load] ch.qos.logback.core.pattern.color.BoldWhiteCompositeConverter source: jar:nested:/Users/kibong_home/Desktop/development/blog/build/libs/blog-0.0.1-SNAPSHOT.jar/!BOOT-INF/lib/logback-core-1.5.38.jar!/
[0.285s][info][class,load] ch.qos.logback.classic.PatternLayout$$Lambda/0x00000f0001169050 source: ch.qos.logback.classic.PatternLayout
[0.285s][info][class,load] ch.qos.logback.classic.pattern.color.HighlightingCompositeConverter source: jar:nested:/Users/kibong_home/Desktop/development/blog/build/libs/blog-0.0.1-SNAPSHOT.jar/!BOOT-INF/lib/logback-classic-1.5.38.jar!/
[0.285s][info][class,load] ch.qos.logback.classic.PatternLayout$$Lambda/0x00000f00011695c8 source: ch.qos.logback.classic.PatternLayout
[0.285s][info][class,load] ch.qos.logback.classic.pattern.LocalSequenceNumberConverter source: jar:nested:/Users/kibong_home/Desktop/development/blog/build/libs/blog-0.0.1-SNAPSHOT.jar/!BOOT-INF/lib/logback-classic-1.5.38.jar!/
[0.285s][info][class,load] ch.qos.logback.classic.PatternLayout$$Lambda/0x00000f0001169b20 source: ch.qos.logback.classic.PatternLayout
[0.285s][info][class,load] ch.qos.logback.classic.pattern.SequenceNumberConverter source: jar:nested:/Users/kibong_home/Desktop/development/blog/build/libs/blog-0.0.1-SNAPSHOT.jar/!BOOT-INF/lib/logback-classic-1.5.38.jar!/
[0.285s][info][class,load] ch.qos.logback.classic.PatternLayout$$Lambda/0x00000f000116a070 source: ch.qos.logback.classic.PatternLayout
[0.285s][info][class,load] ch.qos.logback.classic.PatternLayout$$Lambda/0x00000f000116a298 source: ch.qos.logback.classic.PatternLayout
[0.285s][info][class,load] ch.qos.logback.classic.pattern.PrefixCompositeConverter source: jar:nested:/Users/kibong_home/Desktop/development/blog/build/libs/blog-0.0.1-SNAPSHOT.jar/!BOOT-INF/lib/logback-classic-1.5.38.jar!/
[0.285s][info][class,load] ch.qos.logback.classic.PatternLayout$$Lambda/0x00000f000116a810 source: ch.qos.logback.classic.PatternLayout
[0.285s][info][class,load] ch.qos.logback.classic.pattern.EnsureExceptionHandling source: jar:nested:/Users/kibong_home/Desktop/development/blog/build/libs/blog-0.0.1-SNAPSHOT.jar/!BOOT-INF/lib/logback-classic-1.5.38.jar!/
[0.285s][info][class,load] ch.qos.logback.core.pattern.util.RegularEscapeUtil source: jar:nested:/Users/kibong_home/Desktop/development/blog/build/libs/blog-0.0.1-SNAPSHOT.jar/!BOOT-INF/lib/logback-core-1.5.38.jar!/
[0.285s][info][class,load] ch.qos.logback.core.pattern.parser.TokenStream source: jar:nested:/Users/kibong_home/Desktop/development/blog/build/libs/blog-0.0.1-SNAPSHOT.jar/!BOOT-INF/lib/logback-core-1.5.38.jar!/
[0.285s][info][class,load] ch.qos.logback.core.pattern.util.RestrictedEscapeUtil source: jar:nested:/Users/kibong_home/Desktop/development/blog/build/libs/blog-0.0.1-SNAPSHOT.jar/!BOOT-INF/lib/logback-core-1.5.38.jar!/
[0.285s][info][class,load] ch.qos.logback.core.pattern.parser.TokenStream$TokenizerState source: jar:nested:/Users/kibong_home/Desktop/development/blog/build/libs/blog-0.0.1-SNAPSHOT.jar/!BOOT-INF/lib/logback-core-1.5.38.jar!/
[0.286s][info][class,load] ch.qos.logback.core.pattern.parser.OptionTokenizer source: jar:nested:/Users/kibong_home/Desktop/development/blog/build/libs/blog-0.0.1-SNAPSHOT.jar/!BOOT-INF/lib/logback-core-1.5.38.jar!/
[0.286s][info][class,load] ch.qos.logback.core.pattern.util.AsIsEscapeUtil source: jar:nested:/Users/kibong_home/Desktop/development/blog/build/libs/blog-0.0.1-SNAPSHOT.jar/!BOOT-INF/lib/logback-core-1.5.38.jar!/
[0.286s][info][class,load] ch.qos.logback.core.pattern.FormatInfo source: jar:nested:/Users/kibong_home/Desktop/development/blog/build/libs/blog-0.0.1-SNAPSHOT.jar/!BOOT-INF/lib/logback-core-1.5.38.jar!/
[0.286s][info][class,load] ch.qos.logback.core.pattern.parser.Compiler source: jar:nested:/Users/kibong_home/Desktop/development/blog/build/libs/blog-0.0.1-SNAPSHOT.jar/!BOOT-INF/lib/logback-core-1.5.38.jar!/
[0.286s][info][class,load] ch.qos.logback.core.pattern.LiteralConverter source: jar:nested:/Users/kibong_home/Desktop/development/blog/build/libs/blog-0.0.1-SNAPSHOT.jar/!BOOT-INF/lib/logback-core-1.5.38.jar!/
[0.286s][info][class,load] ch.qos.logback.classic.pattern.NamedConverter$NameCache source: jar:nested:/Users/kibong_home/Desktop/development/blog/build/libs/blog-0.0.1-SNAPSHOT.jar/!BOOT-INF/lib/logback-classic-1.5.38.jar!/
[0.286s][info][class,load] ch.qos.logback.classic.pattern.NamedConverter$CacheMissCalculator source: jar:nested:/Users/kibong_home/Desktop/development/blog/build/libs/blog-0.0.1-SNAPSHOT.jar/!BOOT-INF/lib/logback-classic-1.5.38.jar!/
[0.286s][info][class,load] ch.qos.logback.core.pattern.ConverterUtil source: jar:nested:/Users/kibong_home/Desktop/development/blog/build/libs/blog-0.0.1-SNAPSHOT.jar/!BOOT-INF/lib/logback-core-1.5.38.jar!/
[0.286s][info][class,load] ch.qos.logback.classic.pattern.TargetLengthBasedClassNameAbbreviator source: jar:nested:/Users/kibong_home/Desktop/development/blog/build/libs/blog-0.0.1-SNAPSHOT.jar/!BOOT-INF/lib/logback-classic-1.5.38.jar!/
[0.287s][info][class,load] org.springframework.boot.context.logging.LoggingApplicationListener$$Lambda/0x00000f000116cee8 source: org.springframework.boot.context.logging.LoggingApplicationListener
[0.287s][info][class,load] org.springframework.boot.context.logging.LoggingApplicationListener$$Lambda/0x00000f000116d128 source: org.springframework.boot.context.logging.LoggingApplicationListener
[0.287s][info][class,load] org.springframework.boot.context.logging.LoggingApplicationListener$$Lambda/0x00000f000116d368 source: org.springframework.boot.context.logging.LoggingApplicationListener
[0.287s][info][class,load] org.springframework.boot.context.logging.LoggingApplicationListener$$Lambda/0x00000f000116d590 source: org.springframework.boot.context.logging.LoggingApplicationListener
[0.287s][info][class,load] org.springframework.boot.logging.logback.LogbackLoggingSystem$$Lambda/0x00000f000116d7d0 source: org.springframework.boot.logging.logback.LogbackLoggingSystem
[0.288s][info][class,load] org.springframework.boot.SpringApplicationShutdownHook$Handler source: jar:nested:/Users/kibong_home/Desktop/development/blog/build/libs/blog-0.0.1-SNAPSHOT.jar/!BOOT-INF/lib/spring-boot-4.1.1.jar!/
[0.288s][info][class,load] org.springframework.boot.autoconfigure.preinitialize.BackgroundPreinitializingApplicationListener$Runner source: jar:nested:/Users/kibong_home/Desktop/development/blog/build/libs/blog-0.0.1-SNAPSHOT.jar/!BOOT-INF/lib/spring-boot-autoconfigure-4.1.1.jar!/
[0.288s][info][class,load] org.springframework.boot.autoconfigure.preinitialize.BackgroundPreinitializer source: jar:nested:/Users/kibong_home/Desktop/development/blog/build/libs/blog-0.0.1-SNAPSHOT.jar/!BOOT-INF/lib/spring-boot-autoconfigure-4.1.1.jar!/
[0.288s][info][class,load] org.springframework.boot.autoconfigure.preinitialize.CharsetsBackgroundPreinitializer source: jar:nested:/Users/kibong_home/Desktop/development/blog/build/libs/blog-0.0.1-SNAPSHOT.jar/!BOOT-INF/lib/spring-boot-autoconfigure-4.1.1.jar!/
[0.288s][info][class,load] org.springframework.boot.autoconfigure.preinitialize.ConversionServiceBackgroundPreinitializer source: jar:nested:/Users/kibong_home/Desktop/development/blog/build/libs/blog-0.0.1-SNAPSHOT.jar/!BOOT-INF/lib/spring-boot-autoconfigure-4.1.1.jar!/
[0.288s][info][class,load] org.springframework.boot.context.properties.bind.Bindable$$Lambda/0x00000f000116e4a0 source: org.springframework.boot.context.properties.bind.Bindable
[0.288s][info][class,load] org.springframework.boot.context.properties.bind.Bindable$$Lambda/0x00000f000116e6d0 source: org.springframework.boot.context.properties.bind.Bindable
[0.288s][info][class,load] org.springframework.boot.context.properties.bind.Bindable$$Lambda/0x00000f000116e8f8 source: org.springframework.boot.context.properties.bind.Bindable
[0.289s][info][class,load] org.springframework.boot.context.properties.bind.JavaBeanBinder$Bean$CacheKey source: jar:nested:/Users/kibong_home/Desktop/development/blog/build/libs/blog-0.0.1-SNAPSHOT.jar/!BOOT-INF/lib/spring-boot-4.1.1.jar!/
[0.289s][info][class,load] org.springframework.boot.context.properties.bind.JavaBeanBinder$BeanProperties$$Lambda/0x00000f000116ed40 source: org.springframework.boot.context.properties.bind.JavaBeanBinder
[0.289s][info][class,load] org.springframework.boot.context.properties.bind.JavaBeanBinder$BeanProperties$$Lambda/0x00000f000116ef90 source: org.springframework.boot.context.properties.bind.JavaBeanBinder
[0.289s][info][class,load] org.springframework.boot.Banner$Mode source: jar:nested:/Users/kibong_home/Desktop/development/blog/build/libs/blog-0.0.1-SNAPSHOT.jar/!BOOT-INF/lib/spring-boot-4.1.1.jar!/
[0.289s][info][class,load] org.springframework.core.BridgeMethodResolver source: jar:nested:/Users/kibong_home/Desktop/development/blog/build/libs/blog-0.0.1-SNAPSHOT.jar/!BOOT-INF/lib/spring-core-7.0.9.jar!/
[0.289s][info][class,load] org.springframework.boot.context.properties.bind.JavaBeanBinder$BeanProperties$$Lambda/0x00000f000116f638 source: org.springframework.boot.context.properties.bind.JavaBeanBinder
[0.289s][info][class,load] org.springframework.boot.context.properties.bind.JavaBeanBinder$BeanProperties$$Lambda/0x00000f000116f880 source: org.springframework.boot.context.properties.bind.JavaBeanBinder
[0.289s][info][class,load] org.springframework.boot.context.properties.bind.JavaBeanBinder$BeanProperty source: jar:nested:/Users/kibong_home/Desktop/development/blog/build/libs/blog-0.0.1-SNAPSHOT.jar/!BOOT-INF/lib/spring-boot-4.1.1.jar!/
[0.289s][info][class,load] org.springframework.boot.context.properties.bind.JavaBeanBinder$BeanProperties$$Lambda/0x00000f000116fd40 source: org.springframework.boot.context.properties.bind.JavaBeanBinder
[0.289s][info][class,load] org.springframework.boot.context.properties.bind.JavaBeanBinder$BeanProperties$$Lambda/0x00000f0001170000 source: org.springframework.boot.context.properties.bind.JavaBeanBinder
[0.290s][info][class,load] org.springframework.boot.context.properties.bind.JavaBeanBinder$BeanProperties$$Lambda/0x00000f0001170250 source: org.springframework.boot.context.properties.bind.JavaBeanBinder
[0.290s][info][class,load] org.springframework.boot.context.properties.bind.JavaBeanBinder$BeanProperties$$Lambda/0x00000f0001170488 source: org.springframework.boot.context.properties.bind.JavaBeanBinder
[0.290s][info][class,load] org.springframework.boot.context.properties.bind.JavaBeanBinder$BeanSupplier source: jar:nested:/Users/kibong_home/Desktop/development/blog/build/libs/blog-0.0.1-SNAPSHOT.jar/!BOOT-INF/lib/spring-boot-4.1.1.jar!/
[0.290s][info][class,load] org.springframework.boot.context.properties.bind.JavaBeanBinder$Bean$$Lambda/0x00000f00011708f8 source: org.springframework.boot.context.properties.bind.JavaBeanBinder
[0.290s][info][class,load] org.springframework.boot.context.properties.bind.JavaBeanBinder$$Lambda/0x00000f0001170b28 source: org.springframework.boot.context.properties.bind.JavaBeanBinder
[0.290s][info][class,load] org.springframework.boot.context.properties.bind.JavaBeanBinder$$Lambda/0x00000f0001170d80 source: org.springframework.boot.context.properties.bind.JavaBeanBinder
[0.290s][info][class,load] org.springframework.boot.context.properties.bind.JavaBeanBinder$$Lambda/0x00000f0001170fd0 source: org.springframework.boot.context.properties.bind.JavaBeanBinder
[0.290s][info][class,load] org.springframework.boot.context.properties.bind.JavaBeanBinder$BeanProperty$$Lambda/0x00000f0001171218 source: org.springframework.boot.context.properties.bind.JavaBeanBinder
[0.291s][info][class,load] sun.reflect.generics.scope.MethodScope source: jrt:/java.base
[0.291s][info][class,load] sun.reflect.generics.repository.MethodRepository source: jrt:/java.base
[0.291s][info][class,load] java.util.AbstractList$ListItr source: jrt:/java.base
[0.291s][info][class,load] org.springframework.boot.EnvironmentConverter source: jar:nested:/Users/kibong_home/Desktop/development/blog/build/libs/blog-0.0.1-SNAPSHOT.jar/!BOOT-INF/lib/spring-boot-4.1.1.jar!/
[0.291s][info][class,load] org.springframework.boot.DefaultApplicationContextFactory$$Lambda/0x00000f0001171660 source: org.springframework.boot.DefaultApplicationContextFactory
[0.291s][info][class,load] org.springframework.boot.SpringApplicationBannerPrinter source: jar:nested:/Users/kibong_home/Desktop/development/blog/build/libs/blog-0.0.1-SNAPSHOT.jar/!BOOT-INF/lib/spring-boot-4.1.1.jar!/
[0.291s][info][class,load] org.springframework.boot.Banner source: jar:nested:/Users/kibong_home/Desktop/development/blog/build/libs/blog-0.0.1-SNAPSHOT.jar/!BOOT-INF/lib/spring-boot-4.1.1.jar!/
[0.292s][info][class,load] org.springframework.boot.SpringBootBanner source: jar:nested:/Users/kibong_home/Desktop/development/blog/build/libs/blog-0.0.1-SNAPSHOT.jar/!BOOT-INF/lib/spring-boot-4.1.1.jar!/
[0.292s][info][class,load] org.springframework.core.io.ContextResource source: jar:nested:/Users/kibong_home/Desktop/development/blog/build/libs/blog-0.0.1-SNAPSHOT.jar/!BOOT-INF/lib/spring-core-7.0.9.jar!/
[0.292s][info][class,load] org.springframework.core.io.DefaultResourceLoader$ClassPathContextResource source: jar:nested:/Users/kibong_home/Desktop/development/blog/build/libs/blog-0.0.1-SNAPSHOT.jar/!BOOT-INF/lib/spring-core-7.0.9.jar!/
[0.292s][info][class,load] org.springframework.boot.SpringBootVersion source: jar:nested:/Users/kibong_home/Desktop/development/blog/build/libs/blog-0.0.1-SNAPSHOT.jar/!BOOT-INF/lib/spring-boot-4.1.1.jar!/
[0.292s][info][class,load] org.springframework.boot.SpringApplicationBannerPrinter$PrintedBanner source: jar:nested:/Users/kibong_home/Desktop/development/blog/build/libs/blog-0.0.1-SNAPSHOT.jar/!BOOT-INF/lib/spring-boot-4.1.1.jar!/
[0.292s][info][class,load] org.springframework.boot.DefaultApplicationContextFactory$$Lambda/0x00000f0001172b48 source: org.springframework.boot.DefaultApplicationContextFactory
[0.292s][info][class,load] org.springframework.boot.DefaultApplicationContextFactory$$Lambda/0x00000f0001172d80 source: org.springframework.boot.DefaultApplicationContextFactory
[0.292s][info][class,load] org.springframework.context.annotation.AnnotationConfigRegistry source: jar:nested:/Users/kibong_home/Desktop/development/blog/build/libs/blog-0.0.1-SNAPSHOT.jar/!BOOT-INF/lib/spring-context-7.0.9.jar!/
[0.293s][info][class,load] org.springframework.core.AliasRegistry source: jar:nested:/Users/kibong_home/Desktop/development/blog/build/libs/blog-0.0.1-SNAPSHOT.jar/!BOOT-INF/lib/spring-core-7.0.9.jar!/
[0.293s][info][class,load] org.springframework.beans.factory.support.BeanDefinitionRegistry source: jar:nested:/Users/kibong_home/Desktop/development/blog/build/libs/blog-0.0.1-SNAPSHOT.jar/!BOOT-INF/lib/spring-beans-7.0.9.jar!/
[0.293s][info][class,load] org.springframework.context.support.AbstractApplicationContext source: jar:nested:/Users/kibong_home/Desktop/development/blog/build/libs/blog-0.0.1-SNAPSHOT.jar/!BOOT-INF/lib/spring-context-7.0.9.jar!/
[0.293s][info][class,load] org.springframework.context.support.GenericApplicationContext source: jar:nested:/Users/kibong_home/Desktop/development/blog/build/libs/blog-0.0.1-SNAPSHOT.jar/!BOOT-INF/lib/spring-context-7.0.9.jar!/
[0.293s][info][class,load] org.springframework.context.annotation.AnnotationConfigApplicationContext source: jar:nested:/Users/kibong_home/Desktop/development/blog/build/libs/blog-0.0.1-SNAPSHOT.jar/!BOOT-INF/lib/spring-context-7.0.9.jar!/
[0.293s][info][class,load] org.springframework.context.PayloadApplicationEvent source: jar:nested:/Users/kibong_home/Desktop/development/blog/build/libs/blog-0.0.1-SNAPSHOT.jar/!BOOT-INF/lib/spring-context-7.0.9.jar!/
[0.293s][info][class,load] org.springframework.beans.factory.config.AutowireCapableBeanFactory source: jar:nested:/Users/kibong_home/Desktop/development/blog/build/libs/blog-0.0.1-SNAPSHOT.jar/!BOOT-INF/lib/spring-beans-7.0.9.jar!/
[0.294s][info][class,load] org.springframework.context.event.ContextStartedEvent source: jar:nested:/Users/kibong_home/Desktop/development/blog/build/libs/blog-0.0.1-SNAPSHOT.jar/!BOOT-INF/lib/spring-context-7.0.9.jar!/
[0.294s][info][class,load] org.springframework.context.event.ContextRestartedEvent source: jar:nested:/Users/kibong_home/Desktop/development/blog/build/libs/blog-0.0.1-SNAPSHOT.jar/!BOOT-INF/lib/spring-context-7.0.9.jar!/
[0.294s][info][class,load] org.springframework.context.event.ContextStoppedEvent source: jar:nested:/Users/kibong_home/Desktop/development/blog/build/libs/blog-0.0.1-SNAPSHOT.jar/!BOOT-INF/lib/spring-context-7.0.9.jar!/
[0.294s][info][class,load] org.springframework.context.event.ContextPausedEvent source: jar:nested:/Users/kibong_home/Desktop/development/blog/build/libs/blog-0.0.1-SNAPSHOT.jar/!BOOT-INF/lib/spring-context-7.0.9.jar!/
[0.294s][info][class,load] org.springframework.beans.factory.config.BeanExpressionResolver source: jar:nested:/Users/kibong_home/Desktop/development/blog/build/libs/blog-0.0.1-SNAPSHOT.jar/!BOOT-INF/lib/spring-beans-7.0.9.jar!/
[0.294s][info][class,load] org.springframework.beans.PropertyEditorRegistrar source: jar:nested:/Users/kibong_home/Desktop/development/blog/build/libs/blog-0.0.1-SNAPSHOT.jar/!BOOT-INF/lib/spring-beans-7.0.9.jar!/
[0.294s][info][class,load] org.springframework.beans.factory.config.BeanPostProcessor source: jar:nested:/Users/kibong_home/Desktop/development/blog/build/libs/blog-0.0.1-SNAPSHOT.jar/!BOOT-INF/lib/spring-beans-7.0.9.jar!/
[0.294s][info][class,load] org.springframework.core.SmartClassLoader source: jar:nested:/Users/kibong_home/Desktop/development/blog/build/libs/blog-0.0.1-SNAPSHOT.jar/!BOOT-INF/lib/spring-core-7.0.9.jar!/
[0.294s][info][class,load] org.springframework.core.DecoratingClassLoader source: jar:nested:/Users/kibong_home/Desktop/development/blog/build/libs/blog-0.0.1-SNAPSHOT.jar/!BOOT-INF/lib/spring-core-7.0.9.jar!/
[0.294s][info][class,load] org.springframework.context.support.ContextTypeMatchClassLoader source: jar:nested:/Users/kibong_home/Desktop/development/blog/build/libs/blog-0.0.1-SNAPSHOT.jar/!BOOT-INF/lib/spring-context-7.0.9.jar!/
[0.294s][info][class,load] org.springframework.beans.factory.BeanNotOfRequiredTypeException source: jar:nested:/Users/kibong_home/Desktop/development/blog/build/libs/blog-0.0.1-SNAPSHOT.jar/!BOOT-INF/lib/spring-beans-7.0.9.jar!/
[0.294s][info][class,load] org.springframework.context.LifecycleProcessor source: jar:nested:/Users/kibong_home/Desktop/development/blog/build/libs/blog-0.0.1-SNAPSHOT.jar/!BOOT-INF/lib/spring-context-7.0.9.jar!/
[0.294s][info][class,load] org.springframework.context.support.AbstractApplicationContext$1 source: jar:nested:/Users/kibong_home/Desktop/development/blog/build/libs/blog-0.0.1-SNAPSHOT.jar/!BOOT-INF/lib/spring-context-7.0.9.jar!/
[0.295s][info][class,load] org.springframework.beans.factory.config.ConfigurableListableBeanFactory source: jar:nested:/Users/kibong_home/Desktop/development/blog/build/libs/blog-0.0.1-SNAPSHOT.jar/!BOOT-INF/lib/spring-beans-7.0.9.jar!/
[0.295s][info][class,load] org.springframework.core.AttributeAccessor source: jar:nested:/Users/kibong_home/Desktop/development/blog/build/libs/blog-0.0.1-SNAPSHOT.jar/!BOOT-INF/lib/spring-core-7.0.9.jar!/
[0.295s][info][class,load] org.springframework.beans.BeanMetadataElement source: jar:nested:/Users/kibong_home/Desktop/development/blog/build/libs/blog-0.0.1-SNAPSHOT.jar/!BOOT-INF/lib/spring-beans-7.0.9.jar!/
[0.295s][info][class,load] org.springframework.beans.factory.config.BeanDefinition source: jar:nested:/Users/kibong_home/Desktop/development/blog/build/libs/blog-0.0.1-SNAPSHOT.jar/!BOOT-INF/lib/spring-beans-7.0.9.jar!/
[0.295s][info][class,load] org.springframework.core.io.support.PathMatchingResourcePatternResolver source: jar:nested:/Users/kibong_home/Desktop/development/blog/build/libs/blog-0.0.1-SNAPSHOT.jar/!BOOT-INF/lib/spring-core-7.0.9.jar!/
[0.295s][info][class,load] java.nio.file.FileSystemNotFoundException source: jrt:/java.base
[0.295s][info][class,load] org.springframework.util.PathMatcher source: jar:nested:/Users/kibong_home/Desktop/development/blog/build/libs/blog-0.0.1-SNAPSHOT.jar/!BOOT-INF/lib/spring-core-7.0.9.jar!/
[0.296s][info][class,load] jdk.internal.module.SystemModuleFinders source: shared objects file
[0.296s][info][class,load] jdk.internal.module.SystemModulesMap source: shared objects file
[0.296s][info][class,load] jdk.internal.module.SystemModules source: shared objects file
[0.296s][info][class,load] jdk.internal.module.SystemModules$all source: shared objects file
[0.296s][info][class,load] jdk.internal.module.Builder source: shared objects file
[0.296s][info][class,load] jdk.internal.module.ModuleHashes$Builder source: shared objects file
[0.296s][info][class,load] jdk.internal.module.ModuleResolution source: shared objects file
[0.296s][info][class,load] org.springframework.core.io.support.PathMatchingResourcePatternResolver$$Lambda/0x00000f0001178d20 source: org.springframework.core.io.support.PathMatchingResourcePatternResolver
[0.296s][info][class,load] java.util.stream.Collectors$$Lambda/0x800000045 source: shared objects file
[0.296s][info][class,load] java.util.stream.Collectors$$Lambda/0x800000038 source: shared objects file
[0.296s][info][class,load] java.util.stream.Collectors$$Lambda/0x800000040 source: shared objects file
[0.297s][info][class,load] org.springframework.core.io.support.PathMatchingResourcePatternResolver$$Lambda/0x00000f0001178f68 source: org.springframework.core.io.support.PathMatchingResourcePatternResolver
[0.297s][info][class,load] org.springframework.util.AntPathMatcher source: jar:nested:/Users/kibong_home/Desktop/development/blog/build/libs/blog-0.0.1-SNAPSHOT.jar/!BOOT-INF/lib/spring-core-7.0.9.jar!/
[0.297s][info][class,load] org.springframework.util.AntPathMatcher$PathSeparatorPatternCache source: jar:nested:/Users/kibong_home/Desktop/development/blog/build/libs/blog-0.0.1-SNAPSHOT.jar/!BOOT-INF/lib/spring-core-7.0.9.jar!/
[0.299s][info][class,load] org.springframework.core.SimpleAliasRegistry source: jar:nested:/Users/kibong_home/Desktop/development/blog/build/libs/blog-0.0.1-SNAPSHOT.jar/!BOOT-INF/lib/spring-core-7.0.9.jar!/
[0.299s][info][class,load] org.springframework.beans.factory.support.DefaultSingletonBeanRegistry source: jar:nested:/Users/kibong_home/Desktop/development/blog/build/libs/blog-0.0.1-SNAPSHOT.jar/!BOOT-INF/lib/spring-beans-7.0.9.jar!/
[0.299s][info][class,load] org.springframework.beans.factory.support.FactoryBeanRegistrySupport source: jar:nested:/Users/kibong_home/Desktop/development/blog/build/libs/blog-0.0.1-SNAPSHOT.jar/!BOOT-INF/lib/spring-beans-7.0.9.jar!/
[0.299s][info][class,load] org.springframework.beans.factory.support.AbstractBeanFactory source: jar:nested:/Users/kibong_home/Desktop/development/blog/build/libs/blog-0.0.1-SNAPSHOT.jar/!BOOT-INF/lib/spring-beans-7.0.9.jar!/
[0.299s][info][class,load] org.springframework.beans.factory.support.AbstractAutowireCapableBeanFactory source: jar:nested:/Users/kibong_home/Desktop/development/blog/build/libs/blog-0.0.1-SNAPSHOT.jar/!BOOT-INF/lib/spring-beans-7.0.9.jar!/
[0.299s][info][class,load] org.springframework.beans.factory.support.DefaultListableBeanFactory source: jar:nested:/Users/kibong_home/Desktop/development/blog/build/libs/blog-0.0.1-SNAPSHOT.jar/!BOOT-INF/lib/spring-beans-7.0.9.jar!/
[0.299s][info][class,load] org.springframework.beans.factory.BeanCreationException source: jar:nested:/Users/kibong_home/Desktop/development/blog/build/libs/blog-0.0.1-SNAPSHOT.jar/!BOOT-INF/lib/spring-beans-7.0.9.jar!/
[0.299s][info][class,load] org.springframework.beans.factory.BeanCurrentlyInCreationException source: jar:nested:/Users/kibong_home/Desktop/development/blog/build/libs/blog-0.0.1-SNAPSHOT.jar/!BOOT-INF/lib/spring-beans-7.0.9.jar!/
[0.299s][info][class,load] org.springframework.beans.factory.BeanCreationNotAllowedException source: jar:nested:/Users/kibong_home/Desktop/development/blog/build/libs/blog-0.0.1-SNAPSHOT.jar/!BOOT-INF/lib/spring-beans-7.0.9.jar!/
[0.299s][info][class,load] org.springframework.beans.factory.FactoryBeanNotInitializedException source: jar:nested:/Users/kibong_home/Desktop/development/blog/build/libs/blog-0.0.1-SNAPSHOT.jar/!BOOT-INF/lib/spring-beans-7.0.9.jar!/
[0.300s][info][class,load] org.springframework.beans.factory.BeanDefinitionStoreException source: jar:nested:/Users/kibong_home/Desktop/development/blog/build/libs/blog-0.0.1-SNAPSHOT.jar/!BOOT-INF/lib/spring-beans-7.0.9.jar!/
[0.300s][info][class,load] org.springframework.beans.factory.support.BeanDefinitionValidationException source: jar:nested:/Users/kibong_home/Desktop/development/blog/build/libs/blog-0.0.1-SNAPSHOT.jar/!BOOT-INF/lib/spring-beans-7.0.9.jar!/
[0.300s][info][class,load] org.springframework.beans.factory.CannotLoadBeanClassException source: jar:nested:/Users/kibong_home/Desktop/development/blog/build/libs/blog-0.0.1-SNAPSHOT.jar/!BOOT-INF/lib/spring-beans-7.0.9.jar!/
[0.300s][info][class,load] org.springframework.beans.factory.support.ScopeNotActiveException source: jar:nested:/Users/kibong_home/Desktop/development/blog/build/libs/blog-0.0.1-SNAPSHOT.jar/!BOOT-INF/lib/spring-beans-7.0.9.jar!/
[0.300s][info][class,load] org.springframework.beans.factory.BeanIsAbstractException source: jar:nested:/Users/kibong_home/Desktop/development/blog/build/libs/blog-0.0.1-SNAPSHOT.jar/!BOOT-INF/lib/spring-beans-7.0.9.jar!/
[0.300s][info][class,load] org.springframework.beans.factory.DisposableBean source: jar:nested:/Users/kibong_home/Desktop/development/blog/build/libs/blog-0.0.1-SNAPSHOT.jar/!BOOT-INF/lib/spring-beans-7.0.9.jar!/
[0.300s][info][class,load] org.springframework.beans.factory.BeanIsNotAFactoryException source: jar:nested:/Users/kibong_home/Desktop/development/blog/build/libs/blog-0.0.1-SNAPSHOT.jar/!BOOT-INF/lib/spring-beans-7.0.9.jar!/
[0.300s][info][class,load] org.springframework.core.NamedThreadLocal source: jar:nested:/Users/kibong_home/Desktop/development/blog/build/libs/blog-0.0.1-SNAPSHOT.jar/!BOOT-INF/lib/spring-core-7.0.9.jar!/
[0.300s][info][class,load] org.springframework.beans.PropertyAccessor source: jar:nested:/Users/kibong_home/Desktop/development/blog/build/libs/blog-0.0.1-SNAPSHOT.jar/!BOOT-INF/lib/spring-beans-7.0.9.jar!/
[0.300s][info][class,load] org.springframework.beans.ConfigurablePropertyAccessor source: jar:nested:/Users/kibong_home/Desktop/development/blog/build/libs/blog-0.0.1-SNAPSHOT.jar/!BOOT-INF/lib/spring-beans-7.0.9.jar!/
[0.300s][info][class,load] org.springframework.beans.BeanWrapper source: jar:nested:/Users/kibong_home/Desktop/development/blog/build/libs/blog-0.0.1-SNAPSHOT.jar/!BOOT-INF/lib/spring-beans-7.0.9.jar!/
[0.300s][info][class,load] org.springframework.beans.PropertyValues source: jar:nested:/Users/kibong_home/Desktop/development/blog/build/libs/blog-0.0.1-SNAPSHOT.jar/!BOOT-INF/lib/spring-beans-7.0.9.jar!/
[0.300s][info][class,load] org.springframework.beans.factory.UnsatisfiedDependencyException source: jar:nested:/Users/kibong_home/Desktop/development/blog/build/libs/blog-0.0.1-SNAPSHOT.jar/!BOOT-INF/lib/spring-beans-7.0.9.jar!/
[0.300s][info][class,load] org.springframework.beans.factory.support.ImplicitlyAppearedSingletonException source: jar:nested:/Users/kibong_home/Desktop/development/blog/build/libs/blog-0.0.1-SNAPSHOT.jar/!BOOT-INF/lib/spring-beans-7.0.9.jar!/
[0.301s][info][class,load] org.springframework.core.AttributeAccessorSupport source: jar:nested:/Users/kibong_home/Desktop/development/blog/build/libs/blog-0.0.1-SNAPSHOT.jar/!BOOT-INF/lib/spring-core-7.0.9.jar!/
[0.301s][info][class,load] org.springframework.beans.BeanMetadataAttributeAccessor source: jar:nested:/Users/kibong_home/Desktop/development/blog/build/libs/blog-0.0.1-SNAPSHOT.jar/!BOOT-INF/lib/spring-beans-7.0.9.jar!/
[0.301s][info][class,load] org.springframework.beans.factory.support.AbstractBeanDefinition source: jar:nested:/Users/kibong_home/Desktop/development/blog/build/libs/blog-0.0.1-SNAPSHOT.jar/!BOOT-INF/lib/spring-beans-7.0.9.jar!/
[0.301s][info][class,load] org.springframework.beans.factory.support.RootBeanDefinition source: jar:nested:/Users/kibong_home/Desktop/development/blog/build/libs/blog-0.0.1-SNAPSHOT.jar/!BOOT-INF/lib/spring-beans-7.0.9.jar!/
[0.301s][info][class,load] org.springframework.beans.factory.support.AbstractAutowireCapableBeanFactory$CreateFromClassBeanDefinition source: jar:nested:/Users/kibong_home/Desktop/development/blog/build/libs/blog-0.0.1-SNAPSHOT.jar/!BOOT-INF/lib/spring-beans-7.0.9.jar!/
[0.301s][info][class,load] org.springframework.beans.factory.InjectionPoint source: jar:nested:/Users/kibong_home/Desktop/development/blog/build/libs/blog-0.0.1-SNAPSHOT.jar/!BOOT-INF/lib/spring-beans-7.0.9.jar!/
[0.301s][info][class,load] org.springframework.beans.factory.config.DependencyDescriptor source: jar:nested:/Users/kibong_home/Desktop/development/blog/build/libs/blog-0.0.1-SNAPSHOT.jar/!BOOT-INF/lib/spring-beans-7.0.9.jar!/
[0.301s][info][class,load] org.springframework.beans.factory.support.AbstractAutowireCapableBeanFactory$AutowireByTypeDependencyDescriptor source: jar:nested:/Users/kibong_home/Desktop/development/blog/build/libs/blog-0.0.1-SNAPSHOT.jar/!BOOT-INF/lib/spring-beans-7.0.9.jar!/
[0.301s][info][class,load] org.springframework.util.ReflectionUtils$MethodCallback source: jar:nested:/Users/kibong_home/Desktop/development/blog/build/libs/blog-0.0.1-SNAPSHOT.jar/!BOOT-INF/lib/spring-core-7.0.9.jar!/
[0.301s][info][class,load] org.springframework.beans.InvalidPropertyException source: jar:nested:/Users/kibong_home/Desktop/development/blog/build/libs/blog-0.0.1-SNAPSHOT.jar/!BOOT-INF/lib/spring-beans-7.0.9.jar!/
[0.301s][info][class,load] org.springframework.beans.factory.support.InstantiationStrategy source: jar:nested:/Users/kibong_home/Desktop/development/blog/build/libs/blog-0.0.1-SNAPSHOT.jar/!BOOT-INF/lib/spring-beans-7.0.9.jar!/
[0.302s][info][class,load] org.springframework.beans.factory.ObjectFactory source: jar:nested:/Users/kibong_home/Desktop/development/blog/build/libs/blog-0.0.1-SNAPSHOT.jar/!BOOT-INF/lib/spring-beans-7.0.9.jar!/
[0.302s][info][class,load] org.springframework.beans.factory.ObjectProvider source: jar:nested:/Users/kibong_home/Desktop/development/blog/build/libs/blog-0.0.1-SNAPSHOT.jar/!BOOT-INF/lib/spring-beans-7.0.9.jar!/
[0.302s][info][class,load] org.springframework.beans.factory.support.BeanDefinitionOverrideException source: jar:nested:/Users/kibong_home/Desktop/development/blog/build/libs/blog-0.0.1-SNAPSHOT.jar/!BOOT-INF/lib/spring-beans-7.0.9.jar!/
[0.302s][info][class,load] java.util.concurrent.CompletionException source: jrt:/java.base
[0.302s][info][class,load] org.springframework.beans.factory.NoUniqueBeanDefinitionException source: jar:nested:/Users/kibong_home/Desktop/development/blog/build/libs/blog-0.0.1-SNAPSHOT.jar/!BOOT-INF/lib/spring-beans-7.0.9.jar!/
[0.302s][info][class,load] org.springframework.beans.factory.support.DefaultListableBeanFactory$NestedDependencyDescriptor source: jar:nested:/Users/kibong_home/Desktop/development/blog/build/libs/blog-0.0.1-SNAPSHOT.jar/!BOOT-INF/lib/spring-beans-7.0.9.jar!/
[0.302s][info][class,load] org.springframework.beans.factory.support.DefaultListableBeanFactory$2 source: jar:nested:/Users/kibong_home/Desktop/development/blog/build/libs/blog-0.0.1-SNAPSHOT.jar/!BOOT-INF/lib/spring-beans-7.0.9.jar!/
[0.302s][info][class,load] org.springframework.beans.factory.support.DefaultListableBeanFactory$MultiElementDescriptor source: jar:nested:/Users/kibong_home/Desktop/development/blog/build/libs/blog-0.0.1-SNAPSHOT.jar/!BOOT-INF/lib/spring-beans-7.0.9.jar!/
[0.302s][info][class,load] org.springframework.beans.factory.support.AutowireCandidateResolver source: jar:nested:/Users/kibong_home/Desktop/development/blog/build/libs/blog-0.0.1-SNAPSHOT.jar/!BOOT-INF/lib/spring-beans-7.0.9.jar!/
[0.302s][info][class,load] java.io.NotSerializableException source: jrt:/java.base
[0.303s][info][class,load] org.springframework.beans.factory.support.AbstractBeanFactory$BeanPostProcessorCacheAwareList source: jar:nested:/Users/kibong_home/Desktop/development/blog/build/libs/blog-0.0.1-SNAPSHOT.jar/!BOOT-INF/lib/spring-beans-7.0.9.jar!/
[0.303s][info][class,load] org.springframework.core.NamedThreadLocal$SuppliedNamedThreadLocal source: jar:nested:/Users/kibong_home/Desktop/development/blog/build/libs/blog-0.0.1-SNAPSHOT.jar/!BOOT-INF/lib/spring-core-7.0.9.jar!/
[0.303s][info][class,load] org.springframework.beans.factory.BeanNameAware source: jar:nested:/Users/kibong_home/Desktop/development/blog/build/libs/blog-0.0.1-SNAPSHOT.jar/!BOOT-INF/lib/spring-beans-7.0.9.jar!/
[0.303s][info][class,load] org.springframework.beans.factory.support.SimpleInstantiationStrategy source: jar:nested:/Users/kibong_home/Desktop/development/blog/build/libs/blog-0.0.1-SNAPSHOT.jar/!BOOT-INF/lib/spring-beans-7.0.9.jar!/
[0.303s][info][class,load] org.springframework.beans.factory.support.CglibSubclassingInstantiationStrategy source: jar:nested:/Users/kibong_home/Desktop/development/blog/build/libs/blog-0.0.1-SNAPSHOT.jar/!BOOT-INF/lib/spring-beans-7.0.9.jar!/
[0.303s][info][class,load] org.springframework.beans.factory.support.SimpleAutowireCandidateResolver source: jar:nested:/Users/kibong_home/Desktop/development/blog/build/libs/blog-0.0.1-SNAPSHOT.jar/!BOOT-INF/lib/spring-beans-7.0.9.jar!/
[0.303s][info][class,load] org.springframework.context.annotation.AnnotatedBeanDefinitionReader source: jar:nested:/Users/kibong_home/Desktop/development/blog/build/libs/blog-0.0.1-SNAPSHOT.jar/!BOOT-INF/lib/spring-context-7.0.9.jar!/
[0.303s][info][class,load] org.springframework.beans.factory.support.BeanNameGenerator source: jar:nested:/Users/kibong_home/Desktop/development/blog/build/libs/blog-0.0.1-SNAPSHOT.jar/!BOOT-INF/lib/spring-beans-7.0.9.jar!/
[0.303s][info][class,load] org.springframework.context.annotation.ScopeMetadataResolver source: jar:nested:/Users/kibong_home/Desktop/development/blog/build/libs/blog-0.0.1-SNAPSHOT.jar/!BOOT-INF/lib/spring-context-7.0.9.jar!/
[0.303s][info][class,load] org.springframework.core.type.AnnotatedTypeMetadata source: jar:nested:/Users/kibong_home/Desktop/development/blog/build/libs/blog-0.0.1-SNAPSHOT.jar/!BOOT-INF/lib/spring-core-7.0.9.jar!/
[0.303s][info][class,load] org.springframework.beans.factory.annotation.AnnotatedBeanDefinition source: jar:nested:/Users/kibong_home/Desktop/development/blog/build/libs/blog-0.0.1-SNAPSHOT.jar/!BOOT-INF/lib/spring-beans-7.0.9.jar!/
[0.303s][info][class,load] org.springframework.context.annotation.AnnotationBeanNameGenerator source: jar:nested:/Users/kibong_home/Desktop/development/blog/build/libs/blog-0.0.1-SNAPSHOT.jar/!BOOT-INF/lib/spring-context-7.0.9.jar!/
[0.304s][info][class,load] org.springframework.core.annotation.MergedAnnotation$Adapt source: jar:nested:/Users/kibong_home/Desktop/development/blog/build/libs/blog-0.0.1-SNAPSHOT.jar/!BOOT-INF/lib/spring-core-7.0.9.jar!/
[0.304s][info][class,load] org.springframework.context.annotation.AnnotationScopeMetadataResolver source: jar:nested:/Users/kibong_home/Desktop/development/blog/build/libs/blog-0.0.1-SNAPSHOT.jar/!BOOT-INF/lib/spring-context-7.0.9.jar!/
[0.304s][info][class,load] org.springframework.context.annotation.Scope source: jar:nested:/Users/kibong_home/Desktop/development/blog/build/libs/blog-0.0.1-SNAPSHOT.jar/!BOOT-INF/lib/spring-context-7.0.9.jar!/
[0.304s][info][class,load] org.springframework.context.annotation.ScopedProxyMode source: jar:nested:/Users/kibong_home/Desktop/development/blog/build/libs/blog-0.0.1-SNAPSHOT.jar/!BOOT-INF/lib/spring-context-7.0.9.jar!/
[0.304s][info][class,load] org.springframework.context.annotation.ConditionEvaluator source: jar:nested:/Users/kibong_home/Desktop/development/blog/build/libs/blog-0.0.1-SNAPSHOT.jar/!BOOT-INF/lib/spring-context-7.0.9.jar!/
[0.304s][info][class,load] org.springframework.context.annotation.ConditionContext source: jar:nested:/Users/kibong_home/Desktop/development/blog/build/libs/blog-0.0.1-SNAPSHOT.jar/!BOOT-INF/lib/spring-context-7.0.9.jar!/
[0.304s][info][class,load] org.springframework.context.annotation.ConditionEvaluator$ConditionContextImpl source: jar:nested:/Users/kibong_home/Desktop/development/blog/build/libs/blog-0.0.1-SNAPSHOT.jar/!BOOT-INF/lib/spring-context-7.0.9.jar!/
[0.304s][info][class,load] org.springframework.context.annotation.AnnotationConfigUtils source: jar:nested:/Users/kibong_home/Desktop/development/blog/build/libs/blog-0.0.1-SNAPSHOT.jar/!BOOT-INF/lib/spring-context-7.0.9.jar!/
[0.304s][info][class,load] jakarta.annotation.PostConstruct source: jar:nested:/Users/kibong_home/Desktop/development/blog/build/libs/blog-0.0.1-SNAPSHOT.jar/!BOOT-INF/lib/jakarta.annotation-api-3.0.0.jar!/
[0.305s][info][class,load] org.springframework.beans.factory.support.GenericTypeAwareAutowireCandidateResolver source: jar:nested:/Users/kibong_home/Desktop/development/blog/build/libs/blog-0.0.1-SNAPSHOT.jar/!BOOT-INF/lib/spring-beans-7.0.9.jar!/
[0.305s][info][class,load] org.springframework.beans.factory.annotation.QualifierAnnotationAutowireCandidateResolver source: jar:nested:/Users/kibong_home/Desktop/development/blog/build/libs/blog-0.0.1-SNAPSHOT.jar/!BOOT-INF/lib/spring-beans-7.0.9.jar!/
[0.305s][info][class,load] org.springframework.context.annotation.ContextAnnotationAutowireCandidateResolver source: jar:nested:/Users/kibong_home/Desktop/development/blog/build/libs/blog-0.0.1-SNAPSHOT.jar/!BOOT-INF/lib/spring-context-7.0.9.jar!/
[0.305s][info][class,load] org.springframework.aop.TargetSource source: jar:nested:/Users/kibong_home/Desktop/development/blog/build/libs/blog-0.0.1-SNAPSHOT.jar/!BOOT-INF/lib/spring-aop-7.0.9.jar!/
[0.305s][info][class,load] org.springframework.beans.factory.annotation.Value source: jar:nested:/Users/kibong_home/Desktop/development/blog/build/libs/blog-0.0.1-SNAPSHOT.jar/!BOOT-INF/lib/spring-beans-7.0.9.jar!/
[0.305s][info][class,load] org.springframework.beans.factory.annotation.Qualifier source: jar:nested:/Users/kibong_home/Desktop/development/blog/build/libs/blog-0.0.1-SNAPSHOT.jar/!BOOT-INF/lib/spring-beans-7.0.9.jar!/
[0.305s][info][class,load] org.springframework.beans.factory.support.BeanDefinitionRegistryPostProcessor source: jar:nested:/Users/kibong_home/Desktop/development/blog/build/libs/blog-0.0.1-SNAPSHOT.jar/!BOOT-INF/lib/spring-beans-7.0.9.jar!/
[0.305s][info][class,load] org.springframework.beans.factory.aot.BeanRegistrationAotProcessor source: jar:nested:/Users/kibong_home/Desktop/development/blog/build/libs/blog-0.0.1-SNAPSHOT.jar/!BOOT-INF/lib/spring-beans-7.0.9.jar!/
[0.306s][info][class,load] org.springframework.context.ResourceLoaderAware source: jar:nested:/Users/kibong_home/Desktop/development/blog/build/libs/blog-0.0.1-SNAPSHOT.jar/!BOOT-INF/lib/spring-context-7.0.9.jar!/
[0.306s][info][class,load] org.springframework.context.ApplicationStartupAware source: jar:nested:/Users/kibong_home/Desktop/development/blog/build/libs/blog-0.0.1-SNAPSHOT.jar/!BOOT-INF/lib/spring-context-7.0.9.jar!/
[0.306s][info][class,load] org.springframework.context.EnvironmentAware source: jar:nested:/Users/kibong_home/Desktop/development/blog/build/libs/blog-0.0.1-SNAPSHOT.jar/!BOOT-INF/lib/spring-context-7.0.9.jar!/
[0.306s][info][class,load] org.springframework.context.annotation.ConfigurationClassPostProcessor source: jar:nested:/Users/kibong_home/Desktop/development/blog/build/libs/blog-0.0.1-SNAPSHOT.jar/!BOOT-INF/lib/spring-context-7.0.9.jar!/
[0.306s][info][class,load] org.springframework.beans.factory.support.MethodOverrides source: jar:nested:/Users/kibong_home/Desktop/development/blog/build/libs/blog-0.0.1-SNAPSHOT.jar/!BOOT-INF/lib/spring-beans-7.0.9.jar!/
[0.306s][info][class,load] org.springframework.beans.factory.support.DefaultListableBeanFactory$$Lambda/0x00000f00011889e0 source: org.springframework.beans.factory.support.DefaultListableBeanFactory
[0.306s][info][class,load] org.springframework.beans.factory.support.DefaultListableBeanFactory$$Lambda/0x00000f0001188c20 source: org.springframework.beans.factory.support.DefaultListableBeanFactory
[0.306s][info][class,load] org.springframework.beans.factory.config.BeanDefinitionHolder source: jar:nested:/Users/kibong_home/Desktop/development/blog/build/libs/blog-0.0.1-SNAPSHOT.jar/!BOOT-INF/lib/spring-beans-7.0.9.jar!/
[0.306s][info][class,load] org.springframework.beans.factory.config.InstantiationAwareBeanPostProcessor source: jar:nested:/Users/kibong_home/Desktop/development/blog/build/libs/blog-0.0.1-SNAPSHOT.jar/!BOOT-INF/lib/spring-beans-7.0.9.jar!/
[0.306s][info][class,load] org.springframework.beans.factory.config.SmartInstantiationAwareBeanPostProcessor source: jar:nested:/Users/kibong_home/Desktop/development/blog/build/libs/blog-0.0.1-SNAPSHOT.jar/!BOOT-INF/lib/spring-beans-7.0.9.jar!/
[0.306s][info][class,load] org.springframework.beans.factory.support.MergedBeanDefinitionPostProcessor source: jar:nested:/Users/kibong_home/Desktop/development/blog/build/libs/blog-0.0.1-SNAPSHOT.jar/!BOOT-INF/lib/spring-beans-7.0.9.jar!/
[0.306s][info][class,load] org.springframework.beans.factory.annotation.AutowiredAnnotationBeanPostProcessor source: jar:nested:/Users/kibong_home/Desktop/development/blog/build/libs/blog-0.0.1-SNAPSHOT.jar/!BOOT-INF/lib/spring-beans-7.0.9.jar!/
[0.307s][info][class,load] org.springframework.beans.factory.config.DestructionAwareBeanPostProcessor source: jar:nested:/Users/kibong_home/Desktop/development/blog/build/libs/blog-0.0.1-SNAPSHOT.jar/!BOOT-INF/lib/spring-beans-7.0.9.jar!/
[0.307s][info][class,load] org.springframework.beans.factory.annotation.InitDestroyAnnotationBeanPostProcessor source: jar:nested:/Users/kibong_home/Desktop/development/blog/build/libs/blog-0.0.1-SNAPSHOT.jar/!BOOT-INF/lib/spring-beans-7.0.9.jar!/
[0.307s][info][class,load] org.springframework.context.annotation.CommonAnnotationBeanPostProcessor source: jar:nested:/Users/kibong_home/Desktop/development/blog/build/libs/blog-0.0.1-SNAPSHOT.jar/!BOOT-INF/lib/spring-context-7.0.9.jar!/
[0.307s][info][class,load] org.springframework.beans.factory.SmartInitializingSingleton source: jar:nested:/Users/kibong_home/Desktop/development/blog/build/libs/blog-0.0.1-SNAPSHOT.jar/!BOOT-INF/lib/spring-beans-7.0.9.jar!/
[0.307s][info][class,load] org.springframework.context.event.EventListenerMethodProcessor source: jar:nested:/Users/kibong_home/Desktop/development/blog/build/libs/blog-0.0.1-SNAPSHOT.jar/!BOOT-INF/lib/spring-context-7.0.9.jar!/
[0.307s][info][class,load] org.springframework.context.event.EventListenerFactory source: jar:nested:/Users/kibong_home/Desktop/development/blog/build/libs/blog-0.0.1-SNAPSHOT.jar/!BOOT-INF/lib/spring-context-7.0.9.jar!/
[0.307s][info][class,load] org.springframework.context.event.DefaultEventListenerFactory source: jar:nested:/Users/kibong_home/Desktop/development/blog/build/libs/blog-0.0.1-SNAPSHOT.jar/!BOOT-INF/lib/spring-context-7.0.9.jar!/
[0.307s][info][class,load] org.springframework.context.annotation.ClassPathScanningCandidateComponentProvider source: jar:nested:/Users/kibong_home/Desktop/development/blog/build/libs/blog-0.0.1-SNAPSHOT.jar/!BOOT-INF/lib/spring-context-7.0.9.jar!/
[0.307s][info][class,load] org.springframework.context.annotation.ClassPathBeanDefinitionScanner source: jar:nested:/Users/kibong_home/Desktop/development/blog/build/libs/blog-0.0.1-SNAPSHOT.jar/!BOOT-INF/lib/spring-context-7.0.9.jar!/
[0.308s][info][class,load] org.springframework.core.type.classreading.MetadataReaderFactory source: jar:nested:/Users/kibong_home/Desktop/development/blog/build/libs/blog-0.0.1-SNAPSHOT.jar/!BOOT-INF/lib/spring-core-7.0.9.jar!/
[0.308s][info][class,load] org.springframework.core.type.classreading.ClassFormatException source: jar:nested:/Users/kibong_home/Desktop/development/blog/build/libs/blog-0.0.1-SNAPSHOT.jar/!BOOT-INF/lib/spring-core-7.0.9.jar!/
[0.308s][info][class,load] org.springframework.context.annotation.ConflictingBeanDefinitionException source: jar:nested:/Users/kibong_home/Desktop/development/blog/build/libs/blog-0.0.1-SNAPSHOT.jar/!BOOT-INF/lib/spring-context-7.0.9.jar!/
[0.308s][info][class,load] org.springframework.beans.factory.support.BeanDefinitionDefaults source: jar:nested:/Users/kibong_home/Desktop/development/blog/build/libs/blog-0.0.1-SNAPSHOT.jar/!BOOT-INF/lib/spring-beans-7.0.9.jar!/
[0.308s][info][class,load] org.springframework.core.type.filter.TypeFilter source: jar:nested:/Users/kibong_home/Desktop/development/blog/build/libs/blog-0.0.1-SNAPSHOT.jar/!BOOT-INF/lib/spring-core-7.0.9.jar!/
[0.308s][info][class,load] org.springframework.core.type.filter.AbstractTypeHierarchyTraversingFilter source: jar:nested:/Users/kibong_home/Desktop/development/blog/build/libs/blog-0.0.1-SNAPSHOT.jar/!BOOT-INF/lib/spring-core-7.0.9.jar!/
[0.308s][info][class,load] org.springframework.core.type.filter.AnnotationTypeFilter source: jar:nested:/Users/kibong_home/Desktop/development/blog/build/libs/blog-0.0.1-SNAPSHOT.jar/!BOOT-INF/lib/spring-core-7.0.9.jar!/
[0.308s][info][class,load] org.springframework.stereotype.Component source: jar:nested:/Users/kibong_home/Desktop/development/blog/build/libs/blog-0.0.1-SNAPSHOT.jar/!BOOT-INF/lib/spring-context-7.0.9.jar!/
[0.308s][info][class,load] org.springframework.stereotype.Indexed source: jar:nested:/Users/kibong_home/Desktop/development/blog/build/libs/blog-0.0.1-SNAPSHOT.jar/!BOOT-INF/lib/spring-context-7.0.9.jar!/
[0.309s][info][class,load] jdk.proxy2.$Proxy7 source: __dynamic_proxy__
[0.309s][info][class,load] org.springframework.core.io.support.ResourcePatternUtils source: jar:nested:/Users/kibong_home/Desktop/development/blog/build/libs/blog-0.0.1-SNAPSHOT.jar/!BOOT-INF/lib/spring-core-7.0.9.jar!/
[0.309s][info][class,load] org.springframework.core.type.classreading.AbstractMetadataReaderFactory source: jar:nested:/Users/kibong_home/Desktop/development/blog/build/libs/blog-0.0.1-SNAPSHOT.jar/!BOOT-INF/lib/spring-core-7.0.9.jar!/
[0.309s][info][class,load] org.springframework.core.type.classreading.CachingMetadataReaderFactory source: jar:nested:/Users/kibong_home/Desktop/development/blog/build/libs/blog-0.0.1-SNAPSHOT.jar/!BOOT-INF/lib/spring-core-7.0.9.jar!/
[0.310s][info][class,load] org.springframework.core.type.classreading.MetadataReaderFactoryDelegate source: jar:nested:/Users/kibong_home/Desktop/development/blog/build/libs/blog-0.0.1-SNAPSHOT.jar/!BOOT-INF/lib/spring-core-7.0.9.jar!/
[0.310s][info][class,load] org.springframework.core.type.classreading.ClassFileMetadataReaderFactory source: jar:nested:/Users/kibong_home/Desktop/development/blog/build/libs/blog-0.0.1-SNAPSHOT.jar/!BOOT-INF/lib/spring-core-7.0.9.jar!/
[0.310s][info][class,load] org.springframework.core.type.classreading.MetadataReader source: jar:nested:/Users/kibong_home/Desktop/development/blog/build/libs/blog-0.0.1-SNAPSHOT.jar/!BOOT-INF/lib/spring-core-7.0.9.jar!/
[0.310s][info][class,load] org.springframework.core.io.DefaultResourceLoader$$Lambda/0x00000f000118d650 source: org.springframework.core.io.DefaultResourceLoader
[0.310s][info][class,load] org.springframework.context.index.CandidateComponentsIndexLoader source: jar:nested:/Users/kibong_home/Desktop/development/blog/build/libs/blog-0.0.1-SNAPSHOT.jar/!BOOT-INF/lib/spring-context-7.0.9.jar!/
[0.310s][info][class,load] org.springframework.context.index.CandidateComponentsIndex source: jar:nested:/Users/kibong_home/Desktop/development/blog/build/libs/blog-0.0.1-SNAPSHOT.jar/!BOOT-INF/lib/spring-context-7.0.9.jar!/
[0.310s][info][class,load] org.springframework.context.index.CandidateComponentsIndexLoader$$Lambda/0x00000f000118dcf0 source: org.springframework.context.index.CandidateComponentsIndexLoader
[0.310s][info][class,load] org.springframework.boot.SpringApplication$$Lambda/0x00000f000118df38 source: org.springframework.boot.SpringApplication
[0.311s][info][class,load] org.springframework.boot.autoconfigure.SharedMetadataReaderFactoryContextInitializer$CachingMetadataReaderFactoryPostProcessor source: jar:nested:/Users/kibong_home/Desktop/development/blog/build/libs/blog-0.0.1-SNAPSHOT.jar/!BOOT-INF/lib/spring-boot-autoconfigure-4.1.1.jar!/
[0.311s][info][class,load] org.springframework.boot.context.ContextIdApplicationContextInitializer$ContextId source: jar:nested:/Users/kibong_home/Desktop/development/blog/build/libs/blog-0.0.1-SNAPSHOT.jar/!BOOT-INF/lib/spring-boot-4.1.1.jar!/
[0.311s][info][class,load] org.springframework.beans.factory.support.DefaultListableBeanFactory$$Lambda/0x00000f000118e620 source: org.springframework.beans.factory.support.DefaultListableBeanFactory
[0.311s][info][class,load] org.springframework.beans.factory.support.DefaultListableBeanFactory$$Lambda/0x00000f000118e880 source: org.springframework.beans.factory.support.DefaultListableBeanFactory
[0.311s][info][class,load] org.springframework.beans.factory.support.DefaultListableBeanFactory$$Lambda/0x00000f000118eac0 source: org.springframework.beans.factory.support.DefaultListableBeanFactory
[0.311s][info][class,load] org.springframework.boot.autoconfigure.logging.ConditionEvaluationReportLoggingListener$ConditionEvaluationReportListener source: jar:nested:/Users/kibong_home/Desktop/development/blog/build/libs/blog-0.0.1-SNAPSHOT.jar/!BOOT-INF/lib/spring-boot-autoconfigure-4.1.1.jar!/
[0.312s][info][class,load] org.springframework.boot.autoconfigure.condition.ConditionEvaluationReport source: jar:nested:/Users/kibong_home/Desktop/development/blog/build/libs/blog-0.0.1-SNAPSHOT.jar/!BOOT-INF/lib/spring-boot-autoconfigure-4.1.1.jar!/
[0.312s][info][class,load] org.springframework.context.annotation.Condition source: jar:nested:/Users/kibong_home/Desktop/development/blog/build/libs/blog-0.0.1-SNAPSHOT.jar/!BOOT-INF/lib/spring-context-7.0.9.jar!/
[0.312s][info][class,load] org.springframework.boot.autoconfigure.condition.ConditionEvaluationReport$AncestorsMatchedCondition source: jar:nested:/Users/kibong_home/Desktop/development/blog/build/libs/blog-0.0.1-SNAPSHOT.jar/!BOOT-INF/lib/spring-boot-autoconfigure-4.1.1.jar!/
[0.312s][info][class,load] org.springframework.boot.autoconfigure.logging.ConditionEvaluationReportLoggingListener$ConditionEvaluationReportListener$$Lambda/0x00000f000118f630 source: org.springframework.boot.autoconfigure.logging.ConditionEvaluationReportLoggingListener
[0.312s][info][class,load] org.springframework.boot.autoconfigure.logging.ConditionEvaluationReportLogger source: jar:nested:/Users/kibong_home/Desktop/development/blog/build/libs/blog-0.0.1-SNAPSHOT.jar/!BOOT-INF/lib/spring-boot-autoconfigure-4.1.1.jar!/
[0.312s][info][class,load] org.springframework.boot.context.ConfigurationWarningsApplicationContextInitializer$ConfigurationWarningsPostProcessor source: jar:nested:/Users/kibong_home/Desktop/development/blog/build/libs/blog-0.0.1-SNAPSHOT.jar/!BOOT-INF/lib/spring-boot-4.1.1.jar!/
[0.312s][info][class,load] org.springframework.boot.context.ConfigurationWarningsApplicationContextInitializer$Check source: jar:nested:/Users/kibong_home/Desktop/development/blog/build/libs/blog-0.0.1-SNAPSHOT.jar/!BOOT-INF/lib/spring-boot-4.1.1.jar!/
[0.312s][info][class,load] org.springframework.boot.context.ConfigurationWarningsApplicationContextInitializer$ComponentScanPackageCheck source: jar:nested:/Users/kibong_home/Desktop/development/blog/build/libs/blog-0.0.1-SNAPSHOT.jar/!BOOT-INF/lib/spring-boot-4.1.1.jar!/
[0.312s][info][class,load] org.springframework.core.io.ProtocolResolver source: jar:nested:/Users/kibong_home/Desktop/development/blog/build/libs/blog-0.0.1-SNAPSHOT.jar/!BOOT-INF/lib/spring-core-7.0.9.jar!/
[0.312s][info][class,load] org.springframework.boot.io.Base64ProtocolResolver source: jar:nested:/Users/kibong_home/Desktop/development/blog/build/libs/blog-0.0.1-SNAPSHOT.jar/!BOOT-INF/lib/spring-boot-4.1.1.jar!/
[0.312s][info][class,load] org.springframework.boot.io.ProtocolResolverApplicationContextInitializer$$Lambda/0x00000f0001190870 source: org.springframework.boot.io.ProtocolResolverApplicationContextInitializer
[0.313s][info][class,load] org.springframework.boot.SpringApplicationRunListeners$$Lambda/0x00000f0001190ab0 source: org.springframework.boot.SpringApplicationRunListeners
[0.313s][info][class,load] org.springframework.boot.StartupInfoLogger source: jar:nested:/Users/kibong_home/Desktop/development/blog/build/libs/blog-0.0.1-SNAPSHOT.jar/!BOOT-INF/lib/spring-boot-4.1.1.jar!/
[0.313s][info][class,load] org.springframework.boot.StartupInfoLogger$$Lambda/0x00000f0001190f18 source: org.springframework.boot.StartupInfoLogger
[0.313s][info][class,load] java.util.concurrent.Callable source: jrt:/java.base
[0.313s][info][class,load] org.springframework.boot.StartupInfoLogger$$Lambda/0x00000f0001191148 source: org.springframework.boot.StartupInfoLogger
[0.313s][info][class,load] org.springframework.boot.StartupInfoLogger$$Lambda/0x00000f0001191370 source: org.springframework.boot.StartupInfoLogger
[0.313s][info][class,load] org.springframework.boot.StartupInfoLogger$$Lambda/0x00000f00011915a0 source: org.springframework.boot.StartupInfoLogger
[0.313s][info][class,load] org.springframework.boot.StartupInfoLogger$$Lambda/0x00000f00011917d0 source: org.springframework.boot.StartupInfoLogger
[0.313s][info][class,load] org.springframework.boot.StartupInfoLogger$$Lambda/0x00000f00011919f8 source: org.springframework.boot.StartupInfoLogger
[0.313s][info][class,load] org.springframework.boot.system.ApplicationHome source: jar:nested:/Users/kibong_home/Desktop/development/blog/build/libs/blog-0.0.1-SNAPSHOT.jar/!BOOT-INF/lib/spring-boot-4.1.1.jar!/
[0.314s][info][class,load] java.lang.StackTraceElement$HashedModules source: jrt:/java.base
[0.314s][info][class,load] org.springframework.boot.StartupInfoLogger$$Lambda/0x00000f0001191e50 source: org.springframework.boot.StartupInfoLogger
[0.314s][info][class,load] org.springframework.boot.StartupInfoLogger$$Lambda/0x00000f0001192078 source: org.springframework.boot.StartupInfoLogger
[0.314s][info][class,load] ch.qos.logback.classic.spi.LoggingEvent source: jar:nested:/Users/kibong_home/Desktop/development/blog/build/libs/blog-0.0.1-SNAPSHOT.jar/!BOOT-INF/lib/logback-classic-1.5.38.jar!/
[0.314s][info][class,load] ch.qos.logback.classic.spi.IThrowableProxy source: jar:nested:/Users/kibong_home/Desktop/development/blog/build/libs/blog-0.0.1-SNAPSHOT.jar/!BOOT-INF/lib/logback-classic-1.5.38.jar!/
[0.314s][info][class,load] java.time.Clock$SystemClock source: shared objects file
[0.314s][info][class,load] ch.qos.logback.classic.spi.EventArgUtil source: jar:nested:/Users/kibong_home/Desktop/development/blog/build/libs/blog-0.0.1-SNAPSHOT.jar/!BOOT-INF/lib/logback-classic-1.5.38.jar!/
[0.314s][info][class,load] org.slf4j.helpers.MessageFormatter source: jar:nested:/Users/kibong_home/Desktop/development/blog/build/libs/blog-0.0.1-SNAPSHOT.jar/!BOOT-INF/lib/slf4j-api-2.0.18.jar!/
[0.314s][info][class,load] org.slf4j.helpers.NormalizedParameters source: jar:nested:/Users/kibong_home/Desktop/development/blog/build/libs/blog-0.0.1-SNAPSHOT.jar/!BOOT-INF/lib/slf4j-api-2.0.18.jar!/
[0.314s][info][class,load] org.slf4j.helpers.FormattingTuple source: jar:nested:/Users/kibong_home/Desktop/development/blog/build/libs/blog-0.0.1-SNAPSHOT.jar/!BOOT-INF/lib/slf4j-api-2.0.18.jar!/
[0.314s][info][class,load] ch.qos.logback.core.util.StringUtil source: jar:nested:/Users/kibong_home/Desktop/development/blog/build/libs/blog-0.0.1-SNAPSHOT.jar/!BOOT-INF/lib/logback-core-1.5.38.jar!/
[0.315s][info][class,load] java.time.format.DateTimePrintContext source: shared objects file
[0.315s][info][class,load] java.time.temporal.TemporalQueries source: shared objects file
[0.315s][info][class,load] java.time.temporal.TemporalQueries$1 source: shared objects file
[0.315s][info][class,load] java.time.temporal.TemporalQueries$2 source: shared objects file
[0.315s][info][class,load] java.time.temporal.TemporalQueries$3 source: shared objects file
[0.315s][info][class,load] java.time.temporal.TemporalQueries$4 source: shared objects file
[0.315s][info][class,load] java.time.temporal.TemporalQueries$5 source: shared objects file
[0.315s][info][class,load] java.time.temporal.TemporalQueries$6 source: shared objects file
[0.315s][info][class,load] java.time.temporal.TemporalQueries$7 source: shared objects file
[0.315s][info][class,load] java.time.ZonedDateTime$1 source: jrt:/java.base
[0.315s][info][class,load] java.time.LocalDate$1 source: shared objects file
[0.315s][info][class,load] java.time.format.DateTimeFormatterBuilder$2 source: shared objects file
[0.315s][info][class,load] java.time.LocalTime$1 source: shared objects file
[0.315s][info][class,load] ch.qos.logback.core.pattern.SpacePadder source: jar:nested:/Users/kibong_home/Desktop/development/blog/build/libs/blog-0.0.1-SNAPSHOT.jar/!BOOT-INF/lib/logback-core-1.5.38.jar!/
[0.315s][info][class,load] org.springframework.boot.StartupInfoLogger$$Lambda/0x00000f0001193560 source: org.springframework.boot.StartupInfoLogger
[0.315s][info][class,load] org.springframework.boot.StartupInfoLogger$$Lambda/0x00000f0001193790 source: org.springframework.boot.StartupInfoLogger
[0.315s][info][class,load] org.springframework.boot.SpringApplication$$Lambda/0x00000f00011939c0 source: org.springframework.boot.SpringApplication
[0.316s][info][class,load] org.springframework.boot.SpringApplication$PropertySourceOrderingBeanFactoryPostProcessor source: jar:nested:/Users/kibong_home/Desktop/development/blog/build/libs/blog-0.0.1-SNAPSHOT.jar/!BOOT-INF/lib/spring-boot-4.1.1.jar!/
[0.316s][info][class,load] org.springframework.boot.BeanDefinitionLoader source: jar:nested:/Users/kibong_home/Desktop/development/blog/build/libs/blog-0.0.1-SNAPSHOT.jar/!BOOT-INF/lib/spring-boot-4.1.1.jar!/
[0.316s][info][class,load] org.springframework.beans.factory.support.BeanDefinitionReader source: jar:nested:/Users/kibong_home/Desktop/development/blog/build/libs/blog-0.0.1-SNAPSHOT.jar/!BOOT-INF/lib/spring-beans-7.0.9.jar!/
[0.316s][info][class,load] org.springframework.beans.factory.support.AbstractBeanDefinitionReader source: jar:nested:/Users/kibong_home/Desktop/development/blog/build/libs/blog-0.0.1-SNAPSHOT.jar/!BOOT-INF/lib/spring-beans-7.0.9.jar!/
[0.316s][info][class,load] org.springframework.beans.factory.xml.XmlBeanDefinitionReader source: jar:nested:/Users/kibong_home/Desktop/development/blog/build/libs/blog-0.0.1-SNAPSHOT.jar/!BOOT-INF/lib/spring-beans-7.0.9.jar!/
[0.316s][info][class,load] org.springframework.beans.factory.xml.NamespaceHandlerResolver source: jar:nested:/Users/kibong_home/Desktop/development/blog/build/libs/blog-0.0.1-SNAPSHOT.jar/!BOOT-INF/lib/spring-beans-7.0.9.jar!/
[0.316s][info][class,load] org.springframework.beans.factory.parsing.SourceExtractor source: jar:nested:/Users/kibong_home/Desktop/development/blog/build/libs/blog-0.0.1-SNAPSHOT.jar/!BOOT-INF/lib/spring-beans-7.0.9.jar!/
[0.316s][info][class,load] org.springframework.beans.factory.parsing.ProblemReporter source: jar:nested:/Users/kibong_home/Desktop/development/blog/build/libs/blog-0.0.1-SNAPSHOT.jar/!BOOT-INF/lib/spring-beans-7.0.9.jar!/
[0.316s][info][class,load] org.xml.sax.EntityResolver source: jrt:/java.xml
[0.316s][info][class,load] org.springframework.beans.factory.parsing.ReaderEventListener source: jar:nested:/Users/kibong_home/Desktop/development/blog/build/libs/blog-0.0.1-SNAPSHOT.jar/!BOOT-INF/lib/spring-beans-7.0.9.jar!/
[0.317s][info][class,load] org.springframework.beans.factory.xml.DocumentLoader source: jar:nested:/Users/kibong_home/Desktop/development/blog/build/libs/blog-0.0.1-SNAPSHOT.jar/!BOOT-INF/lib/spring-beans-7.0.9.jar!/
[0.317s][info][class,load] org.xml.sax.SAXException source: jrt:/java.xml
[0.317s][info][class,load] org.xml.sax.SAXParseException source: jrt:/java.xml
[0.317s][info][class,load] javax.xml.parsers.ParserConfigurationException source: jrt:/java.xml
[0.317s][info][class,load] org.springframework.beans.factory.xml.XmlBeanDefinitionStoreException source: jar:nested:/Users/kibong_home/Desktop/development/blog/build/libs/blog-0.0.1-SNAPSHOT.jar/!BOOT-INF/lib/spring-beans-7.0.9.jar!/
[0.317s][info][class,load] org.xml.sax.ErrorHandler source: jrt:/java.xml
[0.317s][info][class,load] org.springframework.beans.factory.support.DefaultBeanNameGenerator source: jar:nested:/Users/kibong_home/Desktop/development/blog/build/libs/blog-0.0.1-SNAPSHOT.jar/!BOOT-INF/lib/spring-beans-7.0.9.jar!/
[0.317s][info][class,load] org.springframework.beans.factory.xml.BeanDefinitionDocumentReader source: jar:nested:/Users/kibong_home/Desktop/development/blog/build/libs/blog-0.0.1-SNAPSHOT.jar/!BOOT-INF/lib/spring-beans-7.0.9.jar!/
[0.317s][info][class,load] org.springframework.beans.factory.xml.DefaultBeanDefinitionDocumentReader source: jar:nested:/Users/kibong_home/Desktop/development/blog/build/libs/blog-0.0.1-SNAPSHOT.jar/!BOOT-INF/lib/spring-beans-7.0.9.jar!/
[0.317s][info][class,load] org.springframework.beans.factory.parsing.FailFastProblemReporter source: jar:nested:/Users/kibong_home/Desktop/development/blog/build/libs/blog-0.0.1-SNAPSHOT.jar/!BOOT-INF/lib/spring-beans-7.0.9.jar!/
[0.317s][info][class,load] org.springframework.beans.factory.parsing.BeanDefinitionParsingException source: jar:nested:/Users/kibong_home/Desktop/development/blog/build/libs/blog-0.0.1-SNAPSHOT.jar/!BOOT-INF/lib/spring-beans-7.0.9.jar!/
[0.317s][info][class,load] org.springframework.beans.factory.parsing.EmptyReaderEventListener source: jar:nested:/Users/kibong_home/Desktop/development/blog/build/libs/blog-0.0.1-SNAPSHOT.jar/!BOOT-INF/lib/spring-beans-7.0.9.jar!/
[0.317s][info][class,load] org.springframework.beans.factory.parsing.NullSourceExtractor source: jar:nested:/Users/kibong_home/Desktop/development/blog/build/libs/blog-0.0.1-SNAPSHOT.jar/!BOOT-INF/lib/spring-beans-7.0.9.jar!/
[0.317s][info][class,load] org.springframework.beans.factory.xml.DefaultDocumentLoader source: jar:nested:/Users/kibong_home/Desktop/development/blog/build/libs/blog-0.0.1-SNAPSHOT.jar/!BOOT-INF/lib/spring-beans-7.0.9.jar!/
[0.317s][info][class,load] org.springframework.util.xml.SimpleSaxErrorHandler source: jar:nested:/Users/kibong_home/Desktop/development/blog/build/libs/blog-0.0.1-SNAPSHOT.jar/!BOOT-INF/lib/spring-core-7.0.9.jar!/
[0.317s][info][class,load] org.springframework.util.xml.XmlValidationModeDetector source: jar:nested:/Users/kibong_home/Desktop/development/blog/build/libs/blog-0.0.1-SNAPSHOT.jar/!BOOT-INF/lib/spring-core-7.0.9.jar!/
[0.317s][info][class,load] java.io.CharConversionException source: jrt:/java.base
[0.318s][info][class,load] org.springframework.beans.factory.xml.XmlBeanDefinitionReader$$Lambda/0x00000f0001196cf0 source: org.springframework.beans.factory.xml.XmlBeanDefinitionReader
[0.318s][info][class,load] org.springframework.boot.BeanDefinitionLoader$ClassExcludeFilter source: jar:nested:/Users/kibong_home/Desktop/development/blog/build/libs/blog-0.0.1-SNAPSHOT.jar/!BOOT-INF/lib/spring-boot-4.1.1.jar!/
[0.318s][info][class,load] org.springframework.beans.factory.support.GenericBeanDefinition source: jar:nested:/Users/kibong_home/Desktop/development/blog/build/libs/blog-0.0.1-SNAPSHOT.jar/!BOOT-INF/lib/spring-beans-7.0.9.jar!/
[0.318s][info][class,load] org.springframework.beans.factory.annotation.AnnotatedGenericBeanDefinition source: jar:nested:/Users/kibong_home/Desktop/development/blog/build/libs/blog-0.0.1-SNAPSHOT.jar/!BOOT-INF/lib/spring-beans-7.0.9.jar!/
[0.318s][info][class,load] org.springframework.core.type.ClassMetadata source: jar:nested:/Users/kibong_home/Desktop/development/blog/build/libs/blog-0.0.1-SNAPSHOT.jar/!BOOT-INF/lib/spring-core-7.0.9.jar!/
[0.318s][info][class,load] org.springframework.core.type.AnnotationMetadata source: jar:nested:/Users/kibong_home/Desktop/development/blog/build/libs/blog-0.0.1-SNAPSHOT.jar/!BOOT-INF/lib/spring-core-7.0.9.jar!/
[0.318s][info][class,load] org.springframework.core.type.StandardClassMetadata source: jar:nested:/Users/kibong_home/Desktop/development/blog/build/libs/blog-0.0.1-SNAPSHOT.jar/!BOOT-INF/lib/spring-core-7.0.9.jar!/
[0.318s][info][class,load] org.springframework.core.type.StandardAnnotationMetadata source: jar:nested:/Users/kibong_home/Desktop/development/blog/build/libs/blog-0.0.1-SNAPSHOT.jar/!BOOT-INF/lib/spring-core-7.0.9.jar!/
[0.319s][info][class,load] org.springframework.boot.autoconfigure.SpringBootApplication source: jar:nested:/Users/kibong_home/Desktop/development/blog/build/libs/blog-0.0.1-SNAPSHOT.jar/!BOOT-INF/lib/spring-boot-autoconfigure-4.1.1.jar!/
[0.319s][info][class,load] sun.reflect.annotation.AnnotationParser$$Lambda/0x00000f00010f53e0 source: sun.reflect.annotation.AnnotationParser
[0.319s][info][class,load] jdk.proxy1.$Proxy8 source: __dynamic_proxy__
[0.319s][info][class,load] org.springframework.boot.SpringBootConfiguration source: jar:nested:/Users/kibong_home/Desktop/development/blog/build/libs/blog-0.0.1-SNAPSHOT.jar/!BOOT-INF/lib/spring-boot-4.1.1.jar!/
[0.319s][info][class,load] org.springframework.boot.autoconfigure.EnableAutoConfiguration source: jar:nested:/Users/kibong_home/Desktop/development/blog/build/libs/blog-0.0.1-SNAPSHOT.jar/!BOOT-INF/lib/spring-boot-autoconfigure-4.1.1.jar!/
[0.319s][info][class,load] org.springframework.context.annotation.ComponentScan source: jar:nested:/Users/kibong_home/Desktop/development/blog/build/libs/blog-0.0.1-SNAPSHOT.jar/!BOOT-INF/lib/spring-context-7.0.9.jar!/
[0.320s][info][class,load] jdk.proxy2.$Proxy9 source: __dynamic_proxy__
[0.320s][info][class,load] kotlin.annotation.Retention source: jar:nested:/Users/kibong_home/Desktop/development/blog/build/libs/blog-0.0.1-SNAPSHOT.jar/!BOOT-INF/lib/kotlin-stdlib-2.3.21.jar!/
[0.320s][info][class,load] kotlin.annotation.Target source: jar:nested:/Users/kibong_home/Desktop/development/blog/build/libs/blog-0.0.1-SNAPSHOT.jar/!BOOT-INF/lib/kotlin-stdlib-2.3.21.jar!/
[0.321s][info][class,load] jdk.proxy2.$Proxy10 source: __dynamic_proxy__
[0.321s][info][class,load] org.springframework.context.annotation.Conditional source: jar:nested:/Users/kibong_home/Desktop/development/blog/build/libs/blog-0.0.1-SNAPSHOT.jar/!BOOT-INF/lib/spring-context-7.0.9.jar!/
[0.321s][info][class,load] org.springframework.core.annotation.TypeMappedAnnotations$IsPresent source: jar:nested:/Users/kibong_home/Desktop/development/blog/build/libs/blog-0.0.1-SNAPSHOT.jar/!BOOT-INF/lib/spring-core-7.0.9.jar!/
[0.321s][info][class,load] jdk.proxy2.$Proxy11 source: __dynamic_proxy__
[0.322s][info][class,load] org.springframework.core.annotation.AnnotationTypeMapping$$Lambda/0x00000f000119aff8 source: org.springframework.core.annotation.AnnotationTypeMapping
[0.322s][info][class,load] org.springframework.context.annotation.ComponentScan$Filter source: jar:nested:/Users/kibong_home/Desktop/development/blog/build/libs/blog-0.0.1-SNAPSHOT.jar/!BOOT-INF/lib/spring-context-7.0.9.jar!/
[0.322s][info][class,load] org.springframework.context.annotation.Configuration source: jar:nested:/Users/kibong_home/Desktop/development/blog/build/libs/blog-0.0.1-SNAPSHOT.jar/!BOOT-INF/lib/spring-context-7.0.9.jar!/
[0.322s][info][class,load] jdk.proxy2.$Proxy12 source: __dynamic_proxy__
[0.323s][info][class,load] org.springframework.boot.autoconfigure.AutoConfigurationPackage source: jar:nested:/Users/kibong_home/Desktop/development/blog/build/libs/blog-0.0.1-SNAPSHOT.jar/!BOOT-INF/lib/spring-boot-autoconfigure-4.1.1.jar!/
[0.323s][info][class,load] org.springframework.context.annotation.Import source: jar:nested:/Users/kibong_home/Desktop/development/blog/build/libs/blog-0.0.1-SNAPSHOT.jar/!BOOT-INF/lib/spring-context-7.0.9.jar!/
[0.323s][info][class,load] jdk.proxy2.$Proxy13 source: __dynamic_proxy__
[0.323s][info][class,load] sun.reflect.annotation.AnnotationParser$$Lambda/0x00000f00010f5868 source: sun.reflect.annotation.AnnotationParser
[0.324s][info][class,load] java.lang.annotation.Repeatable source: jrt:/java.base
[0.324s][info][class,load] org.springframework.context.annotation.FilterType source: jar:nested:/Users/kibong_home/Desktop/development/blog/build/libs/blog-0.0.1-SNAPSHOT.jar/!BOOT-INF/lib/spring-context-7.0.9.jar!/
[0.324s][info][class,load] org.springframework.boot.context.TypeExcludeFilter source: jar:nested:/Users/kibong_home/Desktop/development/blog/build/libs/blog-0.0.1-SNAPSHOT.jar/!BOOT-INF/lib/spring-boot-4.1.1.jar!/
[0.325s][info][class,load] jdk.proxy2.$Proxy14 source: __dynamic_proxy__
[0.325s][info][class,load] org.springframework.boot.autoconfigure.AutoConfigurationExcludeFilter source: jar:nested:/Users/kibong_home/Desktop/development/blog/build/libs/blog-0.0.1-SNAPSHOT.jar/!BOOT-INF/lib/spring-boot-autoconfigure-4.1.1.jar!/
[0.326s][info][class,load] jdk.proxy2.$Proxy15 source: __dynamic_proxy__
[0.326s][info][class,load] org.springframework.core.annotation.AnnotationTypeMapping$$Lambda/0x00000f000119cf58 source: org.springframework.core.annotation.AnnotationTypeMapping
[0.327s][info][class,load] jdk.proxy2.$Proxy16 source: __dynamic_proxy__
[0.327s][info][class,load] java.lang.Deprecated source: jrt:/java.base
[0.327s][info][class,load] jdk.proxy1.$Proxy17 source: __dynamic_proxy__
[0.328s][info][class,load] jdk.proxy2.$Proxy18 source: __dynamic_proxy__
[0.328s][info][class,load] org.springframework.context.annotation.ImportSelector source: jar:nested:/Users/kibong_home/Desktop/development/blog/build/libs/blog-0.0.1-SNAPSHOT.jar/!BOOT-INF/lib/spring-context-7.0.9.jar!/
[0.328s][info][class,load] org.springframework.context.annotation.DeferredImportSelector source: jar:nested:/Users/kibong_home/Desktop/development/blog/build/libs/blog-0.0.1-SNAPSHOT.jar/!BOOT-INF/lib/spring-context-7.0.9.jar!/
[0.328s][info][class,load] org.springframework.boot.autoconfigure.AutoConfigurationImportSelector source: jar:nested:/Users/kibong_home/Desktop/development/blog/build/libs/blog-0.0.1-SNAPSHOT.jar/!BOOT-INF/lib/spring-boot-autoconfigure-4.1.1.jar!/
[0.329s][info][class,load] jdk.proxy2.$Proxy19 source: __dynamic_proxy__
[0.329s][info][class,load] org.springframework.context.annotation.ComponentScans source: jar:nested:/Users/kibong_home/Desktop/development/blog/build/libs/blog-0.0.1-SNAPSHOT.jar/!BOOT-INF/lib/spring-context-7.0.9.jar!/
[0.329s][info][class,load] jdk.proxy1.$Proxy20 source: __dynamic_proxy__
[0.330s][info][class,load] jdk.proxy2.$Proxy21 source: __dynamic_proxy__
[0.330s][info][class,load] org.springframework.context.annotation.ImportBeanDefinitionRegistrar source: jar:nested:/Users/kibong_home/Desktop/development/blog/build/libs/blog-0.0.1-SNAPSHOT.jar/!BOOT-INF/lib/spring-context-7.0.9.jar!/
[0.330s][info][class,load] org.springframework.boot.context.annotation.DeterminableImports source: jar:nested:/Users/kibong_home/Desktop/development/blog/build/libs/blog-0.0.1-SNAPSHOT.jar/!BOOT-INF/lib/spring-boot-4.1.1.jar!/
[0.330s][info][class,load] org.springframework.boot.autoconfigure.AutoConfigurationPackages$Registrar source: jar:nested:/Users/kibong_home/Desktop/development/blog/build/libs/blog-0.0.1-SNAPSHOT.jar/!BOOT-INF/lib/spring-boot-autoconfigure-4.1.1.jar!/
[0.330s][info][class,load] kotlin.annotation.AnnotationRetention source: jar:nested:/Users/kibong_home/Desktop/development/blog/build/libs/blog-0.0.1-SNAPSHOT.jar/!BOOT-INF/lib/kotlin-stdlib-2.3.21.jar!/
[0.331s][info][class,load] kotlin.jvm.internal.markers.KMappedMarker source: jar:nested:/Users/kibong_home/Desktop/development/blog/build/libs/blog-0.0.1-SNAPSHOT.jar/!BOOT-INF/lib/kotlin-stdlib-2.3.21.jar!/
[0.331s][info][class,load] kotlin.enums.EnumEntries source: jar:nested:/Users/kibong_home/Desktop/development/blog/build/libs/blog-0.0.1-SNAPSHOT.jar/!BOOT-INF/lib/kotlin-stdlib-2.3.21.jar!/
[0.331s][info][class,load] kotlin.enums.EnumEntriesKt source: jar:nested:/Users/kibong_home/Desktop/development/blog/build/libs/blog-0.0.1-SNAPSHOT.jar/!BOOT-INF/lib/kotlin-stdlib-2.3.21.jar!/
[0.331s][info][class,load] kotlin.NotImplementedError source: jar:nested:/Users/kibong_home/Desktop/development/blog/build/libs/blog-0.0.1-SNAPSHOT.jar/!BOOT-INF/lib/kotlin-stdlib-2.3.21.jar!/
[0.331s][info][class,load] kotlin.collections.AbstractCollection source: jar:nested:/Users/kibong_home/Desktop/development/blog/build/libs/blog-0.0.1-SNAPSHOT.jar/!BOOT-INF/lib/kotlin-stdlib-2.3.21.jar!/
[0.331s][info][class,load] kotlin.collections.AbstractList source: jar:nested:/Users/kibong_home/Desktop/development/blog/build/libs/blog-0.0.1-SNAPSHOT.jar/!BOOT-INF/lib/kotlin-stdlib-2.3.21.jar!/
[0.331s][info][class,load] kotlin.enums.EnumEntriesList source: jar:nested:/Users/kibong_home/Desktop/development/blog/build/libs/blog-0.0.1-SNAPSHOT.jar/!BOOT-INF/lib/kotlin-stdlib-2.3.21.jar!/
[0.331s][info][class,load] kotlin.collections.AbstractList$Companion source: jar:nested:/Users/kibong_home/Desktop/development/blog/build/libs/blog-0.0.1-SNAPSHOT.jar/!BOOT-INF/lib/kotlin-stdlib-2.3.21.jar!/
[0.332s][info][class,load] jdk.proxy2.$Proxy22 source: __dynamic_proxy__
[0.332s][info][class,load] kotlin.annotation.AnnotationTarget source: jar:nested:/Users/kibong_home/Desktop/development/blog/build/libs/blog-0.0.1-SNAPSHOT.jar/!BOOT-INF/lib/kotlin-stdlib-2.3.21.jar!/
[0.332s][info][class,load] kotlin.annotation.MustBeDocumented source: jar:nested:/Users/kibong_home/Desktop/development/blog/build/libs/blog-0.0.1-SNAPSHOT.jar/!BOOT-INF/lib/kotlin-stdlib-2.3.21.jar!/
[0.332s][info][class,load] jdk.proxy2.$Proxy23 source: __dynamic_proxy__
[0.333s][info][class,load] jdk.proxy2.$Proxy24 source: __dynamic_proxy__
[0.333s][info][class,load] org.springframework.context.annotation.ConfigurationClassUtils source: jar:nested:/Users/kibong_home/Desktop/development/blog/build/libs/blog-0.0.1-SNAPSHOT.jar/!BOOT-INF/lib/spring-context-7.0.9.jar!/
[0.333s][info][class,load] org.springframework.core.Conventions source: jar:nested:/Users/kibong_home/Desktop/development/blog/build/libs/blog-0.0.1-SNAPSHOT.jar/!BOOT-INF/lib/spring-core-7.0.9.jar!/
[0.334s][info][class,load] org.springframework.context.annotation.ImportResource source: jar:nested:/Users/kibong_home/Desktop/development/blog/build/libs/blog-0.0.1-SNAPSHOT.jar/!BOOT-INF/lib/spring-context-7.0.9.jar!/
[0.334s][info][class,load] org.springframework.beans.BeanMetadataAttribute source: jar:nested:/Users/kibong_home/Desktop/development/blog/build/libs/blog-0.0.1-SNAPSHOT.jar/!BOOT-INF/lib/spring-beans-7.0.9.jar!/
[0.334s][info][class,load] org.springframework.context.annotation.ScopeMetadata source: jar:nested:/Users/kibong_home/Desktop/development/blog/build/libs/blog-0.0.1-SNAPSHOT.jar/!BOOT-INF/lib/spring-context-7.0.9.jar!/
[0.334s][info][class,load] org.springframework.core.annotation.AnnotationTypeMappings$$Lambda/0x00000f00011a2700 source: org.springframework.core.annotation.AnnotationTypeMappings
[0.335s][info][class,load] org.springframework.core.annotation.AnnotationAttributes source: jar:nested:/Users/kibong_home/Desktop/development/blog/build/libs/blog-0.0.1-SNAPSHOT.jar/!BOOT-INF/lib/spring-core-7.0.9.jar!/
[0.335s][info][class,load] org.springframework.core.annotation.TypeMappedAnnotations$AggregatesSpliterator source: jar:nested:/Users/kibong_home/Desktop/development/blog/build/libs/blog-0.0.1-SNAPSHOT.jar/!BOOT-INF/lib/spring-core-7.0.9.jar!/
[0.335s][info][class,load] org.springframework.core.annotation.TypeMappedAnnotations$AggregatesCollector source: jar:nested:/Users/kibong_home/Desktop/development/blog/build/libs/blog-0.0.1-SNAPSHOT.jar/!BOOT-INF/lib/spring-core-7.0.9.jar!/
[0.336s][info][class,load] org.springframework.core.annotation.TypeMappedAnnotations$Aggregate source: jar:nested:/Users/kibong_home/Desktop/development/blog/build/libs/blog-0.0.1-SNAPSHOT.jar/!BOOT-INF/lib/spring-core-7.0.9.jar!/
[0.336s][info][class,load] org.springframework.context.annotation.AnnotationBeanNameGenerator$$Lambda/0x00000f00011a3860 source: org.springframework.context.annotation.AnnotationBeanNameGenerator
[0.336s][info][class,load] org.springframework.context.annotation.AnnotationBeanNameGenerator$$Lambda/0x00000f00011a3aa8 source: org.springframework.context.annotation.AnnotationBeanNameGenerator
[0.336s][info][class,load] org.springframework.context.annotation.AnnotationBeanNameGenerator$$Lambda/0x00000f00011a3d00 source: org.springframework.context.annotation.AnnotationBeanNameGenerator
[0.336s][info][class,load] org.springframework.core.annotation.TypeMappedAnnotation$$Lambda/0x00000f00011a3f48 source: org.springframework.core.annotation.TypeMappedAnnotation
[0.336s][info][class,load] org.springframework.context.annotation.AnnotationBeanNameGenerator$$Lambda/0x00000f00011a4178 source: org.springframework.context.annotation.AnnotationBeanNameGenerator
[0.336s][info][class,load] org.springframework.core.annotation.AbstractMergedAnnotation$$Lambda/0x00000f00011a43d0 source: org.springframework.core.annotation.AbstractMergedAnnotation
[0.337s][info][class,load] org.springframework.context.annotation.AnnotationBeanNameGenerator$$Lambda/0x00000f00011a4618 source: org.springframework.context.annotation.AnnotationBeanNameGenerator
[0.337s][info][class,load] org.springframework.context.annotation.AnnotationBeanNameGenerator$$Lambda/0x00000f00011a4868 source: org.springframework.context.annotation.AnnotationBeanNameGenerator
[0.337s][info][class,load] org.springframework.context.annotation.AnnotationBeanNameGenerator$$Lambda/0x00000f00011a4ab0 source: org.springframework.context.annotation.AnnotationBeanNameGenerator
[0.338s][info][class,load] org.springframework.context.annotation.Lazy source: jar:nested:/Users/kibong_home/Desktop/development/blog/build/libs/blog-0.0.1-SNAPSHOT.jar/!BOOT-INF/lib/spring-context-7.0.9.jar!/
[0.338s][info][class,load] org.springframework.context.annotation.Primary source: jar:nested:/Users/kibong_home/Desktop/development/blog/build/libs/blog-0.0.1-SNAPSHOT.jar/!BOOT-INF/lib/spring-context-7.0.9.jar!/
[0.338s][info][class,load] org.springframework.context.annotation.Fallback source: jar:nested:/Users/kibong_home/Desktop/development/blog/build/libs/blog-0.0.1-SNAPSHOT.jar/!BOOT-INF/lib/spring-context-7.0.9.jar!/
[0.338s][info][class,load] org.springframework.context.annotation.DependsOn source: jar:nested:/Users/kibong_home/Desktop/development/blog/build/libs/blog-0.0.1-SNAPSHOT.jar/!BOOT-INF/lib/spring-context-7.0.9.jar!/
[0.338s][info][class,load] org.springframework.context.annotation.Role source: jar:nested:/Users/kibong_home/Desktop/development/blog/build/libs/blog-0.0.1-SNAPSHOT.jar/!BOOT-INF/lib/spring-context-7.0.9.jar!/
[0.338s][info][class,load] org.springframework.context.annotation.Description source: jar:nested:/Users/kibong_home/Desktop/development/blog/build/libs/blog-0.0.1-SNAPSHOT.jar/!BOOT-INF/lib/spring-context-7.0.9.jar!/
[0.338s][info][class,load] org.springframework.context.annotation.Proxyable source: jar:nested:/Users/kibong_home/Desktop/development/blog/build/libs/blog-0.0.1-SNAPSHOT.jar/!BOOT-INF/lib/spring-context-7.0.9.jar!/
[0.338s][info][class,load] org.springframework.beans.factory.support.BeanDefinitionReaderUtils source: jar:nested:/Users/kibong_home/Desktop/development/blog/build/libs/blog-0.0.1-SNAPSHOT.jar/!BOOT-INF/lib/spring-beans-7.0.9.jar!/
[0.339s][info][class,load] org.springframework.boot.SpringApplicationRunListeners$$Lambda/0x00000f00011a5d20 source: org.springframework.boot.SpringApplicationRunListeners
[0.340s][info][class,load] java.lang.String$$StringConcat/0x00000f00011a8000 source: __JVM_LookupDefineClass__
[0.340s][info][class,load] java.lang.invoke.LambdaForm$MH/0x00000f00011a8400 source: __JVM_LookupDefineClass__
[0.340s][info][class,load] org.springframework.boot.context.config.ConfigDataEnvironmentContributors$$Lambda/0x00000f00011a5f60 source: org.springframework.boot.context.config.ConfigDataEnvironmentContributors
[0.340s][info][class,load] java.text.DecimalFormatSymbols source: shared objects file
[0.340s][info][class,load] java.util.spi.LocaleServiceProvider source: shared objects file
[0.340s][info][class,load] java.text.spi.DecimalFormatSymbolsProvider source: shared objects file
[0.340s][info][class,load] sun.util.locale.provider.LocaleProviderAdapter source: shared objects file
[0.340s][info][class,load] sun.util.locale.provider.LocaleProviderAdapter$Type source: shared objects file
[0.341s][info][class,load] sun.util.locale.provider.ResourceBundleBasedAdapter source: shared objects file
[0.341s][info][class,load] sun.util.locale.provider.JRELocaleProviderAdapter source: shared objects file
[0.341s][info][class,load] sun.util.cldr.CLDRLocaleProviderAdapter source: shared objects file
[0.341s][info][class,load] sun.util.locale.provider.LocaleDataMetaInfo source: shared objects file
[0.341s][info][class,load] sun.util.cldr.CLDRBaseLocaleDataMetaInfo source: shared objects file
[0.341s][info][class,load] java.text.ParsePosition source: shared objects file
[0.341s][info][class,load] sun.util.locale.LanguageTag source: shared objects file
[0.341s][info][class,load] sun.util.locale.StringTokenIterator source: shared objects file
[0.341s][info][class,load] sun.util.locale.InternalLocaleBuilder source: shared objects file
[0.341s][info][class,load] sun.util.locale.InternalLocaleBuilder$CaseInsensitiveChar source: shared objects file
[0.341s][info][class,load] sun.util.locale.BaseLocale$1InterningCache source: shared objects file
[0.341s][info][class,load] jdk.internal.util.ReferencedKeyMap$1 source: shared objects file
[0.341s][info][class,load] java.util.Locale$LocaleCache source: shared objects file
[0.341s][info][class,load] sun.util.resources.cldr.provider.CLDRLocaleDataMetaInfo source: jrt:/jdk.localedata
[0.341s][info][class,load] sun.util.locale.provider.AvailableLanguageTags source: shared objects file
[0.341s][info][class,load] sun.util.locale.provider.DecimalFormatSymbolsProviderImpl source: shared objects file
[0.342s][info][class,load] java.util.ArrayList$SubList source: shared objects file
[0.342s][info][class,load] sun.util.locale.provider.CalendarDataUtility source: shared objects file
[0.342s][info][class,load] java.util.Locale$Builder source: shared objects file
[0.342s][info][class,load] sun.util.locale.provider.LocaleResources source: shared objects file
[0.343s][info][class,load] sun.util.resources.LocaleData source: shared objects file
[0.343s][info][class,load] java.util.ResourceBundle$Control source: shared objects file
[0.343s][info][class,load] java.util.ResourceBundle source: shared objects file
[0.343s][info][class,load] java.util.ResourceBundle$Control$$Lambda/0x80000001e source: shared objects file
[0.343s][info][class,load] sun.util.resources.Bundles$Strategy source: shared objects file
[0.343s][info][class,load] sun.util.resources.LocaleData$LocaleDataStrategy source: shared objects file
[0.343s][info][class,load] sun.util.resources.Bundles source: shared objects file
[0.343s][info][class,load] sun.util.resources.Bundles$1 source: shared objects file
[0.343s][info][class,load] jdk.internal.access.JavaUtilResourceBundleAccess source: shared objects file
[0.343s][info][class,load] java.util.ResourceBundle$1 source: shared objects file
[0.343s][info][class,load] java.util.ResourceBundle$2 source: shared objects file
[0.343s][info][class,load] sun.util.resources.Bundles$CacheKey source: shared objects file
[0.343s][info][class,load] java.util.spi.ResourceBundleProvider source: jrt:/java.base
[0.343s][info][class,load] sun.util.resources.LocaleData$LocaleDataResourceBundleProvider source: jrt:/java.base
[0.343s][info][class,load] sun.util.resources.LocaleData$CommonResourceBundleProvider source: jrt:/java.base
[0.343s][info][class,load] sun.util.cldr.CLDRLocaleProviderAdapter$$Lambda/0x80000005a source: shared objects file
[0.343s][info][class,load] java.util.ResourceBundle$SingleFormatControl source: shared objects file
[0.343s][info][class,load] java.util.ResourceBundle$NoFallbackControl source: shared objects file
[0.343s][info][class,load] java.util.ResourceBundle$Control$$Lambda/0x80000001d source: shared objects file
[0.343s][info][class,load] java.util.ListResourceBundle source: shared objects file
[0.343s][info][class,load] sun.text.resources.cldr.FormatData source: shared objects file
[0.343s][info][class,load] java.util.ResourceBundle$ResourceBundleProviderHelper source: shared objects file
[0.344s][info][class,load] sun.util.resources.Bundles$CacheKeyReference source: shared objects file
[0.344s][info][class,load] sun.util.resources.Bundles$BundleReference source: shared objects file
[0.344s][info][class,load] sun.util.resources.provider.LocaleDataProvider source: jrt:/jdk.localedata
[0.344s][info][class,load] sun.text.resources.cldr.ext.FormatData_ko source: jrt:/jdk.localedata
[0.345s][info][class,load] sun.util.locale.provider.LocaleResources$ResourceReference source: shared objects file
[0.345s][info][class,load] java.lang.CharacterData00 source: shared objects file
[0.346s][info][class,load] org.springframework.core.style.ToStringCreator source: jar:nested:/Users/kibong_home/Desktop/development/blog/build/libs/blog-0.0.1-SNAPSHOT.jar/!BOOT-INF/lib/spring-core-7.0.9.jar!/
[0.346s][info][class,load] org.springframework.core.style.ToStringStyler source: jar:nested:/Users/kibong_home/Desktop/development/blog/build/libs/blog-0.0.1-SNAPSHOT.jar/!BOOT-INF/lib/spring-core-7.0.9.jar!/
[0.347s][info][class,load] org.springframework.core.style.DefaultToStringStyler source: jar:nested:/Users/kibong_home/Desktop/development/blog/build/libs/blog-0.0.1-SNAPSHOT.jar/!BOOT-INF/lib/spring-core-7.0.9.jar!/
[0.347s][info][class,load] org.springframework.core.style.StylerUtils source: jar:nested:/Users/kibong_home/Desktop/development/blog/build/libs/blog-0.0.1-SNAPSHOT.jar/!BOOT-INF/lib/spring-core-7.0.9.jar!/
[0.347s][info][class,load] org.springframework.core.style.ValueStyler source: jar:nested:/Users/kibong_home/Desktop/development/blog/build/libs/blog-0.0.1-SNAPSHOT.jar/!BOOT-INF/lib/spring-core-7.0.9.jar!/
[0.347s][info][class,load] org.springframework.core.style.DefaultValueStyler source: jar:nested:/Users/kibong_home/Desktop/development/blog/build/libs/blog-0.0.1-SNAPSHOT.jar/!BOOT-INF/lib/spring-core-7.0.9.jar!/
[0.348s][info][class,load] org.springframework.beans.factory.BeanFactoryUtils source: jar:nested:/Users/kibong_home/Desktop/development/blog/build/libs/blog-0.0.1-SNAPSHOT.jar/!BOOT-INF/lib/spring-beans-7.0.9.jar!/
[0.348s][info][class,load] org.springframework.context.Phased source: jar:nested:/Users/kibong_home/Desktop/development/blog/build/libs/blog-0.0.1-SNAPSHOT.jar/!BOOT-INF/lib/spring-context-7.0.9.jar!/
[0.348s][info][class,load] org.springframework.context.SmartLifecycle source: jar:nested:/Users/kibong_home/Desktop/development/blog/build/libs/blog-0.0.1-SNAPSHOT.jar/!BOOT-INF/lib/spring-context-7.0.9.jar!/
[0.348s][info][class,load] org.springframework.boot.context.logging.LoggingApplicationListener$Lifecycle source: jar:nested:/Users/kibong_home/Desktop/development/blog/build/libs/blog-0.0.1-SNAPSHOT.jar/!BOOT-INF/lib/spring-boot-4.1.1.jar!/
[0.348s][info][class,load] org.springframework.context.expression.StandardBeanExpressionResolver source: jar:nested:/Users/kibong_home/Desktop/development/blog/build/libs/blog-0.0.1-SNAPSHOT.jar/!BOOT-INF/lib/spring-context-7.0.9.jar!/
[0.348s][info][class,load] org.springframework.expression.TargetedAccessor source: jar:nested:/Users/kibong_home/Desktop/development/blog/build/libs/blog-0.0.1-SNAPSHOT.jar/!BOOT-INF/lib/spring-expression-7.0.9.jar!/
[0.348s][info][class,load] org.springframework.expression.PropertyAccessor source: jar:nested:/Users/kibong_home/Desktop/development/blog/build/libs/blog-0.0.1-SNAPSHOT.jar/!BOOT-INF/lib/spring-expression-7.0.9.jar!/
[0.349s][info][class,load] org.springframework.expression.BeanResolver source: jar:nested:/Users/kibong_home/Desktop/development/blog/build/libs/blog-0.0.1-SNAPSHOT.jar/!BOOT-INF/lib/spring-expression-7.0.9.jar!/
[0.349s][info][class,load] org.springframework.expression.TypeLocator source: jar:nested:/Users/kibong_home/Desktop/development/blog/build/libs/blog-0.0.1-SNAPSHOT.jar/!BOOT-INF/lib/spring-expression-7.0.9.jar!/
[0.349s][info][class,load] org.springframework.expression.TypeConverter source: jar:nested:/Users/kibong_home/Desktop/development/blog/build/libs/blog-0.0.1-SNAPSHOT.jar/!BOOT-INF/lib/spring-expression-7.0.9.jar!/
[0.349s][info][class,load] org.springframework.expression.ParserContext source: jar:nested:/Users/kibong_home/Desktop/development/blog/build/libs/blog-0.0.1-SNAPSHOT.jar/!BOOT-INF/lib/spring-expression-7.0.9.jar!/
[0.349s][info][class,load] org.springframework.expression.ExpressionParser source: jar:nested:/Users/kibong_home/Desktop/development/blog/build/libs/blog-0.0.1-SNAPSHOT.jar/!BOOT-INF/lib/spring-expression-7.0.9.jar!/
[0.349s][info][class,load] org.springframework.beans.factory.BeanExpressionException source: jar:nested:/Users/kibong_home/Desktop/development/blog/build/libs/blog-0.0.1-SNAPSHOT.jar/!BOOT-INF/lib/spring-beans-7.0.9.jar!/
[0.349s][info][class,load] org.springframework.context.expression.StandardBeanExpressionResolver$1 source: jar:nested:/Users/kibong_home/Desktop/development/blog/build/libs/blog-0.0.1-SNAPSHOT.jar/!BOOT-INF/lib/spring-context-7.0.9.jar!/
[0.349s][info][class,load] org.springframework.expression.spel.SpelParserConfiguration source: jar:nested:/Users/kibong_home/Desktop/development/blog/build/libs/blog-0.0.1-SNAPSHOT.jar/!BOOT-INF/lib/spring-expression-7.0.9.jar!/
[0.349s][info][class,load] org.springframework.expression.spel.SpelCompilerMode source: jar:nested:/Users/kibong_home/Desktop/development/blog/build/libs/blog-0.0.1-SNAPSHOT.jar/!BOOT-INF/lib/spring-expression-7.0.9.jar!/
[0.349s][info][class,load] org.springframework.expression.common.TemplateAwareExpressionParser source: jar:nested:/Users/kibong_home/Desktop/development/blog/build/libs/blog-0.0.1-SNAPSHOT.jar/!BOOT-INF/lib/spring-expression-7.0.9.jar!/
[0.349s][info][class,load] org.springframework.expression.spel.standard.SpelExpressionParser source: jar:nested:/Users/kibong_home/Desktop/development/blog/build/libs/blog-0.0.1-SNAPSHOT.jar/!BOOT-INF/lib/spring-expression-7.0.9.jar!/
[0.349s][info][class,load] org.springframework.expression.Expression source: jar:nested:/Users/kibong_home/Desktop/development/blog/build/libs/blog-0.0.1-SNAPSHOT.jar/!BOOT-INF/lib/spring-expression-7.0.9.jar!/
[0.349s][info][class,load] org.springframework.expression.ExpressionException source: jar:nested:/Users/kibong_home/Desktop/development/blog/build/libs/blog-0.0.1-SNAPSHOT.jar/!BOOT-INF/lib/spring-expression-7.0.9.jar!/
[0.349s][info][class,load] org.springframework.expression.ParseException source: jar:nested:/Users/kibong_home/Desktop/development/blog/build/libs/blog-0.0.1-SNAPSHOT.jar/!BOOT-INF/lib/spring-expression-7.0.9.jar!/
[0.350s][info][class,load] org.springframework.beans.support.ResourceEditorRegistrar source: jar:nested:/Users/kibong_home/Desktop/development/blog/build/libs/blog-0.0.1-SNAPSHOT.jar/!BOOT-INF/lib/spring-beans-7.0.9.jar!/
[0.350s][info][class,load] org.springframework.context.support.ApplicationContextAwareProcessor source: jar:nested:/Users/kibong_home/Desktop/development/blog/build/libs/blog-0.0.1-SNAPSHOT.jar/!BOOT-INF/lib/spring-context-7.0.9.jar!/
[0.350s][info][class,load] org.springframework.util.StringValueResolver source: jar:nested:/Users/kibong_home/Desktop/development/blog/build/libs/blog-0.0.1-SNAPSHOT.jar/!BOOT-INF/lib/spring-core-7.0.9.jar!/
[0.350s][info][class,load] org.springframework.beans.factory.config.EmbeddedValueResolver source: jar:nested:/Users/kibong_home/Desktop/development/blog/build/libs/blog-0.0.1-SNAPSHOT.jar/!BOOT-INF/lib/spring-beans-7.0.9.jar!/
[0.350s][info][class,load] org.springframework.beans.factory.config.BeanExpressionContext source: jar:nested:/Users/kibong_home/Desktop/development/blog/build/libs/blog-0.0.1-SNAPSHOT.jar/!BOOT-INF/lib/spring-beans-7.0.9.jar!/
[0.350s][info][class,load] org.springframework.context.ApplicationEventPublisherAware source: jar:nested:/Users/kibong_home/Desktop/development/blog/build/libs/blog-0.0.1-SNAPSHOT.jar/!BOOT-INF/lib/spring-context-7.0.9.jar!/
[0.350s][info][class,load] org.springframework.context.MessageSourceAware source: jar:nested:/Users/kibong_home/Desktop/development/blog/build/libs/blog-0.0.1-SNAPSHOT.jar/!BOOT-INF/lib/spring-context-7.0.9.jar!/
[0.350s][info][class,load] org.springframework.context.support.ApplicationListenerDetector source: jar:nested:/Users/kibong_home/Desktop/development/blog/build/libs/blog-0.0.1-SNAPSHOT.jar/!BOOT-INF/lib/spring-context-7.0.9.jar!/
[0.350s][info][class,load] org.springframework.context.support.PostProcessorRegistrationDelegate source: jar:nested:/Users/kibong_home/Desktop/development/blog/build/libs/blog-0.0.1-SNAPSHOT.jar/!BOOT-INF/lib/spring-context-7.0.9.jar!/
[0.350s][info][class,load] org.springframework.beans.factory.FactoryBean source: jar:nested:/Users/kibong_home/Desktop/development/blog/build/libs/blog-0.0.1-SNAPSHOT.jar/!BOOT-INF/lib/spring-beans-7.0.9.jar!/
[0.350s][info][class,load] org.springframework.boot.autoconfigure.SharedMetadataReaderFactoryContextInitializer$SharedMetadataReaderFactoryBean source: jar:nested:/Users/kibong_home/Desktop/development/blog/build/libs/blog-0.0.1-SNAPSHOT.jar/!BOOT-INF/lib/spring-boot-autoconfigure-4.1.1.jar!/
[0.351s][info][class,load] org.springframework.boot.autoconfigure.SharedMetadataReaderFactoryContextInitializer$CachingMetadataReaderFactoryPostProcessor$$Lambda/0x00000f00011afbc8 source: org.springframework.boot.autoconfigure.SharedMetadataReaderFactoryContextInitializer
[0.351s][info][class,load] org.springframework.beans.factory.support.BeanDefinitionBuilder source: jar:nested:/Users/kibong_home/Desktop/development/blog/build/libs/blog-0.0.1-SNAPSHOT.jar/!BOOT-INF/lib/spring-beans-7.0.9.jar!/
[0.351s][info][class,load] org.springframework.beans.factory.support.ChildBeanDefinition source: jar:nested:/Users/kibong_home/Desktop/development/blog/build/libs/blog-0.0.1-SNAPSHOT.jar/!BOOT-INF/lib/spring-beans-7.0.9.jar!/
[0.351s][info][class,load] org.springframework.beans.MutablePropertyValues source: jar:nested:/Users/kibong_home/Desktop/development/blog/build/libs/blog-0.0.1-SNAPSHOT.jar/!BOOT-INF/lib/spring-beans-7.0.9.jar!/
[0.351s][info][class,load] org.springframework.beans.PropertyValue source: jar:nested:/Users/kibong_home/Desktop/development/blog/build/libs/blog-0.0.1-SNAPSHOT.jar/!BOOT-INF/lib/spring-beans-7.0.9.jar!/
[0.351s][info][class,load] org.springframework.beans.factory.config.BeanReference source: jar:nested:/Users/kibong_home/Desktop/development/blog/build/libs/blog-0.0.1-SNAPSHOT.jar/!BOOT-INF/lib/spring-beans-7.0.9.jar!/
[0.351s][info][class,load] org.springframework.beans.factory.config.RuntimeBeanReference source: jar:nested:/Users/kibong_home/Desktop/development/blog/build/libs/blog-0.0.1-SNAPSHOT.jar/!BOOT-INF/lib/spring-beans-7.0.9.jar!/
[0.352s][info][class,load] org.springframework.core.annotation.TypeMappedAnnotation$$Lambda/0x00000f00011a9000 source: org.springframework.core.annotation.TypeMappedAnnotation
[0.352s][info][class,load] org.springframework.beans.factory.support.AbstractBeanFactory$BeanPostProcessorCache source: jar:nested:/Users/kibong_home/Desktop/development/blog/build/libs/blog-0.0.1-SNAPSHOT.jar/!BOOT-INF/lib/spring-beans-7.0.9.jar!/
[0.353s][info][class,load] org.springframework.beans.factory.BeanFactoryUtils$$Lambda/0x00000f00011a9640 source: org.springframework.beans.factory.BeanFactoryUtils
[0.353s][info][class,load] org.springframework.beans.factory.support.NullBean source: jar:nested:/Users/kibong_home/Desktop/development/blog/build/libs/blog-0.0.1-SNAPSHOT.jar/!BOOT-INF/lib/spring-beans-7.0.9.jar!/
[0.353s][info][class,load] org.springframework.beans.factory.support.AbstractBeanFactory$$Lambda/0x00000f00011a9a98 source: org.springframework.beans.factory.support.AbstractBeanFactory
[0.353s][info][class,load] org.springframework.beans.factory.support.DefaultListableBeanFactory$PreInstantiation source: jar:nested:/Users/kibong_home/Desktop/development/blog/build/libs/blog-0.0.1-SNAPSHOT.jar/!BOOT-INF/lib/spring-beans-7.0.9.jar!/
[0.353s][info][class,load] org.springframework.beans.factory.support.AbstractBeanFactory$$Lambda/0x00000f00011b0200 source: org.springframework.beans.factory.support.AbstractBeanFactory
[0.353s][info][class,load] org.springframework.beans.factory.aot.BeanRegistrationCodeFragments source: jar:nested:/Users/kibong_home/Desktop/development/blog/build/libs/blog-0.0.1-SNAPSHOT.jar/!BOOT-INF/lib/spring-beans-7.0.9.jar!/
[0.354s][info][class,load] org.springframework.context.annotation.FullyQualifiedAnnotationBeanNameGenerator source: jar:nested:/Users/kibong_home/Desktop/development/blog/build/libs/blog-0.0.1-SNAPSHOT.jar/!BOOT-INF/lib/spring-context-7.0.9.jar!/
[0.354s][info][class,load] org.springframework.beans.BeanUtils source: jar:nested:/Users/kibong_home/Desktop/development/blog/build/libs/blog-0.0.1-SNAPSHOT.jar/!BOOT-INF/lib/spring-beans-7.0.9.jar!/
[0.354s][info][class,load] org.springframework.util.ConcurrentReferenceHashMap$KeySet source: jar:nested:/Users/kibong_home/Desktop/development/blog/build/libs/blog-0.0.1-SNAPSHOT.jar/!BOOT-INF/lib/spring-core-7.0.9.jar!/
[0.355s][info][class,load] org.springframework.beans.factory.parsing.PassThroughSourceExtractor source: jar:nested:/Users/kibong_home/Desktop/development/blog/build/libs/blog-0.0.1-SNAPSHOT.jar/!BOOT-INF/lib/spring-beans-7.0.9.jar!/
[0.355s][info][class,load] org.springframework.beans.AbstractPropertyAccessor source: jar:nested:/Users/kibong_home/Desktop/development/blog/build/libs/blog-0.0.1-SNAPSHOT.jar/!BOOT-INF/lib/spring-beans-7.0.9.jar!/
[0.355s][info][class,load] org.springframework.beans.AbstractNestablePropertyAccessor source: jar:nested:/Users/kibong_home/Desktop/development/blog/build/libs/blog-0.0.1-SNAPSHOT.jar/!BOOT-INF/lib/spring-beans-7.0.9.jar!/
[0.355s][info][class,load] org.springframework.beans.BeanWrapperImpl source: jar:nested:/Users/kibong_home/Desktop/development/blog/build/libs/blog-0.0.1-SNAPSHOT.jar/!BOOT-INF/lib/spring-beans-7.0.9.jar!/
[0.355s][info][class,load] org.springframework.beans.NotWritablePropertyException source: jar:nested:/Users/kibong_home/Desktop/development/blog/build/libs/blog-0.0.1-SNAPSHOT.jar/!BOOT-INF/lib/spring-beans-7.0.9.jar!/
[0.355s][info][class,load] org.springframework.beans.NullValueInNestedPathException source: jar:nested:/Users/kibong_home/Desktop/development/blog/build/libs/blog-0.0.1-SNAPSHOT.jar/!BOOT-INF/lib/spring-beans-7.0.9.jar!/
[0.355s][info][class,load] org.springframework.beans.PropertyBatchUpdateException source: jar:nested:/Users/kibong_home/Desktop/development/blog/build/libs/blog-0.0.1-SNAPSHOT.jar/!BOOT-INF/lib/spring-beans-7.0.9.jar!/
[0.355s][info][class,load] org.springframework.beans.NotReadablePropertyException source: jar:nested:/Users/kibong_home/Desktop/development/blog/build/libs/blog-0.0.1-SNAPSHOT.jar/!BOOT-INF/lib/spring-beans-7.0.9.jar!/
[0.356s][info][class,load] org.springframework.beans.MethodInvocationException source: jar:nested:/Users/kibong_home/Desktop/development/blog/build/libs/blog-0.0.1-SNAPSHOT.jar/!BOOT-INF/lib/spring-beans-7.0.9.jar!/
[0.356s][info][class,load] org.springframework.beans.AbstractNestablePropertyAccessor$PropertyHandler source: jar:nested:/Users/kibong_home/Desktop/development/blog/build/libs/blog-0.0.1-SNAPSHOT.jar/!BOOT-INF/lib/spring-beans-7.0.9.jar!/
[0.356s][info][class,load] org.springframework.beans.BeanWrapperImpl$BeanPropertyHandler source: jar:nested:/Users/kibong_home/Desktop/development/blog/build/libs/blog-0.0.1-SNAPSHOT.jar/!BOOT-INF/lib/spring-beans-7.0.9.jar!/
[0.356s][info][class,load] org.springframework.beans.factory.support.AbstractBeanFactory$BeanFactoryDefaultEditorRegistrar source: jar:nested:/Users/kibong_home/Desktop/development/blog/build/libs/blog-0.0.1-SNAPSHOT.jar/!BOOT-INF/lib/spring-beans-7.0.9.jar!/
[0.356s][info][class,load] org.springframework.beans.factory.support.BeanDefinitionValueResolver source: jar:nested:/Users/kibong_home/Desktop/development/blog/build/libs/blog-0.0.1-SNAPSHOT.jar/!BOOT-INF/lib/spring-beans-7.0.9.jar!/
[0.356s][info][class,load] org.springframework.beans.factory.config.AutowiredPropertyMarker source: jar:nested:/Users/kibong_home/Desktop/development/blog/build/libs/blog-0.0.1-SNAPSHOT.jar/!BOOT-INF/lib/spring-beans-7.0.9.jar!/
[0.357s][info][class,load] org.springframework.context.expression.StandardBeanExpressionResolver$$Lambda/0x00000f00011b3950 source: org.springframework.context.expression.StandardBeanExpressionResolver
[0.357s][info][class,load] org.springframework.expression.common.LiteralExpression source: jar:nested:/Users/kibong_home/Desktop/development/blog/build/libs/blog-0.0.1-SNAPSHOT.jar/!BOOT-INF/lib/spring-expression-7.0.9.jar!/
[0.357s][info][class,load] org.springframework.expression.EvaluationException source: jar:nested:/Users/kibong_home/Desktop/development/blog/build/libs/blog-0.0.1-SNAPSHOT.jar/!BOOT-INF/lib/spring-expression-7.0.9.jar!/
[0.357s][info][class,load] org.springframework.expression.EvaluationContext source: jar:nested:/Users/kibong_home/Desktop/development/blog/build/libs/blog-0.0.1-SNAPSHOT.jar/!BOOT-INF/lib/spring-expression-7.0.9.jar!/
[0.357s][info][class,load] org.springframework.expression.spel.support.StandardEvaluationContext source: jar:nested:/Users/kibong_home/Desktop/development/blog/build/libs/blog-0.0.1-SNAPSHOT.jar/!BOOT-INF/lib/spring-expression-7.0.9.jar!/
[0.357s][info][class,load] org.springframework.context.expression.StandardBeanExpressionResolver$$Lambda/0x00000f00011b47a8 source: org.springframework.context.expression.StandardBeanExpressionResolver
[0.357s][info][class,load] org.springframework.expression.TypeComparator source: jar:nested:/Users/kibong_home/Desktop/development/blog/build/libs/blog-0.0.1-SNAPSHOT.jar/!BOOT-INF/lib/spring-expression-7.0.9.jar!/
[0.357s][info][class,load] org.springframework.expression.OperatorOverloader source: jar:nested:/Users/kibong_home/Desktop/development/blog/build/libs/blog-0.0.1-SNAPSHOT.jar/!BOOT-INF/lib/spring-expression-7.0.9.jar!/
[0.357s][info][class,load] org.springframework.expression.spel.support.StandardTypeComparator source: jar:nested:/Users/kibong_home/Desktop/development/blog/build/libs/blog-0.0.1-SNAPSHOT.jar/!BOOT-INF/lib/spring-expression-7.0.9.jar!/
[0.358s][info][class,load] org.springframework.expression.spel.SpelEvaluationException source: jar:nested:/Users/kibong_home/Desktop/development/blog/build/libs/blog-0.0.1-SNAPSHOT.jar/!BOOT-INF/lib/spring-expression-7.0.9.jar!/
[0.358s][info][class,load] org.springframework.expression.spel.support.StandardOperatorOverloader source: jar:nested:/Users/kibong_home/Desktop/development/blog/build/libs/blog-0.0.1-SNAPSHOT.jar/!BOOT-INF/lib/spring-expression-7.0.9.jar!/
[0.358s][info][class,load] org.springframework.expression.TypedValue source: jar:nested:/Users/kibong_home/Desktop/development/blog/build/libs/blog-0.0.1-SNAPSHOT.jar/!BOOT-INF/lib/spring-expression-7.0.9.jar!/
[0.358s][info][class,load] org.springframework.context.expression.BeanExpressionContextAccessor source: jar:nested:/Users/kibong_home/Desktop/development/blog/build/libs/blog-0.0.1-SNAPSHOT.jar/!BOOT-INF/lib/spring-context-7.0.9.jar!/
[0.358s][info][class,load] org.springframework.expression.AccessException source: jar:nested:/Users/kibong_home/Desktop/development/blog/build/libs/blog-0.0.1-SNAPSHOT.jar/!BOOT-INF/lib/spring-expression-7.0.9.jar!/
[0.358s][info][class,load] org.springframework.expression.spel.support.ReflectivePropertyAccessor source: jar:nested:/Users/kibong_home/Desktop/development/blog/build/libs/blog-0.0.1-SNAPSHOT.jar/!BOOT-INF/lib/spring-expression-7.0.9.jar!/
[0.358s][info][class,load] org.springframework.context.expression.BeanFactoryAccessor source: jar:nested:/Users/kibong_home/Desktop/development/blog/build/libs/blog-0.0.1-SNAPSHOT.jar/!BOOT-INF/lib/spring-context-7.0.9.jar!/
[0.358s][info][class,load] org.springframework.asm.Opcodes source: jar:nested:/Users/kibong_home/Desktop/development/blog/build/libs/blog-0.0.1-SNAPSHOT.jar/!BOOT-INF/lib/spring-core-7.0.9.jar!/
[0.358s][info][class,load] org.springframework.expression.spel.CompilablePropertyAccessor source: jar:nested:/Users/kibong_home/Desktop/development/blog/build/libs/blog-0.0.1-SNAPSHOT.jar/!BOOT-INF/lib/spring-expression-7.0.9.jar!/
[0.358s][info][class,load] org.springframework.expression.spel.support.MapAccessor source: jar:nested:/Users/kibong_home/Desktop/development/blog/build/libs/blog-0.0.1-SNAPSHOT.jar/!BOOT-INF/lib/spring-expression-7.0.9.jar!/
[0.358s][info][class,load] org.springframework.expression.spel.support.MapAccessor$MapAccessException source: jar:nested:/Users/kibong_home/Desktop/development/blog/build/libs/blog-0.0.1-SNAPSHOT.jar/!BOOT-INF/lib/spring-expression-7.0.9.jar!/
[0.359s][info][class,load] org.springframework.context.expression.EnvironmentAccessor source: jar:nested:/Users/kibong_home/Desktop/development/blog/build/libs/blog-0.0.1-SNAPSHOT.jar/!BOOT-INF/lib/spring-context-7.0.9.jar!/
[0.359s][info][class,load] org.springframework.context.expression.BeanFactoryResolver source: jar:nested:/Users/kibong_home/Desktop/development/blog/build/libs/blog-0.0.1-SNAPSHOT.jar/!BOOT-INF/lib/spring-context-7.0.9.jar!/
[0.359s][info][class,load] org.springframework.expression.spel.support.StandardTypeLocator source: jar:nested:/Users/kibong_home/Desktop/development/blog/build/libs/blog-0.0.1-SNAPSHOT.jar/!BOOT-INF/lib/spring-expression-7.0.9.jar!/
[0.359s][info][class,load] org.springframework.expression.spel.support.StandardTypeConverter source: jar:nested:/Users/kibong_home/Desktop/development/blog/build/libs/blog-0.0.1-SNAPSHOT.jar/!BOOT-INF/lib/spring-expression-7.0.9.jar!/
[0.359s][info][class,load] org.springframework.context.expression.StandardBeanExpressionResolver$$Lambda/0x00000f00011b73f8 source: org.springframework.context.expression.StandardBeanExpressionResolver
[0.359s][info][class,load] org.springframework.util.function.ThrowingSupplier source: jar:nested:/Users/kibong_home/Desktop/development/blog/build/libs/blog-0.0.1-SNAPSHOT.jar/!BOOT-INF/lib/spring-core-7.0.9.jar!/
[0.359s][info][class,load] org.springframework.beans.factory.support.InstanceSupplier source: jar:nested:/Users/kibong_home/Desktop/development/blog/build/libs/blog-0.0.1-SNAPSHOT.jar/!BOOT-INF/lib/spring-beans-7.0.9.jar!/
[0.359s][info][class,load] org.springframework.beans.factory.InitializingBean source: jar:nested:/Users/kibong_home/Desktop/development/blog/build/libs/blog-0.0.1-SNAPSHOT.jar/!BOOT-INF/lib/spring-beans-7.0.9.jar!/
[0.359s][info][class,load] org.springframework.beans.factory.support.DisposableBeanAdapter source: jar:nested:/Users/kibong_home/Desktop/development/blog/build/libs/blog-0.0.1-SNAPSHOT.jar/!BOOT-INF/lib/spring-beans-7.0.9.jar!/
[0.359s][info][class,load] java.util.concurrent.ExecutionException source: jrt:/java.base
[0.360s][info][class,load] org.springframework.beans.factory.support.DefaultSingletonBeanRegistry$$Lambda/0x00000f00011b8000 source: org.springframework.beans.factory.support.DefaultSingletonBeanRegistry
[0.360s][info][class,load] org.springframework.beans.factory.SmartFactoryBean source: jar:nested:/Users/kibong_home/Desktop/development/blog/build/libs/blog-0.0.1-SNAPSHOT.jar/!BOOT-INF/lib/spring-beans-7.0.9.jar!/
[0.360s][info][class,load] org.springframework.beans.factory.support.DefaultSingletonBeanRegistry$$Lambda/0x00000f00011b8468 source: org.springframework.beans.factory.support.DefaultSingletonBeanRegistry
[0.360s][info][class,load] org.springframework.beans.factory.support.DefaultSingletonBeanRegistry$$Lambda/0x00000f00011b86b0 source: org.springframework.beans.factory.support.DefaultSingletonBeanRegistry
[0.360s][info][class,load] org.springframework.beans.PropertyAccessorUtils source: jar:nested:/Users/kibong_home/Desktop/development/blog/build/libs/blog-0.0.1-SNAPSHOT.jar/!BOOT-INF/lib/spring-beans-7.0.9.jar!/
[0.360s][info][class,load] org.springframework.beans.CachedIntrospectionResults source: jar:nested:/Users/kibong_home/Desktop/development/blog/build/libs/blog-0.0.1-SNAPSHOT.jar/!BOOT-INF/lib/spring-beans-7.0.9.jar!/
[0.360s][info][class,load] java.beans.IntrospectionException source: jrt:/java.desktop
[0.360s][info][class,load] java.beans.PropertyDescriptor source: jrt:/java.desktop
[0.360s][info][class,load] org.springframework.beans.GenericTypeAwarePropertyDescriptor source: jar:nested:/Users/kibong_home/Desktop/development/blog/build/libs/blog-0.0.1-SNAPSHOT.jar/!BOOT-INF/lib/spring-beans-7.0.9.jar!/
[0.360s][info][class,load] org.springframework.beans.BeanInfoFactory source: jar:nested:/Users/kibong_home/Desktop/development/blog/build/libs/blog-0.0.1-SNAPSHOT.jar/!BOOT-INF/lib/spring-beans-7.0.9.jar!/
[0.360s][info][class,load] org.springframework.beans.SimpleBeanInfoFactory source: jar:nested:/Users/kibong_home/Desktop/development/blog/build/libs/blog-0.0.1-SNAPSHOT.jar/!BOOT-INF/lib/spring-beans-7.0.9.jar!/
[0.361s][info][class,load] java.beans.BeanInfo source: jrt:/java.desktop
[0.361s][info][class,load] org.springframework.beans.PropertyDescriptorUtils source: jar:nested:/Users/kibong_home/Desktop/development/blog/build/libs/blog-0.0.1-SNAPSHOT.jar/!BOOT-INF/lib/spring-beans-7.0.9.jar!/
[0.361s][info][class,load] org.springframework.beans.factory.aot.BeanFactoryInitializationAotContribution source: jar:nested:/Users/kibong_home/Desktop/development/blog/build/libs/blog-0.0.1-SNAPSHOT.jar/!BOOT-INF/lib/spring-beans-7.0.9.jar!/
[0.361s][info][class,load] org.springframework.beans.factory.support.RegisteredBean source: jar:nested:/Users/kibong_home/Desktop/development/blog/build/libs/blog-0.0.1-SNAPSHOT.jar/!BOOT-INF/lib/spring-beans-7.0.9.jar!/
[0.361s][info][class,load] org.springframework.beans.factory.aot.BeanRegistrationAotContribution source: jar:nested:/Users/kibong_home/Desktop/development/blog/build/libs/blog-0.0.1-SNAPSHOT.jar/!BOOT-INF/lib/spring-beans-7.0.9.jar!/
[0.361s][info][class,load] org.springframework.beans.PropertyDescriptorUtils$BasicPropertyDescriptor source: jar:nested:/Users/kibong_home/Desktop/development/blog/build/libs/blog-0.0.1-SNAPSHOT.jar/!BOOT-INF/lib/spring-beans-7.0.9.jar!/
[0.361s][info][class,load] java.beans.MethodRef source: jrt:/java.desktop
[0.361s][info][class,load] java.util.TreeMap$Values source: jrt:/java.base
[0.361s][info][class,load] java.util.TreeMap$ValueIterator source: jrt:/java.base
[0.361s][info][class,load] java.beans.SimpleBeanInfo source: jrt:/java.desktop
[0.361s][info][class,load] org.springframework.beans.SimpleBeanInfoFactory$1 source: jar:nested:/Users/kibong_home/Desktop/development/blog/build/libs/blog-0.0.1-SNAPSHOT.jar/!BOOT-INF/lib/spring-beans-7.0.9.jar!/
[0.361s][info][class,load] com.sun.beans.TypeResolver source: jrt:/java.desktop
[0.362s][info][class,load] com.sun.beans.WeakCache source: jrt:/java.desktop
[0.362s][info][class,load] com.sun.beans.WildcardTypeImpl source: jrt:/java.desktop
[0.362s][info][class,load] org.springframework.core.convert.Property source: jar:nested:/Users/kibong_home/Desktop/development/blog/build/libs/blog-0.0.1-SNAPSHOT.jar/!BOOT-INF/lib/spring-core-7.0.9.jar!/
[0.362s][info][class,load] org.springframework.core.convert.TypeDescriptor$$Lambda/0x00000f00011ba520 source: org.springframework.core.convert.TypeDescriptor
[0.362s][info][class,load] java.lang.Class$$Lambda/0x00000f00010f9d40 source: java.lang.Class
[0.362s][info][class,load] java.util.stream.Collectors$$Lambda/0x800000046 source: shared objects file
[0.362s][info][class,load] java.util.stream.Collectors$$Lambda/0x80000003e source: shared objects file
[0.363s][info][class,load] java.util.stream.Collectors$$Lambda/0x800000041 source: shared objects file
[0.363s][info][class,load] java.util.stream.Collectors$$Lambda/0x800000043 source: shared objects file
[0.363s][info][class,load] org.springframework.beans.factory.config.TypedStringValue source: jar:nested:/Users/kibong_home/Desktop/development/blog/build/libs/blog-0.0.1-SNAPSHOT.jar/!BOOT-INF/lib/spring-beans-7.0.9.jar!/
[0.363s][info][class,load] org.springframework.beans.AbstractNestablePropertyAccessor$PropertyTokenHolder source: jar:nested:/Users/kibong_home/Desktop/development/blog/build/libs/blog-0.0.1-SNAPSHOT.jar/!BOOT-INF/lib/spring-beans-7.0.9.jar!/
[0.363s][info][class,load] java.lang.invoke.LambdaForm$MH/0x00000f00011bc000 source: __JVM_LookupDefineClass__
[0.363s][info][class,load] java.lang.invoke.LambdaForm$MH/0x00000f00011bc400 source: __JVM_LookupDefineClass__
[0.364s][info][class,load] java.lang.invoke.LambdaForm$MH/0x00000f00011bc800 source: __JVM_LookupDefineClass__
[0.364s][info][class,load] org.springframework.context.support.PostProcessorRegistrationDelegate$$Lambda/0x00000f00011bac40 source: org.springframework.context.support.PostProcessorRegistrationDelegate
[0.364s][info][class,load] org.springframework.aop.framework.AopInfrastructureBean source: jar:nested:/Users/kibong_home/Desktop/development/blog/build/libs/blog-0.0.1-SNAPSHOT.jar/!BOOT-INF/lib/spring-aop-7.0.9.jar!/
[0.364s][info][class,load] org.springframework.context.annotation.ConfigurationClassPostProcessor$$Lambda/0x00000f00011bb078 source: org.springframework.context.annotation.ConfigurationClassPostProcessor
[0.364s][info][class,load] org.springframework.context.annotation.ConfigurationClassParser source: jar:nested:/Users/kibong_home/Desktop/development/blog/build/libs/blog-0.0.1-SNAPSHOT.jar/!BOOT-INF/lib/spring-context-7.0.9.jar!/
[0.364s][info][class,load] org.springframework.context.annotation.ImportRegistry source: jar:nested:/Users/kibong_home/Desktop/development/blog/build/libs/blog-0.0.1-SNAPSHOT.jar/!BOOT-INF/lib/spring-context-7.0.9.jar!/
[0.364s][info][class,load] org.springframework.beans.factory.parsing.Problem source: jar:nested:/Users/kibong_home/Desktop/development/blog/build/libs/blog-0.0.1-SNAPSHOT.jar/!BOOT-INF/lib/spring-beans-7.0.9.jar!/
[0.365s][info][class,load] org.springframework.context.annotation.ConfigurationClassParser$CircularImportProblem source: jar:nested:/Users/kibong_home/Desktop/development/blog/build/libs/blog-0.0.1-SNAPSHOT.jar/!BOOT-INF/lib/spring-context-7.0.9.jar!/
[0.365s][info][class,load] org.springframework.context.ApplicationContextException source: jar:nested:/Users/kibong_home/Desktop/development/blog/build/libs/blog-0.0.1-SNAPSHOT.jar/!BOOT-INF/lib/spring-context-7.0.9.jar!/
[0.365s][info][class,load] org.springframework.context.annotation.ConfigurationClassParser$$Lambda/0x00000f00011be000 source: org.springframework.context.annotation.ConfigurationClassParser
[0.365s][info][class,load] org.springframework.context.annotation.ConfigurationClassParser$$Lambda/0x00000f00011be258 source: org.springframework.context.annotation.ConfigurationClassParser
[0.365s][info][class,load] org.springframework.context.annotation.ConfigurationClassParser$DeferredImportSelectorHolder source: jar:nested:/Users/kibong_home/Desktop/development/blog/build/libs/blog-0.0.1-SNAPSHOT.jar/!BOOT-INF/lib/spring-context-7.0.9.jar!/
[0.365s][info][class,load] org.springframework.context.annotation.ConfigurationClassParser$$Lambda/0x00000f00011be6d8 source: org.springframework.context.annotation.ConfigurationClassParser
[0.365s][info][class,load] org.springframework.context.annotation.ConfigurationClassParser$ImportStack source: jar:nested:/Users/kibong_home/Desktop/development/blog/build/libs/blog-0.0.1-SNAPSHOT.jar/!BOOT-INF/lib/spring-context-7.0.9.jar!/
[0.365s][info][class,load] org.springframework.context.annotation.ConfigurationClassParser$DeferredImportSelectorHandler source: jar:nested:/Users/kibong_home/Desktop/development/blog/build/libs/blog-0.0.1-SNAPSHOT.jar/!BOOT-INF/lib/spring-context-7.0.9.jar!/
[0.366s][info][class,load] org.springframework.context.annotation.ConfigurationClassParser$SourceClass source: jar:nested:/Users/kibong_home/Desktop/development/blog/build/libs/blog-0.0.1-SNAPSHOT.jar/!BOOT-INF/lib/spring-context-7.0.9.jar!/
[0.366s][info][class,load] org.springframework.context.annotation.PropertySourceRegistry source: jar:nested:/Users/kibong_home/Desktop/development/blog/build/libs/blog-0.0.1-SNAPSHOT.jar/!BOOT-INF/lib/spring-context-7.0.9.jar!/
[0.366s][info][class,load] org.springframework.core.io.support.PropertySourceProcessor source: jar:nested:/Users/kibong_home/Desktop/development/blog/build/libs/blog-0.0.1-SNAPSHOT.jar/!BOOT-INF/lib/spring-core-7.0.9.jar!/
[0.366s][info][class,load] org.springframework.core.io.support.ResourcePropertySource source: jar:nested:/Users/kibong_home/Desktop/development/blog/build/libs/blog-0.0.1-SNAPSHOT.jar/!BOOT-INF/lib/spring-core-7.0.9.jar!/
[0.366s][info][class,load] org.springframework.core.io.support.PropertySourceFactory source: jar:nested:/Users/kibong_home/Desktop/development/blog/build/libs/blog-0.0.1-SNAPSHOT.jar/!BOOT-INF/lib/spring-core-7.0.9.jar!/
[0.366s][info][class,load] org.springframework.core.io.support.DefaultPropertySourceFactory source: jar:nested:/Users/kibong_home/Desktop/development/blog/build/libs/blog-0.0.1-SNAPSHOT.jar/!BOOT-INF/lib/spring-core-7.0.9.jar!/
[0.366s][info][class,load] org.springframework.context.annotation.ComponentScanAnnotationParser source: jar:nested:/Users/kibong_home/Desktop/development/blog/build/libs/blog-0.0.1-SNAPSHOT.jar/!BOOT-INF/lib/spring-context-7.0.9.jar!/
[0.366s][info][class,load] org.springframework.context.annotation.ConfigurationClass source: jar:nested:/Users/kibong_home/Desktop/development/blog/build/libs/blog-0.0.1-SNAPSHOT.jar/!BOOT-INF/lib/spring-context-7.0.9.jar!/
[0.366s][info][class,load] org.springframework.context.annotation.ConfigurationClass$FinalConfigurationProblem source: jar:nested:/Users/kibong_home/Desktop/development/blog/build/libs/blog-0.0.1-SNAPSHOT.jar/!BOOT-INF/lib/spring-context-7.0.9.jar!/
[0.366s][info][class,load] org.springframework.context.annotation.ConfigurationClass$BeanMethodOverloadingProblem source: jar:nested:/Users/kibong_home/Desktop/development/blog/build/libs/blog-0.0.1-SNAPSHOT.jar/!BOOT-INF/lib/spring-context-7.0.9.jar!/
[0.367s][info][class,load] org.springframework.context.annotation.ScannedGenericBeanDefinition source: jar:nested:/Users/kibong_home/Desktop/development/blog/build/libs/blog-0.0.1-SNAPSHOT.jar/!BOOT-INF/lib/spring-context-7.0.9.jar!/
[0.367s][info][class,load] org.springframework.core.io.DescriptiveResource source: jar:nested:/Users/kibong_home/Desktop/development/blog/build/libs/blog-0.0.1-SNAPSHOT.jar/!BOOT-INF/lib/spring-core-7.0.9.jar!/
[0.367s][info][class,load] org.springframework.context.annotation.ConfigurationCondition$ConfigurationPhase source: jar:nested:/Users/kibong_home/Desktop/development/blog/build/libs/blog-0.0.1-SNAPSHOT.jar/!BOOT-INF/lib/spring-context-7.0.9.jar!/
[0.367s][info][class,load] org.springframework.context.annotation.PropertySource source: jar:nested:/Users/kibong_home/Desktop/development/blog/build/libs/blog-0.0.1-SNAPSHOT.jar/!BOOT-INF/lib/spring-context-7.0.9.jar!/
[0.367s][info][class,load] org.springframework.context.annotation.PropertySources source: jar:nested:/Users/kibong_home/Desktop/development/blog/build/libs/blog-0.0.1-SNAPSHOT.jar/!BOOT-INF/lib/spring-context-7.0.9.jar!/
[0.367s][info][class,load] org.springframework.core.type.AnnotatedTypeMetadata$$Lambda/0x00000f00011c1428 source: org.springframework.core.type.AnnotatedTypeMetadata
[0.367s][info][class,load] org.springframework.core.annotation.MergedAnnotationPredicates source: jar:nested:/Users/kibong_home/Desktop/development/blog/build/libs/blog-0.0.1-SNAPSHOT.jar/!BOOT-INF/lib/spring-core-7.0.9.jar!/
[0.367s][info][class,load] org.springframework.core.annotation.MergedAnnotationPredicates$$Lambda/0x00000f00011c1890 source: org.springframework.core.annotation.MergedAnnotationPredicates
[0.367s][info][class,load] org.springframework.core.type.AnnotatedTypeMetadata$$Lambda/0x00000f00011c1af0 source: org.springframework.core.type.AnnotatedTypeMetadata
[0.367s][info][class,load] java.util.Comparator$$Lambda/0x00000f00010f9f88 source: java.util.Comparator
[0.367s][info][class,load] java.util.Comparators$NaturalOrderComparator source: jrt:/java.base
[0.367s][info][class,load] java.util.Collections$ReverseComparator2 source: jrt:/java.base
[0.368s][info][class,load] org.springframework.core.type.AnnotatedTypeMetadata$$Lambda/0x00000f00011c1d18 source: org.springframework.core.type.AnnotatedTypeMetadata
[0.368s][info][class,load] org.springframework.core.type.AnnotatedTypeMetadata$$Lambda/0x00000f00011c1f68 source: org.springframework.core.type.AnnotatedTypeMetadata
[0.368s][info][class,load] org.springframework.core.type.AnnotatedTypeMetadata$$Lambda/0x00000f00011c21b8 source: org.springframework.core.type.AnnotatedTypeMetadata
[0.368s][info][class,load] java.util.stream.SortedOps$RefSortingSink$$Lambda/0x00000f00010fabb8 source: java.util.stream.SortedOps
[0.368s][info][class,load] org.springframework.context.annotation.ConfigurationClassParser$$Lambda/0x00000f00011c23e0 source: org.springframework.context.annotation.ConfigurationClassParser
[0.368s][info][class,load] org.springframework.context.annotation.ConfigurationClassParser$$Lambda/0x00000f00011c2638 source: org.springframework.context.annotation.ConfigurationClassParser
[0.369s][info][class,load] org.springframework.context.annotation.TypeFilterUtils source: jar:nested:/Users/kibong_home/Desktop/development/blog/build/libs/blog-0.0.1-SNAPSHOT.jar/!BOOT-INF/lib/spring-context-7.0.9.jar!/
[0.369s][info][class,load] org.springframework.context.annotation.TypeFilterUtils$1 source: jar:nested:/Users/kibong_home/Desktop/development/blog/build/libs/blog-0.0.1-SNAPSHOT.jar/!BOOT-INF/lib/spring-context-7.0.9.jar!/
[0.369s][info][class,load] org.springframework.context.annotation.ParserStrategyUtils source: jar:nested:/Users/kibong_home/Desktop/development/blog/build/libs/blog-0.0.1-SNAPSHOT.jar/!BOOT-INF/lib/spring-context-7.0.9.jar!/
[0.369s][info][class,load] org.springframework.context.annotation.ComponentScanAnnotationParser$1 source: jar:nested:/Users/kibong_home/Desktop/development/blog/build/libs/blog-0.0.1-SNAPSHOT.jar/!BOOT-INF/lib/spring-context-7.0.9.jar!/
[0.370s][info][class,load] org.springframework.core.io.support.PathMatchingResourcePatternResolver$$Lambda/0x00000f00011c3118 source: org.springframework.core.io.support.PathMatchingResourcePatternResolver
[0.370s][info][class,load] org.springframework.core.io.support.PathMatchingResourcePatternResolver$$Lambda/0x00000f00011c3378 source: org.springframework.core.io.support.PathMatchingResourcePatternResolver
[0.370s][info][class,load] org.springframework.core.io.support.PathMatchingResourcePatternResolver$$Lambda/0x00000f00011c35b8 source: org.springframework.core.io.support.PathMatchingResourcePatternResolver
[0.370s][info][class,load] org.springframework.boot.loader.jar.NestedJarFile$JarEntriesEnumeration source: file:/Users/kibong_home/Desktop/development/blog/build/libs/blog-0.0.1-SNAPSHOT.jar
[0.370s][info][class,load] java.util.TreeMap$KeyIterator source: jrt:/java.base
[0.370s][info][class,load] java.util.StringTokenizer source: jrt:/java.base
[0.371s][info][class,load] org.springframework.util.AntPathMatcher$AntPathStringMatcher source: jar:nested:/Users/kibong_home/Desktop/development/blog/build/libs/blog-0.0.1-SNAPSHOT.jar/!BOOT-INF/lib/spring-core-7.0.9.jar!/
[0.371s][info][class,load] java.util.regex.Pattern$LazyLoop source: jrt:/java.base
[0.371s][info][class,load] java.util.regex.Pattern$$Lambda/0x00000f00010fb510 source: java.util.regex.Pattern
[0.371s][info][class,load] org.springframework.util.AntPathMatcher$AntPathStringMatcher$MaxAttemptsCharSequence source: jar:nested:/Users/kibong_home/Desktop/development/blog/build/libs/blog-0.0.1-SNAPSHOT.jar/!BOOT-INF/lib/spring-core-7.0.9.jar!/
[0.371s][info][class,load] org.springframework.util.AntPathMatcher$AntPathStringMatcher$MaxAttemptsCharSequence$Counter source: jar:nested:/Users/kibong_home/Desktop/development/blog/build/libs/blog-0.0.1-SNAPSHOT.jar/!BOOT-INF/lib/spring-core-7.0.9.jar!/
[0.372s][info][class,load] org.springframework.core.type.classreading.ClassFileMetadataReader source: jar:nested:/Users/kibong_home/Desktop/development/blog/build/libs/blog-0.0.1-SNAPSHOT.jar/!BOOT-INF/lib/spring-core-7.0.9.jar!/
[0.372s][info][class,load] java.lang.classfile.CompoundElement source: shared objects file
[0.372s][info][class,load] java.lang.classfile.AttributedElement source: shared objects file
[0.372s][info][class,load] java.lang.classfile.ClassModel source: shared objects file
[0.372s][info][class,load] jdk.internal.classfile.impl.ClassImpl source: shared objects file
[0.372s][info][class,load] jdk.internal.classfile.impl.ClassFileImpl$$Lambda/0x80000004b source: shared objects file
[0.372s][info][class,load] java.lang.classfile.FieldModel source: shared objects file
[0.372s][info][class,load] jdk.internal.classfile.impl.FieldImpl source: shared objects file
[0.372s][info][class,load] java.lang.classfile.MethodModel source: shared objects file
[0.372s][info][class,load] jdk.internal.classfile.impl.MethodImpl source: shared objects file
[0.373s][info][class,load] org.springframework.core.type.classreading.ClassFileAnnotationMetadata source: jar:nested:/Users/kibong_home/Desktop/development/blog/build/libs/blog-0.0.1-SNAPSHOT.jar/!BOOT-INF/lib/spring-core-7.0.9.jar!/
[0.373s][info][class,load] org.springframework.core.type.classreading.ClassFileAnnotationMetadata$Builder source: jar:nested:/Users/kibong_home/Desktop/development/blog/build/libs/blog-0.0.1-SNAPSHOT.jar/!BOOT-INF/lib/spring-core-7.0.9.jar!/
[0.373s][info][class,load] org.springframework.core.annotation.MergedAnnotationsCollection source: jar:nested:/Users/kibong_home/Desktop/development/blog/build/libs/blog-0.0.1-SNAPSHOT.jar/!BOOT-INF/lib/spring-core-7.0.9.jar!/
[0.373s][info][class,load] java.lang.classfile.CompoundElement$1 source: jrt:/java.base
[0.373s][info][class,load] java.lang.classfile.AccessFlags source: shared objects file
[0.373s][info][class,load] jdk.internal.classfile.impl.AccessFlagsImpl source: shared objects file
[0.373s][info][class,load] java.lang.classfile.ClassFileVersion source: jrt:/java.base
[0.373s][info][class,load] jdk.internal.classfile.impl.ClassFileVersionImpl source: jrt:/java.base
[0.373s][info][class,load] jdk.internal.classfile.impl.ClassImpl$1 source: jrt:/java.base
[0.373s][info][class,load] jdk.internal.classfile.impl.BoundAttribute$BoundSourceFileAttribute source: jrt:/java.base
[0.373s][info][class,load] jdk.internal.classfile.impl.BoundAttribute$BoundRuntimeVisibleAnnotationsAttribute source: jrt:/java.base
[0.374s][info][class,load] org.springframework.core.type.classreading.ClassFileAnnotationMetadata$$Lambda/0x00000f00011c4a50 source: org.springframework.core.type.classreading.ClassFileAnnotationMetadata
[0.374s][info][class,load] java.lang.runtime.SwitchBootstraps source: shared objects file
[0.374s][info][class,load] java.lang.classfile.attribute.NestHostAttribute source: jrt:/java.base
[0.374s][info][class,load] java.lang.classfile.attribute.InnerClassesAttribute source: jrt:/java.base
[0.374s][info][class,load] jdk.internal.misc.PreviewFeatures source: shared objects file
[0.374s][info][class,load] java.lang.runtime.SwitchBootstraps$$Lambda/0x800000018 source: shared objects file
[0.374s][info][class,load] java.lang.runtime.SwitchBootstraps$$Lambda/0x800000019 source: shared objects file
[0.374s][info][class,load] java.lang.classfile.instruction.SwitchCase source: shared objects file
[0.374s][info][class,load] jdk.internal.classfile.impl.AbstractInstruction$SwitchCaseImpl source: shared objects file
[0.374s][info][class,load] java.lang.invoke.MethodHandles$Lookup$ClassOption source: shared objects file
[0.374s][info][class,load] org.springframework.core.type.classreading.ClassFileAnnotationMetadata$$TypeSwitch/0x00000f00011c4c90 source: org.springframework.core.type.classreading.ClassFileAnnotationMetadata
[0.375s][info][class,load] org.springframework.core.type.MethodMetadata source: jar:nested:/Users/kibong_home/Desktop/development/blog/build/libs/blog-0.0.1-SNAPSHOT.jar/!BOOT-INF/lib/spring-core-7.0.9.jar!/
[0.375s][info][class,load] org.springframework.core.type.classreading.ClassFileMethodMetadata source: jar:nested:/Users/kibong_home/Desktop/development/blog/build/libs/blog-0.0.1-SNAPSHOT.jar/!BOOT-INF/lib/spring-core-7.0.9.jar!/
[0.375s][info][class,load] org.springframework.core.type.classreading.ClassFileMethodMetadata$$Lambda/0x00000f00011c53a8 source: org.springframework.core.type.classreading.ClassFileMethodMetadata
[0.375s][info][class,load] org.springframework.core.type.classreading.ClassFileMethodMetadata$Source source: jar:nested:/Users/kibong_home/Desktop/development/blog/build/libs/blog-0.0.1-SNAPSHOT.jar/!BOOT-INF/lib/spring-core-7.0.9.jar!/
[0.375s][info][class,load] java.lang.classfile.CodeModel source: jrt:/java.base
[0.375s][info][class,load] java.lang.classfile.attribute.CodeAttribute source: jrt:/java.base
[0.375s][info][class,load] jdk.internal.classfile.impl.BoundAttribute$BoundCodeAttribute source: jrt:/java.base
[0.375s][info][class,load] jdk.internal.classfile.impl.CodeImpl source: jrt:/java.base
[0.375s][info][class,load] java.lang.classfile.Instruction source: jrt:/java.base
[0.375s][info][class,load] jdk.internal.classfile.impl.CodeImpl$3 source: jrt:/java.base
[0.375s][info][class,load] java.lang.classfile.instruction.NopInstruction source: jrt:/java.base
[0.375s][info][class,load] jdk.internal.classfile.impl.AbstractInstruction source: jrt:/java.base
[0.375s][info][class,load] jdk.internal.classfile.impl.AbstractInstruction$UnboundInstruction source: jrt:/java.base
[0.375s][info][class,load] jdk.internal.classfile.impl.AbstractInstruction$UnboundNopInstruction source: jrt:/java.base
[0.375s][info][class,load] java.lang.classfile.instruction.ConstantInstruction source: jrt:/java.base
[0.375s][info][class,load] java.lang.classfile.instruction.ConstantInstruction$IntrinsicConstantInstruction source: jrt:/java.base
[0.375s][info][class,load] jdk.internal.classfile.impl.AbstractInstruction$UnboundIntrinsicConstantInstruction source: jrt:/java.base
[0.375s][info][class,load] java.lang.classfile.instruction.LoadInstruction source: jrt:/java.base
[0.375s][info][class,load] jdk.internal.classfile.impl.AbstractInstruction$UnboundLoadInstruction source: jrt:/java.base
[0.375s][info][class,load] java.lang.classfile.instruction.ArrayLoadInstruction source: jrt:/java.base
[0.375s][info][class,load] jdk.internal.classfile.impl.AbstractInstruction$UnboundArrayLoadInstruction source: jrt:/java.base
[0.375s][info][class,load] java.lang.classfile.instruction.StoreInstruction source: jrt:/java.base
[0.375s][info][class,load] jdk.internal.classfile.impl.AbstractInstruction$UnboundStoreInstruction source: jrt:/java.base
[0.375s][info][class,load] java.lang.classfile.instruction.ArrayStoreInstruction source: jrt:/java.base
[0.375s][info][class,load] jdk.internal.classfile.impl.AbstractInstruction$UnboundArrayStoreInstruction source: jrt:/java.base
[0.376s][info][class,load] java.lang.classfile.instruction.StackInstruction source: jrt:/java.base
[0.376s][info][class,load] jdk.internal.classfile.impl.AbstractInstruction$UnboundStackInstruction source: jrt:/java.base
[0.376s][info][class,load] java.lang.classfile.instruction.OperatorInstruction source: jrt:/java.base
[0.376s][info][class,load] jdk.internal.classfile.impl.AbstractInstruction$UnboundOperatorInstruction source: jrt:/java.base
[0.376s][info][class,load] java.lang.classfile.instruction.ConvertInstruction source: jrt:/java.base
[0.376s][info][class,load] jdk.internal.classfile.impl.AbstractInstruction$UnboundConvertInstruction source: jrt:/java.base
[0.376s][info][class,load] java.lang.classfile.instruction.ReturnInstruction source: jrt:/java.base
[0.376s][info][class,load] jdk.internal.classfile.impl.AbstractInstruction$UnboundReturnInstruction source: jrt:/java.base
[0.376s][info][class,load] java.lang.classfile.instruction.ThrowInstruction source: jrt:/java.base
[0.376s][info][class,load] jdk.internal.classfile.impl.AbstractInstruction$UnboundThrowInstruction source: jrt:/java.base
[0.376s][info][class,load] java.lang.classfile.instruction.MonitorInstruction source: jrt:/java.base
[0.376s][info][class,load] jdk.internal.classfile.impl.AbstractInstruction$UnboundMonitorInstruction source: jrt:/java.base
[0.376s][info][class,load] org.springframework.core.type.classreading.ClassFileMethodMetadata$$Lambda/0x00000f00011c5808 source: org.springframework.core.type.classreading.ClassFileMethodMetadata
[0.376s][info][class,load] org.springframework.core.type.classreading.ClassFileMethodMetadata$$Lambda/0x00000f00011c5a68 source: org.springframework.core.type.classreading.ClassFileMethodMetadata
[0.376s][info][class,load] org.springframework.core.type.classreading.ClassFileMethodMetadata$$Lambda/0x00000f00011c5cb8 source: org.springframework.core.type.classreading.ClassFileMethodMetadata
[0.376s][info][class,load] org.springframework.core.type.classreading.ClassFileMethodMetadata$$Lambda/0x00000f00011c5f08 source: org.springframework.core.type.classreading.ClassFileMethodMetadata
[0.376s][info][class,load] org.springframework.core.type.classreading.ClassFileAnnotationDelegate source: jar:nested:/Users/kibong_home/Desktop/development/blog/build/libs/blog-0.0.1-SNAPSHOT.jar/!BOOT-INF/lib/spring-core-7.0.9.jar!/
[0.376s][info][class,load] java.lang.MatchException source: jrt:/java.base
[0.376s][info][class,load] java.lang.classfile.AnnotationValue source: jrt:/java.base
[0.376s][info][class,load] java.lang.classfile.AnnotationValue$OfConstant source: jrt:/java.base
[0.376s][info][class,load] java.lang.classfile.AnnotationValue$OfInt source: jrt:/java.base
[0.376s][info][class,load] jdk.internal.classfile.impl.AnnotationImpl$OfIntImpl source: jrt:/java.base
[0.376s][info][class,load] java.lang.classfile.AnnotationValue$OfArray source: jrt:/java.base
[0.376s][info][class,load] jdk.internal.classfile.impl.AnnotationImpl$OfArrayImpl source: jrt:/java.base
[0.376s][info][class,load] jdk.internal.classfile.impl.AnnotationImpl$AnnotationElementImpl source: jrt:/java.base
[0.376s][info][class,load] java.lang.classfile.AnnotationValue$OfString source: jrt:/java.base
[0.376s][info][class,load] jdk.internal.classfile.impl.AnnotationImpl$OfStringImpl source: jrt:/java.base
[0.376s][info][class,load] java.util.AbstractList$RandomAccessSpliterator source: shared objects file
[0.376s][info][class,load] org.springframework.core.type.classreading.ClassFileAnnotationDelegate$$Lambda/0x00000f00011c6340 source: org.springframework.core.type.classreading.ClassFileAnnotationDelegate
[0.376s][info][class,load] org.springframework.core.type.classreading.ClassFileAnnotationDelegate$$Lambda/0x00000f00011c6590 source: org.springframework.core.type.classreading.ClassFileAnnotationDelegate
[0.376s][info][class,load] java.util.stream.Collectors$$Lambda/0x00000f00011e4b20 source: java.util.stream.Collectors
[0.377s][info][class,load] java.util.stream.Collectors$$Lambda/0x00000f00011e4d48 source: java.util.stream.Collectors
[0.377s][info][class,load] java.util.stream.Collectors$$Lambda/0x00000f00011e4f80 source: java.util.stream.Collectors
[0.377s][info][class,load] org.springframework.core.type.classreading.ClassFileAnnotationDelegate$Source source: jar:nested:/Users/kibong_home/Desktop/development/blog/build/libs/blog-0.0.1-SNAPSHOT.jar/!BOOT-INF/lib/spring-core-7.0.9.jar!/
[0.377s][info][class,load] org.springframework.core.annotation.TypeMappedAnnotation$$Lambda/0x00000f00011c6a00 source: org.springframework.core.annotation.TypeMappedAnnotation
[0.377s][info][class,load] java.lang.classfile.AnnotationValue$OfAnnotation source: jrt:/java.base
[0.377s][info][class,load] java.lang.classfile.AnnotationValue$OfClass source: jrt:/java.base
[0.377s][info][class,load] java.lang.classfile.AnnotationValue$OfEnum source: jrt:/java.base
[0.377s][info][class,load] org.springframework.core.type.classreading.ClassFileAnnotationDelegate$$TypeSwitch/0x00000f00011c6c28 source: org.springframework.core.type.classreading.ClassFileAnnotationDelegate
[0.377s][info][class,load] java.lang.classfile.AnnotationValue$OfByte source: jrt:/java.base
[0.377s][info][class,load] java.lang.classfile.AnnotationValue$OfChar source: jrt:/java.base
[0.377s][info][class,load] java.lang.classfile.AnnotationValue$OfDouble source: jrt:/java.base
[0.377s][info][class,load] java.lang.classfile.AnnotationValue$OfFloat source: jrt:/java.base
[0.377s][info][class,load] java.lang.classfile.AnnotationValue$OfLong source: jrt:/java.base
[0.377s][info][class,load] java.lang.classfile.AnnotationValue$OfShort source: jrt:/java.base
[0.377s][info][class,load] java.lang.classfile.AnnotationValue$OfBoolean source: jrt:/java.base
[0.377s][info][class,load] org.springframework.core.type.classreading.ClassFileAnnotationDelegate$$TypeSwitch/0x00000f00011c6e38 source: org.springframework.core.type.classreading.ClassFileAnnotationDelegate
[0.377s][info][class,load] jdk.internal.classfile.impl.AbstractAttributeMapper$SourceDebugExtensionMapper source: jrt:/java.base
[0.377s][info][class,load] java.lang.classfile.attribute.SourceDebugExtensionAttribute source: jrt:/java.base
[0.377s][info][class,load] jdk.internal.classfile.impl.BoundAttribute$BoundSourceDebugExtensionAttribute source: jrt:/java.base
[0.377s][info][class,load] jdk.internal.classfile.impl.AbstractAttributeMapper$RuntimeInvisibleAnnotationsMapper source: jrt:/java.base
[0.377s][info][class,load] java.lang.classfile.attribute.RuntimeInvisibleAnnotationsAttribute source: jrt:/java.base
[0.377s][info][class,load] jdk.internal.classfile.impl.BoundAttribute$BoundRuntimeInvisibleAnnotationsAttribute source: jrt:/java.base
[0.378s][info][class,load] jdk.internal.classfile.impl.AbstractAttributeMapper$RuntimeInvisibleParameterAnnotationsMapper source: jrt:/java.base
[0.378s][info][class,load] java.lang.classfile.attribute.RuntimeInvisibleParameterAnnotationsAttribute source: jrt:/java.base
[0.378s][info][class,load] jdk.internal.classfile.impl.BoundAttribute$BoundRuntimeInvisibleParameterAnnotationsAttribute source: jrt:/java.base
[0.378s][info][class,load] jdk.internal.classfile.impl.AbstractAttributeMapper$MethodParametersMapper source: jrt:/java.base
[0.378s][info][class,load] java.lang.classfile.attribute.MethodParametersAttribute source: jrt:/java.base
[0.378s][info][class,load] jdk.internal.classfile.impl.BoundAttribute$BoundMethodParametersAttribute source: jrt:/java.base
[0.378s][info][class,load] org.springframework.core.type.AnnotationMetadata$$Lambda/0x00000f00011c7048 source: org.springframework.core.type.AnnotationMetadata
[0.378s][info][class,load] jdk.internal.classfile.impl.AbstractAttributeMapper$BootstrapMethodsMapper source: jrt:/java.base
[0.378s][info][class,load] java.lang.classfile.attribute.BootstrapMethodsAttribute source: jrt:/java.base
[0.378s][info][class,load] jdk.internal.classfile.impl.BoundAttribute$BoundBootstrapMethodsAttribute source: jrt:/java.base
[0.378s][info][class,load] jdk.internal.classfile.impl.AbstractAttributeMapper$InnerClassesMapper source: jrt:/java.base
[0.378s][info][class,load] jdk.internal.classfile.impl.BoundAttribute$BoundInnerClassesAttribute source: jrt:/java.base
[0.379s][info][class,load] java.lang.classfile.attribute.InnerClassInfo source: jrt:/java.base
[0.379s][info][class,load] jdk.internal.classfile.impl.UnboundAttribute$UnboundInnerClassInfo source: jrt:/java.base
[0.379s][info][class,load] org.springframework.core.type.classreading.ClassFileAnnotationMetadata$Builder$$Lambda/0x00000f00011c72a0 source: org.springframework.core.type.classreading.ClassFileAnnotationMetadata
[0.380s][info][class,load] org.springframework.beans.factory.BeanRegistrar source: jar:nested:/Users/kibong_home/Desktop/development/blog/build/libs/blog-0.0.1-SNAPSHOT.jar/!BOOT-INF/lib/spring-beans-7.0.9.jar!/
[0.381s][info][class,load] org.springframework.boot.autoconfigure.AutoConfigurationImportSelector$AutoConfigurationEntry source: jar:nested:/Users/kibong_home/Desktop/development/blog/build/libs/blog-0.0.1-SNAPSHOT.jar/!BOOT-INF/lib/spring-boot-autoconfigure-4.1.1.jar!/
[0.381s][info][class,load] org.springframework.boot.autoconfigure.AutoConfiguration source: jar:nested:/Users/kibong_home/Desktop/development/blog/build/libs/blog-0.0.1-SNAPSHOT.jar/!BOOT-INF/lib/spring-boot-autoconfigure-4.1.1.jar!/
[0.381s][info][class,load] org.springframework.boot.autoconfigure.AutoConfigurationImportSelector$$Lambda/0x00000f00011c7b18 source: org.springframework.boot.autoconfigure.AutoConfigurationImportSelector
[0.381s][info][class,load] java.util.function.Predicate$$Lambda/0x00000f00011e9650 source: java.util.function.Predicate
[0.381s][info][class,load] org.springframework.context.annotation.Bean source: jar:nested:/Users/kibong_home/Desktop/development/blog/build/libs/blog-0.0.1-SNAPSHOT.jar/!BOOT-INF/lib/spring-context-7.0.9.jar!/
[0.381s][info][class,load] org.springframework.core.type.StandardAnnotationMetadata$$Lambda/0x00000f00011bcc00 source: org.springframework.core.type.StandardAnnotationMetadata
[0.381s][info][class,load] org.springframework.context.annotation.ConfigurationClassParser$DeferredImportSelectorGroupingHandler source: jar:nested:/Users/kibong_home/Desktop/development/blog/build/libs/blog-0.0.1-SNAPSHOT.jar/!BOOT-INF/lib/spring-context-7.0.9.jar!/
[0.381s][info][class,load] org.springframework.context.annotation.ConfigurationClassParser$DeferredImportSelectorHandler$$Lambda/0x00000f00011c8228 source: org.springframework.context.annotation.ConfigurationClassParser
[0.381s][info][class,load] org.springframework.context.annotation.DeferredImportSelector$Group source: jar:nested:/Users/kibong_home/Desktop/development/blog/build/libs/blog-0.0.1-SNAPSHOT.jar/!BOOT-INF/lib/spring-context-7.0.9.jar!/
[0.381s][info][class,load] org.springframework.boot.autoconfigure.AutoConfigurationImportSelector$AutoConfigurationGroup source: jar:nested:/Users/kibong_home/Desktop/development/blog/build/libs/blog-0.0.1-SNAPSHOT.jar/!BOOT-INF/lib/spring-boot-autoconfigure-4.1.1.jar!/
[0.382s][info][class,load] org.springframework.context.annotation.ConfigurationClassParser$DeferredImportSelectorGrouping source: jar:nested:/Users/kibong_home/Desktop/development/blog/build/libs/blog-0.0.1-SNAPSHOT.jar/!BOOT-INF/lib/spring-context-7.0.9.jar!/
[0.382s][info][class,load] org.springframework.context.annotation.ConfigurationClassParser$DeferredImportSelectorGroupingHandler$$Lambda/0x00000f00011c8b20 source: org.springframework.context.annotation.ConfigurationClassParser
[0.382s][info][class,load] org.springframework.boot.autoconfigure.AutoConfigurationImportSelector$AutoConfigurationGroup$$Lambda/0x00000f00011c8d70 source: org.springframework.boot.autoconfigure.AutoConfigurationImportSelector
[0.382s][info][class,load] org.springframework.boot.autoconfigure.AutoConfigurationReplacements source: jar:nested:/Users/kibong_home/Desktop/development/blog/build/libs/blog-0.0.1-SNAPSHOT.jar/!BOOT-INF/lib/spring-boot-autoconfigure-4.1.1.jar!/
[0.382s][info][class,load] org.springframework.boot.autoconfigure.AutoConfigurationImportSelector$$Lambda/0x00000f00011c91b8 source: org.springframework.boot.autoconfigure.AutoConfigurationImportSelector
[0.382s][info][class,load] org.springframework.boot.context.annotation.ImportCandidates source: jar:nested:/Users/kibong_home/Desktop/development/blog/build/libs/blog-0.0.1-SNAPSHOT.jar/!BOOT-INF/lib/spring-boot-4.1.1.jar!/
[0.383s][info][class,load] org.springframework.boot.autoconfigure.AutoConfigurationImportSelector$$Lambda/0x00000f00011c9638 source: org.springframework.boot.autoconfigure.AutoConfigurationImportSelector
[0.383s][info][class,load] org.springframework.boot.autoconfigure.AutoConfigurationImportFilter source: jar:nested:/Users/kibong_home/Desktop/development/blog/build/libs/blog-0.0.1-SNAPSHOT.jar/!BOOT-INF/lib/spring-boot-autoconfigure-4.1.1.jar!/
[0.383s][info][class,load] org.springframework.context.annotation.ConfigurationCondition source: jar:nested:/Users/kibong_home/Desktop/development/blog/build/libs/blog-0.0.1-SNAPSHOT.jar/!BOOT-INF/lib/spring-context-7.0.9.jar!/
[0.384s][info][class,load] org.springframework.boot.autoconfigure.condition.SpringBootCondition source: jar:nested:/Users/kibong_home/Desktop/development/blog/build/libs/blog-0.0.1-SNAPSHOT.jar/!BOOT-INF/lib/spring-boot-autoconfigure-4.1.1.jar!/
[0.384s][info][class,load] org.springframework.boot.autoconfigure.condition.FilteringSpringBootCondition source: jar:nested:/Users/kibong_home/Desktop/development/blog/build/libs/blog-0.0.1-SNAPSHOT.jar/!BOOT-INF/lib/spring-boot-autoconfigure-4.1.1.jar!/
[0.384s][info][class,load] org.springframework.boot.autoconfigure.condition.OnBeanCondition source: jar:nested:/Users/kibong_home/Desktop/development/blog/build/libs/blog-0.0.1-SNAPSHOT.jar/!BOOT-INF/lib/spring-boot-autoconfigure-4.1.1.jar!/
[0.384s][info][class,load] org.springframework.boot.autoconfigure.condition.OnBeanCondition$Spec source: jar:nested:/Users/kibong_home/Desktop/development/blog/build/libs/blog-0.0.1-SNAPSHOT.jar/!BOOT-INF/lib/spring-boot-autoconfigure-4.1.1.jar!/
[0.384s][info][class,load] org.springframework.boot.autoconfigure.condition.OnBeanCondition$SingleCandidateSpec source: jar:nested:/Users/kibong_home/Desktop/development/blog/build/libs/blog-0.0.1-SNAPSHOT.jar/!BOOT-INF/lib/spring-boot-autoconfigure-4.1.1.jar!/
[0.384s][info][class,load] org.springframework.boot.autoconfigure.condition.OnClassCondition source: jar:nested:/Users/kibong_home/Desktop/development/blog/build/libs/blog-0.0.1-SNAPSHOT.jar/!BOOT-INF/lib/spring-boot-autoconfigure-4.1.1.jar!/
[0.384s][info][class,load] org.springframework.boot.autoconfigure.condition.OnClassCondition$OutcomesResolver source: jar:nested:/Users/kibong_home/Desktop/development/blog/build/libs/blog-0.0.1-SNAPSHOT.jar/!BOOT-INF/lib/spring-boot-autoconfigure-4.1.1.jar!/
[0.384s][info][class,load] org.springframework.boot.autoconfigure.condition.OnWebApplicationCondition source: jar:nested:/Users/kibong_home/Desktop/development/blog/build/libs/blog-0.0.1-SNAPSHOT.jar/!BOOT-INF/lib/spring-boot-autoconfigure-4.1.1.jar!/
[0.385s][info][class,load] org.springframework.boot.autoconfigure.AutoConfigurationImportSelector$ConfigurationClassFilter source: jar:nested:/Users/kibong_home/Desktop/development/blog/build/libs/blog-0.0.1-SNAPSHOT.jar/!BOOT-INF/lib/spring-boot-autoconfigure-4.1.1.jar!/
[0.385s][info][class,load] org.springframework.boot.autoconfigure.AutoConfigurationMetadataLoader source: jar:nested:/Users/kibong_home/Desktop/development/blog/build/libs/blog-0.0.1-SNAPSHOT.jar/!BOOT-INF/lib/spring-boot-autoconfigure-4.1.1.jar!/
[0.385s][info][class,load] org.springframework.boot.autoconfigure.AutoConfigurationMetadata source: jar:nested:/Users/kibong_home/Desktop/development/blog/build/libs/blog-0.0.1-SNAPSHOT.jar/!BOOT-INF/lib/spring-boot-autoconfigure-4.1.1.jar!/
[0.385s][info][class,load] org.springframework.boot.autoconfigure.AutoConfigurationMetadataLoader$PropertiesAutoConfigurationMetadata source: jar:nested:/Users/kibong_home/Desktop/development/blog/build/libs/blog-0.0.1-SNAPSHOT.jar/!BOOT-INF/lib/spring-boot-autoconfigure-4.1.1.jar!/
[0.385s][info][class,load] org.springframework.boot.autoconfigure.condition.OnClassCondition$StandardOutcomesResolver source: jar:nested:/Users/kibong_home/Desktop/development/blog/build/libs/blog-0.0.1-SNAPSHOT.jar/!BOOT-INF/lib/spring-boot-autoconfigure-4.1.1.jar!/
[0.385s][info][class,load] org.springframework.boot.autoconfigure.condition.OnClassCondition$ThreadedOutcomesResolver source: jar:nested:/Users/kibong_home/Desktop/development/blog/build/libs/blog-0.0.1-SNAPSHOT.jar/!BOOT-INF/lib/spring-boot-autoconfigure-4.1.1.jar!/
[0.385s][info][class,load] org.springframework.boot.autoconfigure.condition.OnClassCondition$ThreadedOutcomesResolver$$Lambda/0x00000f00011cbd00 source: org.springframework.boot.autoconfigure.condition.OnClassCondition
[0.385s][info][class,load] java.lang.Thread$ThreadNumbering source: jrt:/java.base
[0.386s][info][class,load] org.springframework.boot.autoconfigure.condition.ConditionOutcome source: jar:nested:/Users/kibong_home/Desktop/development/blog/build/libs/blog-0.0.1-SNAPSHOT.jar/!BOOT-INF/lib/spring-boot-autoconfigure-4.1.1.jar!/
[0.386s][info][class,load] org.springframework.boot.autoconfigure.condition.FilteringSpringBootCondition$ClassNameFilter source: jar:nested:/Users/kibong_home/Desktop/development/blog/build/libs/blog-0.0.1-SNAPSHOT.jar/!BOOT-INF/lib/spring-boot-autoconfigure-4.1.1.jar!/
[0.386s][info][class,load] org.springframework.boot.autoconfigure.condition.FilteringSpringBootCondition$ClassNameFilter$1 source: jar:nested:/Users/kibong_home/Desktop/development/blog/build/libs/blog-0.0.1-SNAPSHOT.jar/!BOOT-INF/lib/spring-boot-autoconfigure-4.1.1.jar!/
[0.386s][info][class,load] org.springframework.boot.autoconfigure.condition.FilteringSpringBootCondition$ClassNameFilter$2 source: jar:nested:/Users/kibong_home/Desktop/development/blog/build/libs/blog-0.0.1-SNAPSHOT.jar/!BOOT-INF/lib/spring-boot-autoconfigure-4.1.1.jar!/
[0.386s][info][class,load] org.springframework.jmx.export.MBeanExportOperations source: jar:nested:/Users/kibong_home/Desktop/development/blog/build/libs/blog-0.0.1-SNAPSHOT.jar/!BOOT-INF/lib/spring-context-7.0.9.jar!/
[0.386s][info][class,load] org.springframework.jmx.support.MBeanRegistrationSupport source: jar:nested:/Users/kibong_home/Desktop/development/blog/build/libs/blog-0.0.1-SNAPSHOT.jar/!BOOT-INF/lib/spring-context-7.0.9.jar!/
[0.386s][info][class,load] org.springframework.jmx.export.MBeanExporter source: jar:nested:/Users/kibong_home/Desktop/development/blog/build/libs/blog-0.0.1-SNAPSHOT.jar/!BOOT-INF/lib/spring-context-7.0.9.jar!/
[0.386s][info][class,load] org.springframework.core.task.TaskExecutor source: jar:nested:/Users/kibong_home/Desktop/development/blog/build/libs/blog-0.0.1-SNAPSHOT.jar/!BOOT-INF/lib/spring-core-7.0.9.jar!/
[0.386s][info][class,load] org.springframework.core.task.AsyncTaskExecutor source: jar:nested:/Users/kibong_home/Desktop/development/blog/build/libs/blog-0.0.1-SNAPSHOT.jar/!BOOT-INF/lib/spring-core-7.0.9.jar!/
[0.386s][info][class,load] org.springframework.scheduling.SchedulingTaskExecutor source: jar:nested:/Users/kibong_home/Desktop/development/blog/build/libs/blog-0.0.1-SNAPSHOT.jar/!BOOT-INF/lib/spring-context-7.0.9.jar!/
[0.387s][info][class,load] org.springframework.util.CustomizableThreadCreator source: jar:nested:/Users/kibong_home/Desktop/development/blog/build/libs/blog-0.0.1-SNAPSHOT.jar/!BOOT-INF/lib/spring-core-7.0.9.jar!/
[0.387s][info][class,load] org.springframework.scheduling.concurrent.CustomizableThreadFactory source: jar:nested:/Users/kibong_home/Desktop/development/blog/build/libs/blog-0.0.1-SNAPSHOT.jar/!BOOT-INF/lib/spring-context-7.0.9.jar!/
[0.387s][info][class,load] org.springframework.scheduling.concurrent.ExecutorConfigurationSupport source: jar:nested:/Users/kibong_home/Desktop/development/blog/build/libs/blog-0.0.1-SNAPSHOT.jar/!BOOT-INF/lib/spring-context-7.0.9.jar!/
[0.387s][info][class,load] org.springframework.scheduling.concurrent.ThreadPoolTaskExecutor source: jar:nested:/Users/kibong_home/Desktop/development/blog/build/libs/blog-0.0.1-SNAPSHOT.jar/!BOOT-INF/lib/spring-context-7.0.9.jar!/
[0.387s][info][class,load] org.springframework.scheduling.TaskScheduler source: jar:nested:/Users/kibong_home/Desktop/development/blog/build/libs/blog-0.0.1-SNAPSHOT.jar/!BOOT-INF/lib/spring-context-7.0.9.jar!/
[0.387s][info][class,load] org.springframework.scheduling.concurrent.ThreadPoolTaskScheduler source: jar:nested:/Users/kibong_home/Desktop/development/blog/build/libs/blog-0.0.1-SNAPSHOT.jar/!BOOT-INF/lib/spring-context-7.0.9.jar!/
[0.387s][info][class,load] org.springframework.boot.autoconfigure.condition.ConditionalOnBean source: jar:nested:/Users/kibong_home/Desktop/development/blog/build/libs/blog-0.0.1-SNAPSHOT.jar/!BOOT-INF/lib/spring-boot-autoconfigure-4.1.1.jar!/
[0.387s][info][class,load] org.springframework.boot.autoconfigure.condition.ConditionalOnSingleCandidate source: jar:nested:/Users/kibong_home/Desktop/development/blog/build/libs/blog-0.0.1-SNAPSHOT.jar/!BOOT-INF/lib/spring-boot-autoconfigure-4.1.1.jar!/
[0.387s][info][class,load] org.springframework.boot.autoconfigure.AutoConfigurationImportListener source: jar:nested:/Users/kibong_home/Desktop/development/blog/build/libs/blog-0.0.1-SNAPSHOT.jar/!BOOT-INF/lib/spring-boot-autoconfigure-4.1.1.jar!/
[0.387s][info][class,load] org.springframework.boot.autoconfigure.condition.ConditionEvaluationReportAutoConfigurationImportListener source: jar:nested:/Users/kibong_home/Desktop/development/blog/build/libs/blog-0.0.1-SNAPSHOT.jar/!BOOT-INF/lib/spring-boot-autoconfigure-4.1.1.jar!/
[0.387s][info][class,load] org.springframework.boot.autoconfigure.AutoConfigurationImportEvent source: jar:nested:/Users/kibong_home/Desktop/development/blog/build/libs/blog-0.0.1-SNAPSHOT.jar/!BOOT-INF/lib/spring-boot-autoconfigure-4.1.1.jar!/
[0.387s][info][class,load] org.springframework.boot.autoconfigure.AutoConfigurationImportSelector$AutoConfigurationGroup$$Lambda/0x00000f00011cfd98 source: org.springframework.boot.autoconfigure.AutoConfigurationImportSelector
[0.388s][info][class,load] org.springframework.boot.autoconfigure.AutoConfigurationImportSelector$AutoConfigurationGroup$$Lambda/0x00000f00011d0000 source: org.springframework.boot.autoconfigure.AutoConfigurationImportSelector
[0.388s][info][class,load] java.util.HashMap$KeySpliterator source: shared objects file
[0.388s][info][class,load] org.springframework.boot.autoconfigure.AutoConfigurationImportSelector$AutoConfigurationGroup$$Lambda/0x00000f00011d0248 source: org.springframework.boot.autoconfigure.AutoConfigurationImportSelector
[0.388s][info][class,load] org.springframework.boot.autoconfigure.AutoConfigurationImportSelector$AutoConfigurationGroup$$Lambda/0x00000f00011d0490 source: org.springframework.boot.autoconfigure.AutoConfigurationImportSelector
[0.388s][info][class,load] org.springframework.boot.autoconfigure.AutoConfigurationImportSelector$AutoConfigurationGroup$$Lambda/0x00000f00011d06d8 source: org.springframework.boot.autoconfigure.AutoConfigurationImportSelector
[0.388s][info][class,load] org.springframework.boot.autoconfigure.AutoConfigurationSorter source: jar:nested:/Users/kibong_home/Desktop/development/blog/build/libs/blog-0.0.1-SNAPSHOT.jar/!BOOT-INF/lib/spring-boot-autoconfigure-4.1.1.jar!/
[0.388s][info][class,load] org.springframework.boot.autoconfigure.AutoConfigurationImportSelector$AutoConfigurationGroup$$Lambda/0x00000f00011d0b20 source: org.springframework.boot.autoconfigure.AutoConfigurationImportSelector
[0.389s][info][class,load] org.springframework.boot.autoconfigure.AutoConfigurationSorter$AutoConfigurationClasses source: jar:nested:/Users/kibong_home/Desktop/development/blog/build/libs/blog-0.0.1-SNAPSHOT.jar/!BOOT-INF/lib/spring-boot-autoconfigure-4.1.1.jar!/
[0.389s][info][class,load] org.springframework.boot.autoconfigure.AutoConfigurationSorter$AutoConfigurationClass source: jar:nested:/Users/kibong_home/Desktop/development/blog/build/libs/blog-0.0.1-SNAPSHOT.jar/!BOOT-INF/lib/spring-boot-autoconfigure-4.1.1.jar!/
[0.389s][info][class,load] org.springframework.boot.autoconfigure.AutoConfigureBefore source: jar:nested:/Users/kibong_home/Desktop/development/blog/build/libs/blog-0.0.1-SNAPSHOT.jar/!BOOT-INF/lib/spring-boot-autoconfigure-4.1.1.jar!/
[0.389s][info][class,load] org.springframework.boot.autoconfigure.AutoConfigureAfter source: jar:nested:/Users/kibong_home/Desktop/development/blog/build/libs/blog-0.0.1-SNAPSHOT.jar/!BOOT-INF/lib/spring-boot-autoconfigure-4.1.1.jar!/
[0.389s][info][class,load] org.springframework.boot.autoconfigure.AutoConfigurationSorter$$Lambda/0x00000f00011d15f8 source: org.springframework.boot.autoconfigure.AutoConfigurationSorter
[0.389s][info][class,load] java.lang.invoke.TypeConvertingMethodAdapter$BoxHolder source: jrt:/java.base
[0.389s][info][class,load] org.springframework.boot.autoconfigure.AutoConfigurationSorter$$Lambda/0x00000f00011d18a0 source: org.springframework.boot.autoconfigure.AutoConfigurationSorter
[0.389s][info][class,load] org.springframework.boot.autoconfigure.AutoConfigurationSorter$AutoConfigurationClasses$$Lambda/0x00000f00011d1af0 source: org.springframework.boot.autoconfigure.AutoConfigurationSorter
[0.389s][info][class,load] org.springframework.boot.autoconfigure.AutoConfigurationSorter$$Lambda/0x00000f00011d1d30 source: org.springframework.boot.autoconfigure.AutoConfigurationSorter
[0.389s][info][class,load] org.springframework.context.annotation.DeferredImportSelector$Group$Entry source: jar:nested:/Users/kibong_home/Desktop/development/blog/build/libs/blog-0.0.1-SNAPSHOT.jar/!BOOT-INF/lib/spring-context-7.0.9.jar!/
[0.390s][info][class,load] org.springframework.boot.autoconfigure.AutoConfigurationImportSelector$AutoConfigurationGroup$$Lambda/0x00000f00011d2188 source: org.springframework.boot.autoconfigure.AutoConfigurationImportSelector
[0.390s][info][class,load] org.springframework.context.annotation.ConfigurationClassParser$DeferredImportSelectorGroupingHandler$$Lambda/0x00000f00011d23d8 source: org.springframework.context.annotation.ConfigurationClassParser
[0.390s][info][class,load] jdk.internal.classfile.impl.AbstractAttributeMapper$NestMembersMapper source: jrt:/java.base
[0.390s][info][class,load] java.lang.classfile.attribute.NestMembersAttribute source: jrt:/java.base
[0.390s][info][class,load] jdk.internal.classfile.impl.BoundAttribute$BoundNestMembersAttribute source: jrt:/java.base
[0.390s][info][class,load] org.springframework.context.annotation.Bean$Bootstrap source: jar:nested:/Users/kibong_home/Desktop/development/blog/build/libs/blog-0.0.1-SNAPSHOT.jar/!BOOT-INF/lib/spring-context-7.0.9.jar!/
[0.390s][info][class,load] jdk.internal.classfile.impl.AbstractAttributeMapper$SignatureMapper source: jrt:/java.base
[0.391s][info][class,load] java.lang.classfile.attribute.SignatureAttribute source: jrt:/java.base
[0.391s][info][class,load] jdk.internal.classfile.impl.BoundAttribute$BoundSignatureAttribute source: jrt:/java.base
[0.391s][info][class,load] jdk.internal.classfile.impl.AbstractAttributeMapper$RuntimeVisibleTypeAnnotationsMapper source: jrt:/java.base
[0.391s][info][class,load] java.lang.classfile.attribute.RuntimeVisibleTypeAnnotationsAttribute source: jrt:/java.base
[0.391s][info][class,load] jdk.internal.classfile.impl.BoundAttribute$BoundRuntimeVisibleTypeAnnotationsAttribute source: jrt:/java.base
[0.391s][info][class,load] jdk.internal.classfile.impl.AnnotationImpl$OfEnumImpl source: jrt:/java.base
[0.391s][info][class,load] jdk.internal.classfile.impl.AnnotationImpl$OfClassImpl source: jrt:/java.base
[0.391s][info][class,load] jdk.proxy2.$Proxy25 source: __dynamic_proxy__
[0.392s][info][class,load] jdk.proxy2.$Proxy26 source: __dynamic_proxy__
[0.392s][info][class,load] org.springframework.boot.autoconfigure.condition.ConditionalOnMissingBean source: jar:nested:/Users/kibong_home/Desktop/development/blog/build/libs/blog-0.0.1-SNAPSHOT.jar/!BOOT-INF/lib/spring-boot-autoconfigure-4.1.1.jar!/
[0.392s][info][class,load] org.springframework.boot.autoconfigure.condition.SearchStrategy source: jar:nested:/Users/kibong_home/Desktop/development/blog/build/libs/blog-0.0.1-SNAPSHOT.jar/!BOOT-INF/lib/spring-boot-autoconfigure-4.1.1.jar!/
[0.392s][info][class,load] jdk.proxy2.$Proxy27 source: __dynamic_proxy__
[0.393s][info][class,load] org.springframework.boot.autoconfigure.AutoConfigureOrder source: jar:nested:/Users/kibong_home/Desktop/development/blog/build/libs/blog-0.0.1-SNAPSHOT.jar/!BOOT-INF/lib/spring-boot-autoconfigure-4.1.1.jar!/
[0.393s][info][class,load] org.springframework.boot.context.properties.EnableConfigurationProperties source: jar:nested:/Users/kibong_home/Desktop/development/blog/build/libs/blog-0.0.1-SNAPSHOT.jar/!BOOT-INF/lib/spring-boot-4.1.1.jar!/
[0.393s][info][class,load] org.springframework.boot.context.properties.EnableConfigurationPropertiesRegistrar source: jar:nested:/Users/kibong_home/Desktop/development/blog/build/libs/blog-0.0.1-SNAPSHOT.jar/!BOOT-INF/lib/spring-boot-4.1.1.jar!/
[0.393s][info][class,load] org.springframework.context.annotation.ImportRuntimeHints source: jar:nested:/Users/kibong_home/Desktop/development/blog/build/libs/blog-0.0.1-SNAPSHOT.jar/!BOOT-INF/lib/spring-context-7.0.9.jar!/
[0.393s][info][class,load] org.springframework.core.type.filter.AssignableTypeFilter source: jar:nested:/Users/kibong_home/Desktop/development/blog/build/libs/blog-0.0.1-SNAPSHOT.jar/!BOOT-INF/lib/spring-core-7.0.9.jar!/
[0.393s][info][class,load] org.springframework.core.annotation.MergedAnnotationsCollection$AnnotationsSpliterator source: jar:nested:/Users/kibong_home/Desktop/development/blog/build/libs/blog-0.0.1-SNAPSHOT.jar/!BOOT-INF/lib/spring-core-7.0.9.jar!/
[0.393s][info][class,load] org.springframework.core.type.AnnotatedTypeMetadata$$Lambda/0x00000f00011d4350 source: org.springframework.core.type.AnnotatedTypeMetadata
[0.393s][info][class,load] org.springframework.core.annotation.MergedAnnotationPredicates$UniquePredicate source: jar:nested:/Users/kibong_home/Desktop/development/blog/build/libs/blog-0.0.1-SNAPSHOT.jar/!BOOT-INF/lib/spring-core-7.0.9.jar!/
[0.393s][info][class,load] org.springframework.core.type.AnnotatedTypeMetadata$$Lambda/0x00000f00011d4808 source: org.springframework.core.type.AnnotatedTypeMetadata
[0.393s][info][class,load] org.springframework.core.type.AnnotatedTypeMetadata$$Lambda/0x00000f00011d4a50 source: org.springframework.core.type.AnnotatedTypeMetadata
[0.394s][info][class,load] org.springframework.core.annotation.MergedAnnotationCollectors source: jar:nested:/Users/kibong_home/Desktop/development/blog/build/libs/blog-0.0.1-SNAPSHOT.jar/!BOOT-INF/lib/spring-core-7.0.9.jar!/
[0.394s][info][class,load] java.util.function.Function$$Lambda/0x00000f00011eb800 source: java.util.function.Function
[0.394s][info][class,load] org.springframework.core.annotation.MergedAnnotationCollectors$$Lambda/0x00000f00011d4ea8 source: org.springframework.core.annotation.MergedAnnotationCollectors
[0.394s][info][class,load] org.springframework.core.annotation.MergedAnnotationCollectors$$Lambda/0x00000f00011d50d0 source: org.springframework.core.annotation.MergedAnnotationCollectors
[0.394s][info][class,load] org.springframework.core.annotation.MergedAnnotationCollectors$$Lambda/0x00000f00011d5310 source: org.springframework.core.annotation.MergedAnnotationCollectors
[0.394s][info][class,load] org.springframework.core.annotation.TypeMappedAnnotation$$Lambda/0x00000f00011d5560 source: org.springframework.core.annotation.TypeMappedAnnotation
[0.394s][info][class,load] org.springframework.core.annotation.MergedAnnotationCollectors$$Lambda/0x00000f00011d57a8 source: org.springframework.core.annotation.MergedAnnotationCollectors
[0.394s][info][class,load] org.springframework.boot.autoconfigure.context.MessageSourceAutoConfiguration$ResourceBundleCondition source: jar:nested:/Users/kibong_home/Desktop/development/blog/build/libs/blog-0.0.1-SNAPSHOT.jar/!BOOT-INF/lib/spring-boot-autoconfigure-4.1.1.jar!/
[0.394s][info][class,load] org.springframework.boot.autoconfigure.condition.ConditionMessage source: jar:nested:/Users/kibong_home/Desktop/development/blog/build/libs/blog-0.0.1-SNAPSHOT.jar/!BOOT-INF/lib/spring-boot-autoconfigure-4.1.1.jar!/
[0.395s][info][class,load] org.springframework.boot.autoconfigure.condition.ConditionMessage$Builder source: jar:nested:/Users/kibong_home/Desktop/development/blog/build/libs/blog-0.0.1-SNAPSHOT.jar/!BOOT-INF/lib/spring-boot-autoconfigure-4.1.1.jar!/
[0.395s][info][class,load] org.springframework.boot.autoconfigure.condition.ConditionMessage$ItemsBuilder source: jar:nested:/Users/kibong_home/Desktop/development/blog/build/libs/blog-0.0.1-SNAPSHOT.jar/!BOOT-INF/lib/spring-boot-autoconfigure-4.1.1.jar!/
[0.395s][info][class,load] org.springframework.boot.autoconfigure.condition.ConditionMessage$Style source: jar:nested:/Users/kibong_home/Desktop/development/blog/build/libs/blog-0.0.1-SNAPSHOT.jar/!BOOT-INF/lib/spring-boot-autoconfigure-4.1.1.jar!/
[0.395s][info][class,load] org.springframework.boot.autoconfigure.condition.ConditionMessage$Style$1 source: jar:nested:/Users/kibong_home/Desktop/development/blog/build/libs/blog-0.0.1-SNAPSHOT.jar/!BOOT-INF/lib/spring-boot-autoconfigure-4.1.1.jar!/
[0.395s][info][class,load] org.springframework.boot.autoconfigure.condition.ConditionMessage$Style$2 source: jar:nested:/Users/kibong_home/Desktop/development/blog/build/libs/blog-0.0.1-SNAPSHOT.jar/!BOOT-INF/lib/spring-boot-autoconfigure-4.1.1.jar!/
[0.395s][info][class,load] org.springframework.boot.autoconfigure.condition.ConditionEvaluationReport$ConditionAndOutcomes source: jar:nested:/Users/kibong_home/Desktop/development/blog/build/libs/blog-0.0.1-SNAPSHOT.jar/!BOOT-INF/lib/spring-boot-autoconfigure-4.1.1.jar!/
[0.395s][info][class,load] org.springframework.boot.autoconfigure.condition.ConditionEvaluationReport$$Lambda/0x00000f00011d6df8 source: org.springframework.boot.autoconfigure.condition.ConditionEvaluationReport
[0.395s][info][class,load] org.springframework.boot.autoconfigure.condition.ConditionEvaluationReport$ConditionAndOutcome source: jar:nested:/Users/kibong_home/Desktop/development/blog/build/libs/blog-0.0.1-SNAPSHOT.jar/!BOOT-INF/lib/spring-boot-autoconfigure-4.1.1.jar!/
[0.396s][info][class,load] org.springframework.core.type.AnnotationMetadata$$Lambda/0x00000f00011d7268 source: org.springframework.core.type.AnnotationMetadata
[0.396s][info][class,load] org.springframework.core.type.AnnotationMetadata$$Lambda/0x00000f00011d74c0 source: org.springframework.core.type.AnnotationMetadata
[0.396s][info][class,load] org.springframework.core.type.AnnotationMetadata$$Lambda/0x00000f00011d7708 source: org.springframework.core.type.AnnotationMetadata
[0.396s][info][class,load] jdk.internal.classfile.impl.AbstractAttributeMapper$AnnotationDefaultMapper source: jrt:/java.base
[0.396s][info][class,load] java.lang.classfile.attribute.AnnotationDefaultAttribute source: jrt:/java.base
[0.396s][info][class,load] jdk.internal.classfile.impl.BoundAttribute$BoundAnnotationDefaultAttr source: jrt:/java.base
[0.397s][info][class,load] jdk.internal.classfile.impl.AnnotationImpl$OfBooleanImpl source: jrt:/java.base
[0.397s][info][class,load] jdk.internal.classfile.impl.AbstractAttributeMapper$DeprecatedMapper source: jrt:/java.base
[0.397s][info][class,load] java.lang.classfile.attribute.DeprecatedAttribute source: jrt:/java.base
[0.397s][info][class,load] jdk.internal.classfile.impl.BoundAttribute$BoundDeprecatedAttribute source: jrt:/java.base
[0.398s][info][class,load] org.springframework.context.annotation.ConfigurationMethod source: jar:nested:/Users/kibong_home/Desktop/development/blog/build/libs/blog-0.0.1-SNAPSHOT.jar/!BOOT-INF/lib/spring-context-7.0.9.jar!/
[0.398s][info][class,load] org.springframework.context.annotation.BeanMethod source: jar:nested:/Users/kibong_home/Desktop/development/blog/build/libs/blog-0.0.1-SNAPSHOT.jar/!BOOT-INF/lib/spring-context-7.0.9.jar!/
[0.398s][info][class,load] org.springframework.context.annotation.BeanMethod$AutowiredDeclaredMethodError source: jar:nested:/Users/kibong_home/Desktop/development/blog/build/libs/blog-0.0.1-SNAPSHOT.jar/!BOOT-INF/lib/spring-context-7.0.9.jar!/
[0.398s][info][class,load] org.springframework.context.annotation.BeanMethod$VoidDeclaredMethodError source: jar:nested:/Users/kibong_home/Desktop/development/blog/build/libs/blog-0.0.1-SNAPSHOT.jar/!BOOT-INF/lib/spring-context-7.0.9.jar!/
[0.398s][info][class,load] org.springframework.context.annotation.BeanMethod$NonOverridableMethodError source: jar:nested:/Users/kibong_home/Desktop/development/blog/build/libs/blog-0.0.1-SNAPSHOT.jar/!BOOT-INF/lib/spring-context-7.0.9.jar!/
[0.398s][info][class,load] java.lang.reflect.AccessFlag$AccessFlagSet source: jrt:/java.base
[0.398s][info][class,load] org.springframework.core.type.classreading.ClassFileMethodMetadata$Source$$Lambda/0x00000f00011d8480 source: org.springframework.core.type.classreading.ClassFileMethodMetadata
[0.398s][info][class,load] org.springframework.core.type.classreading.ClassFileMethodMetadata$Source$$Lambda/0x00000f00011d86c0 source: org.springframework.core.type.classreading.ClassFileMethodMetadata
[0.398s][info][class,load] org.springframework.boot.autoconfigure.condition.ConditionalOnClass source: jar:nested:/Users/kibong_home/Desktop/development/blog/build/libs/blog-0.0.1-SNAPSHOT.jar/!BOOT-INF/lib/spring-boot-autoconfigure-4.1.1.jar!/
[0.399s][info][class,load] org.springframework.boot.autoconfigure.condition.ConditionalOnBooleanProperty source: jar:nested:/Users/kibong_home/Desktop/development/blog/build/libs/blog-0.0.1-SNAPSHOT.jar/!BOOT-INF/lib/spring-boot-autoconfigure-4.1.1.jar!/
[0.399s][info][class,load] org.springframework.boot.autoconfigure.condition.OnPropertyCondition source: jar:nested:/Users/kibong_home/Desktop/development/blog/build/libs/blog-0.0.1-SNAPSHOT.jar/!BOOT-INF/lib/spring-boot-autoconfigure-4.1.1.jar!/
[0.399s][info][class,load] org.springframework.boot.autoconfigure.condition.ConditionalOnBooleanProperties source: jar:nested:/Users/kibong_home/Desktop/development/blog/build/libs/blog-0.0.1-SNAPSHOT.jar/!BOOT-INF/lib/spring-boot-autoconfigure-4.1.1.jar!/
[0.399s][info][class,load] org.springframework.boot.autoconfigure.condition.ConditionalOnMissingClass source: jar:nested:/Users/kibong_home/Desktop/development/blog/build/libs/blog-0.0.1-SNAPSHOT.jar/!BOOT-INF/lib/spring-boot-autoconfigure-4.1.1.jar!/
[0.399s][info][class,load] org.springframework.boot.autoconfigure.condition.ConditionalOnProperty source: jar:nested:/Users/kibong_home/Desktop/development/blog/build/libs/blog-0.0.1-SNAPSHOT.jar/!BOOT-INF/lib/spring-boot-autoconfigure-4.1.1.jar!/
[0.399s][info][class,load] org.springframework.boot.autoconfigure.condition.ConditionalOnProperties source: jar:nested:/Users/kibong_home/Desktop/development/blog/build/libs/blog-0.0.1-SNAPSHOT.jar/!BOOT-INF/lib/spring-boot-autoconfigure-4.1.1.jar!/
[0.399s][info][class,load] org.springframework.boot.autoconfigure.condition.OnPropertyCondition$$Lambda/0x00000f00011d9770 source: org.springframework.boot.autoconfigure.condition.OnPropertyCondition
[0.399s][info][class,load] org.springframework.boot.autoconfigure.condition.OnPropertyCondition$$Lambda/0x00000f00011d99b8 source: org.springframework.boot.autoconfigure.condition.OnPropertyCondition
[0.399s][info][class,load] java.util.stream.Streams$ConcatSpliterator source: jrt:/java.base
[0.399s][info][class,load] java.util.stream.Streams$ConcatSpliterator$OfRef source: jrt:/java.base
[0.400s][info][class,load] java.util.stream.Streams$2 source: jrt:/java.base
[0.400s][info][class,load] java.util.stream.StreamSpliterators$WrappingSpliterator$$Lambda/0x00000f00011ed730 source: java.util.stream.StreamSpliterators
[0.400s][info][class,load] org.springframework.boot.autoconfigure.condition.OnPropertyCondition$Spec source: jar:nested:/Users/kibong_home/Desktop/development/blog/build/libs/blog-0.0.1-SNAPSHOT.jar/!BOOT-INF/lib/spring-boot-autoconfigure-4.1.1.jar!/
[0.400s][info][class,load] org.springframework.boot.autoconfigure.condition.OnPropertyCondition$Spec$$Lambda/0x00000f00011d9e20 source: org.springframework.boot.autoconfigure.condition.OnPropertyCondition
[0.400s][info][class,load] org.springframework.boot.autoconfigure.condition.OnPropertyCondition$Spec$$Lambda/0x00000f00011da050 source: org.springframework.boot.autoconfigure.condition.OnPropertyCondition
[0.400s][info][class,load] jdk.internal.classfile.impl.BoundAttribute$BoundExceptionsAttribute source: jrt:/java.base
[0.401s][info][class,load] jdk.internal.classfile.impl.AbstractAttributeMapper$NestHostMapper source: jrt:/java.base
[0.401s][info][class,load] jdk.internal.classfile.impl.BoundAttribute$BoundNestHostAttribute source: jrt:/java.base
[0.401s][info][class,load] org.springframework.core.type.classreading.ClassFileAnnotationMetadata$Builder$$Lambda/0x00000f00011da280 source: org.springframework.core.type.classreading.ClassFileAnnotationMetadata
[0.404s][info][class,load] org.springframework.boot.autoconfigure.condition.ConditionalOnResource source: jar:nested:/Users/kibong_home/Desktop/development/blog/build/libs/blog-0.0.1-SNAPSHOT.jar/!BOOT-INF/lib/spring-boot-autoconfigure-4.1.1.jar!/
[0.404s][info][class,load] org.springframework.boot.autoconfigure.condition.OnResourceCondition source: jar:nested:/Users/kibong_home/Desktop/development/blog/build/libs/blog-0.0.1-SNAPSHOT.jar/!BOOT-INF/lib/spring-boot-autoconfigure-4.1.1.jar!/
[0.406s][info][class,load] org.springframework.boot.autoconfigure.condition.ConditionalOnThreading source: jar:nested:/Users/kibong_home/Desktop/development/blog/build/libs/blog-0.0.1-SNAPSHOT.jar/!BOOT-INF/lib/spring-boot-autoconfigure-4.1.1.jar!/
[0.406s][info][class,load] org.springframework.boot.thread.Threading source: jar:nested:/Users/kibong_home/Desktop/development/blog/build/libs/blog-0.0.1-SNAPSHOT.jar/!BOOT-INF/lib/spring-boot-4.1.1.jar!/
[0.406s][info][class,load] org.springframework.boot.thread.Threading$1 source: jar:nested:/Users/kibong_home/Desktop/development/blog/build/libs/blog-0.0.1-SNAPSHOT.jar/!BOOT-INF/lib/spring-boot-4.1.1.jar!/
[0.407s][info][class,load] org.springframework.boot.thread.Threading$2 source: jar:nested:/Users/kibong_home/Desktop/development/blog/build/libs/blog-0.0.1-SNAPSHOT.jar/!BOOT-INF/lib/spring-boot-4.1.1.jar!/
[0.407s][info][class,load] org.springframework.boot.autoconfigure.condition.OnThreadingCondition source: jar:nested:/Users/kibong_home/Desktop/development/blog/build/libs/blog-0.0.1-SNAPSHOT.jar/!BOOT-INF/lib/spring-boot-autoconfigure-4.1.1.jar!/
[0.408s][info][class,load] org.springframework.boot.autoconfigure.condition.AbstractNestedCondition source: jar:nested:/Users/kibong_home/Desktop/development/blog/build/libs/blog-0.0.1-SNAPSHOT.jar/!BOOT-INF/lib/spring-boot-autoconfigure-4.1.1.jar!/
[0.408s][info][class,load] org.springframework.boot.autoconfigure.condition.AnyNestedCondition source: jar:nested:/Users/kibong_home/Desktop/development/blog/build/libs/blog-0.0.1-SNAPSHOT.jar/!BOOT-INF/lib/spring-boot-autoconfigure-4.1.1.jar!/
[0.408s][info][class,load] org.springframework.boot.autoconfigure.task.TaskExecutorConfigurations$OnExecutorCondition source: jar:nested:/Users/kibong_home/Desktop/development/blog/build/libs/blog-0.0.1-SNAPSHOT.jar/!BOOT-INF/lib/spring-boot-autoconfigure-4.1.1.jar!/
[0.408s][info][class,load] org.springframework.scheduling.annotation.AsyncConfigurer source: jar:nested:/Users/kibong_home/Desktop/development/blog/build/libs/blog-0.0.1-SNAPSHOT.jar/!BOOT-INF/lib/spring-context-7.0.9.jar!/
[0.411s][info][class,load] org.springframework.context.annotation.ConfigurationClassBeanDefinitionReader source: jar:nested:/Users/kibong_home/Desktop/development/blog/build/libs/blog-0.0.1-SNAPSHOT.jar/!BOOT-INF/lib/spring-context-7.0.9.jar!/
[0.411s][info][class,load] org.springframework.beans.factory.BeanRegistry source: jar:nested:/Users/kibong_home/Desktop/development/blog/build/libs/blog-0.0.1-SNAPSHOT.jar/!BOOT-INF/lib/spring-beans-7.0.9.jar!/
[0.412s][info][class,load] org.springframework.context.annotation.ConfigurationClassBeanDefinitionReader$TrackedConditionEvaluator source: jar:nested:/Users/kibong_home/Desktop/development/blog/build/libs/blog-0.0.1-SNAPSHOT.jar/!BOOT-INF/lib/spring-context-7.0.9.jar!/
[0.412s][info][class,load] org.springframework.context.annotation.ConfigurationClassBeanDefinitionReader$$Lambda/0x00000f00011dc5b8 source: org.springframework.context.annotation.ConfigurationClassBeanDefinitionReader
[0.412s][info][class,load] org.springframework.context.annotation.ConfigurationClassBeanDefinitionReader$$Lambda/0x00000f00011dc7f8 source: org.springframework.context.annotation.ConfigurationClassBeanDefinitionReader
[0.412s][info][class,load] org.springframework.boot.autoconfigure.AutoConfigurationPackages$PackageImports source: jar:nested:/Users/kibong_home/Desktop/development/blog/build/libs/blog-0.0.1-SNAPSHOT.jar/!BOOT-INF/lib/spring-boot-autoconfigure-4.1.1.jar!/
[0.412s][info][class,load] org.springframework.boot.autoconfigure.AutoConfigurationPackages source: jar:nested:/Users/kibong_home/Desktop/development/blog/build/libs/blog-0.0.1-SNAPSHOT.jar/!BOOT-INF/lib/spring-boot-autoconfigure-4.1.1.jar!/
[0.412s][info][class,load] org.springframework.boot.autoconfigure.AutoConfigurationPackages$BasePackages source: jar:nested:/Users/kibong_home/Desktop/development/blog/build/libs/blog-0.0.1-SNAPSHOT.jar/!BOOT-INF/lib/spring-boot-autoconfigure-4.1.1.jar!/
[0.412s][info][class,load] org.springframework.beans.factory.config.ConstructorArgumentValues source: jar:nested:/Users/kibong_home/Desktop/development/blog/build/libs/blog-0.0.1-SNAPSHOT.jar/!BOOT-INF/lib/spring-beans-7.0.9.jar!/
[0.412s][info][class,load] org.springframework.beans.factory.config.ConstructorArgumentValues$ValueHolder source: jar:nested:/Users/kibong_home/Desktop/development/blog/build/libs/blog-0.0.1-SNAPSHOT.jar/!BOOT-INF/lib/spring-beans-7.0.9.jar!/
[0.412s][info][class,load] org.springframework.context.annotation.ConfigurationClassBeanDefinitionReader$$Lambda/0x00000f00011dd5d0 source: org.springframework.context.annotation.ConfigurationClassBeanDefinitionReader
[0.413s][info][class,load] org.springframework.boot.autoconfigure.condition.OnBeanCondition$BeanTypeDeductionException source: jar:nested:/Users/kibong_home/Desktop/development/blog/build/libs/blog-0.0.1-SNAPSHOT.jar/!BOOT-INF/lib/spring-boot-autoconfigure-4.1.1.jar!/
[0.413s][info][class,load] org.springframework.boot.autoconfigure.condition.OnBeanCondition$Spec$$Lambda/0x00000f00011dda78 source: org.springframework.boot.autoconfigure.condition.OnBeanCondition
[0.413s][info][class,load] org.springframework.core.annotation.MergedAnnotationCollectors$$Lambda/0x00000f00011ddcc0 source: org.springframework.core.annotation.MergedAnnotationCollectors
[0.413s][info][class,load] org.springframework.boot.autoconfigure.context.PropertyPlaceholderAutoConfiguration source: jar:nested:/Users/kibong_home/Desktop/development/blog/build/libs/blog-0.0.1-SNAPSHOT.jar/!BOOT-INF/lib/spring-boot-autoconfigure-4.1.1.jar!/
[0.413s][info][class,load] org.springframework.core.io.support.PropertiesLoaderSupport source: jar:nested:/Users/kibong_home/Desktop/development/blog/build/libs/blog-0.0.1-SNAPSHOT.jar/!BOOT-INF/lib/spring-core-7.0.9.jar!/
[0.413s][info][class,load] org.springframework.beans.factory.config.PropertyResourceConfigurer source: jar:nested:/Users/kibong_home/Desktop/development/blog/build/libs/blog-0.0.1-SNAPSHOT.jar/!BOOT-INF/lib/spring-beans-7.0.9.jar!/
[0.413s][info][class,load] org.springframework.beans.factory.config.PlaceholderConfigurerSupport source: jar:nested:/Users/kibong_home/Desktop/development/blog/build/libs/blog-0.0.1-SNAPSHOT.jar/!BOOT-INF/lib/spring-beans-7.0.9.jar!/
[0.413s][info][class,load] org.springframework.context.support.PropertySourcesPlaceholderConfigurer source: jar:nested:/Users/kibong_home/Desktop/development/blog/build/libs/blog-0.0.1-SNAPSHOT.jar/!BOOT-INF/lib/spring-context-7.0.9.jar!/
[0.414s][info][class,load] jdk.proxy2.$Proxy28 source: __dynamic_proxy__
[0.415s][info][class,load] jdk.proxy2.$Proxy29 source: __dynamic_proxy__
[0.415s][info][class,load] jdk.proxy2.$Proxy30 source: __dynamic_proxy__
[0.415s][info][class,load] jdk.proxy2.$Proxy31 source: __dynamic_proxy__
[0.416s][info][class,load] org.springframework.boot.autoconfigure.condition.OnBeanCondition$BeanType source: jar:nested:/Users/kibong_home/Desktop/development/blog/build/libs/blog-0.0.1-SNAPSHOT.jar/!BOOT-INF/lib/spring-boot-autoconfigure-4.1.1.jar!/
[0.416s][info][class,load] org.springframework.boot.autoconfigure.condition.OnBeanCondition$Spec$$Lambda/0x00000f00011dfb90 source: org.springframework.boot.autoconfigure.condition.OnBeanCondition
[0.416s][info][class,load] org.springframework.boot.autoconfigure.condition.OnBeanCondition$Spec$$Lambda/0x00000f0001200000 source: org.springframework.boot.autoconfigure.condition.OnBeanCondition
[0.416s][info][class,load] org.springframework.boot.autoconfigure.condition.OnBeanCondition$MatchResult source: jar:nested:/Users/kibong_home/Desktop/development/blog/build/libs/blog-0.0.1-SNAPSHOT.jar/!BOOT-INF/lib/spring-boot-autoconfigure-4.1.1.jar!/
[0.416s][info][class,load] org.springframework.beans.factory.config.ConstructorArgumentValues$$Lambda/0x00000f0001200478 source: org.springframework.beans.factory.config.ConstructorArgumentValues
[0.416s][info][class,load] org.springframework.beans.factory.config.ConstructorArgumentValues$$Lambda/0x00000f00012006b8 source: org.springframework.beans.factory.config.ConstructorArgumentValues
[0.416s][info][class,load] org.springframework.beans.factory.config.ConstructorArgumentValues$$Lambda/0x00000f0001200918 source: org.springframework.beans.factory.config.ConstructorArgumentValues
[0.416s][info][class,load] java.lang.invoke.LambdaForm$DMH/0x00000f0001204000 source: __JVM_LookupDefineClass__
[0.416s][info][class,load] org.springframework.boot.autoconfigure.condition.OnBeanCondition$$Lambda/0x00000f0001200b58 source: org.springframework.boot.autoconfigure.condition.OnBeanCondition
[0.417s][info][class,load] org.springframework.context.annotation.ConfigurationBeanNameGenerator source: jar:nested:/Users/kibong_home/Desktop/development/blog/build/libs/blog-0.0.1-SNAPSHOT.jar/!BOOT-INF/lib/spring-context-7.0.9.jar!/
[0.417s][info][class,load] org.springframework.context.annotation.ConfigurationClassBeanDefinitionReader$ConfigurationClassBeanDefinition source: jar:nested:/Users/kibong_home/Desktop/development/blog/build/libs/blog-0.0.1-SNAPSHOT.jar/!BOOT-INF/lib/spring-context-7.0.9.jar!/
[0.417s][info][class,load] org.springframework.core.type.StandardMethodMetadata source: jar:nested:/Users/kibong_home/Desktop/development/blog/build/libs/blog-0.0.1-SNAPSHOT.jar/!BOOT-INF/lib/spring-core-7.0.9.jar!/
[0.418s][info][class,load] org.springframework.boot.availability.ApplicationAvailability source: jar:nested:/Users/kibong_home/Desktop/development/blog/build/libs/blog-0.0.1-SNAPSHOT.jar/!BOOT-INF/lib/spring-boot-4.1.1.jar!/
[0.418s][info][class,load] org.springframework.beans.factory.support.AbstractAutowireCapableBeanFactory$$Lambda/0x00000f0001201e60 source: org.springframework.beans.factory.support.AbstractAutowireCapableBeanFactory
[0.418s][info][class,load] org.springframework.util.ReflectionUtils$$Lambda/0x00000f00012020a8 source: org.springframework.util.ReflectionUtils
[0.418s][info][class,load] org.springframework.context.annotation.BeanAnnotationHelper source: jar:nested:/Users/kibong_home/Desktop/development/blog/build/libs/blog-0.0.1-SNAPSHOT.jar/!BOOT-INF/lib/spring-context-7.0.9.jar!/
[0.418s][info][class,load] org.springframework.core.annotation.AnnotatedElementUtils source: jar:nested:/Users/kibong_home/Desktop/development/blog/build/libs/blog-0.0.1-SNAPSHOT.jar/!BOOT-INF/lib/spring-core-7.0.9.jar!/
[0.419s][info][class,load] org.springframework.boot.autoconfigure.aop.AopAutoConfiguration$ClassProxyingConfiguration source: jar:nested:/Users/kibong_home/Desktop/development/blog/build/libs/blog-0.0.1-SNAPSHOT.jar/!BOOT-INF/lib/spring-boot-autoconfigure-4.1.1.jar!/
[0.419s][info][class,load] jdk.proxy2.$Proxy32 source: __dynamic_proxy__
[0.419s][info][class,load] jdk.proxy2.$Proxy33 source: __dynamic_proxy__
[0.420s][info][class,load] org.springframework.boot.autoconfigure.aop.AopAutoConfiguration source: jar:nested:/Users/kibong_home/Desktop/development/blog/build/libs/blog-0.0.1-SNAPSHOT.jar/!BOOT-INF/lib/spring-boot-autoconfigure-4.1.1.jar!/
[0.420s][info][class,load] org.springframework.boot.autoconfigure.availability.ApplicationAvailabilityAutoConfiguration source: jar:nested:/Users/kibong_home/Desktop/development/blog/build/libs/blog-0.0.1-SNAPSHOT.jar/!BOOT-INF/lib/spring-boot-autoconfigure-4.1.1.jar!/
[0.420s][info][class,load] org.springframework.boot.context.properties.ConfigurationPropertiesBindingPostProcessor source: jar:nested:/Users/kibong_home/Desktop/development/blog/build/libs/blog-0.0.1-SNAPSHOT.jar/!BOOT-INF/lib/spring-boot-4.1.1.jar!/
[0.420s][info][class,load] org.springframework.boot.context.properties.ConfigurationPropertiesBindException source: jar:nested:/Users/kibong_home/Desktop/development/blog/build/libs/blog-0.0.1-SNAPSHOT.jar/!BOOT-INF/lib/spring-boot-4.1.1.jar!/
[0.420s][info][class,load] org.springframework.boot.context.properties.ConfigurationPropertiesBinder source: jar:nested:/Users/kibong_home/Desktop/development/blog/build/libs/blog-0.0.1-SNAPSHOT.jar/!BOOT-INF/lib/spring-boot-4.1.1.jar!/
[0.420s][info][class,load] org.springframework.validation.Validator source: jar:nested:/Users/kibong_home/Desktop/development/blog/build/libs/blog-0.0.1-SNAPSHOT.jar/!BOOT-INF/lib/spring-context-7.0.9.jar!/
[0.420s][info][class,load] org.springframework.boot.context.properties.ConfigurationPropertiesBinder$ConfigurationPropertiesBinderFactory source: jar:nested:/Users/kibong_home/Desktop/development/blog/build/libs/blog-0.0.1-SNAPSHOT.jar/!BOOT-INF/lib/spring-boot-4.1.1.jar!/
[0.420s][info][class,load] org.springframework.boot.context.properties.BoundConfigurationProperties source: jar:nested:/Users/kibong_home/Desktop/development/blog/build/libs/blog-0.0.1-SNAPSHOT.jar/!BOOT-INF/lib/spring-boot-4.1.1.jar!/
[0.420s][info][class,load] org.springframework.boot.validation.beanvalidation.MethodValidationExcludeFilter source: jar:nested:/Users/kibong_home/Desktop/development/blog/build/libs/blog-0.0.1-SNAPSHOT.jar/!BOOT-INF/lib/spring-boot-4.1.1.jar!/
[0.420s][info][class,load] org.springframework.boot.context.properties.ConfigurationProperties source: jar:nested:/Users/kibong_home/Desktop/development/blog/build/libs/blog-0.0.1-SNAPSHOT.jar/!BOOT-INF/lib/spring-boot-4.1.1.jar!/
[0.421s][info][class,load] org.springframework.boot.context.properties.ConfigurationPropertiesBeanRegistrar source: jar:nested:/Users/kibong_home/Desktop/development/blog/build/libs/blog-0.0.1-SNAPSHOT.jar/!BOOT-INF/lib/spring-boot-4.1.1.jar!/
[0.421s][info][class,load] org.springframework.boot.context.properties.EnableConfigurationPropertiesRegistrar$$Lambda/0x00000f0001206858 source: org.springframework.boot.context.properties.EnableConfigurationPropertiesRegistrar
[0.421s][info][class,load] org.springframework.boot.context.properties.EnableConfigurationPropertiesRegistrar$$Lambda/0x00000f0001206aa0 source: org.springframework.boot.context.properties.EnableConfigurationPropertiesRegistrar
[0.421s][info][class,load] org.springframework.boot.context.properties.EnableConfigurationPropertiesRegistrar$$Lambda/0x00000f0001206cf8 source: org.springframework.boot.context.properties.EnableConfigurationPropertiesRegistrar
[0.421s][info][class,load] org.springframework.boot.autoconfigure.context.LifecycleProperties source: jar:nested:/Users/kibong_home/Desktop/development/blog/build/libs/blog-0.0.1-SNAPSHOT.jar/!BOOT-INF/lib/spring-boot-autoconfigure-4.1.1.jar!/
[0.421s][info][class,load] jdk.proxy2.$Proxy34 source: __dynamic_proxy__
[0.422s][info][class,load] org.springframework.boot.context.properties.ConfigurationPropertiesBeanRegistrar$$Lambda/0x00000f00012073d8 source: org.springframework.boot.context.properties.ConfigurationPropertiesBeanRegistrar
[0.422s][info][class,load] org.springframework.boot.context.properties.ConfigurationPropertiesBean source: jar:nested:/Users/kibong_home/Desktop/development/blog/build/libs/blog-0.0.1-SNAPSHOT.jar/!BOOT-INF/lib/spring-boot-4.1.1.jar!/
[0.422s][info][class,load] org.springframework.boot.context.properties.BindMethodAttribute source: jar:nested:/Users/kibong_home/Desktop/development/blog/build/libs/blog-0.0.1-SNAPSHOT.jar/!BOOT-INF/lib/spring-boot-4.1.1.jar!/
[0.422s][info][class,load] org.springframework.boot.autoconfigure.info.ProjectInfoProperties source: jar:nested:/Users/kibong_home/Desktop/development/blog/build/libs/blog-0.0.1-SNAPSHOT.jar/!BOOT-INF/lib/spring-boot-autoconfigure-4.1.1.jar!/
[0.422s][info][class,load] org.springframework.boot.autoconfigure.info.ProjectInfoAutoConfiguration$GitResourceAvailableCondition source: jar:nested:/Users/kibong_home/Desktop/development/blog/build/libs/blog-0.0.1-SNAPSHOT.jar/!BOOT-INF/lib/spring-boot-autoconfigure-4.1.1.jar!/
[0.423s][info][class,load] org.springframework.util.PlaceholderParser$ParsedSection source: jar:nested:/Users/kibong_home/Desktop/development/blog/build/libs/blog-0.0.1-SNAPSHOT.jar/!BOOT-INF/lib/spring-core-7.0.9.jar!/
[0.423s][info][class,load] org.springframework.util.PlaceholderParser$Part source: jar:nested:/Users/kibong_home/Desktop/development/blog/build/libs/blog-0.0.1-SNAPSHOT.jar/!BOOT-INF/lib/spring-core-7.0.9.jar!/
[0.423s][info][class,load] org.springframework.util.PlaceholderParser$AbstractPart source: jar:nested:/Users/kibong_home/Desktop/development/blog/build/libs/blog-0.0.1-SNAPSHOT.jar/!BOOT-INF/lib/spring-core-7.0.9.jar!/
[0.423s][info][class,load] org.springframework.util.PlaceholderParser$SimplePlaceholderPart source: jar:nested:/Users/kibong_home/Desktop/development/blog/build/libs/blog-0.0.1-SNAPSHOT.jar/!BOOT-INF/lib/spring-core-7.0.9.jar!/
[0.423s][info][class,load] org.springframework.util.PlaceholderParser$ParsedValue source: jar:nested:/Users/kibong_home/Desktop/development/blog/build/libs/blog-0.0.1-SNAPSHOT.jar/!BOOT-INF/lib/spring-core-7.0.9.jar!/
[0.423s][info][class,load] org.springframework.util.PlaceholderResolutionException source: jar:nested:/Users/kibong_home/Desktop/development/blog/build/libs/blog-0.0.1-SNAPSHOT.jar/!BOOT-INF/lib/spring-core-7.0.9.jar!/
[0.423s][info][class,load] org.springframework.util.PlaceholderParser$PartResolutionContext source: jar:nested:/Users/kibong_home/Desktop/development/blog/build/libs/blog-0.0.1-SNAPSHOT.jar/!BOOT-INF/lib/spring-core-7.0.9.jar!/
[0.423s][info][class,load] org.springframework.util.PlaceholderParser$$Lambda/0x00000f0001204800 source: org.springframework.util.PlaceholderParser
[0.424s][info][class,load] org.springframework.boot.autoconfigure.info.ProjectInfoProperties$Build source: jar:nested:/Users/kibong_home/Desktop/development/blog/build/libs/blog-0.0.1-SNAPSHOT.jar/!BOOT-INF/lib/spring-boot-autoconfigure-4.1.1.jar!/
[0.424s][info][class,load] org.springframework.boot.autoconfigure.info.ProjectInfoProperties$Git source: jar:nested:/Users/kibong_home/Desktop/development/blog/build/libs/blog-0.0.1-SNAPSHOT.jar/!BOOT-INF/lib/spring-boot-autoconfigure-4.1.1.jar!/
[0.424s][info][class,load] org.springframework.boot.autoconfigure.ssl.SslProperties source: jar:nested:/Users/kibong_home/Desktop/development/blog/build/libs/blog-0.0.1-SNAPSHOT.jar/!BOOT-INF/lib/spring-boot-autoconfigure-4.1.1.jar!/
[0.424s][info][class,load] org.springframework.boot.ssl.SslBundleRegistry source: jar:nested:/Users/kibong_home/Desktop/development/blog/build/libs/blog-0.0.1-SNAPSHOT.jar/!BOOT-INF/lib/spring-boot-4.1.1.jar!/
[0.424s][info][class,load] org.springframework.boot.ssl.SslBundles source: jar:nested:/Users/kibong_home/Desktop/development/blog/build/libs/blog-0.0.1-SNAPSHOT.jar/!BOOT-INF/lib/spring-boot-4.1.1.jar!/
[0.424s][info][class,load] org.springframework.boot.availability.ApplicationAvailabilityBean source: jar:nested:/Users/kibong_home/Desktop/development/blog/build/libs/blog-0.0.1-SNAPSHOT.jar/!BOOT-INF/lib/spring-boot-4.1.1.jar!/
[0.424s][info][class,load] org.springframework.boot.autoconfigure.context.ConfigurationPropertiesAutoConfiguration source: jar:nested:/Users/kibong_home/Desktop/development/blog/build/libs/blog-0.0.1-SNAPSHOT.jar/!BOOT-INF/lib/spring-boot-autoconfigure-4.1.1.jar!/
[0.425s][info][class,load] org.springframework.boot.autoconfigure.context.LifecycleAutoConfiguration source: jar:nested:/Users/kibong_home/Desktop/development/blog/build/libs/blog-0.0.1-SNAPSHOT.jar/!BOOT-INF/lib/spring-boot-autoconfigure-4.1.1.jar!/
[0.425s][info][class,load] org.springframework.context.support.DefaultLifecycleProcessor source: jar:nested:/Users/kibong_home/Desktop/development/blog/build/libs/blog-0.0.1-SNAPSHOT.jar/!BOOT-INF/lib/spring-context-7.0.9.jar!/
[0.425s][info][class,load] jdk.proxy2.$Proxy35 source: __dynamic_proxy__
[0.425s][info][class,load] org.springframework.boot.autoconfigure.info.ProjectInfoAutoConfiguration source: jar:nested:/Users/kibong_home/Desktop/development/blog/build/libs/blog-0.0.1-SNAPSHOT.jar/!BOOT-INF/lib/spring-boot-autoconfigure-4.1.1.jar!/
[0.426s][info][class,load] org.springframework.boot.autoconfigure.ssl.SslAutoConfiguration source: jar:nested:/Users/kibong_home/Desktop/development/blog/build/libs/blog-0.0.1-SNAPSHOT.jar/!BOOT-INF/lib/spring-boot-autoconfigure-4.1.1.jar!/
[0.426s][info][class,load] org.springframework.boot.autoconfigure.ssl.FileWatcher source: jar:nested:/Users/kibong_home/Desktop/development/blog/build/libs/blog-0.0.1-SNAPSHOT.jar/!BOOT-INF/lib/spring-boot-autoconfigure-4.1.1.jar!/
[0.426s][info][class,load] org.springframework.boot.autoconfigure.ssl.SslBundleRegistrar source: jar:nested:/Users/kibong_home/Desktop/development/blog/build/libs/blog-0.0.1-SNAPSHOT.jar/!BOOT-INF/lib/spring-boot-autoconfigure-4.1.1.jar!/
[0.426s][info][class,load] org.springframework.boot.autoconfigure.ssl.SslPropertiesBundleRegistrar source: jar:nested:/Users/kibong_home/Desktop/development/blog/build/libs/blog-0.0.1-SNAPSHOT.jar/!BOOT-INF/lib/spring-boot-autoconfigure-4.1.1.jar!/
[0.426s][info][class,load] org.springframework.boot.ssl.DefaultSslBundleRegistry source: jar:nested:/Users/kibong_home/Desktop/development/blog/build/libs/blog-0.0.1-SNAPSHOT.jar/!BOOT-INF/lib/spring-boot-4.1.1.jar!/
[0.426s][info][class,load] org.springframework.boot.autoconfigure.ssl.SslProperties$Bundles source: jar:nested:/Users/kibong_home/Desktop/development/blog/build/libs/blog-0.0.1-SNAPSHOT.jar/!BOOT-INF/lib/spring-boot-autoconfigure-4.1.1.jar!/
[0.426s][info][class,load] org.springframework.boot.autoconfigure.task.TaskExecutorConfigurations$ThreadPoolTaskExecutorBuilderConfiguration source: jar:nested:/Users/kibong_home/Desktop/development/blog/build/libs/blog-0.0.1-SNAPSHOT.jar/!BOOT-INF/lib/spring-boot-autoconfigure-4.1.1.jar!/
[0.427s][info][class,load] org.springframework.boot.autoconfigure.task.TaskExecutionProperties source: jar:nested:/Users/kibong_home/Desktop/development/blog/build/libs/blog-0.0.1-SNAPSHOT.jar/!BOOT-INF/lib/spring-boot-autoconfigure-4.1.1.jar!/
[0.427s][info][class,load] org.springframework.boot.task.ThreadPoolTaskExecutorBuilder source: jar:nested:/Users/kibong_home/Desktop/development/blog/build/libs/blog-0.0.1-SNAPSHOT.jar/!BOOT-INF/lib/spring-boot-4.1.1.jar!/
[0.427s][info][class,load] org.springframework.util.ReflectionUtils$$Lambda/0x00000f000120a710 source: org.springframework.util.ReflectionUtils
[0.427s][info][class,load] org.springframework.boot.autoconfigure.task.TaskExecutorConfigurations$SimpleAsyncTaskExecutorBuilderConfiguration source: jar:nested:/Users/kibong_home/Desktop/development/blog/build/libs/blog-0.0.1-SNAPSHOT.jar/!BOOT-INF/lib/spring-boot-autoconfigure-4.1.1.jar!/
[0.427s][info][class,load] org.springframework.boot.task.SimpleAsyncTaskExecutorBuilder source: jar:nested:/Users/kibong_home/Desktop/development/blog/build/libs/blog-0.0.1-SNAPSHOT.jar/!BOOT-INF/lib/spring-boot-4.1.1.jar!/
[0.428s][info][class,load] jdk.proxy2.$Proxy36 source: __dynamic_proxy__
[0.428s][info][class,load] org.springframework.aop.scope.ScopedProxyUtils source: jar:nested:/Users/kibong_home/Desktop/development/blog/build/libs/blog-0.0.1-SNAPSHOT.jar/!BOOT-INF/lib/spring-aop-7.0.9.jar!/
[0.428s][info][class,load] org.springframework.boot.autoconfigure.condition.OnBeanCondition$$Lambda/0x00000f000120b260 source: org.springframework.boot.autoconfigure.condition.OnBeanCondition
[0.429s][info][class,load] org.springframework.boot.autoconfigure.condition.AbstractNestedCondition$MemberConditions source: jar:nested:/Users/kibong_home/Desktop/development/blog/build/libs/blog-0.0.1-SNAPSHOT.jar/!BOOT-INF/lib/spring-boot-autoconfigure-4.1.1.jar!/
[0.429s][info][class,load] org.springframework.core.type.classreading.SimpleMetadataReaderFactory source: jar:nested:/Users/kibong_home/Desktop/development/blog/build/libs/blog-0.0.1-SNAPSHOT.jar/!BOOT-INF/lib/spring-core-7.0.9.jar!/
[0.429s][info][class,load] org.springframework.core.type.classreading.SimpleMetadataReader source: jar:nested:/Users/kibong_home/Desktop/development/blog/build/libs/blog-0.0.1-SNAPSHOT.jar/!BOOT-INF/lib/spring-core-7.0.9.jar!/
[0.429s][info][class,load] org.springframework.asm.ClassVisitor source: jar:nested:/Users/kibong_home/Desktop/development/blog/build/libs/blog-0.0.1-SNAPSHOT.jar/!BOOT-INF/lib/spring-core-7.0.9.jar!/
[0.429s][info][class,load] org.springframework.core.type.classreading.SimpleAnnotationMetadataReadingVisitor source: jar:nested:/Users/kibong_home/Desktop/development/blog/build/libs/blog-0.0.1-SNAPSHOT.jar/!BOOT-INF/lib/spring-core-7.0.9.jar!/
[0.429s][info][class,load] org.springframework.asm.MethodVisitor source: jar:nested:/Users/kibong_home/Desktop/development/blog/build/libs/blog-0.0.1-SNAPSHOT.jar/!BOOT-INF/lib/spring-core-7.0.9.jar!/
[0.429s][info][class,load] org.springframework.core.type.classreading.SimpleMethodMetadataReadingVisitor source: jar:nested:/Users/kibong_home/Desktop/development/blog/build/libs/blog-0.0.1-SNAPSHOT.jar/!BOOT-INF/lib/spring-core-7.0.9.jar!/
[0.430s][info][class,load] org.springframework.asm.ClassReader source: jar:nested:/Users/kibong_home/Desktop/development/blog/build/libs/blog-0.0.1-SNAPSHOT.jar/!BOOT-INF/lib/spring-core-7.0.9.jar!/
[0.430s][info][class,load] org.springframework.asm.Attribute source: jar:nested:/Users/kibong_home/Desktop/development/blog/build/libs/blog-0.0.1-SNAPSHOT.jar/!BOOT-INF/lib/spring-core-7.0.9.jar!/
[0.430s][info][class,load] org.springframework.asm.Context source: jar:nested:/Users/kibong_home/Desktop/development/blog/build/libs/blog-0.0.1-SNAPSHOT.jar/!BOOT-INF/lib/spring-core-7.0.9.jar!/
[0.430s][info][class,load] org.springframework.core.type.classreading.SimpleAnnotationMetadata source: jar:nested:/Users/kibong_home/Desktop/development/blog/build/libs/blog-0.0.1-SNAPSHOT.jar/!BOOT-INF/lib/spring-core-7.0.9.jar!/
[0.431s][info][class,load] org.springframework.core.type.classreading.SimpleAnnotationMetadataReadingVisitor$Source source: jar:nested:/Users/kibong_home/Desktop/development/blog/build/libs/blog-0.0.1-SNAPSHOT.jar/!BOOT-INF/lib/spring-core-7.0.9.jar!/
[0.431s][info][class,load] org.springframework.core.type.classreading.SimpleAnnotationMetadataReadingVisitor$$Lambda/0x00000f000120d600 source: org.springframework.core.type.classreading.SimpleAnnotationMetadataReadingVisitor
[0.431s][info][class,load] org.springframework.asm.AnnotationVisitor source: jar:nested:/Users/kibong_home/Desktop/development/blog/build/libs/blog-0.0.1-SNAPSHOT.jar/!BOOT-INF/lib/spring-core-7.0.9.jar!/
[0.431s][info][class,load] org.springframework.core.type.classreading.MergedAnnotationReadingVisitor source: jar:nested:/Users/kibong_home/Desktop/development/blog/build/libs/blog-0.0.1-SNAPSHOT.jar/!BOOT-INF/lib/spring-core-7.0.9.jar!/
[0.431s][info][class,load] org.springframework.core.type.classreading.MergedAnnotationReadingVisitor$ArrayVisitor source: jar:nested:/Users/kibong_home/Desktop/development/blog/build/libs/blog-0.0.1-SNAPSHOT.jar/!BOOT-INF/lib/spring-core-7.0.9.jar!/
[0.431s][info][class,load] org.springframework.asm.Type source: jar:nested:/Users/kibong_home/Desktop/development/blog/build/libs/blog-0.0.1-SNAPSHOT.jar/!BOOT-INF/lib/spring-core-7.0.9.jar!/
[0.431s][info][class,load] org.springframework.core.type.classreading.MergedAnnotationReadingVisitor$$Lambda/0x00000f000120e138 source: org.springframework.core.type.classreading.MergedAnnotationReadingVisitor
[0.432s][info][class,load] org.springframework.boot.autoconfigure.condition.AbstractNestedCondition$MemberMatchOutcomes source: jar:nested:/Users/kibong_home/Desktop/development/blog/build/libs/blog-0.0.1-SNAPSHOT.jar/!BOOT-INF/lib/spring-boot-autoconfigure-4.1.1.jar!/
[0.432s][info][class,load] org.springframework.boot.autoconfigure.condition.AbstractNestedCondition$MemberConditions$$Lambda/0x00000f000120e5a8 source: org.springframework.boot.autoconfigure.condition.AbstractNestedCondition
[0.432s][info][class,load] org.springframework.boot.autoconfigure.condition.AbstractNestedCondition$MemberOutcomes source: jar:nested:/Users/kibong_home/Desktop/development/blog/build/libs/blog-0.0.1-SNAPSHOT.jar/!BOOT-INF/lib/spring-boot-autoconfigure-4.1.1.jar!/
[0.432s][info][class,load] java.lang.String$$StringConcat/0x00000f0001210000 source: __JVM_LookupDefineClass__
[0.432s][info][class,load] java.lang.invoke.LambdaForm$MH/0x00000f0001210400 source: __JVM_LookupDefineClass__
[0.433s][info][class,load] org.springframework.boot.autoconfigure.task.TaskExecutorConfigurations$AsyncConfigurerWrapperConfiguration source: jar:nested:/Users/kibong_home/Desktop/development/blog/build/libs/blog-0.0.1-SNAPSHOT.jar/!BOOT-INF/lib/spring-boot-autoconfigure-4.1.1.jar!/
[0.433s][info][class,load] org.springframework.boot.autoconfigure.task.TaskExecutorConfigurations$AsyncConfigurerConfiguration source: jar:nested:/Users/kibong_home/Desktop/development/blog/build/libs/blog-0.0.1-SNAPSHOT.jar/!BOOT-INF/lib/spring-boot-autoconfigure-4.1.1.jar!/
[0.433s][info][class,load] org.springframework.boot.autoconfigure.task.TaskExecutorConfigurations$TaskExecutorContextPropagationConfiguration source: jar:nested:/Users/kibong_home/Desktop/development/blog/build/libs/blog-0.0.1-SNAPSHOT.jar/!BOOT-INF/lib/spring-boot-autoconfigure-4.1.1.jar!/
[0.433s][info][class,load] org.springframework.boot.autoconfigure.task.TaskExecutorConfigurations$TaskExecutorConfiguration source: jar:nested:/Users/kibong_home/Desktop/development/blog/build/libs/blog-0.0.1-SNAPSHOT.jar/!BOOT-INF/lib/spring-boot-autoconfigure-4.1.1.jar!/
[0.434s][info][class,load] org.springframework.boot.autoconfigure.task.TaskExecutorConfigurations$BootstrapExecutorConfiguration source: jar:nested:/Users/kibong_home/Desktop/development/blog/build/libs/blog-0.0.1-SNAPSHOT.jar/!BOOT-INF/lib/spring-boot-autoconfigure-4.1.1.jar!/
[0.434s][info][class,load] org.springframework.boot.autoconfigure.task.TaskExecutionProperties$Pool source: jar:nested:/Users/kibong_home/Desktop/development/blog/build/libs/blog-0.0.1-SNAPSHOT.jar/!BOOT-INF/lib/spring-boot-autoconfigure-4.1.1.jar!/
[0.434s][info][class,load] org.springframework.boot.autoconfigure.task.TaskExecutionProperties$Simple source: jar:nested:/Users/kibong_home/Desktop/development/blog/build/libs/blog-0.0.1-SNAPSHOT.jar/!BOOT-INF/lib/spring-boot-autoconfigure-4.1.1.jar!/
[0.434s][info][class,load] org.springframework.boot.autoconfigure.task.TaskExecutionProperties$Shutdown source: jar:nested:/Users/kibong_home/Desktop/development/blog/build/libs/blog-0.0.1-SNAPSHOT.jar/!BOOT-INF/lib/spring-boot-autoconfigure-4.1.1.jar!/
[0.434s][info][class,load] org.springframework.boot.autoconfigure.task.TaskExecutionProperties$Mode source: jar:nested:/Users/kibong_home/Desktop/development/blog/build/libs/blog-0.0.1-SNAPSHOT.jar/!BOOT-INF/lib/spring-boot-autoconfigure-4.1.1.jar!/
[0.434s][info][class,load] org.springframework.boot.autoconfigure.task.TaskSchedulingConfigurations$ThreadPoolTaskSchedulerBuilderConfiguration source: jar:nested:/Users/kibong_home/Desktop/development/blog/build/libs/blog-0.0.1-SNAPSHOT.jar/!BOOT-INF/lib/spring-boot-autoconfigure-4.1.1.jar!/
[0.434s][info][class,load] org.springframework.boot.autoconfigure.task.TaskSchedulingProperties source: jar:nested:/Users/kibong_home/Desktop/development/blog/build/libs/blog-0.0.1-SNAPSHOT.jar/!BOOT-INF/lib/spring-boot-autoconfigure-4.1.1.jar!/
[0.434s][info][class,load] org.springframework.boot.task.ThreadPoolTaskSchedulerBuilder source: jar:nested:/Users/kibong_home/Desktop/development/blog/build/libs/blog-0.0.1-SNAPSHOT.jar/!BOOT-INF/lib/spring-boot-4.1.1.jar!/
[0.434s][info][class,load] org.springframework.boot.autoconfigure.task.TaskExecutorConfigurations$ApplicationTaskExecutorAsyncConfigurer source: jar:nested:/Users/kibong_home/Desktop/development/blog/build/libs/blog-0.0.1-SNAPSHOT.jar/!BOOT-INF/lib/spring-boot-autoconfigure-4.1.1.jar!/
[0.435s][info][class,load] org.springframework.core.task.SimpleAsyncTaskExecutor source: jar:nested:/Users/kibong_home/Desktop/development/blog/build/libs/blog-0.0.1-SNAPSHOT.jar/!BOOT-INF/lib/spring-core-7.0.9.jar!/
[0.435s][info][class,load] jdk.proxy2.$Proxy37 source: __dynamic_proxy__
[0.435s][info][class,load] org.springframework.boot.autoconfigure.task.TaskExecutionAutoConfiguration source: jar:nested:/Users/kibong_home/Desktop/development/blog/build/libs/blog-0.0.1-SNAPSHOT.jar/!BOOT-INF/lib/spring-boot-autoconfigure-4.1.1.jar!/
[0.436s][info][class,load] org.springframework.boot.autoconfigure.task.TaskSchedulingConfigurations$SimpleAsyncTaskSchedulerBuilderConfiguration source: jar:nested:/Users/kibong_home/Desktop/development/blog/build/libs/blog-0.0.1-SNAPSHOT.jar/!BOOT-INF/lib/spring-boot-autoconfigure-4.1.1.jar!/
[0.436s][info][class,load] org.springframework.boot.task.SimpleAsyncTaskSchedulerBuilder source: jar:nested:/Users/kibong_home/Desktop/development/blog/build/libs/blog-0.0.1-SNAPSHOT.jar/!BOOT-INF/lib/spring-boot-4.1.1.jar!/
[0.436s][info][class,load] org.springframework.boot.autoconfigure.task.TaskSchedulingConfigurations$TaskSchedulerConfiguration source: jar:nested:/Users/kibong_home/Desktop/development/blog/build/libs/blog-0.0.1-SNAPSHOT.jar/!BOOT-INF/lib/spring-boot-autoconfigure-4.1.1.jar!/
[0.437s][info][class,load] org.springframework.boot.autoconfigure.task.TaskSchedulingProperties$Pool source: jar:nested:/Users/kibong_home/Desktop/development/blog/build/libs/blog-0.0.1-SNAPSHOT.jar/!BOOT-INF/lib/spring-boot-autoconfigure-4.1.1.jar!/
[0.437s][info][class,load] org.springframework.boot.autoconfigure.task.TaskSchedulingProperties$Simple source: jar:nested:/Users/kibong_home/Desktop/development/blog/build/libs/blog-0.0.1-SNAPSHOT.jar/!BOOT-INF/lib/spring-boot-autoconfigure-4.1.1.jar!/
[0.437s][info][class,load] org.springframework.boot.autoconfigure.task.TaskSchedulingProperties$Shutdown source: jar:nested:/Users/kibong_home/Desktop/development/blog/build/libs/blog-0.0.1-SNAPSHOT.jar/!BOOT-INF/lib/spring-boot-autoconfigure-4.1.1.jar!/
[0.437s][info][class,load] org.springframework.util.MultiValueMapAdapter$$Lambda/0x00000f0001215c18 source: org.springframework.util.MultiValueMapAdapter
[0.437s][info][class,load] org.springframework.context.annotation.ConfigurationClassPostProcessor$$Lambda/0x00000f0001215e58 source: org.springframework.context.annotation.ConfigurationClassPostProcessor
[0.437s][info][class,load] org.springframework.core.type.classreading.CachingMetadataReaderFactory$LocalResourceCache source: jar:nested:/Users/kibong_home/Desktop/development/blog/build/libs/blog-0.0.1-SNAPSHOT.jar/!BOOT-INF/lib/spring-core-7.0.9.jar!/
[0.437s][info][class,load] org.springframework.boot.autoconfigure.task.TaskSchedulingAutoConfiguration source: jar:nested:/Users/kibong_home/Desktop/development/blog/build/libs/blog-0.0.1-SNAPSHOT.jar/!BOOT-INF/lib/spring-boot-autoconfigure-4.1.1.jar!/
[0.438s][info][class,load] org.springframework.context.support.PostProcessorRegistrationDelegate$$Lambda/0x00000f0001216810 source: org.springframework.context.support.PostProcessorRegistrationDelegate
[0.438s][info][class,load] org.springframework.context.annotation.ConfigurationClassPostProcessor$ImportAwareBeanPostProcessor source: jar:nested:/Users/kibong_home/Desktop/development/blog/build/libs/blog-0.0.1-SNAPSHOT.jar/!BOOT-INF/lib/spring-context-7.0.9.jar!/
[0.438s][info][class,load] org.springframework.beans.factory.support.ConstructorResolver source: jar:nested:/Users/kibong_home/Desktop/development/blog/build/libs/blog-0.0.1-SNAPSHOT.jar/!BOOT-INF/lib/spring-beans-7.0.9.jar!/
[0.438s][info][class,load] org.springframework.beans.factory.support.ConstructorResolver$ConstructorDependencyDescriptor source: jar:nested:/Users/kibong_home/Desktop/development/blog/build/libs/blog-0.0.1-SNAPSHOT.jar/!BOOT-INF/lib/spring-beans-7.0.9.jar!/
[0.439s][info][class,load] org.springframework.beans.factory.support.SimpleInstantiationStrategy$$Lambda/0x00000f00012171f0 source: org.springframework.beans.factory.support.SimpleInstantiationStrategy
[0.439s][info][class,load] java.lang.invoke.LambdaForm$DMH/0x00000f0001210800 source: __JVM_LookupDefineClass__
[0.439s][info][class,load] java.net.SocketException source: jrt:/java.base
[0.439s][info][class,load] org.springframework.beans.factory.BeanInitializationException source: jar:nested:/Users/kibong_home/Desktop/development/blog/build/libs/blog-0.0.1-SNAPSHOT.jar/!BOOT-INF/lib/spring-beans-7.0.9.jar!/
[0.439s][info][class,load] org.springframework.context.support.PropertySourcesPlaceholderConfigurer$ConfigurableEnvironmentPropertySource source: jar:nested:/Users/kibong_home/Desktop/development/blog/build/libs/blog-0.0.1-SNAPSHOT.jar/!BOOT-INF/lib/spring-context-7.0.9.jar!/
[0.439s][info][class,load] org.springframework.context.support.PropertySourcesPlaceholderConfigurer$FallbackEnvironmentPropertySource source: jar:nested:/Users/kibong_home/Desktop/development/blog/build/libs/blog-0.0.1-SNAPSHOT.jar/!BOOT-INF/lib/spring-context-7.0.9.jar!/
[0.439s][info][class,load] org.springframework.util.DefaultPropertiesPersister source: jar:nested:/Users/kibong_home/Desktop/development/blog/build/libs/blog-0.0.1-SNAPSHOT.jar/!BOOT-INF/lib/spring-core-7.0.9.jar!/
[0.440s][info][class,load] org.springframework.context.annotation.ConfigurationClassEnhancer$EnhancedConfiguration source: jar:nested:/Users/kibong_home/Desktop/development/blog/build/libs/blog-0.0.1-SNAPSHOT.jar/!BOOT-INF/lib/spring-context-7.0.9.jar!/
[0.440s][info][class,load] org.springframework.context.annotation.ImportAware source: jar:nested:/Users/kibong_home/Desktop/development/blog/build/libs/blog-0.0.1-SNAPSHOT.jar/!BOOT-INF/lib/spring-context-7.0.9.jar!/
[0.440s][info][class,load] org.springframework.context.support.PropertySourcesPlaceholderConfigurer$$Lambda/0x00000f0001212208 source: org.springframework.context.support.PropertySourcesPlaceholderConfigurer
[0.440s][info][class,load] org.springframework.beans.factory.config.BeanDefinitionVisitor source: jar:nested:/Users/kibong_home/Desktop/development/blog/build/libs/blog-0.0.1-SNAPSHOT.jar/!BOOT-INF/lib/spring-beans-7.0.9.jar!/
[0.440s][info][class,load] org.springframework.beans.factory.config.RuntimeBeanNameReference source: jar:nested:/Users/kibong_home/Desktop/development/blog/build/libs/blog-0.0.1-SNAPSHOT.jar/!BOOT-INF/lib/spring-beans-7.0.9.jar!/
[0.441s][info][class,load] org.springframework.core.SimpleAliasRegistry$$Lambda/0x00000f0001212928 source: org.springframework.core.SimpleAliasRegistry
[0.441s][info][class,load] org.springframework.context.expression.CachedExpressionEvaluator source: jar:nested:/Users/kibong_home/Desktop/development/blog/build/libs/blog-0.0.1-SNAPSHOT.jar/!BOOT-INF/lib/spring-context-7.0.9.jar!/
[0.441s][info][class,load] org.springframework.context.event.EventExpressionEvaluator source: jar:nested:/Users/kibong_home/Desktop/development/blog/build/libs/blog-0.0.1-SNAPSHOT.jar/!BOOT-INF/lib/spring-context-7.0.9.jar!/
[0.442s][info][class,load] org.springframework.context.expression.MethodBasedEvaluationContext source: jar:nested:/Users/kibong_home/Desktop/development/blog/build/libs/blog-0.0.1-SNAPSHOT.jar/!BOOT-INF/lib/spring-context-7.0.9.jar!/
[0.442s][info][class,load] org.springframework.boot.autoconfigure.aop.AopAutoConfiguration$ClassProxyingConfiguration$$Lambda/0x00000f00012133c0 source: org.springframework.boot.autoconfigure.aop.AopAutoConfiguration
[0.442s][info][class,load] org.springframework.boot.autoconfigure.task.TaskExecutorConfigurations source: jar:nested:/Users/kibong_home/Desktop/development/blog/build/libs/blog-0.0.1-SNAPSHOT.jar/!BOOT-INF/lib/spring-boot-autoconfigure-4.1.1.jar!/
[0.442s][info][class,load] org.springframework.boot.autoconfigure.task.TaskExecutorConfigurations$BootstrapExecutorConfiguration$$Lambda/0x00000f00012137f8 source: org.springframework.boot.autoconfigure.task.TaskExecutorConfigurations
[0.442s][info][class,load] org.springframework.aop.config.AopConfigUtils source: jar:nested:/Users/kibong_home/Desktop/development/blog/build/libs/blog-0.0.1-SNAPSHOT.jar/!BOOT-INF/lib/spring-aop-7.0.9.jar!/
[0.443s][info][class,load] org.springframework.aop.framework.ProxyConfig source: jar:nested:/Users/kibong_home/Desktop/development/blog/build/libs/blog-0.0.1-SNAPSHOT.jar/!BOOT-INF/lib/spring-aop-7.0.9.jar!/
[0.443s][info][class,load] org.springframework.aop.framework.ProxyProcessorSupport source: jar:nested:/Users/kibong_home/Desktop/development/blog/build/libs/blog-0.0.1-SNAPSHOT.jar/!BOOT-INF/lib/spring-aop-7.0.9.jar!/
[0.443s][info][class,load] org.springframework.aop.framework.autoproxy.AbstractAutoProxyCreator source: jar:nested:/Users/kibong_home/Desktop/development/blog/build/libs/blog-0.0.1-SNAPSHOT.jar/!BOOT-INF/lib/spring-aop-7.0.9.jar!/
[0.443s][info][class,load] org.springframework.aop.framework.autoproxy.AbstractAdvisorAutoProxyCreator source: jar:nested:/Users/kibong_home/Desktop/development/blog/build/libs/blog-0.0.1-SNAPSHOT.jar/!BOOT-INF/lib/spring-aop-7.0.9.jar!/
[0.443s][info][class,load] org.springframework.aop.framework.autoproxy.InfrastructureAdvisorAutoProxyCreator source: jar:nested:/Users/kibong_home/Desktop/development/blog/build/libs/blog-0.0.1-SNAPSHOT.jar/!BOOT-INF/lib/spring-aop-7.0.9.jar!/
[0.443s][info][class,load] org.springframework.aop.aspectj.autoproxy.AspectJAwareAdvisorAutoProxyCreator source: jar:nested:/Users/kibong_home/Desktop/development/blog/build/libs/blog-0.0.1-SNAPSHOT.jar/!BOOT-INF/lib/spring-aop-7.0.9.jar!/
[0.443s][info][class,load] org.springframework.aop.aspectj.annotation.AnnotationAwareAspectJAutoProxyCreator source: jar:nested:/Users/kibong_home/Desktop/development/blog/build/libs/blog-0.0.1-SNAPSHOT.jar/!BOOT-INF/lib/spring-aop-7.0.9.jar!/
[0.443s][info][class,load] org.springframework.beans.factory.support.AbstractBeanFactory$$Lambda/0x00000f0001218e30 source: org.springframework.beans.factory.support.AbstractBeanFactory
[0.443s][info][class,load] org.springframework.context.support.PostProcessorRegistrationDelegate$BeanPostProcessorChecker source: jar:nested:/Users/kibong_home/Desktop/development/blog/build/libs/blog-0.0.1-SNAPSHOT.jar/!BOOT-INF/lib/spring-context-7.0.9.jar!/
[0.444s][info][class,load] org.springframework.beans.factory.support.MethodOverride source: jar:nested:/Users/kibong_home/Desktop/development/blog/build/libs/blog-0.0.1-SNAPSHOT.jar/!BOOT-INF/lib/spring-beans-7.0.9.jar!/
[0.444s][info][class,load] org.springframework.beans.factory.support.LookupOverride source: jar:nested:/Users/kibong_home/Desktop/development/blog/build/libs/blog-0.0.1-SNAPSHOT.jar/!BOOT-INF/lib/spring-beans-7.0.9.jar!/
[0.444s][info][class,load] org.springframework.beans.factory.annotation.InitDestroyAnnotationBeanPostProcessor$LifecycleMetadata source: jar:nested:/Users/kibong_home/Desktop/development/blog/build/libs/blog-0.0.1-SNAPSHOT.jar/!BOOT-INF/lib/spring-beans-7.0.9.jar!/
[0.444s][info][class,load] org.springframework.beans.factory.annotation.InitDestroyAnnotationBeanPostProcessor$1 source: jar:nested:/Users/kibong_home/Desktop/development/blog/build/libs/blog-0.0.1-SNAPSHOT.jar/!BOOT-INF/lib/spring-beans-7.0.9.jar!/
[0.444s][info][class,load] javax.naming.Context source: jrt:/java.naming
[0.444s][info][class,load] javax.naming.InitialContext source: jrt:/java.naming
[0.444s][info][class,load] jakarta.annotation.Resource source: jar:nested:/Users/kibong_home/Desktop/development/blog/build/libs/blog-0.0.1-SNAPSHOT.jar/!BOOT-INF/lib/jakarta.annotation-api-3.0.0.jar!/
[0.444s][info][class,load] jakarta.annotation.PreDestroy source: jar:nested:/Users/kibong_home/Desktop/development/blog/build/libs/blog-0.0.1-SNAPSHOT.jar/!BOOT-INF/lib/jakarta.annotation-api-3.0.0.jar!/
[0.445s][info][class,load] org.springframework.jndi.JndiAccessor source: jar:nested:/Users/kibong_home/Desktop/development/blog/build/libs/blog-0.0.1-SNAPSHOT.jar/!BOOT-INF/lib/spring-context-7.0.9.jar!/
[0.445s][info][class,load] org.springframework.jndi.JndiLocatorSupport source: jar:nested:/Users/kibong_home/Desktop/development/blog/build/libs/blog-0.0.1-SNAPSHOT.jar/!BOOT-INF/lib/spring-context-7.0.9.jar!/
[0.445s][info][class,load] org.springframework.jndi.support.SimpleJndiBeanFactory source: jar:nested:/Users/kibong_home/Desktop/development/blog/build/libs/blog-0.0.1-SNAPSHOT.jar/!BOOT-INF/lib/spring-context-7.0.9.jar!/
[0.445s][info][class,load] javax.naming.NamingException source: jrt:/java.naming
[0.445s][info][class,load] javax.naming.NameNotFoundException source: jrt:/java.naming
[0.445s][info][class,load] org.springframework.jndi.TypeMismatchNamingException source: jar:nested:/Users/kibong_home/Desktop/development/blog/build/libs/blog-0.0.1-SNAPSHOT.jar/!BOOT-INF/lib/spring-context-7.0.9.jar!/
[0.445s][info][class,load] org.springframework.jndi.JndiTemplate source: jar:nested:/Users/kibong_home/Desktop/development/blog/build/libs/blog-0.0.1-SNAPSHOT.jar/!BOOT-INF/lib/spring-context-7.0.9.jar!/
[0.445s][info][class,load] org.springframework.boot.context.properties.PropertySourcesDeducer source: jar:nested:/Users/kibong_home/Desktop/development/blog/build/libs/blog-0.0.1-SNAPSHOT.jar/!BOOT-INF/lib/spring-boot-4.1.1.jar!/
[0.445s][info][class,load] org.springframework.boot.context.properties.ConfigurationPropertiesJsr303Validator source: jar:nested:/Users/kibong_home/Desktop/development/blog/build/libs/blog-0.0.1-SNAPSHOT.jar/!BOOT-INF/lib/spring-boot-4.1.1.jar!/
[0.445s][info][class,load] org.springframework.validation.Errors source: jar:nested:/Users/kibong_home/Desktop/development/blog/build/libs/blog-0.0.1-SNAPSHOT.jar/!BOOT-INF/lib/spring-context-7.0.9.jar!/
[0.445s][info][class,load] java.util.concurrent.CopyOnWriteArrayList$$Lambda/0x00000f00011ef010 source: java.util.concurrent.CopyOnWriteArrayList
[0.446s][info][class,load] org.springframework.beans.factory.annotation.Lookup source: jar:nested:/Users/kibong_home/Desktop/development/blog/build/libs/blog-0.0.1-SNAPSHOT.jar/!BOOT-INF/lib/spring-beans-7.0.9.jar!/
[0.446s][info][class,load] org.springframework.beans.factory.annotation.AutowiredAnnotationBeanPostProcessor$$Lambda/0x00000f000121b5c0 source: org.springframework.beans.factory.annotation.AutowiredAnnotationBeanPostProcessor
[0.446s][info][class,load] org.springframework.aop.framework.autoproxy.BeanFactoryAdvisorRetrievalHelper source: jar:nested:/Users/kibong_home/Desktop/development/blog/build/libs/blog-0.0.1-SNAPSHOT.jar/!BOOT-INF/lib/spring-aop-7.0.9.jar!/
[0.446s][info][class,load] org.springframework.aop.framework.autoproxy.AbstractAdvisorAutoProxyCreator$BeanFactoryAdvisorRetrievalHelperAdapter source: jar:nested:/Users/kibong_home/Desktop/development/blog/build/libs/blog-0.0.1-SNAPSHOT.jar/!BOOT-INF/lib/spring-aop-7.0.9.jar!/
[0.446s][info][class,load] org.springframework.aop.framework.AopConfigException source: jar:nested:/Users/kibong_home/Desktop/development/blog/build/libs/blog-0.0.1-SNAPSHOT.jar/!BOOT-INF/lib/spring-aop-7.0.9.jar!/
[0.446s][info][class,load] org.springframework.aop.Advisor source: jar:nested:/Users/kibong_home/Desktop/development/blog/build/libs/blog-0.0.1-SNAPSHOT.jar/!BOOT-INF/lib/spring-aop-7.0.9.jar!/
[0.446s][info][class,load] org.springframework.aop.framework.AdvisedSupport source: jar:nested:/Users/kibong_home/Desktop/development/blog/build/libs/blog-0.0.1-SNAPSHOT.jar/!BOOT-INF/lib/spring-aop-7.0.9.jar!/
[0.446s][info][class,load] org.springframework.aop.framework.ProxyCreatorSupport source: jar:nested:/Users/kibong_home/Desktop/development/blog/build/libs/blog-0.0.1-SNAPSHOT.jar/!BOOT-INF/lib/spring-aop-7.0.9.jar!/
[0.446s][info][class,load] org.springframework.aop.framework.ProxyFactory source: jar:nested:/Users/kibong_home/Desktop/development/blog/build/libs/blog-0.0.1-SNAPSHOT.jar/!BOOT-INF/lib/spring-aop-7.0.9.jar!/
[0.446s][info][class,load] org.springframework.aop.framework.adapter.AdvisorAdapterRegistry source: jar:nested:/Users/kibong_home/Desktop/development/blog/build/libs/blog-0.0.1-SNAPSHOT.jar/!BOOT-INF/lib/spring-aop-7.0.9.jar!/
[0.446s][info][class,load] org.springframework.aop.framework.autoproxy.TargetSourceCreator source: jar:nested:/Users/kibong_home/Desktop/development/blog/build/libs/blog-0.0.1-SNAPSHOT.jar/!BOOT-INF/lib/spring-aop-7.0.9.jar!/
[0.447s][info][class,load] org.springframework.aop.framework.adapter.GlobalAdvisorAdapterRegistry source: jar:nested:/Users/kibong_home/Desktop/development/blog/build/libs/blog-0.0.1-SNAPSHOT.jar/!BOOT-INF/lib/spring-aop-7.0.9.jar!/
[0.447s][info][class,load] org.springframework.aop.framework.adapter.DefaultAdvisorAdapterRegistry source: jar:nested:/Users/kibong_home/Desktop/development/blog/build/libs/blog-0.0.1-SNAPSHOT.jar/!BOOT-INF/lib/spring-aop-7.0.9.jar!/
[0.447s][info][class,load] org.springframework.aop.framework.adapter.UnknownAdviceTypeException source: jar:nested:/Users/kibong_home/Desktop/development/blog/build/libs/blog-0.0.1-SNAPSHOT.jar/!BOOT-INF/lib/spring-aop-7.0.9.jar!/
[0.447s][info][class,load] org.springframework.aop.framework.adapter.AdvisorAdapter source: jar:nested:/Users/kibong_home/Desktop/development/blog/build/libs/blog-0.0.1-SNAPSHOT.jar/!BOOT-INF/lib/spring-aop-7.0.9.jar!/
[0.447s][info][class,load] org.aopalliance.aop.Advice source: jar:nested:/Users/kibong_home/Desktop/development/blog/build/libs/blog-0.0.1-SNAPSHOT.jar/!BOOT-INF/lib/spring-aop-7.0.9.jar!/
[0.447s][info][class,load] org.aopalliance.intercept.Interceptor source: jar:nested:/Users/kibong_home/Desktop/development/blog/build/libs/blog-0.0.1-SNAPSHOT.jar/!BOOT-INF/lib/spring-aop-7.0.9.jar!/
[0.447s][info][class,load] org.aopalliance.intercept.MethodInterceptor source: jar:nested:/Users/kibong_home/Desktop/development/blog/build/libs/blog-0.0.1-SNAPSHOT.jar/!BOOT-INF/lib/spring-aop-7.0.9.jar!/
[0.447s][info][class,load] org.springframework.aop.framework.adapter.MethodBeforeAdviceAdapter source: jar:nested:/Users/kibong_home/Desktop/development/blog/build/libs/blog-0.0.1-SNAPSHOT.jar/!BOOT-INF/lib/spring-aop-7.0.9.jar!/
[0.447s][info][class,load] org.springframework.aop.framework.adapter.AfterReturningAdviceAdapter source: jar:nested:/Users/kibong_home/Desktop/development/blog/build/libs/blog-0.0.1-SNAPSHOT.jar/!BOOT-INF/lib/spring-aop-7.0.9.jar!/
[0.447s][info][class,load] org.springframework.aop.framework.adapter.ThrowsAdviceAdapter source: jar:nested:/Users/kibong_home/Desktop/development/blog/build/libs/blog-0.0.1-SNAPSHOT.jar/!BOOT-INF/lib/spring-aop-7.0.9.jar!/
[0.447s][info][class,load] java.lang.invoke.LambdaForm$DMH/0x00000f0001210c00 source: __JVM_LookupDefineClass__
[0.447s][info][class,load] org.springframework.beans.factory.annotation.InitDestroyAnnotationBeanPostProcessor$$Lambda/0x00000f000121f2a0 source: org.springframework.beans.factory.annotation.InitDestroyAnnotationBeanPostProcessor
[0.447s][info][class,load] org.springframework.beans.factory.annotation.InjectionMetadata source: jar:nested:/Users/kibong_home/Desktop/development/blog/build/libs/blog-0.0.1-SNAPSHOT.jar/!BOOT-INF/lib/spring-beans-7.0.9.jar!/
[0.447s][info][class,load] org.springframework.beans.factory.annotation.InjectionMetadata$1 source: jar:nested:/Users/kibong_home/Desktop/development/blog/build/libs/blog-0.0.1-SNAPSHOT.jar/!BOOT-INF/lib/spring-beans-7.0.9.jar!/
[0.448s][info][class,load] org.springframework.util.ReflectionUtils$FieldCallback source: jar:nested:/Users/kibong_home/Desktop/development/blog/build/libs/blog-0.0.1-SNAPSHOT.jar/!BOOT-INF/lib/spring-core-7.0.9.jar!/
[0.448s][info][class,load] org.springframework.context.annotation.CommonAnnotationBeanPostProcessor$$Lambda/0x00000f000121fb68 source: org.springframework.context.annotation.CommonAnnotationBeanPostProcessor
[0.448s][info][class,load] org.springframework.context.annotation.CommonAnnotationBeanPostProcessor$$Lambda/0x00000f000121fd98 source: org.springframework.context.annotation.CommonAnnotationBeanPostProcessor
[0.448s][info][class,load] org.springframework.beans.factory.annotation.AutowiredAnnotationBeanPostProcessor$$Lambda/0x00000f0001220000 source: org.springframework.beans.factory.annotation.AutowiredAnnotationBeanPostProcessor
[0.448s][info][class,load] org.springframework.beans.factory.annotation.AutowiredAnnotationBeanPostProcessor$$Lambda/0x00000f0001220230 source: org.springframework.beans.factory.annotation.AutowiredAnnotationBeanPostProcessor
[0.448s][info][class,load] org.springframework.beans.Mergeable source: jar:nested:/Users/kibong_home/Desktop/development/blog/build/libs/blog-0.0.1-SNAPSHOT.jar/!BOOT-INF/lib/spring-beans-7.0.9.jar!/
[0.448s][info][class,load] org.springframework.beans.factory.support.ManagedList source: jar:nested:/Users/kibong_home/Desktop/development/blog/build/libs/blog-0.0.1-SNAPSHOT.jar/!BOOT-INF/lib/spring-beans-7.0.9.jar!/
[0.449s][info][class,load] org.springframework.beans.factory.support.ManagedArray source: jar:nested:/Users/kibong_home/Desktop/development/blog/build/libs/blog-0.0.1-SNAPSHOT.jar/!BOOT-INF/lib/spring-beans-7.0.9.jar!/
[0.449s][info][class,load] org.springframework.beans.factory.support.ManagedSet source: jar:nested:/Users/kibong_home/Desktop/development/blog/build/libs/blog-0.0.1-SNAPSHOT.jar/!BOOT-INF/lib/spring-beans-7.0.9.jar!/
[0.449s][info][class,load] org.springframework.beans.factory.support.ManagedMap source: jar:nested:/Users/kibong_home/Desktop/development/blog/build/libs/blog-0.0.1-SNAPSHOT.jar/!BOOT-INF/lib/spring-beans-7.0.9.jar!/
[0.449s][info][class,load] org.springframework.beans.factory.support.ManagedProperties source: jar:nested:/Users/kibong_home/Desktop/development/blog/build/libs/blog-0.0.1-SNAPSHOT.jar/!BOOT-INF/lib/spring-beans-7.0.9.jar!/
[0.449s][info][class,load] org.springframework.core.convert.support.NumberToNumberConverterFactory$NumberToNumber source: jar:nested:/Users/kibong_home/Desktop/development/blog/build/libs/blog-0.0.1-SNAPSHOT.jar/!BOOT-INF/lib/spring-core-7.0.9.jar!/
[0.450s][info][class,load] java.lang.invoke.LambdaForm$DMH/0x00000f0001224000 source: __JVM_LookupDefineClass__
[0.450s][info][class,load] sun.invoke.util.ValueConversions$1 source: jrt:/java.base
[0.450s][info][class,load] java.lang.invoke.MethodHandles$1 source: shared objects file
[0.450s][info][class,load] java.lang.invoke.ClassSpecializer$Factory$1 source: jrt:/java.base
[0.450s][info][class,load] java.lang.invoke.ClassSpecializer$Factory$1$1 source: jrt:/java.base
[0.450s][info][class,load] java.lang.invoke.ClassSpecializer$Factory$1$1Var source: jrt:/java.base
[0.450s][info][class,load] java.lang.invoke.ClassSpecializer$Factory$1$2 source: jrt:/java.base
[0.450s][info][class,load] java.lang.invoke.ClassSpecializer$Factory$1$3 source: jrt:/java.base
[0.450s][info][class,load] java.lang.invoke.ClassSpecializer$Factory$1$4 source: jrt:/java.base
[0.450s][info][class,load] java.lang.invoke.ClassSpecializer$Factory$1$5 source: jrt:/java.base
[0.450s][info][class,load] java.lang.invoke.ClassSpecializer$Factory$1$5$1 source: jrt:/java.base
[0.450s][info][class,load] java.lang.invoke.BoundMethodHandle$Species_LI source: __JVM_LookupDefineClass__
[0.450s][info][class,load] java.lang.invoke.LambdaForm$DMH/0x00000f0001224400 source: __JVM_LookupDefineClass__
[0.450s][info][class,load] java.lang.invoke.LambdaForm$MH/0x00000f0001224800 source: __JVM_LookupDefineClass__
[0.451s][info][class,load] java.lang.invoke.LambdaForm$DMH/0x00000f0001224c00 source: __JVM_LookupDefineClass__
[0.451s][info][class,load] java.lang.invoke.LambdaForm$BMH/0x00000f0001225000 source: __JVM_LookupDefineClass__
[0.451s][info][class,load] java.lang.invoke.LambdaForm$MH/0x00000f0001225400 source: __JVM_LookupDefineClass__
[0.451s][info][class,load] java.lang.invoke.LambdaForm$MH/0x00000f0001225800 source: __JVM_LookupDefineClass__
[0.451s][info][class,load] java.lang.invoke.LambdaForm$MH/0x00000f0001225c00 source: __JVM_LookupDefineClass__
[0.451s][info][class,load] org.springframework.aop.framework.autoproxy.AutoProxyUtils source: jar:nested:/Users/kibong_home/Desktop/development/blog/build/libs/blog-0.0.1-SNAPSHOT.jar/!BOOT-INF/lib/spring-aop-7.0.9.jar!/
[0.451s][info][class,load] java.lang.invoke.LambdaForm$MH/0x00000f0001226000 source: __JVM_LookupDefineClass__
[0.451s][info][class,load] java.lang.invoke.LambdaForm$MH/0x00000f0001226400 source: __JVM_LookupDefineClass__
[0.452s][info][class,load] java.lang.invoke.LambdaForm$MH/0x00000f0001226800 source: __JVM_LookupDefineClass__
[0.452s][info][class,load] org.springframework.context.HierarchicalMessageSource source: jar:nested:/Users/kibong_home/Desktop/development/blog/build/libs/blog-0.0.1-SNAPSHOT.jar/!BOOT-INF/lib/spring-context-7.0.9.jar!/
[0.452s][info][class,load] org.springframework.context.support.MessageSourceSupport source: jar:nested:/Users/kibong_home/Desktop/development/blog/build/libs/blog-0.0.1-SNAPSHOT.jar/!BOOT-INF/lib/spring-context-7.0.9.jar!/
[0.452s][info][class,load] org.springframework.context.support.DelegatingMessageSource source: jar:nested:/Users/kibong_home/Desktop/development/blog/build/libs/blog-0.0.1-SNAPSHOT.jar/!BOOT-INF/lib/spring-context-7.0.9.jar!/
[0.452s][info][class,load] org.springframework.context.NoSuchMessageException source: jar:nested:/Users/kibong_home/Desktop/development/blog/build/libs/blog-0.0.1-SNAPSHOT.jar/!BOOT-INF/lib/spring-context-7.0.9.jar!/
[0.452s][info][class,load] sun.util.locale.provider.LocaleServiceProviderPool source: shared objects file
[0.452s][info][class,load] java.text.spi.BreakIteratorProvider source: shared objects file
[0.452s][info][class,load] java.text.spi.CollatorProvider source: shared objects file
[0.452s][info][class,load] java.text.spi.DateFormatProvider source: shared objects file
[0.452s][info][class,load] java.text.spi.DateFormatSymbolsProvider source: shared objects file
[0.452s][info][class,load] java.text.spi.NumberFormatProvider source: shared objects file
[0.452s][info][class,load] java.util.spi.CurrencyNameProvider source: shared objects file
[0.452s][info][class,load] java.util.spi.LocaleNameProvider source: shared objects file
[0.452s][info][class,load] java.util.spi.TimeZoneNameProvider source: shared objects file
[0.452s][info][class,load] java.util.spi.CalendarDataProvider source: shared objects file
[0.452s][info][class,load] sun.util.locale.provider.LocaleServiceProviderPool$AllAvailableLocales source: jrt:/java.base
[0.452s][info][class,load] sun.util.locale.provider.FallbackLocaleProviderAdapter source: jrt:/java.base
[0.452s][info][class,load] sun.util.locale.provider.BreakIteratorProviderImpl source: jrt:/java.base
[0.452s][info][class,load] sun.util.locale.provider.BaseLocaleDataMetaInfo source: jrt:/java.base
[0.452s][info][class,load] sun.util.resources.provider.NonBaseLocaleDataMetaInfo source: jrt:/jdk.localedata
[0.452s][info][class,load] sun.util.locale.provider.LocaleProviderAdapter$$Lambda/0x80000005b source: shared objects file
[0.452s][info][class,load] sun.util.locale.provider.LocaleProviderAdapter$$Lambda/0x80000005d source: shared objects file
[0.453s][info][class,load] sun.util.locale.provider.CollatorProviderImpl source: jrt:/java.base
[0.453s][info][class,load] sun.util.locale.provider.DateFormatProviderImpl source: shared objects file
[0.458s][info][class,load] sun.util.locale.provider.DateFormatSymbolsProviderImpl source: shared objects file
[0.462s][info][class,load] sun.util.locale.provider.NumberFormatProviderImpl source: shared objects file
[0.463s][info][class,load] sun.util.cldr.CLDRLocaleProviderAdapter$$Lambda/0x00000f00011f16f0 source: sun.util.cldr.CLDRLocaleProviderAdapter
[0.463s][info][class,load] sun.util.cldr.CLDRLocaleProviderAdapter$$Lambda/0x00000f00011f1938 source: sun.util.cldr.CLDRLocaleProviderAdapter
[0.464s][info][class,load] sun.util.locale.provider.JRELocaleProviderAdapter$AvailableJRELocales source: jrt:/java.base
[0.464s][info][class,load] sun.util.locale.provider.JRELocaleProviderAdapter$$Lambda/0x00000f00011f1d70 source: sun.util.locale.provider.JRELocaleProviderAdapter
[0.464s][info][class,load] sun.util.locale.provider.JRELocaleProviderAdapter$$Lambda/0x00000f00011f1fb8 source: sun.util.locale.provider.JRELocaleProviderAdapter
[0.464s][info][class,load] sun.util.locale.provider.JRELocaleConstants source: jrt:/java.base
[0.464s][info][class,load] sun.util.locale.LocaleExtensions source: jrt:/java.base
[0.464s][info][class,load] sun.util.locale.Extension source: jrt:/java.base
[0.464s][info][class,load] sun.util.locale.UnicodeLocaleExtension source: jrt:/java.base
[0.464s][info][class,load] java.util.Locale$LocaleKey source: jrt:/java.base
[0.465s][info][class,load] sun.util.locale.provider.FallbackLocaleProviderAdapter$$Lambda/0x00000f00011f2ce8 source: sun.util.locale.provider.FallbackLocaleProviderAdapter
[0.465s][info][class,load] sun.util.locale.provider.CurrencyNameProviderImpl source: jrt:/java.base
[0.466s][info][class,load] sun.util.locale.provider.LocaleNameProviderImpl source: jrt:/java.base
[0.468s][info][class,load] sun.util.locale.provider.TimeZoneNameProviderImpl source: jrt:/java.base
[0.468s][info][class,load] sun.util.cldr.CLDRTimeZoneNameProviderImpl source: jrt:/java.base
[0.469s][info][class,load] sun.util.locale.provider.CalendarDataProviderImpl source: shared objects file
[0.469s][info][class,load] sun.util.cldr.CLDRCalendarDataProviderImpl source: shared objects file
[0.470s][info][class,load] org.springframework.context.support.MessageSourceSupport$$Lambda/0x00000f00012232a0 source: org.springframework.context.support.MessageSourceSupport
[0.471s][info][class,load] java.text.Format source: shared objects file
[0.471s][info][class,load] java.text.MessageFormat source: jrt:/java.base
[0.471s][info][class,load] org.springframework.aop.framework.autoproxy.AbstractAutoProxyCreator$ComposedCacheKey source: jar:nested:/Users/kibong_home/Desktop/development/blog/build/libs/blog-0.0.1-SNAPSHOT.jar/!BOOT-INF/lib/spring-aop-7.0.9.jar!/
[0.472s][info][class,load] org.springframework.aop.Pointcut source: jar:nested:/Users/kibong_home/Desktop/development/blog/build/libs/blog-0.0.1-SNAPSHOT.jar/!BOOT-INF/lib/spring-aop-7.0.9.jar!/
[0.472s][info][class,load] org.springframework.aop.framework.autoproxy.ProxyCreationContext source: jar:nested:/Users/kibong_home/Desktop/development/blog/build/libs/blog-0.0.1-SNAPSHOT.jar/!BOOT-INF/lib/spring-aop-7.0.9.jar!/
[0.472s][info][class,load] org.springframework.beans.factory.support.ConstructorResolver$ArgumentsHolder source: jar:nested:/Users/kibong_home/Desktop/development/blog/build/libs/blog-0.0.1-SNAPSHOT.jar/!BOOT-INF/lib/spring-beans-7.0.9.jar!/
[0.472s][info][class,load] org.springframework.beans.factory.config.DependencyDescriptor$1 source: jar:nested:/Users/kibong_home/Desktop/development/blog/build/libs/blog-0.0.1-SNAPSHOT.jar/!BOOT-INF/lib/spring-beans-7.0.9.jar!/
[0.473s][info][class,load] org.springframework.beans.factory.support.DefaultListableBeanFactory$$Lambda/0x00000f0001228000 source: org.springframework.beans.factory.support.DefaultListableBeanFactory
[0.473s][info][class,load] org.springframework.core.SimpleAliasRegistry$$Lambda/0x00000f0001228250 source: org.springframework.core.SimpleAliasRegistry
[0.473s][info][class,load] org.springframework.beans.factory.support.DefaultListableBeanFactory$StreamDependencyDescriptor source: jar:nested:/Users/kibong_home/Desktop/development/blog/build/libs/blog-0.0.1-SNAPSHOT.jar/!BOOT-INF/lib/spring-beans-7.0.9.jar!/
[0.473s][info][class,load] org.springframework.boot.task.ThreadPoolTaskExecutorCustomizer source: jar:nested:/Users/kibong_home/Desktop/development/blog/build/libs/blog-0.0.1-SNAPSHOT.jar/!BOOT-INF/lib/spring-boot-4.1.1.jar!/
[0.473s][info][class,load] org.springframework.core.task.TaskDecorator source: jar:nested:/Users/kibong_home/Desktop/development/blog/build/libs/blog-0.0.1-SNAPSHOT.jar/!BOOT-INF/lib/spring-core-7.0.9.jar!/
[0.474s][info][class,load] org.springframework.boot.autoconfigure.task.TaskExecutionProperties$Pool$Shutdown source: jar:nested:/Users/kibong_home/Desktop/development/blog/build/libs/blog-0.0.1-SNAPSHOT.jar/!BOOT-INF/lib/spring-boot-autoconfigure-4.1.1.jar!/
[0.474s][info][class,load] org.springframework.core.annotation.SynthesizedMergedAnnotationInvocationHandler source: jar:nested:/Users/kibong_home/Desktop/development/blog/build/libs/blog-0.0.1-SNAPSHOT.jar/!BOOT-INF/lib/spring-core-7.0.9.jar!/
[0.474s][info][class,load] org.springframework.validation.annotation.Validated source: jar:nested:/Users/kibong_home/Desktop/development/blog/build/libs/blog-0.0.1-SNAPSHOT.jar/!BOOT-INF/lib/spring-context-7.0.9.jar!/
[0.475s][info][class,load] org.springframework.boot.context.properties.bind.Bindable$$Lambda/0x00000f00012293d0 source: org.springframework.boot.context.properties.bind.Bindable
[0.475s][info][class,load] org.springframework.boot.context.properties.bind.handler.IgnoreTopLevelConverterNotFoundBindHandler source: jar:nested:/Users/kibong_home/Desktop/development/blog/build/libs/blog-0.0.1-SNAPSHOT.jar/!BOOT-INF/lib/spring-boot-4.1.1.jar!/
[0.475s][info][class,load] org.springframework.boot.context.properties.bind.BoundPropertiesTrackingBindHandler source: jar:nested:/Users/kibong_home/Desktop/development/blog/build/libs/blog-0.0.1-SNAPSHOT.jar/!BOOT-INF/lib/spring-boot-4.1.1.jar!/
[0.475s][info][class,load] org.springframework.boot.context.properties.ConfigurationPropertiesBinder$$Lambda/0x00000f0001229ae8 source: org.springframework.boot.context.properties.ConfigurationPropertiesBinder
[0.475s][info][class,load] org.springframework.boot.context.properties.ConfigurationPropertiesBinder$ConfigurationPropertiesBindHandler source: jar:nested:/Users/kibong_home/Desktop/development/blog/build/libs/blog-0.0.1-SNAPSHOT.jar/!BOOT-INF/lib/spring-boot-4.1.1.jar!/
[0.475s][info][class,load] org.springframework.core.annotation.SynthesizedMergedAnnotationInvocationHandler$$Lambda/0x00000f0001229fa0 source: org.springframework.core.annotation.SynthesizedMergedAnnotationInvocationHandler
[0.475s][info][class,load] org.springframework.core.annotation.SynthesizedMergedAnnotationInvocationHandler$$Lambda/0x00000f000122a1f0 source: org.springframework.core.annotation.SynthesizedMergedAnnotationInvocationHandler
[0.475s][info][class,load] org.springframework.boot.context.properties.ConfigurationPropertiesBindHandlerAdvisor source: jar:nested:/Users/kibong_home/Desktop/development/blog/build/libs/blog-0.0.1-SNAPSHOT.jar/!BOOT-INF/lib/spring-boot-4.1.1.jar!/
[0.476s][info][class,load] org.springframework.beans.factory.support.DefaultListableBeanFactory$BeanObjectProvider source: jar:nested:/Users/kibong_home/Desktop/development/blog/build/libs/blog-0.0.1-SNAPSHOT.jar/!BOOT-INF/lib/spring-beans-7.0.9.jar!/
[0.476s][info][class,load] org.springframework.beans.factory.support.DefaultListableBeanFactory$1 source: jar:nested:/Users/kibong_home/Desktop/development/blog/build/libs/blog-0.0.1-SNAPSHOT.jar/!BOOT-INF/lib/spring-beans-7.0.9.jar!/
[0.476s][info][class,load] org.springframework.beans.factory.ObjectProvider$$Lambda/0x00000f000122aba8 source: org.springframework.beans.factory.ObjectProvider
[0.477s][info][class,load] org.springframework.boot.context.properties.ConversionServiceDeducer source: jar:nested:/Users/kibong_home/Desktop/development/blog/build/libs/blog-0.0.1-SNAPSHOT.jar/!BOOT-INF/lib/spring-boot-4.1.1.jar!/
[0.477s][info][class,load] org.springframework.boot.context.properties.ConfigurationPropertiesCharSequenceToObjectConverter source: jar:nested:/Users/kibong_home/Desktop/development/blog/build/libs/blog-0.0.1-SNAPSHOT.jar/!BOOT-INF/lib/spring-boot-4.1.1.jar!/
[0.477s][info][class,load] org.springframework.beans.factory.annotation.BeanFactoryAnnotationUtils source: jar:nested:/Users/kibong_home/Desktop/development/blog/build/libs/blog-0.0.1-SNAPSHOT.jar/!BOOT-INF/lib/spring-beans-7.0.9.jar!/
[0.477s][info][class,load] org.springframework.boot.convert.ApplicationConversionService$$Lambda/0x00000f000122b490 source: org.springframework.boot.convert.ApplicationConversionService
[0.478s][info][class,load] org.springframework.boot.context.properties.ConfigurationPropertiesBinder$$Lambda/0x00000f000122b6d0 source: org.springframework.boot.context.properties.ConfigurationPropertiesBinder
[0.479s][info][class,load] org.springframework.beans.factory.support.DefaultListableBeanFactory$DependencyObjectProvider source: jar:nested:/Users/kibong_home/Desktop/development/blog/build/libs/blog-0.0.1-SNAPSHOT.jar/!BOOT-INF/lib/spring-beans-7.0.9.jar!/
[0.479s][info][class,load] org.springframework.beans.factory.support.DefaultListableBeanFactory$DependencyObjectProvider$3 source: jar:nested:/Users/kibong_home/Desktop/development/blog/build/libs/blog-0.0.1-SNAPSHOT.jar/!BOOT-INF/lib/spring-beans-7.0.9.jar!/
[0.479s][info][class,load] org.springframework.beans.factory.support.DefaultListableBeanFactory$DependencyObjectProvider$2 source: jar:nested:/Users/kibong_home/Desktop/development/blog/build/libs/blog-0.0.1-SNAPSHOT.jar/!BOOT-INF/lib/spring-beans-7.0.9.jar!/
[0.479s][info][class,load] org.springframework.beans.factory.support.DefaultListableBeanFactory$DependencyObjectProvider$1 source: jar:nested:/Users/kibong_home/Desktop/development/blog/build/libs/blog-0.0.1-SNAPSHOT.jar/!BOOT-INF/lib/spring-beans-7.0.9.jar!/
[0.479s][info][class,load] java.lang.invoke.LambdaForm$DMH/0x00000f0001230000 source: __JVM_LookupDefineClass__
[0.479s][info][class,load] java.lang.invoke.LambdaForm$MH/0x00000f0001230400 source: __JVM_LookupDefineClass__
[0.479s][info][class,load] java.lang.invoke.LambdaForm$MH/0x00000f0001230800 source: __JVM_LookupDefineClass__
[0.480s][info][class,load] java.lang.invoke.LambdaForm$MH/0x00000f0001230c00 source: __JVM_LookupDefineClass__
[0.480s][info][class,load] java.lang.invoke.LambdaForm$MH/0x00000f0001231000 source: __JVM_LookupDefineClass__
[0.480s][info][class,load] org.springframework.beans.factory.support.DefaultListableBeanFactory$$Lambda/0x00000f000122c518 source: org.springframework.beans.factory.support.DefaultListableBeanFactory
[0.480s][info][class,load] org.springframework.beans.factory.support.DefaultListableBeanFactory$$Lambda/0x00000f000122c768 source: org.springframework.beans.factory.support.DefaultListableBeanFactory
[0.480s][info][class,load] org.springframework.beans.factory.support.DefaultListableBeanFactory$$Lambda/0x00000f000122c9c0 source: org.springframework.beans.factory.support.DefaultListableBeanFactory
[0.480s][info][class,load] org.springframework.beans.factory.support.DefaultListableBeanFactory$FactoryAwareOrderSourceProvider source: jar:nested:/Users/kibong_home/Desktop/development/blog/build/libs/blog-0.0.1-SNAPSHOT.jar/!BOOT-INF/lib/spring-beans-7.0.9.jar!/
[0.480s][info][class,load] java.lang.invoke.LambdaForm$DMH/0x00000f0001231400 source: __JVM_LookupDefineClass__
[0.480s][info][class,load] org.springframework.core.OrderComparator$$Lambda/0x00000f000122ce38 source: org.springframework.core.OrderComparator
[0.480s][info][class,load] org.springframework.boot.autoconfigure.task.TaskExecutorConfigurations$ThreadPoolTaskExecutorBuilderConfiguration$$Lambda/0x00000f000122d0e0 source: org.springframework.boot.autoconfigure.task.TaskExecutorConfigurations
[0.481s][info][class,load] org.springframework.boot.task.ThreadPoolTaskExecutorBuilder$$Lambda/0x00000f000122d330 source: org.springframework.boot.task.ThreadPoolTaskExecutorBuilder
[0.481s][info][class,load] java.lang.invoke.LambdaForm$MH/0x00000f0001231800 source: __JVM_LookupDefineClass__
[0.481s][info][class,load] java.lang.invoke.LambdaForm$MH/0x00000f0001231c00 source: __JVM_LookupDefineClass__
[0.481s][info][class,load] java.util.concurrent.Future source: shared objects file
[0.481s][info][class,load] org.springframework.scheduling.concurrent.ThreadPoolTaskExecutor$1 source: jar:nested:/Users/kibong_home/Desktop/development/blog/build/libs/blog-0.0.1-SNAPSHOT.jar/!BOOT-INF/lib/spring-context-7.0.9.jar!/
[0.481s][info][class,load] org.springframework.core.task.TaskRejectedException source: jar:nested:/Users/kibong_home/Desktop/development/blog/build/libs/blog-0.0.1-SNAPSHOT.jar/!BOOT-INF/lib/spring-core-7.0.9.jar!/
[0.481s][info][class,load] org.springframework.boot.context.properties.PropertyMapper source: jar:nested:/Users/kibong_home/Desktop/development/blog/build/libs/blog-0.0.1-SNAPSHOT.jar/!BOOT-INF/lib/spring-boot-4.1.1.jar!/
[0.482s][info][class,load] org.springframework.boot.context.properties.PropertyMapper$$Lambda/0x00000f000122e020 source: org.springframework.boot.context.properties.PropertyMapper
[0.482s][info][class,load] org.springframework.boot.context.properties.PropertyMapper$Source source: jar:nested:/Users/kibong_home/Desktop/development/blog/build/libs/blog-0.0.1-SNAPSHOT.jar/!BOOT-INF/lib/spring-boot-4.1.1.jar!/
[0.482s][info][class,load] org.springframework.util.function.SingletonSupplier source: jar:nested:/Users/kibong_home/Desktop/development/blog/build/libs/blog-0.0.1-SNAPSHOT.jar/!BOOT-INF/lib/spring-core-7.0.9.jar!/
[0.482s][info][class,load] org.springframework.boot.context.properties.PropertyMapper$$Lambda/0x00000f000122e6a8 source: org.springframework.boot.context.properties.PropertyMapper
[0.482s][info][class,load] org.springframework.boot.task.ThreadPoolTaskExecutorBuilder$$Lambda/0x00000f000122e900 source: org.springframework.boot.task.ThreadPoolTaskExecutorBuilder
[0.482s][info][class,load] org.springframework.boot.task.ThreadPoolTaskExecutorBuilder$$Lambda/0x00000f000122eb40 source: org.springframework.boot.task.ThreadPoolTaskExecutorBuilder
[0.482s][info][class,load] org.springframework.boot.task.ThreadPoolTaskExecutorBuilder$$Lambda/0x00000f000122ed80 source: org.springframework.boot.task.ThreadPoolTaskExecutorBuilder
[0.482s][info][class,load] org.springframework.boot.context.properties.PropertyMapper$Source$Adapter source: jar:nested:/Users/kibong_home/Desktop/development/blog/build/libs/blog-0.0.1-SNAPSHOT.jar/!BOOT-INF/lib/spring-boot-4.1.1.jar!/
[0.482s][info][class,load] java.lang.invoke.LambdaForm$DMH/0x00000f0001232000 source: __JVM_LookupDefineClass__
[0.482s][info][class,load] org.springframework.boot.task.ThreadPoolTaskExecutorBuilder$$Lambda/0x00000f000122f1c8 source: org.springframework.boot.task.ThreadPoolTaskExecutorBuilder
[0.482s][info][class,load] org.springframework.boot.context.properties.PropertyMapper$Source$$Lambda/0x00000f000122f3f0 source: org.springframework.boot.context.properties.PropertyMapper
[0.483s][info][class,load] org.springframework.boot.context.properties.PropertyMapper$Source$$Lambda/0x00000f000122f620 source: org.springframework.boot.context.properties.PropertyMapper
[0.483s][info][class,load] java.lang.invoke.LambdaForm$DMH/0x00000f0001232400 source: __JVM_LookupDefineClass__
[0.483s][info][class,load] org.springframework.boot.context.properties.PropertyMapper$Source$$Lambda/0x00000f000122f880 source: org.springframework.boot.context.properties.PropertyMapper
[0.483s][info][class,load] org.springframework.boot.task.ThreadPoolTaskExecutorBuilder$$Lambda/0x00000f000122faa8 source: org.springframework.boot.task.ThreadPoolTaskExecutorBuilder
[0.483s][info][class,load] org.springframework.boot.task.ThreadPoolTaskExecutorBuilder$$Lambda/0x00000f000122fce8 source: org.springframework.boot.task.ThreadPoolTaskExecutorBuilder
[0.483s][info][class,load] org.springframework.boot.task.ThreadPoolTaskExecutorBuilder$$Lambda/0x00000f0001234000 source: org.springframework.boot.task.ThreadPoolTaskExecutorBuilder
[0.483s][info][class,load] org.springframework.boot.task.ThreadPoolTaskExecutorBuilder$$Lambda/0x00000f0001234240 source: org.springframework.boot.task.ThreadPoolTaskExecutorBuilder
[0.483s][info][class,load] org.springframework.boot.task.ThreadPoolTaskExecutorBuilder$$Lambda/0x00000f0001234480 source: org.springframework.boot.task.ThreadPoolTaskExecutorBuilder
[0.483s][info][class,load] java.lang.invoke.LambdaForm$DMH/0x00000f0001232800 source: __JVM_LookupDefineClass__
[0.483s][info][class,load] org.springframework.boot.task.ThreadPoolTaskExecutorBuilder$$Lambda/0x00000f00012346a8 source: org.springframework.boot.task.ThreadPoolTaskExecutorBuilder
[0.483s][info][class,load] org.springframework.boot.context.properties.PropertyMapper$Source$$Lambda/0x00000f00012348e8 source: org.springframework.boot.context.properties.PropertyMapper
[0.483s][info][class,load] org.springframework.boot.task.ThreadPoolTaskExecutorBuilder$$Lambda/0x00000f0001234b40 source: org.springframework.boot.task.ThreadPoolTaskExecutorBuilder
[0.483s][info][class,load] org.springframework.boot.task.ThreadPoolTaskExecutorBuilder$$Lambda/0x00000f0001234d80 source: org.springframework.boot.task.ThreadPoolTaskExecutorBuilder
[0.483s][info][class,load] java.util.concurrent.CompletionStage source: jrt:/java.base
[0.483s][info][class,load] java.util.concurrent.CompletableFuture source: jrt:/java.base
[0.484s][info][class,load] org.springframework.scheduling.concurrent.ExecutorLifecycleDelegate source: jar:nested:/Users/kibong_home/Desktop/development/blog/build/libs/blog-0.0.1-SNAPSHOT.jar/!BOOT-INF/lib/spring-context-7.0.9.jar!/
[0.484s][info][class,load] org.springframework.beans.factory.BeanFactoryInitializer source: jar:nested:/Users/kibong_home/Desktop/development/blog/build/libs/blog-0.0.1-SNAPSHOT.jar/!BOOT-INF/lib/spring-beans-7.0.9.jar!/
[0.484s][info][class,load] org.springframework.context.weaving.LoadTimeWeaverAware source: jar:nested:/Users/kibong_home/Desktop/development/blog/build/libs/blog-0.0.1-SNAPSHOT.jar/!BOOT-INF/lib/spring-context-7.0.9.jar!/
[0.484s][info][class,load] org.springframework.beans.BeanUtils$KotlinDelegate source: jar:nested:/Users/kibong_home/Desktop/development/blog/build/libs/blog-0.0.1-SNAPSHOT.jar/!BOOT-INF/lib/spring-beans-7.0.9.jar!/
[0.485s][info][class,load] kotlin.reflect.KAnnotatedElement source: jar:nested:/Users/kibong_home/Desktop/development/blog/build/libs/blog-0.0.1-SNAPSHOT.jar/!BOOT-INF/lib/kotlin-stdlib-2.3.21.jar!/
[0.485s][info][class,load] kotlin.reflect.KCallable source: jar:nested:/Users/kibong_home/Desktop/development/blog/build/libs/blog-0.0.1-SNAPSHOT.jar/!BOOT-INF/lib/kotlin-stdlib-2.3.21.jar!/
[0.485s][info][class,load] kotlin.jvm.JvmClassMappingKt source: jar:nested:/Users/kibong_home/Desktop/development/blog/build/libs/blog-0.0.1-SNAPSHOT.jar/!BOOT-INF/lib/kotlin-stdlib-2.3.21.jar!/
[0.485s][info][class,load] kotlin.jvm.internal.Reflection source: jar:nested:/Users/kibong_home/Desktop/development/blog/build/libs/blog-0.0.1-SNAPSHOT.jar/!BOOT-INF/lib/kotlin-stdlib-2.3.21.jar!/
[0.485s][info][class,load] kotlin.reflect.KClassifier source: jar:nested:/Users/kibong_home/Desktop/development/blog/build/libs/blog-0.0.1-SNAPSHOT.jar/!BOOT-INF/lib/kotlin-stdlib-2.3.21.jar!/
[0.485s][info][class,load] kotlin.jvm.internal.ReflectionFactory source: jar:nested:/Users/kibong_home/Desktop/development/blog/build/libs/blog-0.0.1-SNAPSHOT.jar/!BOOT-INF/lib/kotlin-stdlib-2.3.21.jar!/
[0.485s][info][class,load] kotlin.reflect.jvm.internal.ReflectionFactoryImpl source: jar:nested:/Users/kibong_home/Desktop/development/blog/build/libs/blog-0.0.1-SNAPSHOT.jar/!BOOT-INF/lib/kotlin-reflect-2.3.21.jar!/
[0.485s][info][class,load] kotlin.reflect.KTypeParameter source: jar:nested:/Users/kibong_home/Desktop/development/blog/build/libs/blog-0.0.1-SNAPSHOT.jar/!BOOT-INF/lib/kotlin-stdlib-2.3.21.jar!/
[0.485s][info][class,load] kotlin.reflect.KDeclarationContainer source: jar:nested:/Users/kibong_home/Desktop/development/blog/build/libs/blog-0.0.1-SNAPSHOT.jar/!BOOT-INF/lib/kotlin-stdlib-2.3.21.jar!/
[0.485s][info][class,load] kotlin.reflect.KClass source: jar:nested:/Users/kibong_home/Desktop/development/blog/build/libs/blog-0.0.1-SNAPSHOT.jar/!BOOT-INF/lib/kotlin-stdlib-2.3.21.jar!/
[0.485s][info][class,load] kotlin.reflect.KProperty source: jar:nested:/Users/kibong_home/Desktop/development/blog/build/libs/blog-0.0.1-SNAPSHOT.jar/!BOOT-INF/lib/kotlin-stdlib-2.3.21.jar!/
[0.485s][info][class,load] kotlin.Function source: jar:nested:/Users/kibong_home/Desktop/development/blog/build/libs/blog-0.0.1-SNAPSHOT.jar/!BOOT-INF/lib/kotlin-stdlib-2.3.21.jar!/
[0.485s][info][class,load] kotlin.jvm.functions.Function0 source: jar:nested:/Users/kibong_home/Desktop/development/blog/build/libs/blog-0.0.1-SNAPSHOT.jar/!BOOT-INF/lib/kotlin-stdlib-2.3.21.jar!/
[0.485s][info][class,load] kotlin.reflect.KProperty0 source: jar:nested:/Users/kibong_home/Desktop/development/blog/build/libs/blog-0.0.1-SNAPSHOT.jar/!BOOT-INF/lib/kotlin-stdlib-2.3.21.jar!/
[0.485s][info][class,load] kotlin.reflect.KMutableProperty source: jar:nested:/Users/kibong_home/Desktop/development/blog/build/libs/blog-0.0.1-SNAPSHOT.jar/!BOOT-INF/lib/kotlin-stdlib-2.3.21.jar!/
[0.485s][info][class,load] kotlin.reflect.KMutableProperty0 source: jar:nested:/Users/kibong_home/Desktop/development/blog/build/libs/blog-0.0.1-SNAPSHOT.jar/!BOOT-INF/lib/kotlin-stdlib-2.3.21.jar!/
[0.485s][info][class,load] kotlin.jvm.functions.Function1 source: jar:nested:/Users/kibong_home/Desktop/development/blog/build/libs/blog-0.0.1-SNAPSHOT.jar/!BOOT-INF/lib/kotlin-stdlib-2.3.21.jar!/
[0.485s][info][class,load] kotlin.reflect.KProperty1 source: jar:nested:/Users/kibong_home/Desktop/development/blog/build/libs/blog-0.0.1-SNAPSHOT.jar/!BOOT-INF/lib/kotlin-stdlib-2.3.21.jar!/
[0.486s][info][class,load] kotlin.reflect.KMutableProperty1 source: jar:nested:/Users/kibong_home/Desktop/development/blog/build/libs/blog-0.0.1-SNAPSHOT.jar/!BOOT-INF/lib/kotlin-stdlib-2.3.21.jar!/
[0.486s][info][class,load] kotlin.jvm.functions.Function2 source: jar:nested:/Users/kibong_home/Desktop/development/blog/build/libs/blog-0.0.1-SNAPSHOT.jar/!BOOT-INF/lib/kotlin-stdlib-2.3.21.jar!/
[0.486s][info][class,load] kotlin.reflect.KProperty2 source: jar:nested:/Users/kibong_home/Desktop/development/blog/build/libs/blog-0.0.1-SNAPSHOT.jar/!BOOT-INF/lib/kotlin-stdlib-2.3.21.jar!/
[0.486s][info][class,load] kotlin.reflect.KMutableProperty2 source: jar:nested:/Users/kibong_home/Desktop/development/blog/build/libs/blog-0.0.1-SNAPSHOT.jar/!BOOT-INF/lib/kotlin-stdlib-2.3.21.jar!/
[0.486s][info][class,load] kotlin.reflect.KType source: jar:nested:/Users/kibong_home/Desktop/development/blog/build/libs/blog-0.0.1-SNAPSHOT.jar/!BOOT-INF/lib/kotlin-stdlib-2.3.21.jar!/
[0.486s][info][class,load] kotlin.jvm.internal.FunctionBase source: jar:nested:/Users/kibong_home/Desktop/development/blog/build/libs/blog-0.0.1-SNAPSHOT.jar/!BOOT-INF/lib/kotlin-stdlib-2.3.21.jar!/
[0.486s][info][class,load] kotlin.reflect.KFunction source: jar:nested:/Users/kibong_home/Desktop/development/blog/build/libs/blog-0.0.1-SNAPSHOT.jar/!BOOT-INF/lib/kotlin-stdlib-2.3.21.jar!/
[0.486s][info][class,load] kotlin.jvm.internal.KotlinGenericDeclaration source: jar:nested:/Users/kibong_home/Desktop/development/blog/build/libs/blog-0.0.1-SNAPSHOT.jar/!BOOT-INF/lib/kotlin-stdlib-2.3.21.jar!/
[0.486s][info][class,load] kotlin.jvm.internal.CallableReference source: jar:nested:/Users/kibong_home/Desktop/development/blog/build/libs/blog-0.0.1-SNAPSHOT.jar/!BOOT-INF/lib/kotlin-stdlib-2.3.21.jar!/
[0.486s][info][class,load] kotlin.jvm.internal.PropertyReference source: jar:nested:/Users/kibong_home/Desktop/development/blog/build/libs/blog-0.0.1-SNAPSHOT.jar/!BOOT-INF/lib/kotlin-stdlib-2.3.21.jar!/
[0.486s][info][class,load] kotlin.jvm.internal.PropertyReference0 source: jar:nested:/Users/kibong_home/Desktop/development/blog/build/libs/blog-0.0.1-SNAPSHOT.jar/!BOOT-INF/lib/kotlin-stdlib-2.3.21.jar!/
[0.486s][info][class,load] kotlin.jvm.internal.MutablePropertyReference source: jar:nested:/Users/kibong_home/Desktop/development/blog/build/libs/blog-0.0.1-SNAPSHOT.jar/!BOOT-INF/lib/kotlin-stdlib-2.3.21.jar!/
[0.486s][info][class,load] kotlin.jvm.internal.MutablePropertyReference0 source: jar:nested:/Users/kibong_home/Desktop/development/blog/build/libs/blog-0.0.1-SNAPSHOT.jar/!BOOT-INF/lib/kotlin-stdlib-2.3.21.jar!/
[0.486s][info][class,load] kotlin.jvm.internal.PropertyReference1 source: jar:nested:/Users/kibong_home/Desktop/development/blog/build/libs/blog-0.0.1-SNAPSHOT.jar/!BOOT-INF/lib/kotlin-stdlib-2.3.21.jar!/
[0.486s][info][class,load] kotlin.jvm.internal.MutablePropertyReference1 source: jar:nested:/Users/kibong_home/Desktop/development/blog/build/libs/blog-0.0.1-SNAPSHOT.jar/!BOOT-INF/lib/kotlin-stdlib-2.3.21.jar!/
[0.486s][info][class,load] kotlin.jvm.internal.PropertyReference2 source: jar:nested:/Users/kibong_home/Desktop/development/blog/build/libs/blog-0.0.1-SNAPSHOT.jar/!BOOT-INF/lib/kotlin-stdlib-2.3.21.jar!/
[0.486s][info][class,load] kotlin.jvm.internal.MutablePropertyReference2 source: jar:nested:/Users/kibong_home/Desktop/development/blog/build/libs/blog-0.0.1-SNAPSHOT.jar/!BOOT-INF/lib/kotlin-stdlib-2.3.21.jar!/
[0.486s][info][class,load] kotlin.jvm.internal.FunctionReference source: jar:nested:/Users/kibong_home/Desktop/development/blog/build/libs/blog-0.0.1-SNAPSHOT.jar/!BOOT-INF/lib/kotlin-stdlib-2.3.21.jar!/
[0.486s][info][class,load] kotlin.jvm.internal.ClassBasedDeclarationContainer source: jar:nested:/Users/kibong_home/Desktop/development/blog/build/libs/blog-0.0.1-SNAPSHOT.jar/!BOOT-INF/lib/kotlin-stdlib-2.3.21.jar!/
[0.486s][info][class,load] kotlin.reflect.jvm.internal.KDeclarationContainerImpl source: jar:nested:/Users/kibong_home/Desktop/development/blog/build/libs/blog-0.0.1-SNAPSHOT.jar/!BOOT-INF/lib/kotlin-reflect-2.3.21.jar!/
[0.486s][info][class,load] kotlin.reflect.jvm.internal.EmptyContainerForLocal source: jar:nested:/Users/kibong_home/Desktop/development/blog/build/libs/blog-0.0.1-SNAPSHOT.jar/!BOOT-INF/lib/kotlin-reflect-2.3.21.jar!/
[0.487s][info][class,load] kotlin.reflect.jvm.internal.CachesKt source: jar:nested:/Users/kibong_home/Desktop/development/blog/build/libs/blog-0.0.1-SNAPSHOT.jar/!BOOT-INF/lib/kotlin-reflect-2.3.21.jar!/
[0.487s][info][class,load] kotlin.reflect.jvm.internal.CachesKt$$Lambda$0 source: jar:nested:/Users/kibong_home/Desktop/development/blog/build/libs/blog-0.0.1-SNAPSHOT.jar/!BOOT-INF/lib/kotlin-reflect-2.3.21.jar!/
[0.487s][info][class,load] kotlin.reflect.jvm.internal.CacheByClassKt source: jar:nested:/Users/kibong_home/Desktop/development/blog/build/libs/blog-0.0.1-SNAPSHOT.jar/!BOOT-INF/lib/kotlin-reflect-2.3.21.jar!/
[0.487s][info][class,load] kotlin.Result source: jar:nested:/Users/kibong_home/Desktop/development/blog/build/libs/blog-0.0.1-SNAPSHOT.jar/!BOOT-INF/lib/kotlin-stdlib-2.3.21.jar!/
[0.487s][info][class,load] kotlin.Result$Companion source: jar:nested:/Users/kibong_home/Desktop/development/blog/build/libs/blog-0.0.1-SNAPSHOT.jar/!BOOT-INF/lib/kotlin-stdlib-2.3.21.jar!/
[0.487s][info][class,load] kotlin.Result$Failure source: jar:nested:/Users/kibong_home/Desktop/development/blog/build/libs/blog-0.0.1-SNAPSHOT.jar/!BOOT-INF/lib/kotlin-stdlib-2.3.21.jar!/
[0.487s][info][class,load] kotlin.reflect.jvm.internal.CacheByClass source: jar:nested:/Users/kibong_home/Desktop/development/blog/build/libs/blog-0.0.1-SNAPSHOT.jar/!BOOT-INF/lib/kotlin-reflect-2.3.21.jar!/
[0.487s][info][class,load] kotlin.reflect.jvm.internal.ClassValueCache source: jar:nested:/Users/kibong_home/Desktop/development/blog/build/libs/blog-0.0.1-SNAPSHOT.jar/!BOOT-INF/lib/kotlin-reflect-2.3.21.jar!/
[0.487s][info][class,load] kotlin.reflect.jvm.internal.ComputableClassValue source: jar:nested:/Users/kibong_home/Desktop/development/blog/build/libs/blog-0.0.1-SNAPSHOT.jar/!BOOT-INF/lib/kotlin-reflect-2.3.21.jar!/
[0.487s][info][class,load] kotlin.reflect.jvm.internal.CachesKt$$Lambda$1 source: jar:nested:/Users/kibong_home/Desktop/development/blog/build/libs/blog-0.0.1-SNAPSHOT.jar/!BOOT-INF/lib/kotlin-reflect-2.3.21.jar!/
[0.487s][info][class,load] kotlin.reflect.jvm.internal.CachesKt$$Lambda$2 source: jar:nested:/Users/kibong_home/Desktop/development/blog/build/libs/blog-0.0.1-SNAPSHOT.jar/!BOOT-INF/lib/kotlin-reflect-2.3.21.jar!/
[0.487s][info][class,load] kotlin.reflect.jvm.internal.CachesKt$$Lambda$3 source: jar:nested:/Users/kibong_home/Desktop/development/blog/build/libs/blog-0.0.1-SNAPSHOT.jar/!BOOT-INF/lib/kotlin-reflect-2.3.21.jar!/
[0.487s][info][class,load] kotlin.reflect.jvm.internal.CachesKt$$Lambda$4 source: jar:nested:/Users/kibong_home/Desktop/development/blog/build/libs/blog-0.0.1-SNAPSHOT.jar/!BOOT-INF/lib/kotlin-reflect-2.3.21.jar!/
[0.487s][info][class,load] java.lang.ClassValue$ClassValueMap source: jrt:/java.base
[0.488s][info][class,load] kotlin.reflect.jvm.internal.KTypeParameterOwnerImpl source: jar:nested:/Users/kibong_home/Desktop/development/blog/build/libs/blog-0.0.1-SNAPSHOT.jar/!BOOT-INF/lib/kotlin-reflect-2.3.21.jar!/
[0.488s][info][class,load] kotlin.reflect.jvm.internal.impl.types.model.TypeConstructorMarker source: jar:nested:/Users/kibong_home/Desktop/development/blog/build/libs/blog-0.0.1-SNAPSHOT.jar/!BOOT-INF/lib/kotlin-reflect-2.3.21.jar!/
[0.488s][info][class,load] kotlin.reflect.jvm.internal.KClassImpl source: jar:nested:/Users/kibong_home/Desktop/development/blog/build/libs/blog-0.0.1-SNAPSHOT.jar/!BOOT-INF/lib/kotlin-reflect-2.3.21.jar!/
[0.488s][info][class,load] kotlin.reflect.jvm.internal.KotlinReflectionInternalError source: jar:nested:/Users/kibong_home/Desktop/development/blog/build/libs/blog-0.0.1-SNAPSHOT.jar/!BOOT-INF/lib/kotlin-reflect-2.3.21.jar!/
[0.488s][info][class,load] kotlin.NoWhenBranchMatchedException source: jar:nested:/Users/kibong_home/Desktop/development/blog/build/libs/blog-0.0.1-SNAPSHOT.jar/!BOOT-INF/lib/kotlin-stdlib-2.3.21.jar!/
[0.488s][info][class,load] kotlin.reflect.jvm.internal.KDeclarationContainerImpl$Companion source: jar:nested:/Users/kibong_home/Desktop/development/blog/build/libs/blog-0.0.1-SNAPSHOT.jar/!BOOT-INF/lib/kotlin-reflect-2.3.21.jar!/
[0.488s][info][class,load] kotlin.jvm.internal.DefaultConstructorMarker source: jar:nested:/Users/kibong_home/Desktop/development/blog/build/libs/blog-0.0.1-SNAPSHOT.jar/!BOOT-INF/lib/kotlin-stdlib-2.3.21.jar!/
[0.488s][info][class,load] kotlin.text.Regex$Companion source: jar:nested:/Users/kibong_home/Desktop/development/blog/build/libs/blog-0.0.1-SNAPSHOT.jar/!BOOT-INF/lib/kotlin-stdlib-2.3.21.jar!/
[0.488s][info][class,load] java.util.regex.Pattern$BnM source: jrt:/java.base
[0.488s][info][class,load] kotlin.reflect.jvm.internal.KClassImpl$Companion source: jar:nested:/Users/kibong_home/Desktop/development/blog/build/libs/blog-0.0.1-SNAPSHOT.jar/!BOOT-INF/lib/kotlin-reflect-2.3.21.jar!/
[0.488s][info][class,load] kotlin.reflect.jvm.internal.impl.SpecialJvmAnnotations source: jar:nested:/Users/kibong_home/Desktop/development/blog/build/libs/blog-0.0.1-SNAPSHOT.jar/!BOOT-INF/lib/kotlin-reflect-2.3.21.jar!/
[0.489s][info][class,load] kotlin.reflect.jvm.internal.impl.name.FqName source: jar:nested:/Users/kibong_home/Desktop/development/blog/build/libs/blog-0.0.1-SNAPSHOT.jar/!BOOT-INF/lib/kotlin-reflect-2.3.21.jar!/
[0.489s][info][class,load] kotlin.reflect.jvm.internal.impl.load.java.JvmAnnotationNames source: jar:nested:/Users/kibong_home/Desktop/development/blog/build/libs/blog-0.0.1-SNAPSHOT.jar/!BOOT-INF/lib/kotlin-reflect-2.3.21.jar!/
[0.489s][info][class,load] kotlin.reflect.jvm.internal.impl.name.FqName$Companion source: jar:nested:/Users/kibong_home/Desktop/development/blog/build/libs/blog-0.0.1-SNAPSHOT.jar/!BOOT-INF/lib/kotlin-reflect-2.3.21.jar!/
[0.489s][info][class,load] kotlin.reflect.jvm.internal.impl.name.FqNameUnsafe source: jar:nested:/Users/kibong_home/Desktop/development/blog/build/libs/blog-0.0.1-SNAPSHOT.jar/!BOOT-INF/lib/kotlin-reflect-2.3.21.jar!/
[0.489s][info][class,load] kotlin.reflect.jvm.internal.impl.name.FqNameUnsafe$Companion source: jar:nested:/Users/kibong_home/Desktop/development/blog/build/libs/blog-0.0.1-SNAPSHOT.jar/!BOOT-INF/lib/kotlin-reflect-2.3.21.jar!/
[0.489s][info][class,load] kotlin.reflect.jvm.internal.impl.name.Name source: jar:nested:/Users/kibong_home/Desktop/development/blog/build/libs/blog-0.0.1-SNAPSHOT.jar/!BOOT-INF/lib/kotlin-reflect-2.3.21.jar!/
[0.489s][info][class,load] kotlin.reflect.jvm.internal.impl.resolve.jvm.JvmClassName source: jar:nested:/Users/kibong_home/Desktop/development/blog/build/libs/blog-0.0.1-SNAPSHOT.jar/!BOOT-INF/lib/kotlin-reflect-2.3.21.jar!/
[0.489s][info][class,load] java.lang.Override source: jrt:/java.base
[0.490s][info][class,load] kotlin.collections.CollectionsKt__CollectionsJVMKt source: jar:nested:/Users/kibong_home/Desktop/development/blog/build/libs/blog-0.0.1-SNAPSHOT.jar/!BOOT-INF/lib/kotlin-stdlib-2.3.21.jar!/
[0.490s][info][class,load] kotlin.collections.CollectionsKt__CollectionsKt source: jar:nested:/Users/kibong_home/Desktop/development/blog/build/libs/blog-0.0.1-SNAPSHOT.jar/!BOOT-INF/lib/kotlin-stdlib-2.3.21.jar!/
[0.490s][info][class,load] kotlin.collections.CollectionsKt__IterablesKt source: jar:nested:/Users/kibong_home/Desktop/development/blog/build/libs/blog-0.0.1-SNAPSHOT.jar/!BOOT-INF/lib/kotlin-stdlib-2.3.21.jar!/
[0.490s][info][class,load] kotlin.collections.CollectionsKt__IteratorsJVMKt source: jar:nested:/Users/kibong_home/Desktop/development/blog/build/libs/blog-0.0.1-SNAPSHOT.jar/!BOOT-INF/lib/kotlin-stdlib-2.3.21.jar!/
[0.490s][info][class,load] kotlin.collections.CollectionsKt__IteratorsKt source: jar:nested:/Users/kibong_home/Desktop/development/blog/build/libs/blog-0.0.1-SNAPSHOT.jar/!BOOT-INF/lib/kotlin-stdlib-2.3.21.jar!/
[0.490s][info][class,load] kotlin.collections.CollectionsKt__MutableCollectionsJVMKt source: jar:nested:/Users/kibong_home/Desktop/development/blog/build/libs/blog-0.0.1-SNAPSHOT.jar/!BOOT-INF/lib/kotlin-stdlib-2.3.21.jar!/
[0.490s][info][class,load] kotlin.collections.CollectionsKt__MutableCollectionsKt source: jar:nested:/Users/kibong_home/Desktop/development/blog/build/libs/blog-0.0.1-SNAPSHOT.jar/!BOOT-INF/lib/kotlin-stdlib-2.3.21.jar!/
[0.490s][info][class,load] kotlin.collections.CollectionsKt__ReversedViewsKt source: jar:nested:/Users/kibong_home/Desktop/development/blog/build/libs/blog-0.0.1-SNAPSHOT.jar/!BOOT-INF/lib/kotlin-stdlib-2.3.21.jar!/
[0.490s][info][class,load] kotlin.collections.CollectionsKt___CollectionsJvmKt source: jar:nested:/Users/kibong_home/Desktop/development/blog/build/libs/blog-0.0.1-SNAPSHOT.jar/!BOOT-INF/lib/kotlin-stdlib-2.3.21.jar!/
[0.490s][info][class,load] kotlin.collections.CollectionsKt___CollectionsKt source: jar:nested:/Users/kibong_home/Desktop/development/blog/build/libs/blog-0.0.1-SNAPSHOT.jar/!BOOT-INF/lib/kotlin-stdlib-2.3.21.jar!/
[0.490s][info][class,load] kotlin.collections.CollectionsKt source: jar:nested:/Users/kibong_home/Desktop/development/blog/build/libs/blog-0.0.1-SNAPSHOT.jar/!BOOT-INF/lib/kotlin-stdlib-2.3.21.jar!/
[0.493s][info][class,load] kotlin.collections.ArraysKt__ArraysJVMKt source: jar:nested:/Users/kibong_home/Desktop/development/blog/build/libs/blog-0.0.1-SNAPSHOT.jar/!BOOT-INF/lib/kotlin-stdlib-2.3.21.jar!/
[0.493s][info][class,load] kotlin.collections.ArraysKt__ArraysKt source: jar:nested:/Users/kibong_home/Desktop/development/blog/build/libs/blog-0.0.1-SNAPSHOT.jar/!BOOT-INF/lib/kotlin-stdlib-2.3.21.jar!/
[0.493s][info][class,load] kotlin.collections.ArraysKt___ArraysJvmKt source: jar:nested:/Users/kibong_home/Desktop/development/blog/build/libs/blog-0.0.1-SNAPSHOT.jar/!BOOT-INF/lib/kotlin-stdlib-2.3.21.jar!/
[0.494s][info][class,load] kotlin.collections.ArraysKt___ArraysKt source: jar:nested:/Users/kibong_home/Desktop/development/blog/build/libs/blog-0.0.1-SNAPSHOT.jar/!BOOT-INF/lib/kotlin-stdlib-2.3.21.jar!/
[0.494s][info][class,load] kotlin.collections.ArraysKt source: jar:nested:/Users/kibong_home/Desktop/development/blog/build/libs/blog-0.0.1-SNAPSHOT.jar/!BOOT-INF/lib/kotlin-stdlib-2.3.21.jar!/
[0.494s][info][class,load] kotlin.collections.ArraysUtilJVM source: jar:nested:/Users/kibong_home/Desktop/development/blog/build/libs/blog-0.0.1-SNAPSHOT.jar/!BOOT-INF/lib/kotlin-stdlib-2.3.21.jar!/
[0.494s][info][class,load] kotlin.reflect.jvm.internal.impl.name.ClassId source: jar:nested:/Users/kibong_home/Desktop/development/blog/build/libs/blog-0.0.1-SNAPSHOT.jar/!BOOT-INF/lib/kotlin-reflect-2.3.21.jar!/
[0.494s][info][class,load] kotlin.reflect.jvm.internal.impl.name.ClassId$Companion source: jar:nested:/Users/kibong_home/Desktop/development/blog/build/libs/blog-0.0.1-SNAPSHOT.jar/!BOOT-INF/lib/kotlin-reflect-2.3.21.jar!/
[0.494s][info][class,load] kotlin._Assertions source: jar:nested:/Users/kibong_home/Desktop/development/blog/build/libs/blog-0.0.1-SNAPSHOT.jar/!BOOT-INF/lib/kotlin-stdlib-2.3.21.jar!/
[0.494s][info][class,load] kotlin.LazyThreadSafetyMode source: jar:nested:/Users/kibong_home/Desktop/development/blog/build/libs/blog-0.0.1-SNAPSHOT.jar/!BOOT-INF/lib/kotlin-stdlib-2.3.21.jar!/
[0.494s][info][class,load] kotlin.reflect.jvm.internal.KClassImpl$$Lambda$0 source: jar:nested:/Users/kibong_home/Desktop/development/blog/build/libs/blog-0.0.1-SNAPSHOT.jar/!BOOT-INF/lib/kotlin-reflect-2.3.21.jar!/
[0.494s][info][class,load] kotlin.LazyKt__LazyJVMKt source: jar:nested:/Users/kibong_home/Desktop/development/blog/build/libs/blog-0.0.1-SNAPSHOT.jar/!BOOT-INF/lib/kotlin-stdlib-2.3.21.jar!/
[0.494s][info][class,load] kotlin.LazyKt__LazyKt source: jar:nested:/Users/kibong_home/Desktop/development/blog/build/libs/blog-0.0.1-SNAPSHOT.jar/!BOOT-INF/lib/kotlin-stdlib-2.3.21.jar!/
[0.494s][info][class,load] kotlin.LazyKt source: jar:nested:/Users/kibong_home/Desktop/development/blog/build/libs/blog-0.0.1-SNAPSHOT.jar/!BOOT-INF/lib/kotlin-stdlib-2.3.21.jar!/
[0.494s][info][class,load] kotlin.LazyKt__LazyJVMKt$WhenMappings source: jar:nested:/Users/kibong_home/Desktop/development/blog/build/libs/blog-0.0.1-SNAPSHOT.jar/!BOOT-INF/lib/kotlin-stdlib-2.3.21.jar!/
[0.494s][info][class,load] kotlin.Lazy source: jar:nested:/Users/kibong_home/Desktop/development/blog/build/libs/blog-0.0.1-SNAPSHOT.jar/!BOOT-INF/lib/kotlin-stdlib-2.3.21.jar!/
[0.494s][info][class,load] kotlin.SafePublicationLazyImpl source: jar:nested:/Users/kibong_home/Desktop/development/blog/build/libs/blog-0.0.1-SNAPSHOT.jar/!BOOT-INF/lib/kotlin-stdlib-2.3.21.jar!/
[0.494s][info][class,load] kotlin.SafePublicationLazyImpl$Companion source: jar:nested:/Users/kibong_home/Desktop/development/blog/build/libs/blog-0.0.1-SNAPSHOT.jar/!BOOT-INF/lib/kotlin-stdlib-2.3.21.jar!/
[0.495s][info][class,load] java.util.concurrent.atomic.AtomicReferenceFieldUpdater source: jrt:/java.base
[0.495s][info][class,load] java.util.concurrent.atomic.AtomicReferenceFieldUpdater$AtomicReferenceFieldUpdaterImpl source: jrt:/java.base
[0.495s][info][class,load] sun.reflect.misc.ReflectUtil source: jrt:/java.base
[0.495s][info][class,load] kotlin.UNINITIALIZED_VALUE source: jar:nested:/Users/kibong_home/Desktop/development/blog/build/libs/blog-0.0.1-SNAPSHOT.jar/!BOOT-INF/lib/kotlin-stdlib-2.3.21.jar!/
[0.495s][info][class,load] java.lang.ClassValue$RemovalToken source: jrt:/java.base
[0.495s][info][class,load] kotlin.reflect.jvm.internal.impl.utils.DFS$Neighbors source: jar:nested:/Users/kibong_home/Desktop/development/blog/build/libs/blog-0.0.1-SNAPSHOT.jar/!BOOT-INF/lib/kotlin-reflect-2.3.21.jar!/
[0.495s][info][class,load] kotlin.TypeCastException source: jar:nested:/Users/kibong_home/Desktop/development/blog/build/libs/blog-0.0.1-SNAPSHOT.jar/!BOOT-INF/lib/kotlin-stdlib-2.3.21.jar!/
[0.495s][info][class,load] kotlin.reflect.jvm.internal.KDeclarationContainerImpl$Data source: jar:nested:/Users/kibong_home/Desktop/development/blog/build/libs/blog-0.0.1-SNAPSHOT.jar/!BOOT-INF/lib/kotlin-reflect-2.3.21.jar!/
[0.495s][info][class,load] kotlin.reflect.jvm.internal.KClassImpl$Data source: jar:nested:/Users/kibong_home/Desktop/development/blog/build/libs/blog-0.0.1-SNAPSHOT.jar/!BOOT-INF/lib/kotlin-reflect-2.3.21.jar!/
[0.496s][info][class,load] kotlin.jvm.internal.PropertyReference1Impl source: jar:nested:/Users/kibong_home/Desktop/development/blog/build/libs/blog-0.0.1-SNAPSHOT.jar/!BOOT-INF/lib/kotlin-stdlib-2.3.21.jar!/
[0.496s][info][class,load] kotlin.jvm.KotlinReflectionNotSupportedError source: jar:nested:/Users/kibong_home/Desktop/development/blog/build/libs/blog-0.0.1-SNAPSHOT.jar/!BOOT-INF/lib/kotlin-stdlib-2.3.21.jar!/
[0.496s][info][class,load] kotlin.reflect.KProperty$Accessor source: jar:nested:/Users/kibong_home/Desktop/development/blog/build/libs/blog-0.0.1-SNAPSHOT.jar/!BOOT-INF/lib/kotlin-stdlib-2.3.21.jar!/
[0.496s][info][class,load] kotlin.reflect.KProperty$Getter source: jar:nested:/Users/kibong_home/Desktop/development/blog/build/libs/blog-0.0.1-SNAPSHOT.jar/!BOOT-INF/lib/kotlin-stdlib-2.3.21.jar!/
[0.496s][info][class,load] kotlin.jvm.internal.CallableReference$NoReceiver source: jar:nested:/Users/kibong_home/Desktop/development/blog/build/libs/blog-0.0.1-SNAPSHOT.jar/!BOOT-INF/lib/kotlin-stdlib-2.3.21.jar!/
[0.496s][info][class,load] kotlin.reflect.jvm.internal.KDeclarationContainerImpl$Data$$Lambda$0 source: jar:nested:/Users/kibong_home/Desktop/development/blog/build/libs/blog-0.0.1-SNAPSHOT.jar/!BOOT-INF/lib/kotlin-reflect-2.3.21.jar!/
[0.496s][info][class,load] kotlin.reflect.jvm.internal.ReflectProperties source: jar:nested:/Users/kibong_home/Desktop/development/blog/build/libs/blog-0.0.1-SNAPSHOT.jar/!BOOT-INF/lib/kotlin-reflect-2.3.21.jar!/
[0.496s][info][class,load] kotlin.reflect.jvm.internal.ReflectProperties$Val source: jar:nested:/Users/kibong_home/Desktop/development/blog/build/libs/blog-0.0.1-SNAPSHOT.jar/!BOOT-INF/lib/kotlin-reflect-2.3.21.jar!/
[0.496s][info][class,load] kotlin.reflect.jvm.internal.ReflectProperties$LazySoftVal source: jar:nested:/Users/kibong_home/Desktop/development/blog/build/libs/blog-0.0.1-SNAPSHOT.jar/!BOOT-INF/lib/kotlin-reflect-2.3.21.jar!/
[0.496s][info][class,load] kotlin.reflect.jvm.internal.ReflectProperties$Val$1 source: jar:nested:/Users/kibong_home/Desktop/development/blog/build/libs/blog-0.0.1-SNAPSHOT.jar/!BOOT-INF/lib/kotlin-reflect-2.3.21.jar!/
[0.496s][info][class,load] kotlin.reflect.jvm.internal.KClassImpl$Data$$Lambda$0 source: jar:nested:/Users/kibong_home/Desktop/development/blog/build/libs/blog-0.0.1-SNAPSHOT.jar/!BOOT-INF/lib/kotlin-reflect-2.3.21.jar!/
[0.496s][info][class,load] kotlin.reflect.jvm.internal.KClassImpl$Data$$Lambda$1 source: jar:nested:/Users/kibong_home/Desktop/development/blog/build/libs/blog-0.0.1-SNAPSHOT.jar/!BOOT-INF/lib/kotlin-reflect-2.3.21.jar!/
[0.496s][info][class,load] kotlin.reflect.jvm.internal.KClassImpl$Data$$Lambda$2 source: jar:nested:/Users/kibong_home/Desktop/development/blog/build/libs/blog-0.0.1-SNAPSHOT.jar/!BOOT-INF/lib/kotlin-reflect-2.3.21.jar!/
[0.496s][info][class,load] kotlin.reflect.jvm.internal.KClassImpl$Data$$Lambda$3 source: jar:nested:/Users/kibong_home/Desktop/development/blog/build/libs/blog-0.0.1-SNAPSHOT.jar/!BOOT-INF/lib/kotlin-reflect-2.3.21.jar!/
[0.496s][info][class,load] kotlin.reflect.jvm.internal.KClassImpl$Data$$Lambda$4 source: jar:nested:/Users/kibong_home/Desktop/development/blog/build/libs/blog-0.0.1-SNAPSHOT.jar/!BOOT-INF/lib/kotlin-reflect-2.3.21.jar!/
[0.496s][info][class,load] kotlin.reflect.jvm.internal.KClassImpl$Data$$Lambda$5 source: jar:nested:/Users/kibong_home/Desktop/development/blog/build/libs/blog-0.0.1-SNAPSHOT.jar/!BOOT-INF/lib/kotlin-reflect-2.3.21.jar!/
[0.496s][info][class,load] kotlin.reflect.jvm.internal.KClassImpl$Data$$Lambda$6 source: jar:nested:/Users/kibong_home/Desktop/development/blog/build/libs/blog-0.0.1-SNAPSHOT.jar/!BOOT-INF/lib/kotlin-reflect-2.3.21.jar!/
[0.496s][info][class,load] kotlin.reflect.jvm.internal.KClassImpl$Data$$Lambda$7 source: jar:nested:/Users/kibong_home/Desktop/development/blog/build/libs/blog-0.0.1-SNAPSHOT.jar/!BOOT-INF/lib/kotlin-reflect-2.3.21.jar!/
[0.496s][info][class,load] kotlin.reflect.jvm.internal.KClassImpl$Data$$Lambda$8 source: jar:nested:/Users/kibong_home/Desktop/development/blog/build/libs/blog-0.0.1-SNAPSHOT.jar/!BOOT-INF/lib/kotlin-reflect-2.3.21.jar!/
[0.496s][info][class,load] kotlin.reflect.jvm.internal.KClassImpl$Data$$Lambda$9 source: jar:nested:/Users/kibong_home/Desktop/development/blog/build/libs/blog-0.0.1-SNAPSHOT.jar/!BOOT-INF/lib/kotlin-reflect-2.3.21.jar!/
[0.496s][info][class,load] kotlin.reflect.jvm.internal.KClassImpl$Data$$Lambda$10 source: jar:nested:/Users/kibong_home/Desktop/development/blog/build/libs/blog-0.0.1-SNAPSHOT.jar/!BOOT-INF/lib/kotlin-reflect-2.3.21.jar!/
[0.496s][info][class,load] kotlin.reflect.jvm.internal.KClassImpl$Data$$Lambda$11 source: jar:nested:/Users/kibong_home/Desktop/development/blog/build/libs/blog-0.0.1-SNAPSHOT.jar/!BOOT-INF/lib/kotlin-reflect-2.3.21.jar!/
[0.496s][info][class,load] kotlin.reflect.jvm.internal.KClassImpl$Data$$Lambda$12 source: jar:nested:/Users/kibong_home/Desktop/development/blog/build/libs/blog-0.0.1-SNAPSHOT.jar/!BOOT-INF/lib/kotlin-reflect-2.3.21.jar!/
[0.496s][info][class,load] kotlin.reflect.jvm.internal.KClassImpl$Data$$Lambda$13 source: jar:nested:/Users/kibong_home/Desktop/development/blog/build/libs/blog-0.0.1-SNAPSHOT.jar/!BOOT-INF/lib/kotlin-reflect-2.3.21.jar!/
[0.497s][info][class,load] kotlin.reflect.jvm.internal.KClassImpl$Data$$Lambda$14 source: jar:nested:/Users/kibong_home/Desktop/development/blog/build/libs/blog-0.0.1-SNAPSHOT.jar/!BOOT-INF/lib/kotlin-reflect-2.3.21.jar!/
[0.497s][info][class,load] kotlin.reflect.jvm.internal.KClassImpl$Data$$Lambda$15 source: jar:nested:/Users/kibong_home/Desktop/development/blog/build/libs/blog-0.0.1-SNAPSHOT.jar/!BOOT-INF/lib/kotlin-reflect-2.3.21.jar!/
[0.497s][info][class,load] kotlin.reflect.jvm.internal.KClassImpl$Data$$Lambda$16 source: jar:nested:/Users/kibong_home/Desktop/development/blog/build/libs/blog-0.0.1-SNAPSHOT.jar/!BOOT-INF/lib/kotlin-reflect-2.3.21.jar!/
[0.497s][info][class,load] kotlin.reflect.jvm.internal.KClassImpl$Data$$Lambda$17 source: jar:nested:/Users/kibong_home/Desktop/development/blog/build/libs/blog-0.0.1-SNAPSHOT.jar/!BOOT-INF/lib/kotlin-reflect-2.3.21.jar!/
[0.497s][info][class,load] kotlin.reflect.jvm.internal.KClassImpl$Data$$Lambda$18 source: jar:nested:/Users/kibong_home/Desktop/development/blog/build/libs/blog-0.0.1-SNAPSHOT.jar/!BOOT-INF/lib/kotlin-reflect-2.3.21.jar!/
[0.497s][info][class,load] kotlin.reflect.jvm.internal.KClassImpl$Data$$Lambda$19 source: jar:nested:/Users/kibong_home/Desktop/development/blog/build/libs/blog-0.0.1-SNAPSHOT.jar/!BOOT-INF/lib/kotlin-reflect-2.3.21.jar!/
[0.497s][info][class,load] kotlin.reflect.jvm.internal.KClassImpl$Data$$Lambda$20 source: jar:nested:/Users/kibong_home/Desktop/development/blog/build/libs/blog-0.0.1-SNAPSHOT.jar/!BOOT-INF/lib/kotlin-reflect-2.3.21.jar!/
[0.497s][info][class,load] kotlin.reflect.jvm.internal.KClassImpl$Data$$Lambda$21 source: jar:nested:/Users/kibong_home/Desktop/development/blog/build/libs/blog-0.0.1-SNAPSHOT.jar/!BOOT-INF/lib/kotlin-reflect-2.3.21.jar!/
[0.497s][info][class,load] kotlin.reflect.jvm.internal.SystemPropertiesKt source: jar:nested:/Users/kibong_home/Desktop/development/blog/build/libs/blog-0.0.1-SNAPSHOT.jar/!BOOT-INF/lib/kotlin-reflect-2.3.21.jar!/
[0.497s][info][class,load] kotlin.reflect.jvm.internal.RuntimeTypeMapper source: jar:nested:/Users/kibong_home/Desktop/development/blog/build/libs/blog-0.0.1-SNAPSHOT.jar/!BOOT-INF/lib/kotlin-reflect-2.3.21.jar!/
[0.497s][info][class,load] kotlin.reflect.jvm.internal.impl.descriptors.runtime.structure.ReflectClassUtilKt source: jar:nested:/Users/kibong_home/Desktop/development/blog/build/libs/blog-0.0.1-SNAPSHOT.jar/!BOOT-INF/lib/kotlin-reflect-2.3.21.jar!/
[0.497s][info][class,load] kotlin.TuplesKt source: jar:nested:/Users/kibong_home/Desktop/development/blog/build/libs/blog-0.0.1-SNAPSHOT.jar/!BOOT-INF/lib/kotlin-stdlib-2.3.21.jar!/
[0.497s][info][class,load] kotlin.Pair source: jar:nested:/Users/kibong_home/Desktop/development/blog/build/libs/blog-0.0.1-SNAPSHOT.jar/!BOOT-INF/lib/kotlin-stdlib-2.3.21.jar!/
[0.498s][info][class,load] kotlin.collections.MapsKt__MapWithDefaultKt source: jar:nested:/Users/kibong_home/Desktop/development/blog/build/libs/blog-0.0.1-SNAPSHOT.jar/!BOOT-INF/lib/kotlin-stdlib-2.3.21.jar!/
[0.498s][info][class,load] kotlin.collections.MapsKt__MapsJVMKt source: jar:nested:/Users/kibong_home/Desktop/development/blog/build/libs/blog-0.0.1-SNAPSHOT.jar/!BOOT-INF/lib/kotlin-stdlib-2.3.21.jar!/
[0.498s][info][class,load] kotlin.collections.MapsKt__MapsKt source: jar:nested:/Users/kibong_home/Desktop/development/blog/build/libs/blog-0.0.1-SNAPSHOT.jar/!BOOT-INF/lib/kotlin-stdlib-2.3.21.jar!/
[0.498s][info][class,load] kotlin.collections.MapsKt___MapsJvmKt source: jar:nested:/Users/kibong_home/Desktop/development/blog/build/libs/blog-0.0.1-SNAPSHOT.jar/!BOOT-INF/lib/kotlin-stdlib-2.3.21.jar!/
[0.498s][info][class,load] kotlin.collections.MapsKt___MapsKt source: jar:nested:/Users/kibong_home/Desktop/development/blog/build/libs/blog-0.0.1-SNAPSHOT.jar/!BOOT-INF/lib/kotlin-stdlib-2.3.21.jar!/
[0.498s][info][class,load] kotlin.collections.MapsKt source: jar:nested:/Users/kibong_home/Desktop/development/blog/build/libs/blog-0.0.1-SNAPSHOT.jar/!BOOT-INF/lib/kotlin-stdlib-2.3.21.jar!/
[0.498s][info][class,load] kotlin.jvm.functions.Function3 source: jar:nested:/Users/kibong_home/Desktop/development/blog/build/libs/blog-0.0.1-SNAPSHOT.jar/!BOOT-INF/lib/kotlin-stdlib-2.3.21.jar!/
[0.498s][info][class,load] kotlin.jvm.functions.Function4 source: jar:nested:/Users/kibong_home/Desktop/development/blog/build/libs/blog-0.0.1-SNAPSHOT.jar/!BOOT-INF/lib/kotlin-stdlib-2.3.21.jar!/
[0.498s][info][class,load] kotlin.jvm.functions.Function5 source: jar:nested:/Users/kibong_home/Desktop/development/blog/build/libs/blog-0.0.1-SNAPSHOT.jar/!BOOT-INF/lib/kotlin-stdlib-2.3.21.jar!/
[0.498s][info][class,load] kotlin.jvm.functions.Function6 source: jar:nested:/Users/kibong_home/Desktop/development/blog/build/libs/blog-0.0.1-SNAPSHOT.jar/!BOOT-INF/lib/kotlin-stdlib-2.3.21.jar!/
[0.498s][info][class,load] kotlin.jvm.functions.Function7 source: jar:nested:/Users/kibong_home/Desktop/development/blog/build/libs/blog-0.0.1-SNAPSHOT.jar/!BOOT-INF/lib/kotlin-stdlib-2.3.21.jar!/
[0.498s][info][class,load] kotlin.jvm.functions.Function8 source: jar:nested:/Users/kibong_home/Desktop/development/blog/build/libs/blog-0.0.1-SNAPSHOT.jar/!BOOT-INF/lib/kotlin-stdlib-2.3.21.jar!/
[0.498s][info][class,load] kotlin.jvm.functions.Function9 source: jar:nested:/Users/kibong_home/Desktop/development/blog/build/libs/blog-0.0.1-SNAPSHOT.jar/!BOOT-INF/lib/kotlin-stdlib-2.3.21.jar!/
[0.498s][info][class,load] kotlin.jvm.functions.Function10 source: jar:nested:/Users/kibong_home/Desktop/development/blog/build/libs/blog-0.0.1-SNAPSHOT.jar/!BOOT-INF/lib/kotlin-stdlib-2.3.21.jar!/
[0.498s][info][class,load] kotlin.jvm.functions.Function11 source: jar:nested:/Users/kibong_home/Desktop/development/blog/build/libs/blog-0.0.1-SNAPSHOT.jar/!BOOT-INF/lib/kotlin-stdlib-2.3.21.jar!/
[0.498s][info][class,load] kotlin.jvm.functions.Function12 source: jar:nested:/Users/kibong_home/Desktop/development/blog/build/libs/blog-0.0.1-SNAPSHOT.jar/!BOOT-INF/lib/kotlin-stdlib-2.3.21.jar!/
[0.498s][info][class,load] kotlin.jvm.functions.Function13 source: jar:nested:/Users/kibong_home/Desktop/development/blog/build/libs/blog-0.0.1-SNAPSHOT.jar/!BOOT-INF/lib/kotlin-stdlib-2.3.21.jar!/
[0.498s][info][class,load] kotlin.jvm.functions.Function14 source: jar:nested:/Users/kibong_home/Desktop/development/blog/build/libs/blog-0.0.1-SNAPSHOT.jar/!BOOT-INF/lib/kotlin-stdlib-2.3.21.jar!/
[0.498s][info][class,load] kotlin.jvm.functions.Function15 source: jar:nested:/Users/kibong_home/Desktop/development/blog/build/libs/blog-0.0.1-SNAPSHOT.jar/!BOOT-INF/lib/kotlin-stdlib-2.3.21.jar!/
[0.499s][info][class,load] kotlin.jvm.functions.Function16 source: jar:nested:/Users/kibong_home/Desktop/development/blog/build/libs/blog-0.0.1-SNAPSHOT.jar/!BOOT-INF/lib/kotlin-stdlib-2.3.21.jar!/
[0.499s][info][class,load] kotlin.jvm.functions.Function17 source: jar:nested:/Users/kibong_home/Desktop/development/blog/build/libs/blog-0.0.1-SNAPSHOT.jar/!BOOT-INF/lib/kotlin-stdlib-2.3.21.jar!/
[0.499s][info][class,load] kotlin.jvm.functions.Function18 source: jar:nested:/Users/kibong_home/Desktop/development/blog/build/libs/blog-0.0.1-SNAPSHOT.jar/!BOOT-INF/lib/kotlin-stdlib-2.3.21.jar!/
[0.499s][info][class,load] kotlin.jvm.functions.Function19 source: jar:nested:/Users/kibong_home/Desktop/development/blog/build/libs/blog-0.0.1-SNAPSHOT.jar/!BOOT-INF/lib/kotlin-stdlib-2.3.21.jar!/
[0.499s][info][class,load] kotlin.jvm.functions.Function20 source: jar:nested:/Users/kibong_home/Desktop/development/blog/build/libs/blog-0.0.1-SNAPSHOT.jar/!BOOT-INF/lib/kotlin-stdlib-2.3.21.jar!/
[0.499s][info][class,load] kotlin.jvm.functions.Function21 source: jar:nested:/Users/kibong_home/Desktop/development/blog/build/libs/blog-0.0.1-SNAPSHOT.jar/!BOOT-INF/lib/kotlin-stdlib-2.3.21.jar!/
[0.499s][info][class,load] kotlin.jvm.functions.Function22 source: jar:nested:/Users/kibong_home/Desktop/development/blog/build/libs/blog-0.0.1-SNAPSHOT.jar/!BOOT-INF/lib/kotlin-stdlib-2.3.21.jar!/
[0.499s][info][class,load] kotlin.reflect.jvm.internal.impl.builtins.jvm.JavaToKotlinClassMap source: jar:nested:/Users/kibong_home/Desktop/development/blog/build/libs/blog-0.0.1-SNAPSHOT.jar/!BOOT-INF/lib/kotlin-reflect-2.3.21.jar!/
[0.499s][info][class,load] kotlin.reflect.jvm.internal.impl.builtins.functions.FunctionTypeKind source: jar:nested:/Users/kibong_home/Desktop/development/blog/build/libs/blog-0.0.1-SNAPSHOT.jar/!BOOT-INF/lib/kotlin-reflect-2.3.21.jar!/
[0.499s][info][class,load] kotlin.reflect.jvm.internal.impl.builtins.functions.FunctionTypeKind$Function source: jar:nested:/Users/kibong_home/Desktop/development/blog/build/libs/blog-0.0.1-SNAPSHOT.jar/!BOOT-INF/lib/kotlin-reflect-2.3.21.jar!/
[0.499s][info][class,load] kotlin.reflect.jvm.internal.impl.builtins.functions.FunctionTypeKind$Companion source: jar:nested:/Users/kibong_home/Desktop/development/blog/build/libs/blog-0.0.1-SNAPSHOT.jar/!BOOT-INF/lib/kotlin-reflect-2.3.21.jar!/
[0.499s][info][class,load] kotlin.reflect.jvm.internal.impl.builtins.StandardNames source: jar:nested:/Users/kibong_home/Desktop/development/blog/build/libs/blog-0.0.1-SNAPSHOT.jar/!BOOT-INF/lib/kotlin-reflect-2.3.21.jar!/
[0.499s][info][class,load] kotlin.collections.SetsKt__SetsJVMKt source: jar:nested:/Users/kibong_home/Desktop/development/blog/build/libs/blog-0.0.1-SNAPSHOT.jar/!BOOT-INF/lib/kotlin-stdlib-2.3.21.jar!/
[0.499s][info][class,load] kotlin.collections.SetsKt__SetsKt source: jar:nested:/Users/kibong_home/Desktop/development/blog/build/libs/blog-0.0.1-SNAPSHOT.jar/!BOOT-INF/lib/kotlin-stdlib-2.3.21.jar!/
[0.499s][info][class,load] kotlin.collections.SetsKt___SetsKt source: jar:nested:/Users/kibong_home/Desktop/development/blog/build/libs/blog-0.0.1-SNAPSHOT.jar/!BOOT-INF/lib/kotlin-stdlib-2.3.21.jar!/
[0.499s][info][class,load] kotlin.collections.SetsKt source: jar:nested:/Users/kibong_home/Desktop/development/blog/build/libs/blog-0.0.1-SNAPSHOT.jar/!BOOT-INF/lib/kotlin-stdlib-2.3.21.jar!/
[0.501s][info][class,load] kotlin.reflect.jvm.internal.impl.builtins.functions.FunctionTypeKind$KFunction source: jar:nested:/Users/kibong_home/Desktop/development/blog/build/libs/blog-0.0.1-SNAPSHOT.jar/!BOOT-INF/lib/kotlin-reflect-2.3.21.jar!/
[0.501s][info][class,load] kotlin.reflect.jvm.internal.impl.builtins.functions.FunctionTypeKind$SuspendFunction source: jar:nested:/Users/kibong_home/Desktop/development/blog/build/libs/blog-0.0.1-SNAPSHOT.jar/!BOOT-INF/lib/kotlin-reflect-2.3.21.jar!/
[0.501s][info][class,load] kotlin.reflect.jvm.internal.impl.builtins.functions.FunctionTypeKind$KSuspendFunction source: jar:nested:/Users/kibong_home/Desktop/development/blog/build/libs/blog-0.0.1-SNAPSHOT.jar/!BOOT-INF/lib/kotlin-reflect-2.3.21.jar!/
[0.501s][info][class,load] kotlin.reflect.jvm.internal.impl.name.StandardClassIds source: jar:nested:/Users/kibong_home/Desktop/development/blog/build/libs/blog-0.0.1-SNAPSHOT.jar/!BOOT-INF/lib/kotlin-reflect-2.3.21.jar!/
[0.501s][info][class,load] kotlin.reflect.jvm.internal.impl.name.StandardClassIdsKt source: jar:nested:/Users/kibong_home/Desktop/development/blog/build/libs/blog-0.0.1-SNAPSHOT.jar/!BOOT-INF/lib/kotlin-reflect-2.3.21.jar!/
[0.502s][info][class,load] kotlin.ranges.RangesKt__RangesKt source: jar:nested:/Users/kibong_home/Desktop/development/blog/build/libs/blog-0.0.1-SNAPSHOT.jar/!BOOT-INF/lib/kotlin-stdlib-2.3.21.jar!/
[0.502s][info][class,load] kotlin.ranges.RangesKt___RangesKt source: jar:nested:/Users/kibong_home/Desktop/development/blog/build/libs/blog-0.0.1-SNAPSHOT.jar/!BOOT-INF/lib/kotlin-stdlib-2.3.21.jar!/
[0.502s][info][class,load] kotlin.ranges.RangesKt source: jar:nested:/Users/kibong_home/Desktop/development/blog/build/libs/blog-0.0.1-SNAPSHOT.jar/!BOOT-INF/lib/kotlin-stdlib-2.3.21.jar!/
[0.502s][info][class,load] kotlin.reflect.jvm.internal.impl.builtins.jvm.JavaToKotlinClassMap$PlatformMutabilityMapping source: jar:nested:/Users/kibong_home/Desktop/development/blog/build/libs/blog-0.0.1-SNAPSHOT.jar/!BOOT-INF/lib/kotlin-reflect-2.3.21.jar!/
[0.502s][info][class,load] kotlin.reflect.jvm.internal.impl.builtins.StandardNames$FqNames source: jar:nested:/Users/kibong_home/Desktop/development/blog/build/libs/blog-0.0.1-SNAPSHOT.jar/!BOOT-INF/lib/kotlin-reflect-2.3.21.jar!/
[0.503s][info][class,load] kotlin.reflect.jvm.internal.impl.builtins.PrimitiveType source: jar:nested:/Users/kibong_home/Desktop/development/blog/build/libs/blog-0.0.1-SNAPSHOT.jar/!BOOT-INF/lib/kotlin-reflect-2.3.21.jar!/
[0.503s][info][class,load] kotlin.reflect.jvm.internal.impl.builtins.PrimitiveType$$Lambda$0 source: jar:nested:/Users/kibong_home/Desktop/development/blog/build/libs/blog-0.0.1-SNAPSHOT.jar/!BOOT-INF/lib/kotlin-reflect-2.3.21.jar!/
[0.503s][info][class,load] kotlin.reflect.jvm.internal.impl.builtins.PrimitiveType$$Lambda$1 source: jar:nested:/Users/kibong_home/Desktop/development/blog/build/libs/blog-0.0.1-SNAPSHOT.jar/!BOOT-INF/lib/kotlin-reflect-2.3.21.jar!/
[0.503s][info][class,load] kotlin.reflect.jvm.internal.impl.builtins.PrimitiveType$Companion source: jar:nested:/Users/kibong_home/Desktop/development/blog/build/libs/blog-0.0.1-SNAPSHOT.jar/!BOOT-INF/lib/kotlin-reflect-2.3.21.jar!/
[0.503s][info][class,load] kotlin.reflect.jvm.internal.impl.utils.CollectionsKt source: jar:nested:/Users/kibong_home/Desktop/development/blog/build/libs/blog-0.0.1-SNAPSHOT.jar/!BOOT-INF/lib/kotlin-reflect-2.3.21.jar!/
[0.503s][info][class,load] kotlin.reflect.jvm.internal.impl.name.FqNamesUtilKt source: jar:nested:/Users/kibong_home/Desktop/development/blog/build/libs/blog-0.0.1-SNAPSHOT.jar/!BOOT-INF/lib/kotlin-reflect-2.3.21.jar!/
[0.505s][info][class,load] kotlin.text.StringsKt__AppendableKt source: jar:nested:/Users/kibong_home/Desktop/development/blog/build/libs/blog-0.0.1-SNAPSHOT.jar/!BOOT-INF/lib/kotlin-stdlib-2.3.21.jar!/
[0.505s][info][class,load] kotlin.text.StringsKt__IndentKt source: jar:nested:/Users/kibong_home/Desktop/development/blog/build/libs/blog-0.0.1-SNAPSHOT.jar/!BOOT-INF/lib/kotlin-stdlib-2.3.21.jar!/
[0.505s][info][class,load] kotlin.text.StringsKt__RegexExtensionsJVMKt source: jar:nested:/Users/kibong_home/Desktop/development/blog/build/libs/blog-0.0.1-SNAPSHOT.jar/!BOOT-INF/lib/kotlin-stdlib-2.3.21.jar!/
[0.505s][info][class,load] kotlin.text.StringsKt__RegexExtensionsKt source: jar:nested:/Users/kibong_home/Desktop/development/blog/build/libs/blog-0.0.1-SNAPSHOT.jar/!BOOT-INF/lib/kotlin-stdlib-2.3.21.jar!/
[0.505s][info][class,load] kotlin.text.StringsKt__StringBuilderJVMKt source: jar:nested:/Users/kibong_home/Desktop/development/blog/build/libs/blog-0.0.1-SNAPSHOT.jar/!BOOT-INF/lib/kotlin-stdlib-2.3.21.jar!/
[0.505s][info][class,load] kotlin.text.StringsKt__StringBuilderKt source: jar:nested:/Users/kibong_home/Desktop/development/blog/build/libs/blog-0.0.1-SNAPSHOT.jar/!BOOT-INF/lib/kotlin-stdlib-2.3.21.jar!/
[0.505s][info][class,load] kotlin.text.StringsKt__StringNumberConversionsJVMKt source: jar:nested:/Users/kibong_home/Desktop/development/blog/build/libs/blog-0.0.1-SNAPSHOT.jar/!BOOT-INF/lib/kotlin-stdlib-2.3.21.jar!/
[0.505s][info][class,load] kotlin.text.StringsKt__StringNumberConversionsKt source: jar:nested:/Users/kibong_home/Desktop/development/blog/build/libs/blog-0.0.1-SNAPSHOT.jar/!BOOT-INF/lib/kotlin-stdlib-2.3.21.jar!/
[0.505s][info][class,load] kotlin.text.StringsKt__StringsJVMKt source: jar:nested:/Users/kibong_home/Desktop/development/blog/build/libs/blog-0.0.1-SNAPSHOT.jar/!BOOT-INF/lib/kotlin-stdlib-2.3.21.jar!/
[0.505s][info][class,load] kotlin.text.StringsKt__StringsKt source: jar:nested:/Users/kibong_home/Desktop/development/blog/build/libs/blog-0.0.1-SNAPSHOT.jar/!BOOT-INF/lib/kotlin-stdlib-2.3.21.jar!/
[0.505s][info][class,load] kotlin.text.StringsKt___StringsJvmKt source: jar:nested:/Users/kibong_home/Desktop/development/blog/build/libs/blog-0.0.1-SNAPSHOT.jar/!BOOT-INF/lib/kotlin-stdlib-2.3.21.jar!/
[0.505s][info][class,load] kotlin.text.StringsKt___StringsKt source: jar:nested:/Users/kibong_home/Desktop/development/blog/build/libs/blog-0.0.1-SNAPSHOT.jar/!BOOT-INF/lib/kotlin-stdlib-2.3.21.jar!/
[0.505s][info][class,load] kotlin.text.StringsKt source: jar:nested:/Users/kibong_home/Desktop/development/blog/build/libs/blog-0.0.1-SNAPSHOT.jar/!BOOT-INF/lib/kotlin-stdlib-2.3.21.jar!/
[0.505s][info][class,load] kotlin.reflect.jvm.internal.impl.resolve.jvm.JvmPrimitiveType source: jar:nested:/Users/kibong_home/Desktop/development/blog/build/libs/blog-0.0.1-SNAPSHOT.jar/!BOOT-INF/lib/kotlin-reflect-2.3.21.jar!/
[0.506s][info][class,load] kotlin.reflect.jvm.internal.impl.builtins.CompanionObjectMapping source: jar:nested:/Users/kibong_home/Desktop/development/blog/build/libs/blog-0.0.1-SNAPSHOT.jar/!BOOT-INF/lib/kotlin-reflect-2.3.21.jar!/
[0.506s][info][class,load] kotlin.reflect.jvm.internal.impl.name.SpecialNames source: jar:nested:/Users/kibong_home/Desktop/development/blog/build/libs/blog-0.0.1-SNAPSHOT.jar/!BOOT-INF/lib/kotlin-reflect-2.3.21.jar!/
[0.507s][info][class,load] java.util.concurrent.atomic.AtomicIntegerArray source: jrt:/java.base
[0.507s][info][class,load] java.util.concurrent.atomic.AtomicLongArray source: jrt:/java.base
[0.507s][info][class,load] kotlin.reflect.jvm.internal.ModuleByClassLoaderKt source: jar:nested:/Users/kibong_home/Desktop/development/blog/build/libs/blog-0.0.1-SNAPSHOT.jar/!BOOT-INF/lib/kotlin-reflect-2.3.21.jar!/
[0.507s][info][class,load] kotlin.reflect.jvm.internal.WeakClassLoaderBox source: jar:nested:/Users/kibong_home/Desktop/development/blog/build/libs/blog-0.0.1-SNAPSHOT.jar/!BOOT-INF/lib/kotlin-reflect-2.3.21.jar!/
[0.507s][info][class,load] kotlin.reflect.jvm.internal.impl.descriptors.runtime.components.RuntimeModuleData source: jar:nested:/Users/kibong_home/Desktop/development/blog/build/libs/blog-0.0.1-SNAPSHOT.jar/!BOOT-INF/lib/kotlin-reflect-2.3.21.jar!/
[0.507s][info][class,load] kotlin.reflect.jvm.internal.impl.descriptors.runtime.components.RuntimeModuleData$Companion source: jar:nested:/Users/kibong_home/Desktop/development/blog/build/libs/blog-0.0.1-SNAPSHOT.jar/!BOOT-INF/lib/kotlin-reflect-2.3.21.jar!/
[0.507s][info][class,load] kotlin.reflect.jvm.internal.impl.serialization.deserialization.KotlinMetadataFinder source: jar:nested:/Users/kibong_home/Desktop/development/blog/build/libs/blog-0.0.1-SNAPSHOT.jar/!BOOT-INF/lib/kotlin-reflect-2.3.21.jar!/
[0.507s][info][class,load] kotlin.reflect.jvm.internal.impl.load.kotlin.KotlinClassFinder source: jar:nested:/Users/kibong_home/Desktop/development/blog/build/libs/blog-0.0.1-SNAPSHOT.jar/!BOOT-INF/lib/kotlin-reflect-2.3.21.jar!/
[0.507s][info][class,load] kotlin.reflect.jvm.internal.impl.descriptors.runtime.components.ReflectKotlinClassFinder source: jar:nested:/Users/kibong_home/Desktop/development/blog/build/libs/blog-0.0.1-SNAPSHOT.jar/!BOOT-INF/lib/kotlin-reflect-2.3.21.jar!/
[0.507s][info][class,load] kotlin.reflect.jvm.internal.impl.serialization.deserialization.builtins.BuiltInsResourceLoader source: jar:nested:/Users/kibong_home/Desktop/development/blog/build/libs/blog-0.0.1-SNAPSHOT.jar/!BOOT-INF/lib/kotlin-reflect-2.3.21.jar!/
[0.507s][info][class,load] kotlin.reflect.jvm.internal.impl.load.kotlin.DeserializationComponentsForJava source: jar:nested:/Users/kibong_home/Desktop/development/blog/build/libs/blog-0.0.1-SNAPSHOT.jar/!BOOT-INF/lib/kotlin-reflect-2.3.21.jar!/
[0.507s][info][class,load] kotlin.reflect.jvm.internal.impl.load.kotlin.DeserializationComponentsForJava$Companion source: jar:nested:/Users/kibong_home/Desktop/development/blog/build/libs/blog-0.0.1-SNAPSHOT.jar/!BOOT-INF/lib/kotlin-reflect-2.3.21.jar!/
[0.507s][info][class,load] kotlin.Unit source: jar:nested:/Users/kibong_home/Desktop/development/blog/build/libs/blog-0.0.1-SNAPSHOT.jar/!BOOT-INF/lib/kotlin-stdlib-2.3.21.jar!/
[0.507s][info][class,load] kotlin.reflect.jvm.internal.impl.load.java.JavaClassFinder source: jar:nested:/Users/kibong_home/Desktop/development/blog/build/libs/blog-0.0.1-SNAPSHOT.jar/!BOOT-INF/lib/kotlin-reflect-2.3.21.jar!/
[0.507s][info][class,load] kotlin.reflect.jvm.internal.impl.descriptors.runtime.components.ReflectJavaClassFinder source: jar:nested:/Users/kibong_home/Desktop/development/blog/build/libs/blog-0.0.1-SNAPSHOT.jar/!BOOT-INF/lib/kotlin-reflect-2.3.21.jar!/
[0.508s][info][class,load] kotlin.reflect.jvm.internal.impl.serialization.deserialization.ErrorReporter source: jar:nested:/Users/kibong_home/Desktop/development/blog/build/libs/blog-0.0.1-SNAPSHOT.jar/!BOOT-INF/lib/kotlin-reflect-2.3.21.jar!/
[0.508s][info][class,load] kotlin.reflect.jvm.internal.impl.descriptors.runtime.components.RuntimeErrorReporter source: jar:nested:/Users/kibong_home/Desktop/development/blog/build/libs/blog-0.0.1-SNAPSHOT.jar/!BOOT-INF/lib/kotlin-reflect-2.3.21.jar!/
[0.508s][info][class,load] kotlin.reflect.jvm.internal.impl.load.java.sources.JavaSourceElementFactory source: jar:nested:/Users/kibong_home/Desktop/development/blog/build/libs/blog-0.0.1-SNAPSHOT.jar/!BOOT-INF/lib/kotlin-reflect-2.3.21.jar!/
[0.508s][info][class,load] kotlin.reflect.jvm.internal.impl.descriptors.runtime.components.RuntimeSourceElementFactory source: jar:nested:/Users/kibong_home/Desktop/development/blog/build/libs/blog-0.0.1-SNAPSHOT.jar/!BOOT-INF/lib/kotlin-reflect-2.3.21.jar!/
[0.508s][info][class,load] kotlin.reflect.jvm.internal.impl.storage.StorageManager source: jar:nested:/Users/kibong_home/Desktop/development/blog/build/libs/blog-0.0.1-SNAPSHOT.jar/!BOOT-INF/lib/kotlin-reflect-2.3.21.jar!/
[0.508s][info][class,load] kotlin.reflect.jvm.internal.impl.storage.LockBasedStorageManager source: jar:nested:/Users/kibong_home/Desktop/development/blog/build/libs/blog-0.0.1-SNAPSHOT.jar/!BOOT-INF/lib/kotlin-reflect-2.3.21.jar!/
[0.508s][info][class,load] kotlin.reflect.jvm.internal.impl.storage.NotNullLazyValue source: jar:nested:/Users/kibong_home/Desktop/development/blog/build/libs/blog-0.0.1-SNAPSHOT.jar/!BOOT-INF/lib/kotlin-reflect-2.3.21.jar!/
[0.508s][info][class,load] kotlin.reflect.jvm.internal.impl.storage.CacheWithNotNullValues source: jar:nested:/Users/kibong_home/Desktop/development/blog/build/libs/blog-0.0.1-SNAPSHOT.jar/!BOOT-INF/lib/kotlin-reflect-2.3.21.jar!/
[0.508s][info][class,load] kotlin.reflect.jvm.internal.impl.storage.CacheWithNullableValues source: jar:nested:/Users/kibong_home/Desktop/development/blog/build/libs/blog-0.0.1-SNAPSHOT.jar/!BOOT-INF/lib/kotlin-reflect-2.3.21.jar!/
[0.508s][info][class,load] kotlin.reflect.jvm.internal.impl.storage.MemoizedFunctionToNotNull source: jar:nested:/Users/kibong_home/Desktop/development/blog/build/libs/blog-0.0.1-SNAPSHOT.jar/!BOOT-INF/lib/kotlin-reflect-2.3.21.jar!/
[0.508s][info][class,load] kotlin.reflect.jvm.internal.impl.storage.NullableLazyValue source: jar:nested:/Users/kibong_home/Desktop/development/blog/build/libs/blog-0.0.1-SNAPSHOT.jar/!BOOT-INF/lib/kotlin-reflect-2.3.21.jar!/
[0.508s][info][class,load] kotlin.reflect.jvm.internal.impl.storage.MemoizedFunctionToNullable source: jar:nested:/Users/kibong_home/Desktop/development/blog/build/libs/blog-0.0.1-SNAPSHOT.jar/!BOOT-INF/lib/kotlin-reflect-2.3.21.jar!/
[0.508s][info][class,load] kotlin.reflect.jvm.internal.impl.storage.SimpleLock source: jar:nested:/Users/kibong_home/Desktop/development/blog/build/libs/blog-0.0.1-SNAPSHOT.jar/!BOOT-INF/lib/kotlin-reflect-2.3.21.jar!/
[0.508s][info][class,load] kotlin.reflect.jvm.internal.impl.storage.LockBasedStorageManager$1 source: jar:nested:/Users/kibong_home/Desktop/development/blog/build/libs/blog-0.0.1-SNAPSHOT.jar/!BOOT-INF/lib/kotlin-reflect-2.3.21.jar!/
[0.508s][info][class,load] kotlin.reflect.jvm.internal.impl.storage.LockBasedStorageManager$ExceptionHandlingStrategy source: jar:nested:/Users/kibong_home/Desktop/development/blog/build/libs/blog-0.0.1-SNAPSHOT.jar/!BOOT-INF/lib/kotlin-reflect-2.3.21.jar!/
[0.508s][info][class,load] kotlin.reflect.jvm.internal.impl.storage.LockBasedStorageManager$ExceptionHandlingStrategy$1 source: jar:nested:/Users/kibong_home/Desktop/development/blog/build/libs/blog-0.0.1-SNAPSHOT.jar/!BOOT-INF/lib/kotlin-reflect-2.3.21.jar!/
[0.508s][info][class,load] kotlin.reflect.jvm.internal.impl.storage.EmptySimpleLock source: jar:nested:/Users/kibong_home/Desktop/development/blog/build/libs/blog-0.0.1-SNAPSHOT.jar/!BOOT-INF/lib/kotlin-reflect-2.3.21.jar!/
[0.508s][info][class,load] kotlin.reflect.jvm.internal.impl.storage.SimpleLock$Companion source: jar:nested:/Users/kibong_home/Desktop/development/blog/build/libs/blog-0.0.1-SNAPSHOT.jar/!BOOT-INF/lib/kotlin-reflect-2.3.21.jar!/
[0.508s][info][class,load] kotlin.reflect.jvm.internal.impl.storage.DefaultSimpleLock source: jar:nested:/Users/kibong_home/Desktop/development/blog/build/libs/blog-0.0.1-SNAPSHOT.jar/!BOOT-INF/lib/kotlin-reflect-2.3.21.jar!/
[0.509s][info][class,load] kotlin.reflect.jvm.internal.impl.builtins.KotlinBuiltIns source: jar:nested:/Users/kibong_home/Desktop/development/blog/build/libs/blog-0.0.1-SNAPSHOT.jar/!BOOT-INF/lib/kotlin-reflect-2.3.21.jar!/
[0.509s][info][class,load] kotlin.reflect.jvm.internal.impl.builtins.jvm.JvmBuiltIns source: jar:nested:/Users/kibong_home/Desktop/development/blog/build/libs/blog-0.0.1-SNAPSHOT.jar/!BOOT-INF/lib/kotlin-reflect-2.3.21.jar!/
[0.509s][info][class,load] kotlin.reflect.jvm.internal.impl.descriptors.Named source: jar:nested:/Users/kibong_home/Desktop/development/blog/build/libs/blog-0.0.1-SNAPSHOT.jar/!BOOT-INF/lib/kotlin-reflect-2.3.21.jar!/
[0.509s][info][class,load] kotlin.reflect.jvm.internal.impl.descriptors.annotations.Annotated source: jar:nested:/Users/kibong_home/Desktop/development/blog/build/libs/blog-0.0.1-SNAPSHOT.jar/!BOOT-INF/lib/kotlin-reflect-2.3.21.jar!/
[0.509s][info][class,load] kotlin.reflect.jvm.internal.impl.descriptors.DeclarationDescriptor source: jar:nested:/Users/kibong_home/Desktop/development/blog/build/libs/blog-0.0.1-SNAPSHOT.jar/!BOOT-INF/lib/kotlin-reflect-2.3.21.jar!/
[0.509s][info][class,load] kotlin.reflect.jvm.internal.impl.descriptors.DeclarationDescriptorWithSource source: jar:nested:/Users/kibong_home/Desktop/development/blog/build/libs/blog-0.0.1-SNAPSHOT.jar/!BOOT-INF/lib/kotlin-reflect-2.3.21.jar!/
[0.509s][info][class,load] kotlin.reflect.jvm.internal.impl.descriptors.DeclarationDescriptorNonRoot source: jar:nested:/Users/kibong_home/Desktop/development/blog/build/libs/blog-0.0.1-SNAPSHOT.jar/!BOOT-INF/lib/kotlin-reflect-2.3.21.jar!/
[0.509s][info][class,load] kotlin.reflect.jvm.internal.impl.descriptors.ClassifierDescriptor source: jar:nested:/Users/kibong_home/Desktop/development/blog/build/libs/blog-0.0.1-SNAPSHOT.jar/!BOOT-INF/lib/kotlin-reflect-2.3.21.jar!/
[0.509s][info][class,load] kotlin.reflect.jvm.internal.impl.descriptors.ModuleDescriptor source: jar:nested:/Users/kibong_home/Desktop/development/blog/build/libs/blog-0.0.1-SNAPSHOT.jar/!BOOT-INF/lib/kotlin-reflect-2.3.21.jar!/
[0.509s][info][class,load] kotlin.reflect.jvm.internal.impl.descriptors.deserialization.AdditionalClassPartsProvider source: jar:nested:/Users/kibong_home/Desktop/development/blog/build/libs/blog-0.0.1-SNAPSHOT.jar/!BOOT-INF/lib/kotlin-reflect-2.3.21.jar!/
[0.509s][info][class,load] kotlin.reflect.jvm.internal.impl.incremental.components.LookupLocation source: jar:nested:/Users/kibong_home/Desktop/development/blog/build/libs/blog-0.0.1-SNAPSHOT.jar/!BOOT-INF/lib/kotlin-reflect-2.3.21.jar!/
[0.509s][info][class,load] kotlin.reflect.jvm.internal.impl.types.model.KotlinTypeMarker source: jar:nested:/Users/kibong_home/Desktop/development/blog/build/libs/blog-0.0.1-SNAPSHOT.jar/!BOOT-INF/lib/kotlin-reflect-2.3.21.jar!/
[0.509s][info][class,load] kotlin.reflect.jvm.internal.impl.types.KotlinType source: jar:nested:/Users/kibong_home/Desktop/development/blog/build/libs/blog-0.0.1-SNAPSHOT.jar/!BOOT-INF/lib/kotlin-reflect-2.3.21.jar!/
[0.509s][info][class,load] kotlin.reflect.jvm.internal.impl.types.model.RigidTypeMarker source: jar:nested:/Users/kibong_home/Desktop/development/blog/build/libs/blog-0.0.1-SNAPSHOT.jar/!BOOT-INF/lib/kotlin-reflect-2.3.21.jar!/
[0.509s][info][class,load] kotlin.reflect.jvm.internal.impl.types.model.SimpleTypeMarker source: jar:nested:/Users/kibong_home/Desktop/development/blog/build/libs/blog-0.0.1-SNAPSHOT.jar/!BOOT-INF/lib/kotlin-reflect-2.3.21.jar!/
[0.509s][info][class,load] kotlin.reflect.jvm.internal.impl.types.model.TypeArgumentListMarker source: jar:nested:/Users/kibong_home/Desktop/development/blog/build/libs/blog-0.0.1-SNAPSHOT.jar/!BOOT-INF/lib/kotlin-reflect-2.3.21.jar!/
[0.509s][info][class,load] kotlin.reflect.jvm.internal.impl.types.UnwrappedType source: jar:nested:/Users/kibong_home/Desktop/development/blog/build/libs/blog-0.0.1-SNAPSHOT.jar/!BOOT-INF/lib/kotlin-reflect-2.3.21.jar!/
[0.509s][info][class,load] kotlin.reflect.jvm.internal.impl.types.SimpleType source: jar:nested:/Users/kibong_home/Desktop/development/blog/build/libs/blog-0.0.1-SNAPSHOT.jar/!BOOT-INF/lib/kotlin-reflect-2.3.21.jar!/
[0.509s][info][class,load] kotlin.reflect.jvm.internal.impl.descriptors.deserialization.PlatformDependentDeclarationFilter source: jar:nested:/Users/kibong_home/Desktop/development/blog/build/libs/blog-0.0.1-SNAPSHOT.jar/!BOOT-INF/lib/kotlin-reflect-2.3.21.jar!/
[0.510s][info][class,load] kotlin.reflect.jvm.internal.impl.builtins.jvm.JvmBuiltIns$Kind source: jar:nested:/Users/kibong_home/Desktop/development/blog/build/libs/blog-0.0.1-SNAPSHOT.jar/!BOOT-INF/lib/kotlin-reflect-2.3.21.jar!/
[0.510s][info][class,load] kotlin.reflect.jvm.internal.impl.builtins.KotlinBuiltIns$1 source: jar:nested:/Users/kibong_home/Desktop/development/blog/build/libs/blog-0.0.1-SNAPSHOT.jar/!BOOT-INF/lib/kotlin-reflect-2.3.21.jar!/
[0.510s][info][class,load] kotlin.reflect.jvm.internal.impl.storage.LockBasedStorageManager$LockBasedLazyValue source: jar:nested:/Users/kibong_home/Desktop/development/blog/build/libs/blog-0.0.1-SNAPSHOT.jar/!BOOT-INF/lib/kotlin-reflect-2.3.21.jar!/
[0.510s][info][class,load] kotlin.reflect.jvm.internal.impl.storage.LockBasedStorageManager$LockBasedNotNullLazyValue source: jar:nested:/Users/kibong_home/Desktop/development/blog/build/libs/blog-0.0.1-SNAPSHOT.jar/!BOOT-INF/lib/kotlin-reflect-2.3.21.jar!/
[0.510s][info][class,load] kotlin.reflect.jvm.internal.impl.storage.LockBasedStorageManager$NotValue source: jar:nested:/Users/kibong_home/Desktop/development/blog/build/libs/blog-0.0.1-SNAPSHOT.jar/!BOOT-INF/lib/kotlin-reflect-2.3.21.jar!/
[0.510s][info][class,load] kotlin.reflect.jvm.internal.impl.builtins.KotlinBuiltIns$2 source: jar:nested:/Users/kibong_home/Desktop/development/blog/build/libs/blog-0.0.1-SNAPSHOT.jar/!BOOT-INF/lib/kotlin-reflect-2.3.21.jar!/
[0.510s][info][class,load] kotlin.reflect.jvm.internal.impl.builtins.KotlinBuiltIns$3 source: jar:nested:/Users/kibong_home/Desktop/development/blog/build/libs/blog-0.0.1-SNAPSHOT.jar/!BOOT-INF/lib/kotlin-reflect-2.3.21.jar!/
[0.510s][info][class,load] kotlin.reflect.jvm.internal.impl.storage.LockBasedStorageManager$MapBasedMemoizedFunction source: jar:nested:/Users/kibong_home/Desktop/development/blog/build/libs/blog-0.0.1-SNAPSHOT.jar/!BOOT-INF/lib/kotlin-reflect-2.3.21.jar!/
[0.510s][info][class,load] kotlin.reflect.jvm.internal.impl.storage.LockBasedStorageManager$MapBasedMemoizedFunctionToNotNull source: jar:nested:/Users/kibong_home/Desktop/development/blog/build/libs/blog-0.0.1-SNAPSHOT.jar/!BOOT-INF/lib/kotlin-reflect-2.3.21.jar!/
[0.510s][info][class,load] kotlin.reflect.jvm.internal.impl.builtins.jvm.JvmBuiltIns$$Lambda$0 source: jar:nested:/Users/kibong_home/Desktop/development/blog/build/libs/blog-0.0.1-SNAPSHOT.jar/!BOOT-INF/lib/kotlin-reflect-2.3.21.jar!/
[0.510s][info][class,load] kotlin.reflect.jvm.internal.impl.builtins.jvm.JvmBuiltIns$WhenMappings source: jar:nested:/Users/kibong_home/Desktop/development/blog/build/libs/blog-0.0.1-SNAPSHOT.jar/!BOOT-INF/lib/kotlin-reflect-2.3.21.jar!/
[0.510s][info][class,load] kotlin.reflect.jvm.internal.impl.descriptors.annotations.AnnotatedImpl source: jar:nested:/Users/kibong_home/Desktop/development/blog/build/libs/blog-0.0.1-SNAPSHOT.jar/!BOOT-INF/lib/kotlin-reflect-2.3.21.jar!/
[0.510s][info][class,load] kotlin.reflect.jvm.internal.impl.descriptors.impl.DeclarationDescriptorImpl source: jar:nested:/Users/kibong_home/Desktop/development/blog/build/libs/blog-0.0.1-SNAPSHOT.jar/!BOOT-INF/lib/kotlin-reflect-2.3.21.jar!/
[0.511s][info][class,load] kotlin.reflect.jvm.internal.impl.descriptors.impl.ModuleDescriptorImpl source: jar:nested:/Users/kibong_home/Desktop/development/blog/build/libs/blog-0.0.1-SNAPSHOT.jar/!BOOT-INF/lib/kotlin-reflect-2.3.21.jar!/
[0.511s][info][class,load] kotlin.collections.EmptyMap source: jar:nested:/Users/kibong_home/Desktop/development/blog/build/libs/blog-0.0.1-SNAPSHOT.jar/!BOOT-INF/lib/kotlin-stdlib-2.3.21.jar!/
[0.511s][info][class,load] kotlin.reflect.jvm.internal.impl.descriptors.annotations.Annotations source: jar:nested:/Users/kibong_home/Desktop/development/blog/build/libs/blog-0.0.1-SNAPSHOT.jar/!BOOT-INF/lib/kotlin-reflect-2.3.21.jar!/
[0.511s][info][class,load] kotlin.reflect.jvm.internal.impl.descriptors.annotations.Annotations$Companion source: jar:nested:/Users/kibong_home/Desktop/development/blog/build/libs/blog-0.0.1-SNAPSHOT.jar/!BOOT-INF/lib/kotlin-reflect-2.3.21.jar!/
[0.511s][info][class,load] kotlin.reflect.jvm.internal.impl.descriptors.annotations.Annotations$Companion$EMPTY$1 source: jar:nested:/Users/kibong_home/Desktop/development/blog/build/libs/blog-0.0.1-SNAPSHOT.jar/!BOOT-INF/lib/kotlin-reflect-2.3.21.jar!/
[0.511s][info][class,load] kotlin.reflect.jvm.internal.impl.descriptors.impl.PackageViewDescriptorFactory source: jar:nested:/Users/kibong_home/Desktop/development/blog/build/libs/blog-0.0.1-SNAPSHOT.jar/!BOOT-INF/lib/kotlin-reflect-2.3.21.jar!/
[0.511s][info][class,load] kotlin.reflect.jvm.internal.impl.descriptors.impl.PackageViewDescriptorFactory$Companion source: jar:nested:/Users/kibong_home/Desktop/development/blog/build/libs/blog-0.0.1-SNAPSHOT.jar/!BOOT-INF/lib/kotlin-reflect-2.3.21.jar!/
[0.511s][info][class,load] kotlin.reflect.jvm.internal.impl.descriptors.ModuleCapability source: jar:nested:/Users/kibong_home/Desktop/development/blog/build/libs/blog-0.0.1-SNAPSHOT.jar/!BOOT-INF/lib/kotlin-reflect-2.3.21.jar!/
[0.511s][info][class,load] kotlin.reflect.jvm.internal.impl.descriptors.impl.PackageViewDescriptorFactory$Default source: jar:nested:/Users/kibong_home/Desktop/development/blog/build/libs/blog-0.0.1-SNAPSHOT.jar/!BOOT-INF/lib/kotlin-reflect-2.3.21.jar!/
[0.511s][info][class,load] kotlin.reflect.jvm.internal.impl.descriptors.impl.ModuleDescriptorImpl$$Lambda$0 source: jar:nested:/Users/kibong_home/Desktop/development/blog/build/libs/blog-0.0.1-SNAPSHOT.jar/!BOOT-INF/lib/kotlin-reflect-2.3.21.jar!/
[0.511s][info][class,load] kotlin.reflect.jvm.internal.impl.descriptors.impl.ModuleDescriptorImpl$$Lambda$1 source: jar:nested:/Users/kibong_home/Desktop/development/blog/build/libs/blog-0.0.1-SNAPSHOT.jar/!BOOT-INF/lib/kotlin-reflect-2.3.21.jar!/
[0.511s][info][class,load] kotlin.SynchronizedLazyImpl source: jar:nested:/Users/kibong_home/Desktop/development/blog/build/libs/blog-0.0.1-SNAPSHOT.jar/!BOOT-INF/lib/kotlin-stdlib-2.3.21.jar!/
[0.511s][info][class,load] kotlin.reflect.jvm.internal.impl.builtins.KotlinBuiltIns$4 source: jar:nested:/Users/kibong_home/Desktop/development/blog/build/libs/blog-0.0.1-SNAPSHOT.jar/!BOOT-INF/lib/kotlin-reflect-2.3.21.jar!/
[0.511s][info][class,load] kotlin.reflect.jvm.internal.impl.builtins.jvm.JvmBuiltIns$$Lambda$1 source: jar:nested:/Users/kibong_home/Desktop/development/blog/build/libs/blog-0.0.1-SNAPSHOT.jar/!BOOT-INF/lib/kotlin-reflect-2.3.21.jar!/
[0.511s][info][class,load] kotlin.reflect.jvm.internal.impl.load.kotlin.DeserializedDescriptorResolver source: jar:nested:/Users/kibong_home/Desktop/development/blog/build/libs/blog-0.0.1-SNAPSHOT.jar/!BOOT-INF/lib/kotlin-reflect-2.3.21.jar!/
[0.511s][info][class,load] kotlin.reflect.jvm.internal.impl.protobuf.InvalidProtocolBufferException source: jar:nested:/Users/kibong_home/Desktop/development/blog/build/libs/blog-0.0.1-SNAPSHOT.jar/!BOOT-INF/lib/kotlin-reflect-2.3.21.jar!/
[0.511s][info][class,load] kotlin.reflect.jvm.internal.impl.load.kotlin.DeserializedDescriptorResolver$Companion source: jar:nested:/Users/kibong_home/Desktop/development/blog/build/libs/blog-0.0.1-SNAPSHOT.jar/!BOOT-INF/lib/kotlin-reflect-2.3.21.jar!/
[0.511s][info][class,load] kotlin.reflect.jvm.internal.impl.load.kotlin.header.KotlinClassHeader$Kind source: jar:nested:/Users/kibong_home/Desktop/development/blog/build/libs/blog-0.0.1-SNAPSHOT.jar/!BOOT-INF/lib/kotlin-reflect-2.3.21.jar!/
[0.512s][info][class,load] kotlin.reflect.jvm.internal.impl.load.kotlin.header.KotlinClassHeader$Kind$Companion source: jar:nested:/Users/kibong_home/Desktop/development/blog/build/libs/blog-0.0.1-SNAPSHOT.jar/!BOOT-INF/lib/kotlin-reflect-2.3.21.jar!/
[0.512s][info][class,load] kotlin.reflect.jvm.internal.impl.metadata.deserialization.BinaryVersion source: jar:nested:/Users/kibong_home/Desktop/development/blog/build/libs/blog-0.0.1-SNAPSHOT.jar/!BOOT-INF/lib/kotlin-reflect-2.3.21.jar!/
[0.512s][info][class,load] kotlin.reflect.jvm.internal.impl.metadata.deserialization.MetadataVersion source: jar:nested:/Users/kibong_home/Desktop/development/blog/build/libs/blog-0.0.1-SNAPSHOT.jar/!BOOT-INF/lib/kotlin-reflect-2.3.21.jar!/
[0.512s][info][class,load] kotlin.reflect.jvm.internal.impl.metadata.deserialization.BinaryVersion$Companion source: jar:nested:/Users/kibong_home/Desktop/development/blog/build/libs/blog-0.0.1-SNAPSHOT.jar/!BOOT-INF/lib/kotlin-reflect-2.3.21.jar!/
[0.512s][info][class,load] kotlin.reflect.jvm.internal.impl.metadata.deserialization.MetadataVersion$Companion source: jar:nested:/Users/kibong_home/Desktop/development/blog/build/libs/blog-0.0.1-SNAPSHOT.jar/!BOOT-INF/lib/kotlin-reflect-2.3.21.jar!/
[0.512s][info][class,load] kotlin.collections.EmptyList source: jar:nested:/Users/kibong_home/Desktop/development/blog/build/libs/blog-0.0.1-SNAPSHOT.jar/!BOOT-INF/lib/kotlin-stdlib-2.3.21.jar!/
[0.512s][info][class,load] kotlin.reflect.jvm.internal.impl.load.java.lazy.ModuleClassResolver source: jar:nested:/Users/kibong_home/Desktop/development/blog/build/libs/blog-0.0.1-SNAPSHOT.jar/!BOOT-INF/lib/kotlin-reflect-2.3.21.jar!/
[0.512s][info][class,load] kotlin.reflect.jvm.internal.impl.load.java.lazy.SingleModuleClassResolver source: jar:nested:/Users/kibong_home/Desktop/development/blog/build/libs/blog-0.0.1-SNAPSHOT.jar/!BOOT-INF/lib/kotlin-reflect-2.3.21.jar!/
[0.512s][info][class,load] kotlin.reflect.jvm.internal.impl.descriptors.NotFoundClasses source: jar:nested:/Users/kibong_home/Desktop/development/blog/build/libs/blog-0.0.1-SNAPSHOT.jar/!BOOT-INF/lib/kotlin-reflect-2.3.21.jar!/
[0.512s][info][class,load] kotlin.reflect.jvm.internal.impl.descriptors.NotFoundClasses$$Lambda$0 source: jar:nested:/Users/kibong_home/Desktop/development/blog/build/libs/blog-0.0.1-SNAPSHOT.jar/!BOOT-INF/lib/kotlin-reflect-2.3.21.jar!/
[0.512s][info][class,load] kotlin.reflect.jvm.internal.impl.descriptors.NotFoundClasses$$Lambda$1 source: jar:nested:/Users/kibong_home/Desktop/development/blog/build/libs/blog-0.0.1-SNAPSHOT.jar/!BOOT-INF/lib/kotlin-reflect-2.3.21.jar!/
[0.512s][info][class,load] kotlin.reflect.jvm.internal.impl.load.kotlin.DeserializationComponentsForJavaKt source: jar:nested:/Users/kibong_home/Desktop/development/blog/build/libs/blog-0.0.1-SNAPSHOT.jar/!BOOT-INF/lib/kotlin-reflect-2.3.21.jar!/
[0.512s][info][class,load] kotlin.reflect.jvm.internal.impl.load.kotlin.PackagePartProvider source: jar:nested:/Users/kibong_home/Desktop/development/blog/build/libs/blog-0.0.1-SNAPSHOT.jar/!BOOT-INF/lib/kotlin-reflect-2.3.21.jar!/
[0.512s][info][class,load] kotlin.reflect.jvm.internal.impl.load.kotlin.PackagePartProvider$Empty source: jar:nested:/Users/kibong_home/Desktop/development/blog/build/libs/blog-0.0.1-SNAPSHOT.jar/!BOOT-INF/lib/kotlin-reflect-2.3.21.jar!/
[0.512s][info][class,load] kotlin.reflect.jvm.internal.impl.load.java.JavaTypeEnhancementState source: jar:nested:/Users/kibong_home/Desktop/development/blog/build/libs/blog-0.0.1-SNAPSHOT.jar/!BOOT-INF/lib/kotlin-reflect-2.3.21.jar!/
[0.512s][info][class,load] kotlin.reflect.jvm.internal.impl.load.java.JavaTypeEnhancementState$Companion source: jar:nested:/Users/kibong_home/Desktop/development/blog/build/libs/blog-0.0.1-SNAPSHOT.jar/!BOOT-INF/lib/kotlin-reflect-2.3.21.jar!/
[0.512s][info][class,load] kotlin.KotlinVersion source: jar:nested:/Users/kibong_home/Desktop/development/blog/build/libs/blog-0.0.1-SNAPSHOT.jar/!BOOT-INF/lib/kotlin-stdlib-2.3.21.jar!/
[0.512s][info][class,load] kotlin.KotlinVersion$Companion source: jar:nested:/Users/kibong_home/Desktop/development/blog/build/libs/blog-0.0.1-SNAPSHOT.jar/!BOOT-INF/lib/kotlin-stdlib-2.3.21.jar!/
[0.512s][info][class,load] kotlin.KotlinVersionCurrentValue source: jar:nested:/Users/kibong_home/Desktop/development/blog/build/libs/blog-0.0.1-SNAPSHOT.jar/!BOOT-INF/lib/kotlin-stdlib-2.3.21.jar!/
[0.513s][info][class,load] kotlin.reflect.jvm.internal.impl.load.java.JavaNullabilityAnnotationSettingsKt source: jar:nested:/Users/kibong_home/Desktop/development/blog/build/libs/blog-0.0.1-SNAPSHOT.jar/!BOOT-INF/lib/kotlin-reflect-2.3.21.jar!/
[0.513s][info][class,load] kotlin.reflect.jvm.internal.impl.load.java.NullabilityAnnotationStates source: jar:nested:/Users/kibong_home/Desktop/development/blog/build/libs/blog-0.0.1-SNAPSHOT.jar/!BOOT-INF/lib/kotlin-reflect-2.3.21.jar!/
[0.513s][info][class,load] kotlin.reflect.jvm.internal.impl.load.java.NullabilityAnnotationStatesImpl source: jar:nested:/Users/kibong_home/Desktop/development/blog/build/libs/blog-0.0.1-SNAPSHOT.jar/!BOOT-INF/lib/kotlin-reflect-2.3.21.jar!/
[0.513s][info][class,load] kotlin.reflect.jvm.internal.impl.load.java.JavaNullabilityAnnotationsStatus source: jar:nested:/Users/kibong_home/Desktop/development/blog/build/libs/blog-0.0.1-SNAPSHOT.jar/!BOOT-INF/lib/kotlin-reflect-2.3.21.jar!/
[0.513s][info][class,load] kotlin.reflect.jvm.internal.impl.load.java.JavaNullabilityAnnotationsStatus$Companion source: jar:nested:/Users/kibong_home/Desktop/development/blog/build/libs/blog-0.0.1-SNAPSHOT.jar/!BOOT-INF/lib/kotlin-reflect-2.3.21.jar!/
[0.513s][info][class,load] kotlin.reflect.jvm.internal.impl.load.java.ReportLevel source: jar:nested:/Users/kibong_home/Desktop/development/blog/build/libs/blog-0.0.1-SNAPSHOT.jar/!BOOT-INF/lib/kotlin-reflect-2.3.21.jar!/
[0.513s][info][class,load] kotlin.reflect.jvm.internal.impl.load.java.ReportLevel$Companion source: jar:nested:/Users/kibong_home/Desktop/development/blog/build/libs/blog-0.0.1-SNAPSHOT.jar/!BOOT-INF/lib/kotlin-reflect-2.3.21.jar!/
[0.513s][info][class,load] kotlin.reflect.jvm.internal.impl.load.java.NullabilityAnnotationStatesImpl$$Lambda$0 source: jar:nested:/Users/kibong_home/Desktop/development/blog/build/libs/blog-0.0.1-SNAPSHOT.jar/!BOOT-INF/lib/kotlin-reflect-2.3.21.jar!/
[0.513s][info][class,load] kotlin.reflect.jvm.internal.impl.load.java.Jsr305Settings source: jar:nested:/Users/kibong_home/Desktop/development/blog/build/libs/blog-0.0.1-SNAPSHOT.jar/!BOOT-INF/lib/kotlin-reflect-2.3.21.jar!/
[0.513s][info][class,load] kotlin.reflect.jvm.internal.impl.load.java.Jsr305Settings$$Lambda$0 source: jar:nested:/Users/kibong_home/Desktop/development/blog/build/libs/blog-0.0.1-SNAPSHOT.jar/!BOOT-INF/lib/kotlin-reflect-2.3.21.jar!/
[0.513s][info][class,load] kotlin.reflect.jvm.internal.impl.load.java.JavaTypeEnhancementState$Companion$$Lambda$0 source: jar:nested:/Users/kibong_home/Desktop/development/blog/build/libs/blog-0.0.1-SNAPSHOT.jar/!BOOT-INF/lib/kotlin-reflect-2.3.21.jar!/
[0.513s][info][class,load] kotlin.reflect.jvm.internal.impl.load.java.NullabilityAnnotationStates$Companion source: jar:nested:/Users/kibong_home/Desktop/development/blog/build/libs/blog-0.0.1-SNAPSHOT.jar/!BOOT-INF/lib/kotlin-reflect-2.3.21.jar!/
[0.513s][info][class,load] kotlin.collections.EmptySet source: jar:nested:/Users/kibong_home/Desktop/development/blog/build/libs/blog-0.0.1-SNAPSHOT.jar/!BOOT-INF/lib/kotlin-stdlib-2.3.21.jar!/
[0.513s][info][class,load] kotlin.collections.EmptyIterator source: jar:nested:/Users/kibong_home/Desktop/development/blog/build/libs/blog-0.0.1-SNAPSHOT.jar/!BOOT-INF/lib/kotlin-stdlib-2.3.21.jar!/
[0.513s][info][class,load] kotlin.reflect.jvm.internal.impl.utils.WrappedValues source: jar:nested:/Users/kibong_home/Desktop/development/blog/build/libs/blog-0.0.1-SNAPSHOT.jar/!BOOT-INF/lib/kotlin-reflect-2.3.21.jar!/
[0.513s][info][class,load] kotlin.reflect.jvm.internal.impl.utils.WrappedValues$WrappedProcessCanceledException source: jar:nested:/Users/kibong_home/Desktop/development/blog/build/libs/blog-0.0.1-SNAPSHOT.jar/!BOOT-INF/lib/kotlin-reflect-2.3.21.jar!/
[0.513s][info][class,load] kotlin.reflect.jvm.internal.impl.utils.WrappedValues$1 source: jar:nested:/Users/kibong_home/Desktop/development/blog/build/libs/blog-0.0.1-SNAPSHOT.jar/!BOOT-INF/lib/kotlin-reflect-2.3.21.jar!/
[0.514s][info][class,load] kotlin.reflect.jvm.internal.impl.load.java.lazy.JavaResolverComponents source: jar:nested:/Users/kibong_home/Desktop/development/blog/build/libs/blog-0.0.1-SNAPSHOT.jar/!BOOT-INF/lib/kotlin-reflect-2.3.21.jar!/
[0.514s][info][class,load] kotlin.reflect.jvm.internal.impl.load.java.components.SignaturePropagator source: jar:nested:/Users/kibong_home/Desktop/development/blog/build/libs/blog-0.0.1-SNAPSHOT.jar/!BOOT-INF/lib/kotlin-reflect-2.3.21.jar!/
[0.514s][info][class,load] kotlin.reflect.jvm.internal.impl.load.java.components.SignaturePropagator$1 source: jar:nested:/Users/kibong_home/Desktop/development/blog/build/libs/blog-0.0.1-SNAPSHOT.jar/!BOOT-INF/lib/kotlin-reflect-2.3.21.jar!/
[0.514s][info][class,load] kotlin.reflect.jvm.internal.impl.load.java.components.JavaResolverCache source: jar:nested:/Users/kibong_home/Desktop/development/blog/build/libs/blog-0.0.1-SNAPSHOT.jar/!BOOT-INF/lib/kotlin-reflect-2.3.21.jar!/
[0.514s][info][class,load] kotlin.reflect.jvm.internal.impl.load.java.components.JavaResolverCache$1 source: jar:nested:/Users/kibong_home/Desktop/development/blog/build/libs/blog-0.0.1-SNAPSHOT.jar/!BOOT-INF/lib/kotlin-reflect-2.3.21.jar!/
[0.514s][info][class,load] kotlin.reflect.jvm.internal.impl.load.java.components.JavaPropertyInitializerEvaluator source: jar:nested:/Users/kibong_home/Desktop/development/blog/build/libs/blog-0.0.1-SNAPSHOT.jar/!BOOT-INF/lib/kotlin-reflect-2.3.21.jar!/
[0.514s][info][class,load] kotlin.reflect.jvm.internal.impl.load.java.components.JavaPropertyInitializerEvaluator$DoNothing source: jar:nested:/Users/kibong_home/Desktop/development/blog/build/libs/blog-0.0.1-SNAPSHOT.jar/!BOOT-INF/lib/kotlin-reflect-2.3.21.jar!/
[0.514s][info][class,load] kotlin.reflect.jvm.internal.impl.resolve.sam.SamConversionResolver source: jar:nested:/Users/kibong_home/Desktop/development/blog/build/libs/blog-0.0.1-SNAPSHOT.jar/!BOOT-INF/lib/kotlin-reflect-2.3.21.jar!/
[0.514s][info][class,load] kotlin.reflect.jvm.internal.impl.resolve.sam.SamConversionResolverImpl source: jar:nested:/Users/kibong_home/Desktop/development/blog/build/libs/blog-0.0.1-SNAPSHOT.jar/!BOOT-INF/lib/kotlin-reflect-2.3.21.jar!/
[0.514s][info][class,load] kotlin.reflect.jvm.internal.impl.storage.LockBasedStorageManager$CacheWithNullableValuesBasedOnMemoizedFunction source: jar:nested:/Users/kibong_home/Desktop/development/blog/build/libs/blog-0.0.1-SNAPSHOT.jar/!BOOT-INF/lib/kotlin-reflect-2.3.21.jar!/
[0.514s][info][class,load] kotlin.reflect.jvm.internal.impl.storage.LockBasedStorageManager$CacheWithNullableValuesBasedOnMemoizedFunction$1 source: jar:nested:/Users/kibong_home/Desktop/development/blog/build/libs/blog-0.0.1-SNAPSHOT.jar/!BOOT-INF/lib/kotlin-reflect-2.3.21.jar!/
[0.514s][info][class,load] kotlin.reflect.jvm.internal.impl.descriptors.SupertypeLoopChecker source: jar:nested:/Users/kibong_home/Desktop/development/blog/build/libs/blog-0.0.1-SNAPSHOT.jar/!BOOT-INF/lib/kotlin-reflect-2.3.21.jar!/
[0.514s][info][class,load] kotlin.reflect.jvm.internal.impl.descriptors.SupertypeLoopChecker$EMPTY source: jar:nested:/Users/kibong_home/Desktop/development/blog/build/libs/blog-0.0.1-SNAPSHOT.jar/!BOOT-INF/lib/kotlin-reflect-2.3.21.jar!/
[0.514s][info][class,load] kotlin.reflect.jvm.internal.impl.incremental.components.LookupTracker source: jar:nested:/Users/kibong_home/Desktop/development/blog/build/libs/blog-0.0.1-SNAPSHOT.jar/!BOOT-INF/lib/kotlin-reflect-2.3.21.jar!/
[0.514s][info][class,load] kotlin.reflect.jvm.internal.impl.incremental.components.LookupTracker$DO_NOTHING source: jar:nested:/Users/kibong_home/Desktop/development/blog/build/libs/blog-0.0.1-SNAPSHOT.jar/!BOOT-INF/lib/kotlin-reflect-2.3.21.jar!/
[0.514s][info][class,load] kotlin.reflect.jvm.internal.impl.builtins.ReflectionTypes source: jar:nested:/Users/kibong_home/Desktop/development/blog/build/libs/blog-0.0.1-SNAPSHOT.jar/!BOOT-INF/lib/kotlin-reflect-2.3.21.jar!/
[0.514s][info][class,load] kotlin.reflect.jvm.internal.impl.builtins.ReflectionTypes$Companion source: jar:nested:/Users/kibong_home/Desktop/development/blog/build/libs/blog-0.0.1-SNAPSHOT.jar/!BOOT-INF/lib/kotlin-reflect-2.3.21.jar!/
[0.514s][info][class,load] kotlin.reflect.jvm.internal.impl.builtins.ReflectionTypes$$Lambda$0 source: jar:nested:/Users/kibong_home/Desktop/development/blog/build/libs/blog-0.0.1-SNAPSHOT.jar/!BOOT-INF/lib/kotlin-reflect-2.3.21.jar!/
[0.514s][info][class,load] kotlin.reflect.jvm.internal.impl.builtins.ReflectionTypes$ClassLookup source: jar:nested:/Users/kibong_home/Desktop/development/blog/build/libs/blog-0.0.1-SNAPSHOT.jar/!BOOT-INF/lib/kotlin-reflect-2.3.21.jar!/
[0.515s][info][class,load] kotlin.reflect.jvm.internal.impl.load.java.AbstractAnnotationTypeQualifierResolver source: jar:nested:/Users/kibong_home/Desktop/development/blog/build/libs/blog-0.0.1-SNAPSHOT.jar/!BOOT-INF/lib/kotlin-reflect-2.3.21.jar!/
[0.515s][info][class,load] kotlin.reflect.jvm.internal.impl.load.java.AnnotationTypeQualifierResolver source: jar:nested:/Users/kibong_home/Desktop/development/blog/build/libs/blog-0.0.1-SNAPSHOT.jar/!BOOT-INF/lib/kotlin-reflect-2.3.21.jar!/
[0.515s][info][class,load] kotlin.reflect.jvm.internal.impl.load.java.AbstractAnnotationTypeQualifierResolver$Companion source: jar:nested:/Users/kibong_home/Desktop/development/blog/build/libs/blog-0.0.1-SNAPSHOT.jar/!BOOT-INF/lib/kotlin-reflect-2.3.21.jar!/
[0.515s][info][class,load] kotlin.reflect.jvm.internal.impl.load.java.AnnotationQualifierApplicabilityType source: jar:nested:/Users/kibong_home/Desktop/development/blog/build/libs/blog-0.0.1-SNAPSHOT.jar/!BOOT-INF/lib/kotlin-reflect-2.3.21.jar!/
[0.515s][info][class,load] kotlin.reflect.jvm.internal.impl.load.java.typeEnhancement.SignatureEnhancement source: jar:nested:/Users/kibong_home/Desktop/development/blog/build/libs/blog-0.0.1-SNAPSHOT.jar/!BOOT-INF/lib/kotlin-reflect-2.3.21.jar!/
[0.515s][info][class,load] kotlin.reflect.jvm.internal.impl.load.java.typeEnhancement.JavaTypeEnhancement source: jar:nested:/Users/kibong_home/Desktop/development/blog/build/libs/blog-0.0.1-SNAPSHOT.jar/!BOOT-INF/lib/kotlin-reflect-2.3.21.jar!/
[0.515s][info][class,load] kotlin.reflect.jvm.internal.impl.load.java.lazy.JavaResolverSettings source: jar:nested:/Users/kibong_home/Desktop/development/blog/build/libs/blog-0.0.1-SNAPSHOT.jar/!BOOT-INF/lib/kotlin-reflect-2.3.21.jar!/
[0.515s][info][class,load] kotlin.reflect.jvm.internal.impl.load.java.lazy.JavaResolverSettings$Default source: jar:nested:/Users/kibong_home/Desktop/development/blog/build/libs/blog-0.0.1-SNAPSHOT.jar/!BOOT-INF/lib/kotlin-reflect-2.3.21.jar!/
[0.515s][info][class,load] kotlin.reflect.jvm.internal.impl.load.java.JavaClassesTracker source: jar:nested:/Users/kibong_home/Desktop/development/blog/build/libs/blog-0.0.1-SNAPSHOT.jar/!BOOT-INF/lib/kotlin-reflect-2.3.21.jar!/
[0.515s][info][class,load] kotlin.reflect.jvm.internal.impl.load.java.JavaClassesTracker$Default source: jar:nested:/Users/kibong_home/Desktop/development/blog/build/libs/blog-0.0.1-SNAPSHOT.jar/!BOOT-INF/lib/kotlin-reflect-2.3.21.jar!/
[0.515s][info][class,load] kotlin.reflect.jvm.internal.impl.types.checker.KotlinTypeChecker source: jar:nested:/Users/kibong_home/Desktop/development/blog/build/libs/blog-0.0.1-SNAPSHOT.jar/!BOOT-INF/lib/kotlin-reflect-2.3.21.jar!/
[0.515s][info][class,load] kotlin.reflect.jvm.internal.impl.types.checker.NewKotlinTypeChecker source: jar:nested:/Users/kibong_home/Desktop/development/blog/build/libs/blog-0.0.1-SNAPSHOT.jar/!BOOT-INF/lib/kotlin-reflect-2.3.21.jar!/
[0.515s][info][class,load] kotlin.reflect.jvm.internal.impl.types.checker.NewKotlinTypeChecker$Companion source: jar:nested:/Users/kibong_home/Desktop/development/blog/build/libs/blog-0.0.1-SNAPSHOT.jar/!BOOT-INF/lib/kotlin-reflect-2.3.21.jar!/
[0.516s][info][class,load] kotlin.reflect.jvm.internal.impl.types.checker.NewKotlinTypeCheckerImpl source: jar:nested:/Users/kibong_home/Desktop/development/blog/build/libs/blog-0.0.1-SNAPSHOT.jar/!BOOT-INF/lib/kotlin-reflect-2.3.21.jar!/
[0.516s][info][class,load] kotlin.reflect.jvm.internal.impl.types.AbstractTypeRefiner source: jar:nested:/Users/kibong_home/Desktop/development/blog/build/libs/blog-0.0.1-SNAPSHOT.jar/!BOOT-INF/lib/kotlin-reflect-2.3.21.jar!/
[0.516s][info][class,load] kotlin.reflect.jvm.internal.impl.types.checker.KotlinTypeRefiner source: jar:nested:/Users/kibong_home/Desktop/development/blog/build/libs/blog-0.0.1-SNAPSHOT.jar/!BOOT-INF/lib/kotlin-reflect-2.3.21.jar!/
[0.516s][info][class,load] kotlin.reflect.jvm.internal.impl.types.checker.KotlinTypeRefiner$Default source: jar:nested:/Users/kibong_home/Desktop/development/blog/build/libs/blog-0.0.1-SNAPSHOT.jar/!BOOT-INF/lib/kotlin-reflect-2.3.21.jar!/
[0.516s][info][class,load] kotlin.reflect.jvm.internal.impl.types.AbstractTypePreparator source: jar:nested:/Users/kibong_home/Desktop/development/blog/build/libs/blog-0.0.1-SNAPSHOT.jar/!BOOT-INF/lib/kotlin-reflect-2.3.21.jar!/
[0.516s][info][class,load] kotlin.reflect.jvm.internal.impl.types.checker.KotlinTypePreparator source: jar:nested:/Users/kibong_home/Desktop/development/blog/build/libs/blog-0.0.1-SNAPSHOT.jar/!BOOT-INF/lib/kotlin-reflect-2.3.21.jar!/
[0.516s][info][class,load] kotlin.reflect.jvm.internal.impl.types.checker.KotlinTypePreparator$Default source: jar:nested:/Users/kibong_home/Desktop/development/blog/build/libs/blog-0.0.1-SNAPSHOT.jar/!BOOT-INF/lib/kotlin-reflect-2.3.21.jar!/
[0.516s][info][class,load] kotlin.reflect.jvm.internal.impl.resolve.OverridingUtil source: jar:nested:/Users/kibong_home/Desktop/development/blog/build/libs/blog-0.0.1-SNAPSHOT.jar/!BOOT-INF/lib/kotlin-reflect-2.3.21.jar!/
[0.516s][info][class,load] kotlin.reflect.jvm.internal.impl.descriptors.Modality source: jar:nested:/Users/kibong_home/Desktop/development/blog/build/libs/blog-0.0.1-SNAPSHOT.jar/!BOOT-INF/lib/kotlin-reflect-2.3.21.jar!/
[0.516s][info][class,load] kotlin.reflect.jvm.internal.impl.descriptors.DeclarationDescriptorWithVisibility source: jar:nested:/Users/kibong_home/Desktop/development/blog/build/libs/blog-0.0.1-SNAPSHOT.jar/!BOOT-INF/lib/kotlin-reflect-2.3.21.jar!/
[0.516s][info][class,load] kotlin.reflect.jvm.internal.impl.descriptors.Substitutable source: jar:nested:/Users/kibong_home/Desktop/development/blog/build/libs/blog-0.0.1-SNAPSHOT.jar/!BOOT-INF/lib/kotlin-reflect-2.3.21.jar!/
[0.516s][info][class,load] kotlin.reflect.jvm.internal.impl.descriptors.CallableDescriptor source: jar:nested:/Users/kibong_home/Desktop/development/blog/build/libs/blog-0.0.1-SNAPSHOT.jar/!BOOT-INF/lib/kotlin-reflect-2.3.21.jar!/
[0.516s][info][class,load] kotlin.reflect.jvm.internal.impl.descriptors.MemberDescriptor source: jar:nested:/Users/kibong_home/Desktop/development/blog/build/libs/blog-0.0.1-SNAPSHOT.jar/!BOOT-INF/lib/kotlin-reflect-2.3.21.jar!/
[0.516s][info][class,load] kotlin.reflect.jvm.internal.impl.descriptors.CallableMemberDescriptor source: jar:nested:/Users/kibong_home/Desktop/development/blog/build/libs/blog-0.0.1-SNAPSHOT.jar/!BOOT-INF/lib/kotlin-reflect-2.3.21.jar!/
[0.516s][info][class,load] kotlin.reflect.jvm.internal.impl.descriptors.FunctionDescriptor source: jar:nested:/Users/kibong_home/Desktop/development/blog/build/libs/blog-0.0.1-SNAPSHOT.jar/!BOOT-INF/lib/kotlin-reflect-2.3.21.jar!/
[0.516s][info][class,load] kotlin.reflect.jvm.internal.impl.descriptors.VariableAccessorDescriptor source: jar:nested:/Users/kibong_home/Desktop/development/blog/build/libs/blog-0.0.1-SNAPSHOT.jar/!BOOT-INF/lib/kotlin-reflect-2.3.21.jar!/
[0.516s][info][class,load] kotlin.reflect.jvm.internal.impl.descriptors.PropertyAccessorDescriptor source: jar:nested:/Users/kibong_home/Desktop/development/blog/build/libs/blog-0.0.1-SNAPSHOT.jar/!BOOT-INF/lib/kotlin-reflect-2.3.21.jar!/
[0.517s][info][class,load] kotlin.reflect.jvm.internal.impl.types.checker.KotlinTypeChecker$TypeConstructorEquality source: jar:nested:/Users/kibong_home/Desktop/development/blog/build/libs/blog-0.0.1-SNAPSHOT.jar/!BOOT-INF/lib/kotlin-reflect-2.3.21.jar!/
[0.517s][info][class,load] kotlin.reflect.jvm.internal.impl.resolve.ExternalOverridabilityCondition source: jar:nested:/Users/kibong_home/Desktop/development/blog/build/libs/blog-0.0.1-SNAPSHOT.jar/!BOOT-INF/lib/kotlin-reflect-2.3.21.jar!/
[0.517s][info][class,load] kotlin.reflect.jvm.internal.impl.load.java.FieldOverridabilityCondition source: jar:nested:/Users/kibong_home/Desktop/development/blog/build/libs/blog-0.0.1-SNAPSHOT.jar/!BOOT-INF/lib/kotlin-reflect-2.3.21.jar!/
[0.517s][info][class,load] kotlin.reflect.jvm.internal.impl.load.java.ErasedOverridabilityCondition source: jar:nested:/Users/kibong_home/Desktop/development/blog/build/libs/blog-0.0.1-SNAPSHOT.jar/!BOOT-INF/lib/kotlin-reflect-2.3.21.jar!/
[0.517s][info][class,load] kotlin.reflect.jvm.internal.impl.load.java.JavaIncompatibilityRulesOverridabilityCondition source: jar:nested:/Users/kibong_home/Desktop/development/blog/build/libs/blog-0.0.1-SNAPSHOT.jar/!BOOT-INF/lib/kotlin-reflect-2.3.21.jar!/
[0.517s][info][class,load] kotlin.reflect.jvm.internal.impl.load.java.JavaIncompatibilityRulesOverridabilityCondition$Companion source: jar:nested:/Users/kibong_home/Desktop/development/blog/build/libs/blog-0.0.1-SNAPSHOT.jar/!BOOT-INF/lib/kotlin-reflect-2.3.21.jar!/
[0.517s][info][class,load] kotlin.reflect.jvm.internal.impl.resolve.OverridingUtil$1 source: jar:nested:/Users/kibong_home/Desktop/development/blog/build/libs/blog-0.0.1-SNAPSHOT.jar/!BOOT-INF/lib/kotlin-reflect-2.3.21.jar!/
[0.518s][info][class,load] kotlin.reflect.jvm.internal.impl.load.java.JavaModuleAnnotationsProvider source: jar:nested:/Users/kibong_home/Desktop/development/blog/build/libs/blog-0.0.1-SNAPSHOT.jar/!BOOT-INF/lib/kotlin-reflect-2.3.21.jar!/
[0.518s][info][class,load] kotlin.reflect.jvm.internal.impl.load.kotlin.DeserializationComponentsForJavaKt$makeLazyJavaPackageFragmentProvider$javaResolverComponents$1 source: jar:nested:/Users/kibong_home/Desktop/development/blog/build/libs/blog-0.0.1-SNAPSHOT.jar/!BOOT-INF/lib/kotlin-reflect-2.3.21.jar!/
[0.518s][info][class,load] kotlin.reflect.jvm.internal.impl.resolve.jvm.SyntheticJavaPartsProvider source: jar:nested:/Users/kibong_home/Desktop/development/blog/build/libs/blog-0.0.1-SNAPSHOT.jar/!BOOT-INF/lib/kotlin-reflect-2.3.21.jar!/
[0.518s][info][class,load] kotlin.reflect.jvm.internal.impl.resolve.jvm.SyntheticJavaPartsProvider$Companion source: jar:nested:/Users/kibong_home/Desktop/development/blog/build/libs/blog-0.0.1-SNAPSHOT.jar/!BOOT-INF/lib/kotlin-reflect-2.3.21.jar!/
[0.518s][info][class,load] kotlin.reflect.jvm.internal.impl.resolve.jvm.CompositeSyntheticJavaPartsProvider source: jar:nested:/Users/kibong_home/Desktop/development/blog/build/libs/blog-0.0.1-SNAPSHOT.jar/!BOOT-INF/lib/kotlin-reflect-2.3.21.jar!/
[0.518s][info][class,load] kotlin.reflect.jvm.internal.impl.descriptors.PackageFragmentProvider source: jar:nested:/Users/kibong_home/Desktop/development/blog/build/libs/blog-0.0.1-SNAPSHOT.jar/!BOOT-INF/lib/kotlin-reflect-2.3.21.jar!/
[0.518s][info][class,load] kotlin.reflect.jvm.internal.impl.descriptors.PackageFragmentProviderOptimized source: jar:nested:/Users/kibong_home/Desktop/development/blog/build/libs/blog-0.0.1-SNAPSHOT.jar/!BOOT-INF/lib/kotlin-reflect-2.3.21.jar!/
[0.518s][info][class,load] kotlin.reflect.jvm.internal.impl.load.java.lazy.LazyJavaPackageFragmentProvider source: jar:nested:/Users/kibong_home/Desktop/development/blog/build/libs/blog-0.0.1-SNAPSHOT.jar/!BOOT-INF/lib/kotlin-reflect-2.3.21.jar!/
[0.518s][info][class,load] kotlin.reflect.jvm.internal.impl.load.java.lazy.LazyJavaResolverContext source: jar:nested:/Users/kibong_home/Desktop/development/blog/build/libs/blog-0.0.1-SNAPSHOT.jar/!BOOT-INF/lib/kotlin-reflect-2.3.21.jar!/
[0.518s][info][class,load] kotlin.reflect.jvm.internal.impl.load.java.lazy.TypeParameterResolver source: jar:nested:/Users/kibong_home/Desktop/development/blog/build/libs/blog-0.0.1-SNAPSHOT.jar/!BOOT-INF/lib/kotlin-reflect-2.3.21.jar!/
[0.518s][info][class,load] kotlin.reflect.jvm.internal.impl.load.java.lazy.TypeParameterResolver$EMPTY source: jar:nested:/Users/kibong_home/Desktop/development/blog/build/libs/blog-0.0.1-SNAPSHOT.jar/!BOOT-INF/lib/kotlin-reflect-2.3.21.jar!/
[0.518s][info][class,load] kotlin.InitializedLazyImpl source: jar:nested:/Users/kibong_home/Desktop/development/blog/build/libs/blog-0.0.1-SNAPSHOT.jar/!BOOT-INF/lib/kotlin-stdlib-2.3.21.jar!/
[0.518s][info][class,load] kotlin.reflect.jvm.internal.impl.load.java.lazy.types.JavaTypeResolver source: jar:nested:/Users/kibong_home/Desktop/development/blog/build/libs/blog-0.0.1-SNAPSHOT.jar/!BOOT-INF/lib/kotlin-reflect-2.3.21.jar!/
[0.518s][info][class,load] kotlin.reflect.jvm.internal.impl.types.ErasureProjectionComputer source: jar:nested:/Users/kibong_home/Desktop/development/blog/build/libs/blog-0.0.1-SNAPSHOT.jar/!BOOT-INF/lib/kotlin-reflect-2.3.21.jar!/
[0.519s][info][class,load] kotlin.reflect.jvm.internal.impl.load.java.lazy.types.RawProjectionComputer source: jar:nested:/Users/kibong_home/Desktop/development/blog/build/libs/blog-0.0.1-SNAPSHOT.jar/!BOOT-INF/lib/kotlin-reflect-2.3.21.jar!/
[0.519s][info][class,load] kotlin.reflect.jvm.internal.impl.types.TypeParameterUpperBoundEraser source: jar:nested:/Users/kibong_home/Desktop/development/blog/build/libs/blog-0.0.1-SNAPSHOT.jar/!BOOT-INF/lib/kotlin-reflect-2.3.21.jar!/
[0.519s][info][class,load] kotlin.reflect.jvm.internal.impl.types.TypeParameterUpperBoundEraser$Companion source: jar:nested:/Users/kibong_home/Desktop/development/blog/build/libs/blog-0.0.1-SNAPSHOT.jar/!BOOT-INF/lib/kotlin-reflect-2.3.21.jar!/
[0.519s][info][class,load] kotlin.reflect.jvm.internal.impl.types.TypeParameterErasureOptions source: jar:nested:/Users/kibong_home/Desktop/development/blog/build/libs/blog-0.0.1-SNAPSHOT.jar/!BOOT-INF/lib/kotlin-reflect-2.3.21.jar!/
[0.519s][info][class,load] kotlin.reflect.jvm.internal.impl.types.TypeParameterUpperBoundEraser$$Lambda$0 source: jar:nested:/Users/kibong_home/Desktop/development/blog/build/libs/blog-0.0.1-SNAPSHOT.jar/!BOOT-INF/lib/kotlin-reflect-2.3.21.jar!/
[0.519s][info][class,load] kotlin.reflect.jvm.internal.impl.types.TypeParameterUpperBoundEraser$$Lambda$1 source: jar:nested:/Users/kibong_home/Desktop/development/blog/build/libs/blog-0.0.1-SNAPSHOT.jar/!BOOT-INF/lib/kotlin-reflect-2.3.21.jar!/
[0.519s][info][class,load] kotlin.reflect.jvm.internal.impl.storage.LockBasedStorageManager$CacheWithNotNullValuesBasedOnMemoizedFunction source: jar:nested:/Users/kibong_home/Desktop/development/blog/build/libs/blog-0.0.1-SNAPSHOT.jar/!BOOT-INF/lib/kotlin-reflect-2.3.21.jar!/
[0.519s][info][class,load] kotlin.reflect.jvm.internal.impl.serialization.deserialization.ClassDataFinder source: jar:nested:/Users/kibong_home/Desktop/development/blog/build/libs/blog-0.0.1-SNAPSHOT.jar/!BOOT-INF/lib/kotlin-reflect-2.3.21.jar!/
[0.519s][info][class,load] kotlin.reflect.jvm.internal.impl.load.kotlin.JavaClassDataFinder source: jar:nested:/Users/kibong_home/Desktop/development/blog/build/libs/blog-0.0.1-SNAPSHOT.jar/!BOOT-INF/lib/kotlin-reflect-2.3.21.jar!/
[0.519s][info][class,load] kotlin.reflect.jvm.internal.impl.load.kotlin.BinaryClassAnnotationAndConstantLoaderImplKt source: jar:nested:/Users/kibong_home/Desktop/development/blog/build/libs/blog-0.0.1-SNAPSHOT.jar/!BOOT-INF/lib/kotlin-reflect-2.3.21.jar!/
[0.519s][info][class,load] kotlin.reflect.jvm.internal.impl.serialization.deserialization.AnnotationLoader source: jar:nested:/Users/kibong_home/Desktop/development/blog/build/libs/blog-0.0.1-SNAPSHOT.jar/!BOOT-INF/lib/kotlin-reflect-2.3.21.jar!/
[0.519s][info][class,load] kotlin.reflect.jvm.internal.impl.serialization.deserialization.AnnotationAndConstantLoader source: jar:nested:/Users/kibong_home/Desktop/development/blog/build/libs/blog-0.0.1-SNAPSHOT.jar/!BOOT-INF/lib/kotlin-reflect-2.3.21.jar!/
[0.520s][info][class,load] kotlin.reflect.jvm.internal.impl.load.kotlin.AbstractBinaryClassAnnotationLoader source: jar:nested:/Users/kibong_home/Desktop/development/blog/build/libs/blog-0.0.1-SNAPSHOT.jar/!BOOT-INF/lib/kotlin-reflect-2.3.21.jar!/
[0.520s][info][class,load] kotlin.reflect.jvm.internal.impl.load.kotlin.AbstractBinaryClassAnnotationAndConstantLoader source: jar:nested:/Users/kibong_home/Desktop/development/blog/build/libs/blog-0.0.1-SNAPSHOT.jar/!BOOT-INF/lib/kotlin-reflect-2.3.21.jar!/
[0.520s][info][class,load] kotlin.reflect.jvm.internal.impl.load.kotlin.BinaryClassAnnotationAndConstantLoaderImpl source: jar:nested:/Users/kibong_home/Desktop/development/blog/build/libs/blog-0.0.1-SNAPSHOT.jar/!BOOT-INF/lib/kotlin-reflect-2.3.21.jar!/
[0.520s][info][class,load] kotlin.reflect.jvm.internal.impl.load.kotlin.AbstractBinaryClassAnnotationLoader$Companion source: jar:nested:/Users/kibong_home/Desktop/development/blog/build/libs/blog-0.0.1-SNAPSHOT.jar/!BOOT-INF/lib/kotlin-reflect-2.3.21.jar!/
[0.520s][info][class,load] kotlin.reflect.jvm.internal.impl.load.kotlin.AbstractBinaryClassAnnotationAndConstantLoader$$Lambda$0 source: jar:nested:/Users/kibong_home/Desktop/development/blog/build/libs/blog-0.0.1-SNAPSHOT.jar/!BOOT-INF/lib/kotlin-reflect-2.3.21.jar!/
[0.520s][info][class,load] kotlin.reflect.jvm.internal.impl.serialization.deserialization.AnnotationDeserializer source: jar:nested:/Users/kibong_home/Desktop/development/blog/build/libs/blog-0.0.1-SNAPSHOT.jar/!BOOT-INF/lib/kotlin-reflect-2.3.21.jar!/
[0.520s][info][class,load] kotlin.reflect.jvm.internal.impl.resolve.constants.ConstantValue source: jar:nested:/Users/kibong_home/Desktop/development/blog/build/libs/blog-0.0.1-SNAPSHOT.jar/!BOOT-INF/lib/kotlin-reflect-2.3.21.jar!/
[0.520s][info][class,load] kotlin.reflect.jvm.internal.impl.resolve.constants.UnsignedValueConstant source: jar:nested:/Users/kibong_home/Desktop/development/blog/build/libs/blog-0.0.1-SNAPSHOT.jar/!BOOT-INF/lib/kotlin-reflect-2.3.21.jar!/
[0.520s][info][class,load] kotlin.reflect.jvm.internal.impl.resolve.constants.UByteValue source: jar:nested:/Users/kibong_home/Desktop/development/blog/build/libs/blog-0.0.1-SNAPSHOT.jar/!BOOT-INF/lib/kotlin-reflect-2.3.21.jar!/
[0.520s][info][class,load] kotlin.reflect.jvm.internal.impl.resolve.constants.IntegerValueConstant source: jar:nested:/Users/kibong_home/Desktop/development/blog/build/libs/blog-0.0.1-SNAPSHOT.jar/!BOOT-INF/lib/kotlin-reflect-2.3.21.jar!/
[0.520s][info][class,load] kotlin.reflect.jvm.internal.impl.resolve.constants.ByteValue source: jar:nested:/Users/kibong_home/Desktop/development/blog/build/libs/blog-0.0.1-SNAPSHOT.jar/!BOOT-INF/lib/kotlin-reflect-2.3.21.jar!/
[0.520s][info][class,load] kotlin.reflect.jvm.internal.impl.resolve.constants.UShortValue source: jar:nested:/Users/kibong_home/Desktop/development/blog/build/libs/blog-0.0.1-SNAPSHOT.jar/!BOOT-INF/lib/kotlin-reflect-2.3.21.jar!/
[0.520s][info][class,load] kotlin.reflect.jvm.internal.impl.resolve.constants.ShortValue source: jar:nested:/Users/kibong_home/Desktop/development/blog/build/libs/blog-0.0.1-SNAPSHOT.jar/!BOOT-INF/lib/kotlin-reflect-2.3.21.jar!/
[0.520s][info][class,load] kotlin.reflect.jvm.internal.impl.resolve.constants.UIntValue source: jar:nested:/Users/kibong_home/Desktop/development/blog/build/libs/blog-0.0.1-SNAPSHOT.jar/!BOOT-INF/lib/kotlin-reflect-2.3.21.jar!/
[0.520s][info][class,load] kotlin.reflect.jvm.internal.impl.resolve.constants.IntValue source: jar:nested:/Users/kibong_home/Desktop/development/blog/build/libs/blog-0.0.1-SNAPSHOT.jar/!BOOT-INF/lib/kotlin-reflect-2.3.21.jar!/
[0.520s][info][class,load] kotlin.reflect.jvm.internal.impl.resolve.constants.ULongValue source: jar:nested:/Users/kibong_home/Desktop/development/blog/build/libs/blog-0.0.1-SNAPSHOT.jar/!BOOT-INF/lib/kotlin-reflect-2.3.21.jar!/
[0.520s][info][class,load] kotlin.reflect.jvm.internal.impl.resolve.constants.LongValue source: jar:nested:/Users/kibong_home/Desktop/development/blog/build/libs/blog-0.0.1-SNAPSHOT.jar/!BOOT-INF/lib/kotlin-reflect-2.3.21.jar!/
[0.520s][info][class,load] kotlin.reflect.jvm.internal.impl.serialization.deserialization.DeserializationConfiguration source: jar:nested:/Users/kibong_home/Desktop/development/blog/build/libs/blog-0.0.1-SNAPSHOT.jar/!BOOT-INF/lib/kotlin-reflect-2.3.21.jar!/
[0.520s][info][class,load] kotlin.reflect.jvm.internal.impl.serialization.deserialization.DeserializationConfiguration$Default source: jar:nested:/Users/kibong_home/Desktop/development/blog/build/libs/blog-0.0.1-SNAPSHOT.jar/!BOOT-INF/lib/kotlin-reflect-2.3.21.jar!/
[0.521s][info][class,load] kotlin.reflect.jvm.internal.impl.serialization.deserialization.ContractDeserializer source: jar:nested:/Users/kibong_home/Desktop/development/blog/build/libs/blog-0.0.1-SNAPSHOT.jar/!BOOT-INF/lib/kotlin-reflect-2.3.21.jar!/
[0.521s][info][class,load] kotlin.reflect.jvm.internal.impl.serialization.deserialization.ContractDeserializer$Companion source: jar:nested:/Users/kibong_home/Desktop/development/blog/build/libs/blog-0.0.1-SNAPSHOT.jar/!BOOT-INF/lib/kotlin-reflect-2.3.21.jar!/
[0.521s][info][class,load] kotlin.reflect.jvm.internal.impl.serialization.deserialization.ContractDeserializer$Companion$DEFAULT$1 source: jar:nested:/Users/kibong_home/Desktop/development/blog/build/libs/blog-0.0.1-SNAPSHOT.jar/!BOOT-INF/lib/kotlin-reflect-2.3.21.jar!/
[0.521s][info][class,load] kotlin.reflect.jvm.internal.impl.types.extensions.TypeAttributeTranslators source: jar:nested:/Users/kibong_home/Desktop/development/blog/build/libs/blog-0.0.1-SNAPSHOT.jar/!BOOT-INF/lib/kotlin-reflect-2.3.21.jar!/
[0.521s][info][class,load] kotlin.reflect.jvm.internal.impl.types.TypeAttributeTranslator source: jar:nested:/Users/kibong_home/Desktop/development/blog/build/libs/blog-0.0.1-SNAPSHOT.jar/!BOOT-INF/lib/kotlin-reflect-2.3.21.jar!/
[0.521s][info][class,load] kotlin.reflect.jvm.internal.impl.types.DefaultTypeAttributeTranslator source: jar:nested:/Users/kibong_home/Desktop/development/blog/build/libs/blog-0.0.1-SNAPSHOT.jar/!BOOT-INF/lib/kotlin-reflect-2.3.21.jar!/
[0.521s][info][class,load] kotlin.reflect.jvm.internal.impl.serialization.deserialization.DeserializationComponents source: jar:nested:/Users/kibong_home/Desktop/development/blog/build/libs/blog-0.0.1-SNAPSHOT.jar/!BOOT-INF/lib/kotlin-reflect-2.3.21.jar!/
[0.521s][info][class,load] kotlin.reflect.jvm.internal.impl.serialization.deserialization.LocalClassifierTypeSettings source: jar:nested:/Users/kibong_home/Desktop/development/blog/build/libs/blog-0.0.1-SNAPSHOT.jar/!BOOT-INF/lib/kotlin-reflect-2.3.21.jar!/
[0.521s][info][class,load] kotlin.reflect.jvm.internal.impl.serialization.deserialization.LocalClassifierTypeSettings$Default source: jar:nested:/Users/kibong_home/Desktop/development/blog/build/libs/blog-0.0.1-SNAPSHOT.jar/!BOOT-INF/lib/kotlin-reflect-2.3.21.jar!/
[0.521s][info][class,load] kotlin.reflect.jvm.internal.impl.serialization.deserialization.FlexibleTypeDeserializer source: jar:nested:/Users/kibong_home/Desktop/development/blog/build/libs/blog-0.0.1-SNAPSHOT.jar/!BOOT-INF/lib/kotlin-reflect-2.3.21.jar!/
[0.521s][info][class,load] kotlin.reflect.jvm.internal.impl.load.kotlin.JavaFlexibleTypeDeserializer source: jar:nested:/Users/kibong_home/Desktop/development/blog/build/libs/blog-0.0.1-SNAPSHOT.jar/!BOOT-INF/lib/kotlin-reflect-2.3.21.jar!/
[0.521s][info][class,load] kotlin.reflect.jvm.internal.impl.storage.StorageKt source: jar:nested:/Users/kibong_home/Desktop/development/blog/build/libs/blog-0.0.1-SNAPSHOT.jar/!BOOT-INF/lib/kotlin-reflect-2.3.21.jar!/
[0.521s][info][class,load] kotlin.reflect.jvm.internal.impl.builtins.jvm.JvmBuiltInsCustomizer source: jar:nested:/Users/kibong_home/Desktop/development/blog/build/libs/blog-0.0.1-SNAPSHOT.jar/!BOOT-INF/lib/kotlin-reflect-2.3.21.jar!/
[0.522s][info][class,load] kotlin.reflect.jvm.internal.impl.builtins.jvm.JvmBuiltIns$$Lambda$2 source: jar:nested:/Users/kibong_home/Desktop/development/blog/build/libs/blog-0.0.1-SNAPSHOT.jar/!BOOT-INF/lib/kotlin-reflect-2.3.21.jar!/
[0.522s][info][class,load] kotlin.reflect.jvm.internal.impl.builtins.jvm.JavaToKotlinClassMapper source: jar:nested:/Users/kibong_home/Desktop/development/blog/build/libs/blog-0.0.1-SNAPSHOT.jar/!BOOT-INF/lib/kotlin-reflect-2.3.21.jar!/
[0.522s][info][class,load] kotlin.reflect.jvm.internal.impl.descriptors.ClassOrPackageFragmentDescriptor source: jar:nested:/Users/kibong_home/Desktop/development/blog/build/libs/blog-0.0.1-SNAPSHOT.jar/!BOOT-INF/lib/kotlin-reflect-2.3.21.jar!/
[0.522s][info][class,load] kotlin.reflect.jvm.internal.impl.descriptors.PackageFragmentDescriptor source: jar:nested:/Users/kibong_home/Desktop/development/blog/build/libs/blog-0.0.1-SNAPSHOT.jar/!BOOT-INF/lib/kotlin-reflect-2.3.21.jar!/
[0.522s][info][class,load] kotlin.reflect.jvm.internal.impl.descriptors.impl.DeclarationDescriptorNonRootImpl source: jar:nested:/Users/kibong_home/Desktop/development/blog/build/libs/blog-0.0.1-SNAPSHOT.jar/!BOOT-INF/lib/kotlin-reflect-2.3.21.jar!/
[0.522s][info][class,load] kotlin.reflect.jvm.internal.impl.descriptors.impl.PackageFragmentDescriptorImpl source: jar:nested:/Users/kibong_home/Desktop/development/blog/build/libs/blog-0.0.1-SNAPSHOT.jar/!BOOT-INF/lib/kotlin-reflect-2.3.21.jar!/
[0.522s][info][class,load] kotlin.reflect.jvm.internal.impl.builtins.jvm.JvmBuiltInsCustomizer$createMockJavaIoSerializableType$mockJavaIoPackageFragment$1 source: jar:nested:/Users/kibong_home/Desktop/development/blog/build/libs/blog-0.0.1-SNAPSHOT.jar/!BOOT-INF/lib/kotlin-reflect-2.3.21.jar!/
[0.522s][info][class,load] kotlin.reflect.jvm.internal.impl.descriptors.SourceElement source: jar:nested:/Users/kibong_home/Desktop/development/blog/build/libs/blog-0.0.1-SNAPSHOT.jar/!BOOT-INF/lib/kotlin-reflect-2.3.21.jar!/
[0.522s][info][class,load] kotlin.reflect.jvm.internal.impl.descriptors.SourceElement$1 source: jar:nested:/Users/kibong_home/Desktop/development/blog/build/libs/blog-0.0.1-SNAPSHOT.jar/!BOOT-INF/lib/kotlin-reflect-2.3.21.jar!/
[0.522s][info][class,load] kotlin.reflect.jvm.internal.impl.renderer.DescriptorRenderer source: jar:nested:/Users/kibong_home/Desktop/development/blog/build/libs/blog-0.0.1-SNAPSHOT.jar/!BOOT-INF/lib/kotlin-reflect-2.3.21.jar!/
[0.522s][info][class,load] kotlin.reflect.jvm.internal.impl.renderer.DescriptorRenderer$Companion source: jar:nested:/Users/kibong_home/Desktop/development/blog/build/libs/blog-0.0.1-SNAPSHOT.jar/!BOOT-INF/lib/kotlin-reflect-2.3.21.jar!/
[0.522s][info][class,load] kotlin.reflect.jvm.internal.impl.renderer.DescriptorRenderer$$Lambda$0 source: jar:nested:/Users/kibong_home/Desktop/development/blog/build/libs/blog-0.0.1-SNAPSHOT.jar/!BOOT-INF/lib/kotlin-reflect-2.3.21.jar!/
[0.522s][info][class,load] kotlin.reflect.jvm.internal.impl.renderer.DescriptorRendererOptions source: jar:nested:/Users/kibong_home/Desktop/development/blog/build/libs/blog-0.0.1-SNAPSHOT.jar/!BOOT-INF/lib/kotlin-reflect-2.3.21.jar!/
[0.522s][info][class,load] kotlin.reflect.jvm.internal.impl.renderer.DescriptorRendererOptionsImpl source: jar:nested:/Users/kibong_home/Desktop/development/blog/build/libs/blog-0.0.1-SNAPSHOT.jar/!BOOT-INF/lib/kotlin-reflect-2.3.21.jar!/
[0.523s][info][class,load] kotlin.jvm.internal.MutablePropertyReference1Impl source: jar:nested:/Users/kibong_home/Desktop/development/blog/build/libs/blog-0.0.1-SNAPSHOT.jar/!BOOT-INF/lib/kotlin-stdlib-2.3.21.jar!/
[0.523s][info][class,load] kotlin.reflect.KMutableProperty$Setter source: jar:nested:/Users/kibong_home/Desktop/development/blog/build/libs/blog-0.0.1-SNAPSHOT.jar/!BOOT-INF/lib/kotlin-stdlib-2.3.21.jar!/
[0.523s][info][class,load] kotlin.reflect.jvm.internal.impl.renderer.ClassifierNamePolicy source: jar:nested:/Users/kibong_home/Desktop/development/blog/build/libs/blog-0.0.1-SNAPSHOT.jar/!BOOT-INF/lib/kotlin-reflect-2.3.21.jar!/
[0.523s][info][class,load] kotlin.reflect.jvm.internal.impl.renderer.ClassifierNamePolicy$SOURCE_CODE_QUALIFIED source: jar:nested:/Users/kibong_home/Desktop/development/blog/build/libs/blog-0.0.1-SNAPSHOT.jar/!BOOT-INF/lib/kotlin-reflect-2.3.21.jar!/
[0.523s][info][class,load] kotlin.properties.Delegates source: jar:nested:/Users/kibong_home/Desktop/development/blog/build/libs/blog-0.0.1-SNAPSHOT.jar/!BOOT-INF/lib/kotlin-stdlib-2.3.21.jar!/
[0.523s][info][class,load] kotlin.properties.ReadOnlyProperty source: jar:nested:/Users/kibong_home/Desktop/development/blog/build/libs/blog-0.0.1-SNAPSHOT.jar/!BOOT-INF/lib/kotlin-stdlib-2.3.21.jar!/
[0.523s][info][class,load] kotlin.properties.ReadWriteProperty source: jar:nested:/Users/kibong_home/Desktop/development/blog/build/libs/blog-0.0.1-SNAPSHOT.jar/!BOOT-INF/lib/kotlin-stdlib-2.3.21.jar!/
[0.523s][info][class,load] kotlin.properties.ObservableProperty source: jar:nested:/Users/kibong_home/Desktop/development/blog/build/libs/blog-0.0.1-SNAPSHOT.jar/!BOOT-INF/lib/kotlin-stdlib-2.3.21.jar!/
[0.523s][info][class,load] kotlin.reflect.jvm.internal.impl.renderer.DescriptorRendererOptionsImpl$property$$inlined$vetoable$1 source: jar:nested:/Users/kibong_home/Desktop/development/blog/build/libs/blog-0.0.1-SNAPSHOT.jar/!BOOT-INF/lib/kotlin-reflect-2.3.21.jar!/
[0.523s][info][class,load] kotlin.reflect.jvm.internal.impl.renderer.DescriptorRendererModifier source: jar:nested:/Users/kibong_home/Desktop/development/blog/build/libs/blog-0.0.1-SNAPSHOT.jar/!BOOT-INF/lib/kotlin-reflect-2.3.21.jar!/
[0.523s][info][class,load] kotlin.reflect.jvm.internal.impl.renderer.DescriptorRendererModifier$Companion source: jar:nested:/Users/kibong_home/Desktop/development/blog/build/libs/blog-0.0.1-SNAPSHOT.jar/!BOOT-INF/lib/kotlin-reflect-2.3.21.jar!/
[0.523s][info][class,load] kotlin.reflect.jvm.internal.impl.renderer.DescriptorRendererOptionsImpl$$Lambda$0 source: jar:nested:/Users/kibong_home/Desktop/development/blog/build/libs/blog-0.0.1-SNAPSHOT.jar/!BOOT-INF/lib/kotlin-reflect-2.3.21.jar!/
[0.523s][info][class,load] kotlin.reflect.jvm.internal.impl.renderer.DescriptorRendererOptionsImpl$$Lambda$1 source: jar:nested:/Users/kibong_home/Desktop/development/blog/build/libs/blog-0.0.1-SNAPSHOT.jar/!BOOT-INF/lib/kotlin-reflect-2.3.21.jar!/
[0.523s][info][class,load] kotlin.reflect.jvm.internal.impl.renderer.OverrideRenderingPolicy source: jar:nested:/Users/kibong_home/Desktop/development/blog/build/libs/blog-0.0.1-SNAPSHOT.jar/!BOOT-INF/lib/kotlin-reflect-2.3.21.jar!/
[0.523s][info][class,load] kotlin.reflect.jvm.internal.impl.renderer.DescriptorRenderer$ValueParametersHandler source: jar:nested:/Users/kibong_home/Desktop/development/blog/build/libs/blog-0.0.1-SNAPSHOT.jar/!BOOT-INF/lib/kotlin-reflect-2.3.21.jar!/
[0.523s][info][class,load] kotlin.reflect.jvm.internal.impl.renderer.DescriptorRenderer$ValueParametersHandler$DEFAULT source: jar:nested:/Users/kibong_home/Desktop/development/blog/build/libs/blog-0.0.1-SNAPSHOT.jar/!BOOT-INF/lib/kotlin-reflect-2.3.21.jar!/
[0.524s][info][class,load] kotlin.reflect.jvm.internal.impl.renderer.RenderingFormat source: jar:nested:/Users/kibong_home/Desktop/development/blog/build/libs/blog-0.0.1-SNAPSHOT.jar/!BOOT-INF/lib/kotlin-reflect-2.3.21.jar!/
[0.524s][info][class,load] kotlin.reflect.jvm.internal.impl.renderer.RenderingFormat$PLAIN source: jar:nested:/Users/kibong_home/Desktop/development/blog/build/libs/blog-0.0.1-SNAPSHOT.jar/!BOOT-INF/lib/kotlin-reflect-2.3.21.jar!/
[0.524s][info][class,load] kotlin.reflect.jvm.internal.impl.renderer.RenderingFormat$HTML source: jar:nested:/Users/kibong_home/Desktop/development/blog/build/libs/blog-0.0.1-SNAPSHOT.jar/!BOOT-INF/lib/kotlin-reflect-2.3.21.jar!/
[0.524s][info][class,load] kotlin.reflect.jvm.internal.impl.renderer.ParameterNameRenderingPolicy source: jar:nested:/Users/kibong_home/Desktop/development/blog/build/libs/blog-0.0.1-SNAPSHOT.jar/!BOOT-INF/lib/kotlin-reflect-2.3.21.jar!/
[0.524s][info][class,load] kotlin.reflect.jvm.internal.impl.renderer.PropertyAccessorRenderingPolicy source: jar:nested:/Users/kibong_home/Desktop/development/blog/build/libs/blog-0.0.1-SNAPSHOT.jar/!BOOT-INF/lib/kotlin-reflect-2.3.21.jar!/
[0.524s][info][class,load] kotlin.reflect.jvm.internal.impl.renderer.ExcludedTypeAnnotations source: jar:nested:/Users/kibong_home/Desktop/development/blog/build/libs/blog-0.0.1-SNAPSHOT.jar/!BOOT-INF/lib/kotlin-reflect-2.3.21.jar!/
[0.524s][info][class,load] kotlin.reflect.jvm.internal.impl.renderer.AnnotationArgumentsRenderingPolicy source: jar:nested:/Users/kibong_home/Desktop/development/blog/build/libs/blog-0.0.1-SNAPSHOT.jar/!BOOT-INF/lib/kotlin-reflect-2.3.21.jar!/
[0.524s][info][class,load] kotlin.reflect.jvm.internal.impl.renderer.DescriptorRendererImpl source: jar:nested:/Users/kibong_home/Desktop/development/blog/build/libs/blog-0.0.1-SNAPSHOT.jar/!BOOT-INF/lib/kotlin-reflect-2.3.21.jar!/
[0.525s][info][class,load] kotlin.reflect.jvm.internal.impl.renderer.DescriptorRendererImpl$$Lambda$0 source: jar:nested:/Users/kibong_home/Desktop/development/blog/build/libs/blog-0.0.1-SNAPSHOT.jar/!BOOT-INF/lib/kotlin-reflect-2.3.21.jar!/
[0.525s][info][class,load] kotlin.reflect.jvm.internal.impl.renderer.DescriptorRenderer$$Lambda$1 source: jar:nested:/Users/kibong_home/Desktop/development/blog/build/libs/blog-0.0.1-SNAPSHOT.jar/!BOOT-INF/lib/kotlin-reflect-2.3.21.jar!/
[0.525s][info][class,load] kotlin.reflect.jvm.internal.impl.renderer.DescriptorRenderer$$Lambda$2 source: jar:nested:/Users/kibong_home/Desktop/development/blog/build/libs/blog-0.0.1-SNAPSHOT.jar/!BOOT-INF/lib/kotlin-reflect-2.3.21.jar!/
[0.525s][info][class,load] kotlin.reflect.jvm.internal.impl.renderer.DescriptorRenderer$$Lambda$3 source: jar:nested:/Users/kibong_home/Desktop/development/blog/build/libs/blog-0.0.1-SNAPSHOT.jar/!BOOT-INF/lib/kotlin-reflect-2.3.21.jar!/
[0.525s][info][class,load] kotlin.reflect.jvm.internal.impl.renderer.DescriptorRenderer$$Lambda$4 source: jar:nested:/Users/kibong_home/Desktop/development/blog/build/libs/blog-0.0.1-SNAPSHOT.jar/!BOOT-INF/lib/kotlin-reflect-2.3.21.jar!/
[0.525s][info][class,load] kotlin.reflect.jvm.internal.impl.renderer.ClassifierNamePolicy$SHORT source: jar:nested:/Users/kibong_home/Desktop/development/blog/build/libs/blog-0.0.1-SNAPSHOT.jar/!BOOT-INF/lib/kotlin-reflect-2.3.21.jar!/
[0.525s][info][class,load] kotlin.reflect.jvm.internal.impl.renderer.DescriptorRenderer$$Lambda$5 source: jar:nested:/Users/kibong_home/Desktop/development/blog/build/libs/blog-0.0.1-SNAPSHOT.jar/!BOOT-INF/lib/kotlin-reflect-2.3.21.jar!/
[0.525s][info][class,load] kotlin.reflect.jvm.internal.impl.renderer.DescriptorRenderer$$Lambda$6 source: jar:nested:/Users/kibong_home/Desktop/development/blog/build/libs/blog-0.0.1-SNAPSHOT.jar/!BOOT-INF/lib/kotlin-reflect-2.3.21.jar!/
[0.525s][info][class,load] kotlin.reflect.jvm.internal.impl.renderer.DescriptorRenderer$$Lambda$7 source: jar:nested:/Users/kibong_home/Desktop/development/blog/build/libs/blog-0.0.1-SNAPSHOT.jar/!BOOT-INF/lib/kotlin-reflect-2.3.21.jar!/
[0.525s][info][class,load] kotlin.reflect.jvm.internal.impl.renderer.DescriptorRenderer$$Lambda$8 source: jar:nested:/Users/kibong_home/Desktop/development/blog/build/libs/blog-0.0.1-SNAPSHOT.jar/!BOOT-INF/lib/kotlin-reflect-2.3.21.jar!/
[0.525s][info][class,load] kotlin.reflect.jvm.internal.impl.renderer.DescriptorRenderer$$Lambda$9 source: jar:nested:/Users/kibong_home/Desktop/development/blog/build/libs/blog-0.0.1-SNAPSHOT.jar/!BOOT-INF/lib/kotlin-reflect-2.3.21.jar!/
[0.525s][info][class,load] kotlin.reflect.jvm.internal.impl.renderer.ClassifierNamePolicy$FULLY_QUALIFIED source: jar:nested:/Users/kibong_home/Desktop/development/blog/build/libs/blog-0.0.1-SNAPSHOT.jar/!BOOT-INF/lib/kotlin-reflect-2.3.21.jar!/
[0.525s][info][class,load] kotlin.reflect.jvm.internal.impl.renderer.DescriptorRenderer$$Lambda$10 source: jar:nested:/Users/kibong_home/Desktop/development/blog/build/libs/blog-0.0.1-SNAPSHOT.jar/!BOOT-INF/lib/kotlin-reflect-2.3.21.jar!/
[0.525s][info][class,load] kotlin.reflect.jvm.internal.impl.descriptors.DeclarationDescriptorVisitor source: jar:nested:/Users/kibong_home/Desktop/development/blog/build/libs/blog-0.0.1-SNAPSHOT.jar/!BOOT-INF/lib/kotlin-reflect-2.3.21.jar!/
[0.525s][info][class,load] kotlin.reflect.jvm.internal.impl.renderer.DescriptorRendererImpl$RenderDeclarationDescriptorVisitor source: jar:nested:/Users/kibong_home/Desktop/development/blog/build/libs/blog-0.0.1-SNAPSHOT.jar/!BOOT-INF/lib/kotlin-reflect-2.3.21.jar!/
[0.525s][info][class,load] kotlin.reflect.jvm.internal.impl.descriptors.ModuleDescriptor$DefaultImpls source: jar:nested:/Users/kibong_home/Desktop/development/blog/build/libs/blog-0.0.1-SNAPSHOT.jar/!BOOT-INF/lib/kotlin-reflect-2.3.21.jar!/
[0.525s][info][class,load] kotlin.reflect.jvm.internal.impl.renderer.RenderingUtilsKt source: jar:nested:/Users/kibong_home/Desktop/development/blog/build/libs/blog-0.0.1-SNAPSHOT.jar/!BOOT-INF/lib/kotlin-reflect-2.3.21.jar!/
[0.525s][info][class,load] kotlin.reflect.jvm.internal.impl.renderer.KeywordStringsGenerated source: jar:nested:/Users/kibong_home/Desktop/development/blog/build/libs/blog-0.0.1-SNAPSHOT.jar/!BOOT-INF/lib/kotlin-reflect-2.3.21.jar!/
[0.526s][info][class,load] kotlin.reflect.jvm.internal.impl.descriptors.PackageViewDescriptor source: jar:nested:/Users/kibong_home/Desktop/development/blog/build/libs/blog-0.0.1-SNAPSHOT.jar/!BOOT-INF/lib/kotlin-reflect-2.3.21.jar!/
[0.526s][info][class,load] kotlin.reflect.jvm.internal.impl.types.WrappedType source: jar:nested:/Users/kibong_home/Desktop/development/blog/build/libs/blog-0.0.1-SNAPSHOT.jar/!BOOT-INF/lib/kotlin-reflect-2.3.21.jar!/
[0.526s][info][class,load] kotlin.reflect.jvm.internal.impl.types.LazyWrappedType source: jar:nested:/Users/kibong_home/Desktop/development/blog/build/libs/blog-0.0.1-SNAPSHOT.jar/!BOOT-INF/lib/kotlin-reflect-2.3.21.jar!/
[0.526s][info][class,load] kotlin.reflect.jvm.internal.impl.builtins.jvm.JvmBuiltInsCustomizer$$Lambda$3 source: jar:nested:/Users/kibong_home/Desktop/development/blog/build/libs/blog-0.0.1-SNAPSHOT.jar/!BOOT-INF/lib/kotlin-reflect-2.3.21.jar!/
[0.526s][info][class,load] kotlin.reflect.jvm.internal.impl.descriptors.ClassifierDescriptorWithTypeParameters source: jar:nested:/Users/kibong_home/Desktop/development/blog/build/libs/blog-0.0.1-SNAPSHOT.jar/!BOOT-INF/lib/kotlin-reflect-2.3.21.jar!/
[0.526s][info][class,load] kotlin.reflect.jvm.internal.impl.descriptors.ClassDescriptor source: jar:nested:/Users/kibong_home/Desktop/development/blog/build/libs/blog-0.0.1-SNAPSHOT.jar/!BOOT-INF/lib/kotlin-reflect-2.3.21.jar!/
[0.526s][info][class,load] kotlin.reflect.jvm.internal.impl.descriptors.impl.ModuleAwareClassDescriptor source: jar:nested:/Users/kibong_home/Desktop/development/blog/build/libs/blog-0.0.1-SNAPSHOT.jar/!BOOT-INF/lib/kotlin-reflect-2.3.21.jar!/
[0.526s][info][class,load] kotlin.reflect.jvm.internal.impl.descriptors.impl.AbstractClassDescriptor source: jar:nested:/Users/kibong_home/Desktop/development/blog/build/libs/blog-0.0.1-SNAPSHOT.jar/!BOOT-INF/lib/kotlin-reflect-2.3.21.jar!/
[0.526s][info][class,load] kotlin.reflect.jvm.internal.impl.descriptors.impl.ClassDescriptorBase source: jar:nested:/Users/kibong_home/Desktop/development/blog/build/libs/blog-0.0.1-SNAPSHOT.jar/!BOOT-INF/lib/kotlin-reflect-2.3.21.jar!/
[0.526s][info][class,load] kotlin.reflect.jvm.internal.impl.descriptors.impl.ClassDescriptorImpl source: jar:nested:/Users/kibong_home/Desktop/development/blog/build/libs/blog-0.0.1-SNAPSHOT.jar/!BOOT-INF/lib/kotlin-reflect-2.3.21.jar!/
[0.526s][info][class,load] kotlin.reflect.jvm.internal.impl.resolve.scopes.ResolutionScope source: jar:nested:/Users/kibong_home/Desktop/development/blog/build/libs/blog-0.0.1-SNAPSHOT.jar/!BOOT-INF/lib/kotlin-reflect-2.3.21.jar!/
[0.526s][info][class,load] kotlin.reflect.jvm.internal.impl.resolve.scopes.MemberScope source: jar:nested:/Users/kibong_home/Desktop/development/blog/build/libs/blog-0.0.1-SNAPSHOT.jar/!BOOT-INF/lib/kotlin-reflect-2.3.21.jar!/
[0.526s][info][class,load] kotlin.reflect.jvm.internal.impl.types.TypeConstructor source: jar:nested:/Users/kibong_home/Desktop/development/blog/build/libs/blog-0.0.1-SNAPSHOT.jar/!BOOT-INF/lib/kotlin-reflect-2.3.21.jar!/
[0.526s][info][class,load] kotlin.reflect.jvm.internal.impl.descriptors.impl.ModuleAwareClassDescriptor$Companion source: jar:nested:/Users/kibong_home/Desktop/development/blog/build/libs/blog-0.0.1-SNAPSHOT.jar/!BOOT-INF/lib/kotlin-reflect-2.3.21.jar!/
[0.526s][info][class,load] kotlin.reflect.jvm.internal.impl.descriptors.Modality$Companion source: jar:nested:/Users/kibong_home/Desktop/development/blog/build/libs/blog-0.0.1-SNAPSHOT.jar/!BOOT-INF/lib/kotlin-reflect-2.3.21.jar!/
[0.526s][info][class,load] kotlin.reflect.jvm.internal.impl.descriptors.ClassKind source: jar:nested:/Users/kibong_home/Desktop/development/blog/build/libs/blog-0.0.1-SNAPSHOT.jar/!BOOT-INF/lib/kotlin-reflect-2.3.21.jar!/
[0.526s][info][class,load] kotlin.reflect.jvm.internal.impl.descriptors.impl.AbstractClassDescriptor$1 source: jar:nested:/Users/kibong_home/Desktop/development/blog/build/libs/blog-0.0.1-SNAPSHOT.jar/!BOOT-INF/lib/kotlin-reflect-2.3.21.jar!/
[0.527s][info][class,load] kotlin.reflect.jvm.internal.impl.descriptors.impl.AbstractClassDescriptor$2 source: jar:nested:/Users/kibong_home/Desktop/development/blog/build/libs/blog-0.0.1-SNAPSHOT.jar/!BOOT-INF/lib/kotlin-reflect-2.3.21.jar!/
[0.527s][info][class,load] kotlin.reflect.jvm.internal.impl.descriptors.impl.AbstractClassDescriptor$3 source: jar:nested:/Users/kibong_home/Desktop/development/blog/build/libs/blog-0.0.1-SNAPSHOT.jar/!BOOT-INF/lib/kotlin-reflect-2.3.21.jar!/
[0.527s][info][class,load] kotlin.reflect.jvm.internal.impl.descriptors.ValueDescriptor source: jar:nested:/Users/kibong_home/Desktop/development/blog/build/libs/blog-0.0.1-SNAPSHOT.jar/!BOOT-INF/lib/kotlin-reflect-2.3.21.jar!/
[0.527s][info][class,load] kotlin.reflect.jvm.internal.impl.descriptors.ParameterDescriptor source: jar:nested:/Users/kibong_home/Desktop/development/blog/build/libs/blog-0.0.1-SNAPSHOT.jar/!BOOT-INF/lib/kotlin-reflect-2.3.21.jar!/
[0.527s][info][class,load] kotlin.reflect.jvm.internal.impl.descriptors.ReceiverParameterDescriptor source: jar:nested:/Users/kibong_home/Desktop/development/blog/build/libs/blog-0.0.1-SNAPSHOT.jar/!BOOT-INF/lib/kotlin-reflect-2.3.21.jar!/
[0.527s][info][class,load] kotlin.reflect.jvm.internal.impl.types.ClassifierBasedTypeConstructor source: jar:nested:/Users/kibong_home/Desktop/development/blog/build/libs/blog-0.0.1-SNAPSHOT.jar/!BOOT-INF/lib/kotlin-reflect-2.3.21.jar!/
[0.527s][info][class,load] kotlin.reflect.jvm.internal.impl.types.AbstractTypeConstructor source: jar:nested:/Users/kibong_home/Desktop/development/blog/build/libs/blog-0.0.1-SNAPSHOT.jar/!BOOT-INF/lib/kotlin-reflect-2.3.21.jar!/
[0.527s][info][class,load] kotlin.reflect.jvm.internal.impl.types.AbstractClassTypeConstructor source: jar:nested:/Users/kibong_home/Desktop/development/blog/build/libs/blog-0.0.1-SNAPSHOT.jar/!BOOT-INF/lib/kotlin-reflect-2.3.21.jar!/
[0.527s][info][class,load] kotlin.reflect.jvm.internal.impl.types.ClassTypeConstructorImpl source: jar:nested:/Users/kibong_home/Desktop/development/blog/build/libs/blog-0.0.1-SNAPSHOT.jar/!BOOT-INF/lib/kotlin-reflect-2.3.21.jar!/
[0.527s][info][class,load] kotlin.reflect.jvm.internal.impl.types.AbstractTypeConstructor$$Lambda$0 source: jar:nested:/Users/kibong_home/Desktop/development/blog/build/libs/blog-0.0.1-SNAPSHOT.jar/!BOOT-INF/lib/kotlin-reflect-2.3.21.jar!/
[0.527s][info][class,load] kotlin.reflect.jvm.internal.impl.types.AbstractTypeConstructor$$Lambda$1 source: jar:nested:/Users/kibong_home/Desktop/development/blog/build/libs/blog-0.0.1-SNAPSHOT.jar/!BOOT-INF/lib/kotlin-reflect-2.3.21.jar!/
[0.527s][info][class,load] kotlin.reflect.jvm.internal.impl.types.AbstractTypeConstructor$$Lambda$2 source: jar:nested:/Users/kibong_home/Desktop/development/blog/build/libs/blog-0.0.1-SNAPSHOT.jar/!BOOT-INF/lib/kotlin-reflect-2.3.21.jar!/
[0.527s][info][class,load] kotlin.reflect.jvm.internal.impl.storage.LockBasedStorageManager$LockBasedLazyValueWithPostCompute source: jar:nested:/Users/kibong_home/Desktop/development/blog/build/libs/blog-0.0.1-SNAPSHOT.jar/!BOOT-INF/lib/kotlin-reflect-2.3.21.jar!/
[0.527s][info][class,load] kotlin.reflect.jvm.internal.impl.storage.LockBasedStorageManager$LockBasedNotNullLazyValueWithPostCompute source: jar:nested:/Users/kibong_home/Desktop/development/blog/build/libs/blog-0.0.1-SNAPSHOT.jar/!BOOT-INF/lib/kotlin-reflect-2.3.21.jar!/
[0.527s][info][class,load] kotlin.reflect.jvm.internal.impl.storage.LockBasedStorageManager$5 source: jar:nested:/Users/kibong_home/Desktop/development/blog/build/libs/blog-0.0.1-SNAPSHOT.jar/!BOOT-INF/lib/kotlin-reflect-2.3.21.jar!/
[0.527s][info][class,load] kotlin.reflect.jvm.internal.impl.resolve.scopes.MemberScopeImpl source: jar:nested:/Users/kibong_home/Desktop/development/blog/build/libs/blog-0.0.1-SNAPSHOT.jar/!BOOT-INF/lib/kotlin-reflect-2.3.21.jar!/
[0.527s][info][class,load] kotlin.reflect.jvm.internal.impl.resolve.scopes.MemberScope$Empty source: jar:nested:/Users/kibong_home/Desktop/development/blog/build/libs/blog-0.0.1-SNAPSHOT.jar/!BOOT-INF/lib/kotlin-reflect-2.3.21.jar!/
[0.527s][info][class,load] kotlin.reflect.jvm.internal.impl.resolve.DescriptorUtils source: jar:nested:/Users/kibong_home/Desktop/development/blog/build/libs/blog-0.0.1-SNAPSHOT.jar/!BOOT-INF/lib/kotlin-reflect-2.3.21.jar!/
[0.528s][info][class,load] kotlin.reflect.jvm.internal.impl.resolve.descriptorUtil.DescriptorUtilsKt source: jar:nested:/Users/kibong_home/Desktop/development/blog/build/libs/blog-0.0.1-SNAPSHOT.jar/!BOOT-INF/lib/kotlin-reflect-2.3.21.jar!/
[0.528s][info][class,load] kotlin.reflect.jvm.internal.impl.types.checker.KotlinTypeRefinerKt source: jar:nested:/Users/kibong_home/Desktop/development/blog/build/libs/blog-0.0.1-SNAPSHOT.jar/!BOOT-INF/lib/kotlin-reflect-2.3.21.jar!/
[0.528s][info][class,load] kotlin.reflect.jvm.internal.impl.descriptors.impl.AbstractClassDescriptor$1$1 source: jar:nested:/Users/kibong_home/Desktop/development/blog/build/libs/blog-0.0.1-SNAPSHOT.jar/!BOOT-INF/lib/kotlin-reflect-2.3.21.jar!/
[0.528s][info][class,load] kotlin.reflect.jvm.internal.impl.types.TypeUtils source: jar:nested:/Users/kibong_home/Desktop/development/blog/build/libs/blog-0.0.1-SNAPSHOT.jar/!BOOT-INF/lib/kotlin-reflect-2.3.21.jar!/
[0.528s][info][class,load] kotlin.reflect.jvm.internal.impl.types.model.TypeArgumentMarker source: jar:nested:/Users/kibong_home/Desktop/development/blog/build/libs/blog-0.0.1-SNAPSHOT.jar/!BOOT-INF/lib/kotlin-reflect-2.3.21.jar!/
[0.528s][info][class,load] kotlin.reflect.jvm.internal.impl.types.TypeProjection source: jar:nested:/Users/kibong_home/Desktop/development/blog/build/libs/blog-0.0.1-SNAPSHOT.jar/!BOOT-INF/lib/kotlin-reflect-2.3.21.jar!/
[0.528s][info][class,load] kotlin.reflect.jvm.internal.impl.types.error.ErrorType source: jar:nested:/Users/kibong_home/Desktop/development/blog/build/libs/blog-0.0.1-SNAPSHOT.jar/!BOOT-INF/lib/kotlin-reflect-2.3.21.jar!/
[0.528s][info][class,load] kotlin.reflect.jvm.internal.impl.types.DelegatingSimpleType source: jar:nested:/Users/kibong_home/Desktop/development/blog/build/libs/blog-0.0.1-SNAPSHOT.jar/!BOOT-INF/lib/kotlin-reflect-2.3.21.jar!/
[0.528s][info][class,load] kotlin.reflect.jvm.internal.impl.types.TypeUtils$SpecialType source: jar:nested:/Users/kibong_home/Desktop/development/blog/build/libs/blog-0.0.1-SNAPSHOT.jar/!BOOT-INF/lib/kotlin-reflect-2.3.21.jar!/
[0.529s][info][class,load] kotlin.reflect.jvm.internal.impl.types.error.ErrorTypeKind source: jar:nested:/Users/kibong_home/Desktop/development/blog/build/libs/blog-0.0.1-SNAPSHOT.jar/!BOOT-INF/lib/kotlin-reflect-2.3.21.jar!/
[0.529s][info][class,load] kotlin.reflect.jvm.internal.impl.types.error.ErrorUtils source: jar:nested:/Users/kibong_home/Desktop/development/blog/build/libs/blog-0.0.1-SNAPSHOT.jar/!BOOT-INF/lib/kotlin-reflect-2.3.21.jar!/
[0.529s][info][class,load] kotlin.reflect.jvm.internal.impl.types.error.ErrorModuleDescriptor source: jar:nested:/Users/kibong_home/Desktop/development/blog/build/libs/blog-0.0.1-SNAPSHOT.jar/!BOOT-INF/lib/kotlin-reflect-2.3.21.jar!/
[0.529s][info][class,load] kotlin.reflect.jvm.internal.impl.types.error.ErrorEntity source: jar:nested:/Users/kibong_home/Desktop/development/blog/build/libs/blog-0.0.1-SNAPSHOT.jar/!BOOT-INF/lib/kotlin-reflect-2.3.21.jar!/
[0.529s][info][class,load] kotlin.reflect.jvm.internal.impl.types.error.ErrorModuleDescriptor$$Lambda$0 source: jar:nested:/Users/kibong_home/Desktop/development/blog/build/libs/blog-0.0.1-SNAPSHOT.jar/!BOOT-INF/lib/kotlin-reflect-2.3.21.jar!/
[0.529s][info][class,load] kotlin.reflect.jvm.internal.impl.types.error.ErrorClassDescriptor source: jar:nested:/Users/kibong_home/Desktop/development/blog/build/libs/blog-0.0.1-SNAPSHOT.jar/!BOOT-INF/lib/kotlin-reflect-2.3.21.jar!/
[0.529s][info][class,load] kotlin.reflect.jvm.internal.impl.descriptors.ConstructorDescriptor source: jar:nested:/Users/kibong_home/Desktop/development/blog/build/libs/blog-0.0.1-SNAPSHOT.jar/!BOOT-INF/lib/kotlin-reflect-2.3.21.jar!/
[0.529s][info][class,load] kotlin.reflect.jvm.internal.impl.descriptors.ClassConstructorDescriptor source: jar:nested:/Users/kibong_home/Desktop/development/blog/build/libs/blog-0.0.1-SNAPSHOT.jar/!BOOT-INF/lib/kotlin-reflect-2.3.21.jar!/
[0.530s][info][class,load] kotlin.reflect.jvm.internal.impl.descriptors.impl.FunctionDescriptorImpl source: jar:nested:/Users/kibong_home/Desktop/development/blog/build/libs/blog-0.0.1-SNAPSHOT.jar/!BOOT-INF/lib/kotlin-reflect-2.3.21.jar!/
[0.530s][info][class,load] kotlin.reflect.jvm.internal.impl.descriptors.impl.ClassConstructorDescriptorImpl source: jar:nested:/Users/kibong_home/Desktop/development/blog/build/libs/blog-0.0.1-SNAPSHOT.jar/!BOOT-INF/lib/kotlin-reflect-2.3.21.jar!/
[0.530s][info][class,load] kotlin.reflect.jvm.internal.impl.descriptors.FunctionDescriptor$CopyBuilder source: jar:nested:/Users/kibong_home/Desktop/development/blog/build/libs/blog-0.0.1-SNAPSHOT.jar/!BOOT-INF/lib/kotlin-reflect-2.3.21.jar!/
[0.530s][info][class,load] kotlin.reflect.jvm.internal.impl.resolve.scopes.receivers.ReceiverValue source: jar:nested:/Users/kibong_home/Desktop/development/blog/build/libs/blog-0.0.1-SNAPSHOT.jar/!BOOT-INF/lib/kotlin-reflect-2.3.21.jar!/
[0.530s][info][class,load] kotlin.reflect.jvm.internal.impl.descriptors.CallableMemberDescriptor$Kind source: jar:nested:/Users/kibong_home/Desktop/development/blog/build/libs/blog-0.0.1-SNAPSHOT.jar/!BOOT-INF/lib/kotlin-reflect-2.3.21.jar!/
[0.530s][info][class,load] kotlin.reflect.jvm.internal.impl.descriptors.DescriptorVisibilities source: jar:nested:/Users/kibong_home/Desktop/development/blog/build/libs/blog-0.0.1-SNAPSHOT.jar/!BOOT-INF/lib/kotlin-reflect-2.3.21.jar!/
[0.530s][info][class,load] kotlin.reflect.jvm.internal.impl.descriptors.Visibility source: jar:nested:/Users/kibong_home/Desktop/development/blog/build/libs/blog-0.0.1-SNAPSHOT.jar/!BOOT-INF/lib/kotlin-reflect-2.3.21.jar!/
[0.530s][info][class,load] kotlin.reflect.jvm.internal.impl.descriptors.Visibilities$Private source: jar:nested:/Users/kibong_home/Desktop/development/blog/build/libs/blog-0.0.1-SNAPSHOT.jar/!BOOT-INF/lib/kotlin-reflect-2.3.21.jar!/
[0.530s][info][class,load] kotlin.reflect.jvm.internal.impl.descriptors.DescriptorVisibility source: jar:nested:/Users/kibong_home/Desktop/development/blog/build/libs/blog-0.0.1-SNAPSHOT.jar/!BOOT-INF/lib/kotlin-reflect-2.3.21.jar!/
[0.530s][info][class,load] kotlin.reflect.jvm.internal.impl.descriptors.DelegatedDescriptorVisibility source: jar:nested:/Users/kibong_home/Desktop/development/blog/build/libs/blog-0.0.1-SNAPSHOT.jar/!BOOT-INF/lib/kotlin-reflect-2.3.21.jar!/
[0.530s][info][class,load] kotlin.reflect.jvm.internal.impl.descriptors.DescriptorVisibilities$1 source: jar:nested:/Users/kibong_home/Desktop/development/blog/build/libs/blog-0.0.1-SNAPSHOT.jar/!BOOT-INF/lib/kotlin-reflect-2.3.21.jar!/
[0.530s][info][class,load] kotlin.reflect.jvm.internal.impl.descriptors.Visibilities$PrivateToThis source: jar:nested:/Users/kibong_home/Desktop/development/blog/build/libs/blog-0.0.1-SNAPSHOT.jar/!BOOT-INF/lib/kotlin-reflect-2.3.21.jar!/
[0.530s][info][class,load] kotlin.reflect.jvm.internal.impl.descriptors.DescriptorVisibilities$2 source: jar:nested:/Users/kibong_home/Desktop/development/blog/build/libs/blog-0.0.1-SNAPSHOT.jar/!BOOT-INF/lib/kotlin-reflect-2.3.21.jar!/
[0.530s][info][class,load] kotlin.reflect.jvm.internal.impl.descriptors.Visibilities$Protected source: jar:nested:/Users/kibong_home/Desktop/development/blog/build/libs/blog-0.0.1-SNAPSHOT.jar/!BOOT-INF/lib/kotlin-reflect-2.3.21.jar!/
[0.530s][info][class,load] kotlin.reflect.jvm.internal.impl.descriptors.DescriptorVisibilities$3 source: jar:nested:/Users/kibong_home/Desktop/development/blog/build/libs/blog-0.0.1-SNAPSHOT.jar/!BOOT-INF/lib/kotlin-reflect-2.3.21.jar!/
[0.530s][info][class,load] kotlin.reflect.jvm.internal.impl.descriptors.Visibilities$Internal source: jar:nested:/Users/kibong_home/Desktop/development/blog/build/libs/blog-0.0.1-SNAPSHOT.jar/!BOOT-INF/lib/kotlin-reflect-2.3.21.jar!/
[0.530s][info][class,load] kotlin.reflect.jvm.internal.impl.descriptors.DescriptorVisibilities$4 source: jar:nested:/Users/kibong_home/Desktop/development/blog/build/libs/blog-0.0.1-SNAPSHOT.jar/!BOOT-INF/lib/kotlin-reflect-2.3.21.jar!/
[0.530s][info][class,load] kotlin.reflect.jvm.internal.impl.descriptors.Visibilities$Public source: jar:nested:/Users/kibong_home/Desktop/development/blog/build/libs/blog-0.0.1-SNAPSHOT.jar/!BOOT-INF/lib/kotlin-reflect-2.3.21.jar!/
[0.530s][info][class,load] kotlin.reflect.jvm.internal.impl.descriptors.DescriptorVisibilities$5 source: jar:nested:/Users/kibong_home/Desktop/development/blog/build/libs/blog-0.0.1-SNAPSHOT.jar/!BOOT-INF/lib/kotlin-reflect-2.3.21.jar!/
[0.530s][info][class,load] kotlin.reflect.jvm.internal.impl.descriptors.Visibilities$Local source: jar:nested:/Users/kibong_home/Desktop/development/blog/build/libs/blog-0.0.1-SNAPSHOT.jar/!BOOT-INF/lib/kotlin-reflect-2.3.21.jar!/
[0.530s][info][class,load] kotlin.reflect.jvm.internal.impl.descriptors.DescriptorVisibilities$6 source: jar:nested:/Users/kibong_home/Desktop/development/blog/build/libs/blog-0.0.1-SNAPSHOT.jar/!BOOT-INF/lib/kotlin-reflect-2.3.21.jar!/
[0.530s][info][class,load] kotlin.reflect.jvm.internal.impl.descriptors.Visibilities$Inherited source: jar:nested:/Users/kibong_home/Desktop/development/blog/build/libs/blog-0.0.1-SNAPSHOT.jar/!BOOT-INF/lib/kotlin-reflect-2.3.21.jar!/
[0.530s][info][class,load] kotlin.reflect.jvm.internal.impl.descriptors.DescriptorVisibilities$7 source: jar:nested:/Users/kibong_home/Desktop/development/blog/build/libs/blog-0.0.1-SNAPSHOT.jar/!BOOT-INF/lib/kotlin-reflect-2.3.21.jar!/
[0.531s][info][class,load] kotlin.reflect.jvm.internal.impl.descriptors.Visibilities$InvisibleFake source: jar:nested:/Users/kibong_home/Desktop/development/blog/build/libs/blog-0.0.1-SNAPSHOT.jar/!BOOT-INF/lib/kotlin-reflect-2.3.21.jar!/
[0.531s][info][class,load] kotlin.reflect.jvm.internal.impl.descriptors.DescriptorVisibilities$8 source: jar:nested:/Users/kibong_home/Desktop/development/blog/build/libs/blog-0.0.1-SNAPSHOT.jar/!BOOT-INF/lib/kotlin-reflect-2.3.21.jar!/
[0.531s][info][class,load] kotlin.reflect.jvm.internal.impl.descriptors.Visibilities$Unknown source: jar:nested:/Users/kibong_home/Desktop/development/blog/build/libs/blog-0.0.1-SNAPSHOT.jar/!BOOT-INF/lib/kotlin-reflect-2.3.21.jar!/
[0.531s][info][class,load] kotlin.reflect.jvm.internal.impl.descriptors.DescriptorVisibilities$9 source: jar:nested:/Users/kibong_home/Desktop/development/blog/build/libs/blog-0.0.1-SNAPSHOT.jar/!BOOT-INF/lib/kotlin-reflect-2.3.21.jar!/
[0.531s][info][class,load] kotlin.reflect.jvm.internal.impl.util.ModuleVisibilityHelper source: jar:nested:/Users/kibong_home/Desktop/development/blog/build/libs/blog-0.0.1-SNAPSHOT.jar/!BOOT-INF/lib/kotlin-reflect-2.3.21.jar!/
[0.531s][info][class,load] kotlin.reflect.jvm.internal.impl.descriptors.DescriptorVisibilities$10 source: jar:nested:/Users/kibong_home/Desktop/development/blog/build/libs/blog-0.0.1-SNAPSHOT.jar/!BOOT-INF/lib/kotlin-reflect-2.3.21.jar!/
[0.531s][info][class,load] kotlin.reflect.jvm.internal.impl.descriptors.DescriptorVisibilities$11 source: jar:nested:/Users/kibong_home/Desktop/development/blog/build/libs/blog-0.0.1-SNAPSHOT.jar/!BOOT-INF/lib/kotlin-reflect-2.3.21.jar!/
[0.531s][info][class,load] kotlin.reflect.jvm.internal.impl.descriptors.DescriptorVisibilities$12 source: jar:nested:/Users/kibong_home/Desktop/development/blog/build/libs/blog-0.0.1-SNAPSHOT.jar/!BOOT-INF/lib/kotlin-reflect-2.3.21.jar!/
[0.531s][info][class,load] kotlin.reflect.jvm.internal.impl.util.ModuleVisibilityHelper$EMPTY source: jar:nested:/Users/kibong_home/Desktop/development/blog/build/libs/blog-0.0.1-SNAPSHOT.jar/!BOOT-INF/lib/kotlin-reflect-2.3.21.jar!/
[0.531s][info][class,load] kotlin.reflect.jvm.internal.impl.types.error.ErrorScopeKind source: jar:nested:/Users/kibong_home/Desktop/development/blog/build/libs/blog-0.0.1-SNAPSHOT.jar/!BOOT-INF/lib/kotlin-reflect-2.3.21.jar!/
[0.531s][info][class,load] kotlin.reflect.jvm.internal.impl.types.error.ErrorScope source: jar:nested:/Users/kibong_home/Desktop/development/blog/build/libs/blog-0.0.1-SNAPSHOT.jar/!BOOT-INF/lib/kotlin-reflect-2.3.21.jar!/
[0.531s][info][class,load] kotlin.reflect.jvm.internal.impl.types.error.ErrorTypeConstructor source: jar:nested:/Users/kibong_home/Desktop/development/blog/build/libs/blog-0.0.1-SNAPSHOT.jar/!BOOT-INF/lib/kotlin-reflect-2.3.21.jar!/
[0.531s][info][class,load] kotlin.jvm.internal.StringCompanionObject source: jar:nested:/Users/kibong_home/Desktop/development/blog/build/libs/blog-0.0.1-SNAPSHOT.jar/!BOOT-INF/lib/kotlin-stdlib-2.3.21.jar!/
[0.532s][info][class,load] kotlin.reflect.jvm.internal.impl.descriptors.VariableDescriptor source: jar:nested:/Users/kibong_home/Desktop/development/blog/build/libs/blog-0.0.1-SNAPSHOT.jar/!BOOT-INF/lib/kotlin-reflect-2.3.21.jar!/
[0.532s][info][class,load] kotlin.reflect.jvm.internal.impl.descriptors.VariableDescriptorWithAccessors source: jar:nested:/Users/kibong_home/Desktop/development/blog/build/libs/blog-0.0.1-SNAPSHOT.jar/!BOOT-INF/lib/kotlin-reflect-2.3.21.jar!/
[0.532s][info][class,load] kotlin.reflect.jvm.internal.impl.descriptors.PropertyDescriptor source: jar:nested:/Users/kibong_home/Desktop/development/blog/build/libs/blog-0.0.1-SNAPSHOT.jar/!BOOT-INF/lib/kotlin-reflect-2.3.21.jar!/
[0.532s][info][class,load] kotlin.reflect.jvm.internal.impl.types.error.ErrorPropertyDescriptor source: jar:nested:/Users/kibong_home/Desktop/development/blog/build/libs/blog-0.0.1-SNAPSHOT.jar/!BOOT-INF/lib/kotlin-reflect-2.3.21.jar!/
[0.532s][info][class,load] kotlin.reflect.jvm.internal.impl.descriptors.impl.VariableDescriptorImpl source: jar:nested:/Users/kibong_home/Desktop/development/blog/build/libs/blog-0.0.1-SNAPSHOT.jar/!BOOT-INF/lib/kotlin-reflect-2.3.21.jar!/
[0.532s][info][class,load] kotlin.reflect.jvm.internal.impl.descriptors.impl.VariableDescriptorWithInitializerImpl source: jar:nested:/Users/kibong_home/Desktop/development/blog/build/libs/blog-0.0.1-SNAPSHOT.jar/!BOOT-INF/lib/kotlin-reflect-2.3.21.jar!/
[0.532s][info][class,load] kotlin.reflect.jvm.internal.impl.descriptors.impl.PropertyDescriptorImpl source: jar:nested:/Users/kibong_home/Desktop/development/blog/build/libs/blog-0.0.1-SNAPSHOT.jar/!BOOT-INF/lib/kotlin-reflect-2.3.21.jar!/
[0.532s][info][class,load] kotlin.reflect.jvm.internal.impl.descriptors.PropertyGetterDescriptor source: jar:nested:/Users/kibong_home/Desktop/development/blog/build/libs/blog-0.0.1-SNAPSHOT.jar/!BOOT-INF/lib/kotlin-reflect-2.3.21.jar!/
[0.532s][info][class,load] kotlin.reflect.jvm.internal.impl.descriptors.PropertySetterDescriptor source: jar:nested:/Users/kibong_home/Desktop/development/blog/build/libs/blog-0.0.1-SNAPSHOT.jar/!BOOT-INF/lib/kotlin-reflect-2.3.21.jar!/
[0.532s][info][class,load] kotlin.reflect.jvm.internal.impl.descriptors.FieldDescriptor source: jar:nested:/Users/kibong_home/Desktop/development/blog/build/libs/blog-0.0.1-SNAPSHOT.jar/!BOOT-INF/lib/kotlin-reflect-2.3.21.jar!/
[0.532s][info][class,load] kotlin.jvm.internal.CollectionToArray source: jar:nested:/Users/kibong_home/Desktop/development/blog/build/libs/blog-0.0.1-SNAPSHOT.jar/!BOOT-INF/lib/kotlin-stdlib-2.3.21.jar!/
[0.533s][info][class,load] kotlin.reflect.jvm.internal.impl.util.AbstractArrayMapOwner source: jar:nested:/Users/kibong_home/Desktop/development/blog/build/libs/blog-0.0.1-SNAPSHOT.jar/!BOOT-INF/lib/kotlin-reflect-2.3.21.jar!/
[0.533s][info][class,load] kotlin.reflect.jvm.internal.impl.util.AttributeArrayOwner source: jar:nested:/Users/kibong_home/Desktop/development/blog/build/libs/blog-0.0.1-SNAPSHOT.jar/!BOOT-INF/lib/kotlin-reflect-2.3.21.jar!/
[0.533s][info][class,load] kotlin.reflect.jvm.internal.impl.types.TypeAttributes source: jar:nested:/Users/kibong_home/Desktop/development/blog/build/libs/blog-0.0.1-SNAPSHOT.jar/!BOOT-INF/lib/kotlin-reflect-2.3.21.jar!/
[0.533s][info][class,load] kotlin.reflect.jvm.internal.impl.util.TypeRegistry source: jar:nested:/Users/kibong_home/Desktop/development/blog/build/libs/blog-0.0.1-SNAPSHOT.jar/!BOOT-INF/lib/kotlin-reflect-2.3.21.jar!/
[0.533s][info][class,load] kotlin.reflect.jvm.internal.impl.types.TypeAttributes$Companion source: jar:nested:/Users/kibong_home/Desktop/development/blog/build/libs/blog-0.0.1-SNAPSHOT.jar/!BOOT-INF/lib/kotlin-reflect-2.3.21.jar!/
[0.533s][info][class,load] kotlin.reflect.jvm.internal.impl.util.ArrayMap source: jar:nested:/Users/kibong_home/Desktop/development/blog/build/libs/blog-0.0.1-SNAPSHOT.jar/!BOOT-INF/lib/kotlin-reflect-2.3.21.jar!/
[0.533s][info][class,load] kotlin.reflect.jvm.internal.impl.util.EmptyArrayMap source: jar:nested:/Users/kibong_home/Desktop/development/blog/build/libs/blog-0.0.1-SNAPSHOT.jar/!BOOT-INF/lib/kotlin-reflect-2.3.21.jar!/
[0.533s][info][class,load] kotlin.reflect.jvm.internal.impl.types.KotlinTypeFactory source: jar:nested:/Users/kibong_home/Desktop/development/blog/build/libs/blog-0.0.1-SNAPSHOT.jar/!BOOT-INF/lib/kotlin-reflect-2.3.21.jar!/
[0.533s][info][class,load] kotlin.reflect.jvm.internal.impl.types.KotlinTypeFactory$EMPTY_REFINED_TYPE_FACTORY$1 source: jar:nested:/Users/kibong_home/Desktop/development/blog/build/libs/blog-0.0.1-SNAPSHOT.jar/!BOOT-INF/lib/kotlin-reflect-2.3.21.jar!/
[0.533s][info][class,load] kotlin.reflect.jvm.internal.impl.types.SimpleTypeImpl source: jar:nested:/Users/kibong_home/Desktop/development/blog/build/libs/blog-0.0.1-SNAPSHOT.jar/!BOOT-INF/lib/kotlin-reflect-2.3.21.jar!/
[0.533s][info][class,load] kotlin.reflect.jvm.internal.impl.builtins.jvm.JvmBuiltInsCustomizer$$Lambda$0 source: jar:nested:/Users/kibong_home/Desktop/development/blog/build/libs/blog-0.0.1-SNAPSHOT.jar/!BOOT-INF/lib/kotlin-reflect-2.3.21.jar!/
[0.533s][info][class,load] kotlin.reflect.jvm.internal.impl.builtins.jvm.JvmBuiltInsCustomizer$$Lambda$1 source: jar:nested:/Users/kibong_home/Desktop/development/blog/build/libs/blog-0.0.1-SNAPSHOT.jar/!BOOT-INF/lib/kotlin-reflect-2.3.21.jar!/
[0.533s][info][class,load] kotlin.reflect.jvm.internal.impl.builtins.jvm.JvmBuiltInsCustomizer$$Lambda$2 source: jar:nested:/Users/kibong_home/Desktop/development/blog/build/libs/blog-0.0.1-SNAPSHOT.jar/!BOOT-INF/lib/kotlin-reflect-2.3.21.jar!/
[0.533s][info][class,load] kotlin.reflect.jvm.internal.impl.utils.WrappedValues$ThrowableWrapper source: jar:nested:/Users/kibong_home/Desktop/development/blog/build/libs/blog-0.0.1-SNAPSHOT.jar/!BOOT-INF/lib/kotlin-reflect-2.3.21.jar!/
[0.533s][info][class,load] kotlin.reflect.jvm.internal.impl.metadata.jvm.deserialization.JvmProtoBufUtil source: jar:nested:/Users/kibong_home/Desktop/development/blog/build/libs/blog-0.0.1-SNAPSHOT.jar/!BOOT-INF/lib/kotlin-reflect-2.3.21.jar!/
[0.534s][info][class,load] kotlin.reflect.jvm.internal.impl.protobuf.ExtensionRegistryLite source: jar:nested:/Users/kibong_home/Desktop/development/blog/build/libs/blog-0.0.1-SNAPSHOT.jar/!BOOT-INF/lib/kotlin-reflect-2.3.21.jar!/
[0.534s][info][class,load] kotlin.reflect.jvm.internal.impl.metadata.jvm.JvmProtoBuf source: jar:nested:/Users/kibong_home/Desktop/development/blog/build/libs/blog-0.0.1-SNAPSHOT.jar/!BOOT-INF/lib/kotlin-reflect-2.3.21.jar!/
[0.534s][info][class,load] kotlin.reflect.jvm.internal.impl.protobuf.MessageLiteOrBuilder source: jar:nested:/Users/kibong_home/Desktop/development/blog/build/libs/blog-0.0.1-SNAPSHOT.jar/!BOOT-INF/lib/kotlin-reflect-2.3.21.jar!/
[0.534s][info][class,load] kotlin.reflect.jvm.internal.impl.protobuf.MessageLite source: jar:nested:/Users/kibong_home/Desktop/development/blog/build/libs/blog-0.0.1-SNAPSHOT.jar/!BOOT-INF/lib/kotlin-reflect-2.3.21.jar!/
[0.534s][info][class,load] kotlin.reflect.jvm.internal.impl.protobuf.GeneratedMessageLite$ExtendableMessageOrBuilder source: jar:nested:/Users/kibong_home/Desktop/development/blog/build/libs/blog-0.0.1-SNAPSHOT.jar/!BOOT-INF/lib/kotlin-reflect-2.3.21.jar!/
[0.534s][info][class,load] kotlin.reflect.jvm.internal.impl.metadata.ProtoBuf$ConstructorOrBuilder source: jar:nested:/Users/kibong_home/Desktop/development/blog/build/libs/blog-0.0.1-SNAPSHOT.jar/!BOOT-INF/lib/kotlin-reflect-2.3.21.jar!/
[0.534s][info][class,load] kotlin.reflect.jvm.internal.impl.protobuf.AbstractMessageLite source: jar:nested:/Users/kibong_home/Desktop/development/blog/build/libs/blog-0.0.1-SNAPSHOT.jar/!BOOT-INF/lib/kotlin-reflect-2.3.21.jar!/
[0.534s][info][class,load] kotlin.reflect.jvm.internal.impl.protobuf.GeneratedMessageLite source: jar:nested:/Users/kibong_home/Desktop/development/blog/build/libs/blog-0.0.1-SNAPSHOT.jar/!BOOT-INF/lib/kotlin-reflect-2.3.21.jar!/
[0.534s][info][class,load] kotlin.reflect.jvm.internal.impl.protobuf.GeneratedMessageLite$ExtendableMessage source: jar:nested:/Users/kibong_home/Desktop/development/blog/build/libs/blog-0.0.1-SNAPSHOT.jar/!BOOT-INF/lib/kotlin-reflect-2.3.21.jar!/
[0.534s][info][class,load] kotlin.reflect.jvm.internal.impl.metadata.ProtoBuf$Constructor source: jar:nested:/Users/kibong_home/Desktop/development/blog/build/libs/blog-0.0.1-SNAPSHOT.jar/!BOOT-INF/lib/kotlin-reflect-2.3.21.jar!/
[0.534s][info][class,load] kotlin.reflect.jvm.internal.impl.protobuf.FieldSet$FieldDescriptorLite source: jar:nested:/Users/kibong_home/Desktop/development/blog/build/libs/blog-0.0.1-SNAPSHOT.jar/!BOOT-INF/lib/kotlin-reflect-2.3.21.jar!/
[0.534s][info][class,load] kotlin.reflect.jvm.internal.impl.protobuf.MessageLite$Builder source: jar:nested:/Users/kibong_home/Desktop/development/blog/build/libs/blog-0.0.1-SNAPSHOT.jar/!BOOT-INF/lib/kotlin-reflect-2.3.21.jar!/
[0.534s][info][class,load] kotlin.reflect.jvm.internal.impl.protobuf.ByteString$Output source: jar:nested:/Users/kibong_home/Desktop/development/blog/build/libs/blog-0.0.1-SNAPSHOT.jar/!BOOT-INF/lib/kotlin-reflect-2.3.21.jar!/
[0.534s][info][class,load] kotlin.reflect.jvm.internal.impl.protobuf.Parser source: jar:nested:/Users/kibong_home/Desktop/development/blog/build/libs/blog-0.0.1-SNAPSHOT.jar/!BOOT-INF/lib/kotlin-reflect-2.3.21.jar!/
[0.534s][info][class,load] kotlin.reflect.jvm.internal.impl.protobuf.AbstractParser source: jar:nested:/Users/kibong_home/Desktop/development/blog/build/libs/blog-0.0.1-SNAPSHOT.jar/!BOOT-INF/lib/kotlin-reflect-2.3.21.jar!/
[0.534s][info][class,load] kotlin.reflect.jvm.internal.impl.metadata.ProtoBuf$Constructor$1 source: jar:nested:/Users/kibong_home/Desktop/development/blog/build/libs/blog-0.0.1-SNAPSHOT.jar/!BOOT-INF/lib/kotlin-reflect-2.3.21.jar!/
[0.534s][info][class,load] kotlin.reflect.jvm.internal.impl.protobuf.AbstractMessageLite$Builder$LimitedInputStream source: jar:nested:/Users/kibong_home/Desktop/development/blog/build/libs/blog-0.0.1-SNAPSHOT.jar/!BOOT-INF/lib/kotlin-reflect-2.3.21.jar!/
[0.535s][info][class,load] kotlin.reflect.jvm.internal.impl.protobuf.FieldSet source: jar:nested:/Users/kibong_home/Desktop/development/blog/build/libs/blog-0.0.1-SNAPSHOT.jar/!BOOT-INF/lib/kotlin-reflect-2.3.21.jar!/
[0.535s][info][class,load] kotlin.reflect.jvm.internal.impl.protobuf.LazyFieldLite source: jar:nested:/Users/kibong_home/Desktop/development/blog/build/libs/blog-0.0.1-SNAPSHOT.jar/!BOOT-INF/lib/kotlin-reflect-2.3.21.jar!/
[0.535s][info][class,load] kotlin.reflect.jvm.internal.impl.protobuf.LazyField source: jar:nested:/Users/kibong_home/Desktop/development/blog/build/libs/blog-0.0.1-SNAPSHOT.jar/!BOOT-INF/lib/kotlin-reflect-2.3.21.jar!/
[0.535s][info][class,load] kotlin.reflect.jvm.internal.impl.protobuf.SmallSortedMap source: jar:nested:/Users/kibong_home/Desktop/development/blog/build/libs/blog-0.0.1-SNAPSHOT.jar/!BOOT-INF/lib/kotlin-reflect-2.3.21.jar!/
[0.535s][info][class,load] kotlin.reflect.jvm.internal.impl.protobuf.SmallSortedMap$1 source: jar:nested:/Users/kibong_home/Desktop/development/blog/build/libs/blog-0.0.1-SNAPSHOT.jar/!BOOT-INF/lib/kotlin-reflect-2.3.21.jar!/
[0.535s][info][class,load] kotlin.reflect.jvm.internal.impl.protobuf.SmallSortedMap$EmptySet source: jar:nested:/Users/kibong_home/Desktop/development/blog/build/libs/blog-0.0.1-SNAPSHOT.jar/!BOOT-INF/lib/kotlin-reflect-2.3.21.jar!/
[0.535s][info][class,load] kotlin.reflect.jvm.internal.impl.protobuf.SmallSortedMap$EmptySet$1 source: jar:nested:/Users/kibong_home/Desktop/development/blog/build/libs/blog-0.0.1-SNAPSHOT.jar/!BOOT-INF/lib/kotlin-reflect-2.3.21.jar!/
[0.535s][info][class,load] kotlin.reflect.jvm.internal.impl.protobuf.SmallSortedMap$EmptySet$2 source: jar:nested:/Users/kibong_home/Desktop/development/blog/build/libs/blog-0.0.1-SNAPSHOT.jar/!BOOT-INF/lib/kotlin-reflect-2.3.21.jar!/
[0.535s][info][class,load] kotlin.reflect.jvm.internal.impl.protobuf.ByteString source: jar:nested:/Users/kibong_home/Desktop/development/blog/build/libs/blog-0.0.1-SNAPSHOT.jar/!BOOT-INF/lib/kotlin-reflect-2.3.21.jar!/
[0.535s][info][class,load] kotlin.reflect.jvm.internal.impl.protobuf.LiteralByteString source: jar:nested:/Users/kibong_home/Desktop/development/blog/build/libs/blog-0.0.1-SNAPSHOT.jar/!BOOT-INF/lib/kotlin-reflect-2.3.21.jar!/
[0.535s][info][class,load] kotlin.reflect.jvm.internal.impl.protobuf.ByteString$ByteIterator source: jar:nested:/Users/kibong_home/Desktop/development/blog/build/libs/blog-0.0.1-SNAPSHOT.jar/!BOOT-INF/lib/kotlin-reflect-2.3.21.jar!/
[0.535s][info][class,load] kotlin.reflect.jvm.internal.impl.metadata.jvm.JvmProtoBuf$JvmMethodSignatureOrBuilder source: jar:nested:/Users/kibong_home/Desktop/development/blog/build/libs/blog-0.0.1-SNAPSHOT.jar/!BOOT-INF/lib/kotlin-reflect-2.3.21.jar!/
[0.535s][info][class,load] kotlin.reflect.jvm.internal.impl.metadata.jvm.JvmProtoBuf$JvmMethodSignature source: jar:nested:/Users/kibong_home/Desktop/development/blog/build/libs/blog-0.0.1-SNAPSHOT.jar/!BOOT-INF/lib/kotlin-reflect-2.3.21.jar!/
[0.536s][info][class,load] kotlin.reflect.jvm.internal.impl.metadata.jvm.JvmProtoBuf$JvmMethodSignature$1 source: jar:nested:/Users/kibong_home/Desktop/development/blog/build/libs/blog-0.0.1-SNAPSHOT.jar/!BOOT-INF/lib/kotlin-reflect-2.3.21.jar!/
[0.536s][info][class,load] kotlin.reflect.jvm.internal.impl.protobuf.WireFormat$FieldType source: jar:nested:/Users/kibong_home/Desktop/development/blog/build/libs/blog-0.0.1-SNAPSHOT.jar/!BOOT-INF/lib/kotlin-reflect-2.3.21.jar!/
[0.536s][info][class,load] kotlin.reflect.jvm.internal.impl.protobuf.WireFormat$FieldType$1 source: jar:nested:/Users/kibong_home/Desktop/development/blog/build/libs/blog-0.0.1-SNAPSHOT.jar/!BOOT-INF/lib/kotlin-reflect-2.3.21.jar!/
[0.536s][info][class,load] kotlin.reflect.jvm.internal.impl.protobuf.WireFormat$FieldType$2 source: jar:nested:/Users/kibong_home/Desktop/development/blog/build/libs/blog-0.0.1-SNAPSHOT.jar/!BOOT-INF/lib/kotlin-reflect-2.3.21.jar!/
[0.536s][info][class,load] kotlin.reflect.jvm.internal.impl.protobuf.WireFormat$FieldType$3 source: jar:nested:/Users/kibong_home/Desktop/development/blog/build/libs/blog-0.0.1-SNAPSHOT.jar/!BOOT-INF/lib/kotlin-reflect-2.3.21.jar!/
[0.536s][info][class,load] kotlin.reflect.jvm.internal.impl.protobuf.WireFormat$FieldType$4 source: jar:nested:/Users/kibong_home/Desktop/development/blog/build/libs/blog-0.0.1-SNAPSHOT.jar/!BOOT-INF/lib/kotlin-reflect-2.3.21.jar!/
[0.536s][info][class,load] kotlin.reflect.jvm.internal.impl.protobuf.WireFormat$JavaType source: jar:nested:/Users/kibong_home/Desktop/development/blog/build/libs/blog-0.0.1-SNAPSHOT.jar/!BOOT-INF/lib/kotlin-reflect-2.3.21.jar!/
[0.536s][info][class,load] kotlin.reflect.jvm.internal.impl.protobuf.GeneratedMessageLite$GeneratedExtension source: jar:nested:/Users/kibong_home/Desktop/development/blog/build/libs/blog-0.0.1-SNAPSHOT.jar/!BOOT-INF/lib/kotlin-reflect-2.3.21.jar!/
[0.536s][info][class,load] kotlin.reflect.jvm.internal.impl.protobuf.GeneratedMessageLite$ExtensionDescriptor source: jar:nested:/Users/kibong_home/Desktop/development/blog/build/libs/blog-0.0.1-SNAPSHOT.jar/!BOOT-INF/lib/kotlin-reflect-2.3.21.jar!/
[0.536s][info][class,load] kotlin.reflect.jvm.internal.impl.protobuf.Internal$EnumLite source: jar:nested:/Users/kibong_home/Desktop/development/blog/build/libs/blog-0.0.1-SNAPSHOT.jar/!BOOT-INF/lib/kotlin-reflect-2.3.21.jar!/
[0.536s][info][class,load] kotlin.reflect.jvm.internal.impl.metadata.ProtoBuf$FunctionOrBuilder source: jar:nested:/Users/kibong_home/Desktop/development/blog/build/libs/blog-0.0.1-SNAPSHOT.jar/!BOOT-INF/lib/kotlin-reflect-2.3.21.jar!/
[0.536s][info][class,load] kotlin.reflect.jvm.internal.impl.metadata.ProtoBuf$Function source: jar:nested:/Users/kibong_home/Desktop/development/blog/build/libs/blog-0.0.1-SNAPSHOT.jar/!BOOT-INF/lib/kotlin-reflect-2.3.21.jar!/
[0.536s][info][class,load] kotlin.reflect.jvm.internal.impl.metadata.ProtoBuf$Function$1 source: jar:nested:/Users/kibong_home/Desktop/development/blog/build/libs/blog-0.0.1-SNAPSHOT.jar/!BOOT-INF/lib/kotlin-reflect-2.3.21.jar!/
[0.536s][info][class,load] kotlin.reflect.jvm.internal.impl.metadata.ProtoBuf$TypeOrBuilder source: jar:nested:/Users/kibong_home/Desktop/development/blog/build/libs/blog-0.0.1-SNAPSHOT.jar/!BOOT-INF/lib/kotlin-reflect-2.3.21.jar!/
[0.537s][info][class,load] kotlin.reflect.jvm.internal.impl.metadata.ProtoBuf$Type source: jar:nested:/Users/kibong_home/Desktop/development/blog/build/libs/blog-0.0.1-SNAPSHOT.jar/!BOOT-INF/lib/kotlin-reflect-2.3.21.jar!/
[0.537s][info][class,load] kotlin.reflect.jvm.internal.impl.metadata.ProtoBuf$Type$1 source: jar:nested:/Users/kibong_home/Desktop/development/blog/build/libs/blog-0.0.1-SNAPSHOT.jar/!BOOT-INF/lib/kotlin-reflect-2.3.21.jar!/
[0.537s][info][class,load] kotlin.reflect.jvm.internal.impl.metadata.ProtoBuf$TypeTableOrBuilder source: jar:nested:/Users/kibong_home/Desktop/development/blog/build/libs/blog-0.0.1-SNAPSHOT.jar/!BOOT-INF/lib/kotlin-reflect-2.3.21.jar!/
[0.537s][info][class,load] kotlin.reflect.jvm.internal.impl.metadata.ProtoBuf$TypeTable source: jar:nested:/Users/kibong_home/Desktop/development/blog/build/libs/blog-0.0.1-SNAPSHOT.jar/!BOOT-INF/lib/kotlin-reflect-2.3.21.jar!/
[0.537s][info][class,load] kotlin.reflect.jvm.internal.impl.metadata.ProtoBuf$TypeTable$1 source: jar:nested:/Users/kibong_home/Desktop/development/blog/build/libs/blog-0.0.1-SNAPSHOT.jar/!BOOT-INF/lib/kotlin-reflect-2.3.21.jar!/
[0.537s][info][class,load] kotlin.reflect.jvm.internal.impl.metadata.ProtoBuf$ContractOrBuilder source: jar:nested:/Users/kibong_home/Desktop/development/blog/build/libs/blog-0.0.1-SNAPSHOT.jar/!BOOT-INF/lib/kotlin-reflect-2.3.21.jar!/
[0.537s][info][class,load] kotlin.reflect.jvm.internal.impl.metadata.ProtoBuf$Contract source: jar:nested:/Users/kibong_home/Desktop/development/blog/build/libs/blog-0.0.1-SNAPSHOT.jar/!BOOT-INF/lib/kotlin-reflect-2.3.21.jar!/
[0.537s][info][class,load] kotlin.reflect.jvm.internal.impl.metadata.ProtoBuf$Contract$1 source: jar:nested:/Users/kibong_home/Desktop/development/blog/build/libs/blog-0.0.1-SNAPSHOT.jar/!BOOT-INF/lib/kotlin-reflect-2.3.21.jar!/
[0.537s][info][class,load] kotlin.reflect.jvm.internal.impl.metadata.ProtoBuf$PropertyOrBuilder source: jar:nested:/Users/kibong_home/Desktop/development/blog/build/libs/blog-0.0.1-SNAPSHOT.jar/!BOOT-INF/lib/kotlin-reflect-2.3.21.jar!/
[0.537s][info][class,load] kotlin.reflect.jvm.internal.impl.metadata.ProtoBuf$Property source: jar:nested:/Users/kibong_home/Desktop/development/blog/build/libs/blog-0.0.1-SNAPSHOT.jar/!BOOT-INF/lib/kotlin-reflect-2.3.21.jar!/
[0.537s][info][class,load] kotlin.reflect.jvm.internal.impl.metadata.ProtoBuf$Property$1 source: jar:nested:/Users/kibong_home/Desktop/development/blog/build/libs/blog-0.0.1-SNAPSHOT.jar/!BOOT-INF/lib/kotlin-reflect-2.3.21.jar!/
[0.538s][info][class,load] kotlin.reflect.jvm.internal.impl.metadata.ProtoBuf$ValueParameterOrBuilder source: jar:nested:/Users/kibong_home/Desktop/development/blog/build/libs/blog-0.0.1-SNAPSHOT.jar/!BOOT-INF/lib/kotlin-reflect-2.3.21.jar!/
[0.538s][info][class,load] kotlin.reflect.jvm.internal.impl.metadata.ProtoBuf$ValueParameter source: jar:nested:/Users/kibong_home/Desktop/development/blog/build/libs/blog-0.0.1-SNAPSHOT.jar/!BOOT-INF/lib/kotlin-reflect-2.3.21.jar!/
[0.538s][info][class,load] kotlin.reflect.jvm.internal.impl.metadata.ProtoBuf$ValueParameter$1 source: jar:nested:/Users/kibong_home/Desktop/development/blog/build/libs/blog-0.0.1-SNAPSHOT.jar/!BOOT-INF/lib/kotlin-reflect-2.3.21.jar!/
[0.538s][info][class,load] kotlin.reflect.jvm.internal.impl.metadata.ProtoBuf$Annotation$Argument$ValueOrBuilder source: jar:nested:/Users/kibong_home/Desktop/development/blog/build/libs/blog-0.0.1-SNAPSHOT.jar/!BOOT-INF/lib/kotlin-reflect-2.3.21.jar!/
[0.538s][info][class,load] kotlin.reflect.jvm.internal.impl.metadata.ProtoBuf$Annotation$Argument$Value source: jar:nested:/Users/kibong_home/Desktop/development/blog/build/libs/blog-0.0.1-SNAPSHOT.jar/!BOOT-INF/lib/kotlin-reflect-2.3.21.jar!/
[0.538s][info][class,load] kotlin.reflect.jvm.internal.impl.metadata.ProtoBuf$Annotation$Argument$Value$1 source: jar:nested:/Users/kibong_home/Desktop/development/blog/build/libs/blog-0.0.1-SNAPSHOT.jar/!BOOT-INF/lib/kotlin-reflect-2.3.21.jar!/
[0.538s][info][class,load] kotlin.reflect.jvm.internal.impl.metadata.ProtoBuf$Annotation$Argument$Value$Type source: jar:nested:/Users/kibong_home/Desktop/development/blog/build/libs/blog-0.0.1-SNAPSHOT.jar/!BOOT-INF/lib/kotlin-reflect-2.3.21.jar!/
[0.538s][info][class,load] kotlin.reflect.jvm.internal.impl.protobuf.Internal$EnumLiteMap source: jar:nested:/Users/kibong_home/Desktop/development/blog/build/libs/blog-0.0.1-SNAPSHOT.jar/!BOOT-INF/lib/kotlin-reflect-2.3.21.jar!/
[0.538s][info][class,load] kotlin.reflect.jvm.internal.impl.metadata.ProtoBuf$Annotation$Argument$Value$Type$1 source: jar:nested:/Users/kibong_home/Desktop/development/blog/build/libs/blog-0.0.1-SNAPSHOT.jar/!BOOT-INF/lib/kotlin-reflect-2.3.21.jar!/
[0.538s][info][class,load] kotlin.reflect.jvm.internal.impl.metadata.ProtoBuf$AnnotationOrBuilder source: jar:nested:/Users/kibong_home/Desktop/development/blog/build/libs/blog-0.0.1-SNAPSHOT.jar/!BOOT-INF/lib/kotlin-reflect-2.3.21.jar!/
[0.538s][info][class,load] kotlin.reflect.jvm.internal.impl.metadata.ProtoBuf$Annotation source: jar:nested:/Users/kibong_home/Desktop/development/blog/build/libs/blog-0.0.1-SNAPSHOT.jar/!BOOT-INF/lib/kotlin-reflect-2.3.21.jar!/
[0.538s][info][class,load] kotlin.reflect.jvm.internal.impl.metadata.ProtoBuf$Annotation$1 source: jar:nested:/Users/kibong_home/Desktop/development/blog/build/libs/blog-0.0.1-SNAPSHOT.jar/!BOOT-INF/lib/kotlin-reflect-2.3.21.jar!/
[0.538s][info][class,load] kotlin.reflect.jvm.internal.impl.metadata.jvm.JvmProtoBuf$JvmPropertySignatureOrBuilder source: jar:nested:/Users/kibong_home/Desktop/development/blog/build/libs/blog-0.0.1-SNAPSHOT.jar/!BOOT-INF/lib/kotlin-reflect-2.3.21.jar!/
[0.538s][info][class,load] kotlin.reflect.jvm.internal.impl.metadata.jvm.JvmProtoBuf$JvmPropertySignature source: jar:nested:/Users/kibong_home/Desktop/development/blog/build/libs/blog-0.0.1-SNAPSHOT.jar/!BOOT-INF/lib/kotlin-reflect-2.3.21.jar!/
[0.539s][info][class,load] kotlin.reflect.jvm.internal.impl.metadata.jvm.JvmProtoBuf$JvmPropertySignature$1 source: jar:nested:/Users/kibong_home/Desktop/development/blog/build/libs/blog-0.0.1-SNAPSHOT.jar/!BOOT-INF/lib/kotlin-reflect-2.3.21.jar!/
[0.539s][info][class,load] kotlin.reflect.jvm.internal.impl.metadata.jvm.JvmProtoBuf$JvmFieldSignatureOrBuilder source: jar:nested:/Users/kibong_home/Desktop/development/blog/build/libs/blog-0.0.1-SNAPSHOT.jar/!BOOT-INF/lib/kotlin-reflect-2.3.21.jar!/
[0.539s][info][class,load] kotlin.reflect.jvm.internal.impl.metadata.jvm.JvmProtoBuf$JvmFieldSignature source: jar:nested:/Users/kibong_home/Desktop/development/blog/build/libs/blog-0.0.1-SNAPSHOT.jar/!BOOT-INF/lib/kotlin-reflect-2.3.21.jar!/
[0.539s][info][class,load] kotlin.reflect.jvm.internal.impl.metadata.jvm.JvmProtoBuf$JvmFieldSignature$1 source: jar:nested:/Users/kibong_home/Desktop/development/blog/build/libs/blog-0.0.1-SNAPSHOT.jar/!BOOT-INF/lib/kotlin-reflect-2.3.21.jar!/
[0.539s][info][class,load] kotlin.reflect.jvm.internal.impl.metadata.ProtoBuf$ClassOrBuilder source: jar:nested:/Users/kibong_home/Desktop/development/blog/build/libs/blog-0.0.1-SNAPSHOT.jar/!BOOT-INF/lib/kotlin-reflect-2.3.21.jar!/
[0.539s][info][class,load] kotlin.reflect.jvm.internal.impl.metadata.ProtoBuf$Class source: jar:nested:/Users/kibong_home/Desktop/development/blog/build/libs/blog-0.0.1-SNAPSHOT.jar/!BOOT-INF/lib/kotlin-reflect-2.3.21.jar!/
[0.539s][info][class,load] kotlin.reflect.jvm.internal.impl.metadata.ProtoBuf$Class$1 source: jar:nested:/Users/kibong_home/Desktop/development/blog/build/libs/blog-0.0.1-SNAPSHOT.jar/!BOOT-INF/lib/kotlin-reflect-2.3.21.jar!/
[0.539s][info][class,load] kotlin.reflect.jvm.internal.impl.metadata.ProtoBuf$VersionRequirementTableOrBuilder source: jar:nested:/Users/kibong_home/Desktop/development/blog/build/libs/blog-0.0.1-SNAPSHOT.jar/!BOOT-INF/lib/kotlin-reflect-2.3.21.jar!/
[0.539s][info][class,load] kotlin.reflect.jvm.internal.impl.metadata.ProtoBuf$VersionRequirementTable source: jar:nested:/Users/kibong_home/Desktop/development/blog/build/libs/blog-0.0.1-SNAPSHOT.jar/!BOOT-INF/lib/kotlin-reflect-2.3.21.jar!/
[0.539s][info][class,load] kotlin.reflect.jvm.internal.impl.metadata.ProtoBuf$VersionRequirementTable$1 source: jar:nested:/Users/kibong_home/Desktop/development/blog/build/libs/blog-0.0.1-SNAPSHOT.jar/!BOOT-INF/lib/kotlin-reflect-2.3.21.jar!/
[0.539s][info][class,load] kotlin.reflect.jvm.internal.impl.metadata.ProtoBuf$PackageOrBuilder source: jar:nested:/Users/kibong_home/Desktop/development/blog/build/libs/blog-0.0.1-SNAPSHOT.jar/!BOOT-INF/lib/kotlin-reflect-2.3.21.jar!/
[0.539s][info][class,load] kotlin.reflect.jvm.internal.impl.metadata.ProtoBuf$Package source: jar:nested:/Users/kibong_home/Desktop/development/blog/build/libs/blog-0.0.1-SNAPSHOT.jar/!BOOT-INF/lib/kotlin-reflect-2.3.21.jar!/
[0.540s][info][class,load] kotlin.reflect.jvm.internal.impl.metadata.ProtoBuf$Package$1 source: jar:nested:/Users/kibong_home/Desktop/development/blog/build/libs/blog-0.0.1-SNAPSHOT.jar/!BOOT-INF/lib/kotlin-reflect-2.3.21.jar!/
[0.540s][info][class,load] kotlin.reflect.jvm.internal.impl.protobuf.ExtensionRegistryLite$ObjectIntPair source: jar:nested:/Users/kibong_home/Desktop/development/blog/build/libs/blog-0.0.1-SNAPSHOT.jar/!BOOT-INF/lib/kotlin-reflect-2.3.21.jar!/
[0.540s][info][class,load] kotlin.reflect.jvm.internal.impl.metadata.SerializationPluginMetadataExtensions source: jar:nested:/Users/kibong_home/Desktop/development/blog/build/libs/blog-0.0.1-SNAPSHOT.jar/!BOOT-INF/lib/kotlin-reflect-2.3.21.jar!/
[0.540s][info][class,load] kotlin.reflect.jvm.internal.impl.serialization.deserialization.EnumEntriesDeserializationSupport source: jar:nested:/Users/kibong_home/Desktop/development/blog/build/libs/blog-0.0.1-SNAPSHOT.jar/!BOOT-INF/lib/kotlin-reflect-2.3.21.jar!/
[0.540s][info][class,load] kotlin.reflect.jvm.internal.impl.serialization.deserialization.JvmEnumEntriesDeserializationSupport source: jar:nested:/Users/kibong_home/Desktop/development/blog/build/libs/blog-0.0.1-SNAPSHOT.jar/!BOOT-INF/lib/kotlin-reflect-2.3.21.jar!/
[0.540s][info][class,load] kotlin.reflect.jvm.internal.impl.serialization.deserialization.ClassDeserializer source: jar:nested:/Users/kibong_home/Desktop/development/blog/build/libs/blog-0.0.1-SNAPSHOT.jar/!BOOT-INF/lib/kotlin-reflect-2.3.21.jar!/
[0.540s][info][class,load] kotlin.reflect.jvm.internal.impl.serialization.deserialization.ClassDeserializer$Companion source: jar:nested:/Users/kibong_home/Desktop/development/blog/build/libs/blog-0.0.1-SNAPSHOT.jar/!BOOT-INF/lib/kotlin-reflect-2.3.21.jar!/
[0.540s][info][class,load] kotlin.reflect.jvm.internal.impl.serialization.deserialization.ClassDeserializer$$Lambda$0 source: jar:nested:/Users/kibong_home/Desktop/development/blog/build/libs/blog-0.0.1-SNAPSHOT.jar/!BOOT-INF/lib/kotlin-reflect-2.3.21.jar!/
[0.540s][info][class,load] kotlin.reflect.jvm.internal.impl.resolve.jvm.JavaDescriptorResolver source: jar:nested:/Users/kibong_home/Desktop/development/blog/build/libs/blog-0.0.1-SNAPSHOT.jar/!BOOT-INF/lib/kotlin-reflect-2.3.21.jar!/
[0.540s][info][class,load] kotlin.reflect.jvm.internal.impl.serialization.deserialization.AbstractDeserializedPackageFragmentProvider source: jar:nested:/Users/kibong_home/Desktop/development/blog/build/libs/blog-0.0.1-SNAPSHOT.jar/!BOOT-INF/lib/kotlin-reflect-2.3.21.jar!/
[0.540s][info][class,load] kotlin.reflect.jvm.internal.impl.builtins.jvm.JvmBuiltInsPackageFragmentProvider source: jar:nested:/Users/kibong_home/Desktop/development/blog/build/libs/blog-0.0.1-SNAPSHOT.jar/!BOOT-INF/lib/kotlin-reflect-2.3.21.jar!/
[0.540s][info][class,load] kotlin.reflect.jvm.internal.impl.builtins.jvm.JvmBuiltInsPackageFragmentProvider$Companion source: jar:nested:/Users/kibong_home/Desktop/development/blog/build/libs/blog-0.0.1-SNAPSHOT.jar/!BOOT-INF/lib/kotlin-reflect-2.3.21.jar!/
[0.540s][info][class,load] kotlin.reflect.jvm.internal.impl.serialization.deserialization.AbstractDeserializedPackageFragmentProvider$$Lambda$0 source: jar:nested:/Users/kibong_home/Desktop/development/blog/build/libs/blog-0.0.1-SNAPSHOT.jar/!BOOT-INF/lib/kotlin-reflect-2.3.21.jar!/
[0.540s][info][class,load] kotlin.reflect.jvm.internal.impl.serialization.deserialization.DeserializedClassDataFinder source: jar:nested:/Users/kibong_home/Desktop/development/blog/build/libs/blog-0.0.1-SNAPSHOT.jar/!BOOT-INF/lib/kotlin-reflect-2.3.21.jar!/
[0.541s][info][class,load] kotlin.reflect.jvm.internal.impl.serialization.deserialization.AbstractAnnotationLoader source: jar:nested:/Users/kibong_home/Desktop/development/blog/build/libs/blog-0.0.1-SNAPSHOT.jar/!BOOT-INF/lib/kotlin-reflect-2.3.21.jar!/
[0.541s][info][class,load] kotlin.reflect.jvm.internal.impl.serialization.deserialization.AnnotationAndConstantLoaderImpl source: jar:nested:/Users/kibong_home/Desktop/development/blog/build/libs/blog-0.0.1-SNAPSHOT.jar/!BOOT-INF/lib/kotlin-reflect-2.3.21.jar!/
[0.541s][info][class,load] kotlin.reflect.jvm.internal.impl.serialization.SerializerExtensionProtocol source: jar:nested:/Users/kibong_home/Desktop/development/blog/build/libs/blog-0.0.1-SNAPSHOT.jar/!BOOT-INF/lib/kotlin-reflect-2.3.21.jar!/
[0.541s][info][class,load] kotlin.reflect.jvm.internal.impl.serialization.deserialization.builtins.BuiltInSerializerProtocol source: jar:nested:/Users/kibong_home/Desktop/development/blog/build/libs/blog-0.0.1-SNAPSHOT.jar/!BOOT-INF/lib/kotlin-reflect-2.3.21.jar!/
[0.541s][info][class,load] kotlin.reflect.jvm.internal.impl.metadata.builtins.BuiltInsProtoBuf source: jar:nested:/Users/kibong_home/Desktop/development/blog/build/libs/blog-0.0.1-SNAPSHOT.jar/!BOOT-INF/lib/kotlin-reflect-2.3.21.jar!/
[0.541s][info][class,load] kotlin.reflect.jvm.internal.impl.metadata.ProtoBuf$EnumEntryOrBuilder source: jar:nested:/Users/kibong_home/Desktop/development/blog/build/libs/blog-0.0.1-SNAPSHOT.jar/!BOOT-INF/lib/kotlin-reflect-2.3.21.jar!/
[0.541s][info][class,load] kotlin.reflect.jvm.internal.impl.metadata.ProtoBuf$EnumEntry source: jar:nested:/Users/kibong_home/Desktop/development/blog/build/libs/blog-0.0.1-SNAPSHOT.jar/!BOOT-INF/lib/kotlin-reflect-2.3.21.jar!/
[0.541s][info][class,load] kotlin.reflect.jvm.internal.impl.metadata.ProtoBuf$EnumEntry$1 source: jar:nested:/Users/kibong_home/Desktop/development/blog/build/libs/blog-0.0.1-SNAPSHOT.jar/!BOOT-INF/lib/kotlin-reflect-2.3.21.jar!/
[0.541s][info][class,load] kotlin.reflect.jvm.internal.impl.metadata.ProtoBuf$TypeParameterOrBuilder source: jar:nested:/Users/kibong_home/Desktop/development/blog/build/libs/blog-0.0.1-SNAPSHOT.jar/!BOOT-INF/lib/kotlin-reflect-2.3.21.jar!/
[0.541s][info][class,load] kotlin.reflect.jvm.internal.impl.metadata.ProtoBuf$TypeParameter source: jar:nested:/Users/kibong_home/Desktop/development/blog/build/libs/blog-0.0.1-SNAPSHOT.jar/!BOOT-INF/lib/kotlin-reflect-2.3.21.jar!/
[0.541s][info][class,load] kotlin.reflect.jvm.internal.impl.metadata.ProtoBuf$TypeParameter$1 source: jar:nested:/Users/kibong_home/Desktop/development/blog/build/libs/blog-0.0.1-SNAPSHOT.jar/!BOOT-INF/lib/kotlin-reflect-2.3.21.jar!/
[0.541s][info][class,load] kotlin.reflect.jvm.internal.impl.metadata.ProtoBuf$TypeParameter$Variance source: jar:nested:/Users/kibong_home/Desktop/development/blog/build/libs/blog-0.0.1-SNAPSHOT.jar/!BOOT-INF/lib/kotlin-reflect-2.3.21.jar!/
[0.541s][info][class,load] kotlin.reflect.jvm.internal.impl.metadata.ProtoBuf$TypeParameter$Variance$1 source: jar:nested:/Users/kibong_home/Desktop/development/blog/build/libs/blog-0.0.1-SNAPSHOT.jar/!BOOT-INF/lib/kotlin-reflect-2.3.21.jar!/
[0.541s][info][class,load] kotlin.reflect.jvm.internal.impl.serialization.deserialization.ErrorReporter$1 source: jar:nested:/Users/kibong_home/Desktop/development/blog/build/libs/blog-0.0.1-SNAPSHOT.jar/!BOOT-INF/lib/kotlin-reflect-2.3.21.jar!/
[0.542s][info][class,load] kotlin.reflect.jvm.internal.impl.serialization.deserialization.FlexibleTypeDeserializer$ThrowException source: jar:nested:/Users/kibong_home/Desktop/development/blog/build/libs/blog-0.0.1-SNAPSHOT.jar/!BOOT-INF/lib/kotlin-reflect-2.3.21.jar!/
[0.542s][info][class,load] kotlin.reflect.jvm.internal.impl.descriptors.deserialization.ClassDescriptorFactory source: jar:nested:/Users/kibong_home/Desktop/development/blog/build/libs/blog-0.0.1-SNAPSHOT.jar/!BOOT-INF/lib/kotlin-reflect-2.3.21.jar!/
[0.542s][info][class,load] kotlin.reflect.jvm.internal.impl.builtins.functions.BuiltInFictitiousFunctionClassFactory source: jar:nested:/Users/kibong_home/Desktop/development/blog/build/libs/blog-0.0.1-SNAPSHOT.jar/!BOOT-INF/lib/kotlin-reflect-2.3.21.jar!/
[0.542s][info][class,load] kotlin.reflect.jvm.internal.impl.builtins.jvm.JvmBuiltInClassDescriptorFactory source: jar:nested:/Users/kibong_home/Desktop/development/blog/build/libs/blog-0.0.1-SNAPSHOT.jar/!BOOT-INF/lib/kotlin-reflect-2.3.21.jar!/
[0.542s][info][class,load] kotlin.reflect.jvm.internal.impl.builtins.jvm.JvmBuiltInClassDescriptorFactory$Companion source: jar:nested:/Users/kibong_home/Desktop/development/blog/build/libs/blog-0.0.1-SNAPSHOT.jar/!BOOT-INF/lib/kotlin-reflect-2.3.21.jar!/
[0.542s][info][class,load] kotlin.reflect.jvm.internal.impl.builtins.jvm.JvmBuiltInClassDescriptorFactory$$Lambda$1 source: jar:nested:/Users/kibong_home/Desktop/development/blog/build/libs/blog-0.0.1-SNAPSHOT.jar/!BOOT-INF/lib/kotlin-reflect-2.3.21.jar!/
[0.542s][info][class,load] kotlin.reflect.jvm.internal.impl.builtins.jvm.JvmBuiltInClassDescriptorFactory$$Lambda$0 source: jar:nested:/Users/kibong_home/Desktop/development/blog/build/libs/blog-0.0.1-SNAPSHOT.jar/!BOOT-INF/lib/kotlin-reflect-2.3.21.jar!/
[0.542s][info][class,load] kotlin.reflect.jvm.internal.impl.descriptors.impl.ModuleDependencies source: jar:nested:/Users/kibong_home/Desktop/development/blog/build/libs/blog-0.0.1-SNAPSHOT.jar/!BOOT-INF/lib/kotlin-reflect-2.3.21.jar!/
[0.542s][info][class,load] kotlin.reflect.jvm.internal.impl.descriptors.impl.ModuleDependenciesImpl source: jar:nested:/Users/kibong_home/Desktop/development/blog/build/libs/blog-0.0.1-SNAPSHOT.jar/!BOOT-INF/lib/kotlin-reflect-2.3.21.jar!/
[0.542s][info][class,load] kotlin.reflect.jvm.internal.impl.descriptors.impl.CompositePackageFragmentProvider source: jar:nested:/Users/kibong_home/Desktop/development/blog/build/libs/blog-0.0.1-SNAPSHOT.jar/!BOOT-INF/lib/kotlin-reflect-2.3.21.jar!/
[0.542s][info][class,load] kotlin.reflect.jvm.internal.impl.load.kotlin.DeserializationComponentsForJava$Companion$ModuleData source: jar:nested:/Users/kibong_home/Desktop/development/blog/build/libs/blog-0.0.1-SNAPSHOT.jar/!BOOT-INF/lib/kotlin-reflect-2.3.21.jar!/
[0.543s][info][class,load] kotlin.reflect.jvm.internal.impl.descriptors.runtime.components.PackagePartScopeCache source: jar:nested:/Users/kibong_home/Desktop/development/blog/build/libs/blog-0.0.1-SNAPSHOT.jar/!BOOT-INF/lib/kotlin-reflect-2.3.21.jar!/
[0.543s][info][class,load] kotlin.reflect.jvm.internal.impl.descriptors.FindClassInModuleKt source: jar:nested:/Users/kibong_home/Desktop/development/blog/build/libs/blog-0.0.1-SNAPSHOT.jar/!BOOT-INF/lib/kotlin-reflect-2.3.21.jar!/
[0.543s][info][class,load] kotlin.reflect.jvm.internal.impl.resolve.ResolutionAnchorProviderKt source: jar:nested:/Users/kibong_home/Desktop/development/blog/build/libs/blog-0.0.1-SNAPSHOT.jar/!BOOT-INF/lib/kotlin-reflect-2.3.21.jar!/
[0.543s][info][class,load] kotlin.reflect.jvm.internal.impl.descriptors.impl.LazyPackageViewDescriptorImpl source: jar:nested:/Users/kibong_home/Desktop/development/blog/build/libs/blog-0.0.1-SNAPSHOT.jar/!BOOT-INF/lib/kotlin-reflect-2.3.21.jar!/
[0.544s][info][class,load] kotlin.reflect.jvm.internal.impl.descriptors.impl.LazyPackageViewDescriptorImpl$$Lambda$0 source: jar:nested:/Users/kibong_home/Desktop/development/blog/build/libs/blog-0.0.1-SNAPSHOT.jar/!BOOT-INF/lib/kotlin-reflect-2.3.21.jar!/
[0.544s][info][class,load] kotlin.reflect.jvm.internal.impl.descriptors.impl.LazyPackageViewDescriptorImpl$$Lambda$1 source: jar:nested:/Users/kibong_home/Desktop/development/blog/build/libs/blog-0.0.1-SNAPSHOT.jar/!BOOT-INF/lib/kotlin-reflect-2.3.21.jar!/
[0.544s][info][class,load] kotlin.reflect.jvm.internal.impl.resolve.scopes.AbstractScopeAdapter source: jar:nested:/Users/kibong_home/Desktop/development/blog/build/libs/blog-0.0.1-SNAPSHOT.jar/!BOOT-INF/lib/kotlin-reflect-2.3.21.jar!/
[0.544s][info][class,load] kotlin.reflect.jvm.internal.impl.resolve.scopes.LazyScopeAdapter source: jar:nested:/Users/kibong_home/Desktop/development/blog/build/libs/blog-0.0.1-SNAPSHOT.jar/!BOOT-INF/lib/kotlin-reflect-2.3.21.jar!/
[0.544s][info][class,load] kotlin.reflect.jvm.internal.impl.descriptors.impl.LazyPackageViewDescriptorImpl$$Lambda$2 source: jar:nested:/Users/kibong_home/Desktop/development/blog/build/libs/blog-0.0.1-SNAPSHOT.jar/!BOOT-INF/lib/kotlin-reflect-2.3.21.jar!/
[0.544s][info][class,load] kotlin.reflect.jvm.internal.impl.resolve.scopes.LazyScopeAdapter$$Lambda$0 source: jar:nested:/Users/kibong_home/Desktop/development/blog/build/libs/blog-0.0.1-SNAPSHOT.jar/!BOOT-INF/lib/kotlin-reflect-2.3.21.jar!/
[0.544s][info][class,load] kotlin.reflect.jvm.internal.impl.incremental.components.NoLookupLocation source: jar:nested:/Users/kibong_home/Desktop/development/blog/build/libs/blog-0.0.1-SNAPSHOT.jar/!BOOT-INF/lib/kotlin-reflect-2.3.21.jar!/
[0.544s][info][class,load] kotlin.reflect.jvm.internal.impl.descriptors.PackageFragmentProviderKt source: jar:nested:/Users/kibong_home/Desktop/development/blog/build/libs/blog-0.0.1-SNAPSHOT.jar/!BOOT-INF/lib/kotlin-reflect-2.3.21.jar!/
[0.544s][info][class,load] kotlin.reflect.jvm.internal.impl.load.java.JavaClassFinder$$Util source: jar:nested:/Users/kibong_home/Desktop/development/blog/build/libs/blog-0.0.1-SNAPSHOT.jar/!BOOT-INF/lib/kotlin-reflect-2.3.21.jar!/
[0.545s][info][class,load] kotlin.reflect.jvm.internal.impl.load.java.structure.JavaElement source: jar:nested:/Users/kibong_home/Desktop/development/blog/build/libs/blog-0.0.1-SNAPSHOT.jar/!BOOT-INF/lib/kotlin-reflect-2.3.21.jar!/
[0.545s][info][class,load] kotlin.reflect.jvm.internal.impl.load.java.structure.JavaAnnotationOwner source: jar:nested:/Users/kibong_home/Desktop/development/blog/build/libs/blog-0.0.1-SNAPSHOT.jar/!BOOT-INF/lib/kotlin-reflect-2.3.21.jar!/
[0.545s][info][class,load] kotlin.reflect.jvm.internal.impl.load.java.structure.JavaPackage source: jar:nested:/Users/kibong_home/Desktop/development/blog/build/libs/blog-0.0.1-SNAPSHOT.jar/!BOOT-INF/lib/kotlin-reflect-2.3.21.jar!/
[0.545s][info][class,load] kotlin.reflect.jvm.internal.impl.descriptors.runtime.structure.ReflectJavaElement source: jar:nested:/Users/kibong_home/Desktop/development/blog/build/libs/blog-0.0.1-SNAPSHOT.jar/!BOOT-INF/lib/kotlin-reflect-2.3.21.jar!/
[0.545s][info][class,load] kotlin.reflect.jvm.internal.impl.descriptors.runtime.structure.ReflectJavaPackage source: jar:nested:/Users/kibong_home/Desktop/development/blog/build/libs/blog-0.0.1-SNAPSHOT.jar/!BOOT-INF/lib/kotlin-reflect-2.3.21.jar!/
[0.545s][info][class,load] kotlin.reflect.jvm.internal.impl.load.java.lazy.LazyJavaPackageFragmentProvider$$Lambda$0 source: jar:nested:/Users/kibong_home/Desktop/development/blog/build/libs/blog-0.0.1-SNAPSHOT.jar/!BOOT-INF/lib/kotlin-reflect-2.3.21.jar!/
[0.545s][info][class,load] kotlin.reflect.jvm.internal.impl.storage.LockBasedStorageManager$KeyWithComputation source: jar:nested:/Users/kibong_home/Desktop/development/blog/build/libs/blog-0.0.1-SNAPSHOT.jar/!BOOT-INF/lib/kotlin-reflect-2.3.21.jar!/
[0.545s][info][class,load] kotlin.reflect.jvm.internal.impl.load.java.lazy.descriptors.LazyJavaPackageFragment source: jar:nested:/Users/kibong_home/Desktop/development/blog/build/libs/blog-0.0.1-SNAPSHOT.jar/!BOOT-INF/lib/kotlin-reflect-2.3.21.jar!/
[0.545s][info][class,load] kotlin.reflect.jvm.internal.impl.load.java.lazy.ContextKt source: jar:nested:/Users/kibong_home/Desktop/development/blog/build/libs/blog-0.0.1-SNAPSHOT.jar/!BOOT-INF/lib/kotlin-reflect-2.3.21.jar!/
[0.545s][info][class,load] kotlin.reflect.jvm.internal.impl.load.java.lazy.ContextKt$$Lambda$0 source: jar:nested:/Users/kibong_home/Desktop/development/blog/build/libs/blog-0.0.1-SNAPSHOT.jar/!BOOT-INF/lib/kotlin-reflect-2.3.21.jar!/
[0.546s][info][class,load] kotlin.UnsafeLazyImpl source: jar:nested:/Users/kibong_home/Desktop/development/blog/build/libs/blog-0.0.1-SNAPSHOT.jar/!BOOT-INF/lib/kotlin-stdlib-2.3.21.jar!/
[0.546s][info][class,load] kotlin.reflect.jvm.internal.impl.load.java.lazy.descriptors.LazyJavaPackageFragment$$Lambda$0 source: jar:nested:/Users/kibong_home/Desktop/development/blog/build/libs/blog-0.0.1-SNAPSHOT.jar/!BOOT-INF/lib/kotlin-reflect-2.3.21.jar!/
[0.546s][info][class,load] kotlin.reflect.jvm.internal.impl.load.java.lazy.descriptors.JvmPackageScope source: jar:nested:/Users/kibong_home/Desktop/development/blog/build/libs/blog-0.0.1-SNAPSHOT.jar/!BOOT-INF/lib/kotlin-reflect-2.3.21.jar!/
[0.546s][info][class,load] kotlin.reflect.jvm.internal.impl.load.java.lazy.descriptors.LazyJavaScope source: jar:nested:/Users/kibong_home/Desktop/development/blog/build/libs/blog-0.0.1-SNAPSHOT.jar/!BOOT-INF/lib/kotlin-reflect-2.3.21.jar!/
[0.546s][info][class,load] kotlin.reflect.jvm.internal.impl.load.java.lazy.descriptors.LazyJavaStaticScope source: jar:nested:/Users/kibong_home/Desktop/development/blog/build/libs/blog-0.0.1-SNAPSHOT.jar/!BOOT-INF/lib/kotlin-reflect-2.3.21.jar!/
[0.546s][info][class,load] kotlin.reflect.jvm.internal.impl.load.java.lazy.descriptors.LazyJavaPackageScope source: jar:nested:/Users/kibong_home/Desktop/development/blog/build/libs/blog-0.0.1-SNAPSHOT.jar/!BOOT-INF/lib/kotlin-reflect-2.3.21.jar!/
[0.547s][info][class,load] kotlin.reflect.jvm.internal.impl.load.java.lazy.descriptors.LazyJavaScope$$Lambda$0 source: jar:nested:/Users/kibong_home/Desktop/development/blog/build/libs/blog-0.0.1-SNAPSHOT.jar/!BOOT-INF/lib/kotlin-reflect-2.3.21.jar!/
[0.547s][info][class,load] kotlin.reflect.jvm.internal.impl.storage.LockBasedStorageManager$4 source: jar:nested:/Users/kibong_home/Desktop/development/blog/build/libs/blog-0.0.1-SNAPSHOT.jar/!BOOT-INF/lib/kotlin-reflect-2.3.21.jar!/
[0.547s][info][class,load] kotlin.reflect.jvm.internal.impl.load.java.lazy.descriptors.LazyJavaScope$$Lambda$1 source: jar:nested:/Users/kibong_home/Desktop/development/blog/build/libs/blog-0.0.1-SNAPSHOT.jar/!BOOT-INF/lib/kotlin-reflect-2.3.21.jar!/
[0.547s][info][class,load] kotlin.reflect.jvm.internal.impl.load.java.lazy.descriptors.LazyJavaScope$$Lambda$2 source: jar:nested:/Users/kibong_home/Desktop/development/blog/build/libs/blog-0.0.1-SNAPSHOT.jar/!BOOT-INF/lib/kotlin-reflect-2.3.21.jar!/
[0.547s][info][class,load] kotlin.reflect.jvm.internal.impl.load.java.lazy.descriptors.LazyJavaScope$$Lambda$3 source: jar:nested:/Users/kibong_home/Desktop/development/blog/build/libs/blog-0.0.1-SNAPSHOT.jar/!BOOT-INF/lib/kotlin-reflect-2.3.21.jar!/
[0.547s][info][class,load] kotlin.reflect.jvm.internal.impl.load.java.lazy.descriptors.LazyJavaScope$$Lambda$4 source: jar:nested:/Users/kibong_home/Desktop/development/blog/build/libs/blog-0.0.1-SNAPSHOT.jar/!BOOT-INF/lib/kotlin-reflect-2.3.21.jar!/
[0.547s][info][class,load] kotlin.reflect.jvm.internal.impl.load.java.lazy.descriptors.LazyJavaScope$$Lambda$5 source: jar:nested:/Users/kibong_home/Desktop/development/blog/build/libs/blog-0.0.1-SNAPSHOT.jar/!BOOT-INF/lib/kotlin-reflect-2.3.21.jar!/
[0.547s][info][class,load] kotlin.reflect.jvm.internal.impl.load.java.lazy.descriptors.LazyJavaScope$$Lambda$6 source: jar:nested:/Users/kibong_home/Desktop/development/blog/build/libs/blog-0.0.1-SNAPSHOT.jar/!BOOT-INF/lib/kotlin-reflect-2.3.21.jar!/
[0.547s][info][class,load] kotlin.reflect.jvm.internal.impl.load.java.lazy.descriptors.LazyJavaScope$$Lambda$7 source: jar:nested:/Users/kibong_home/Desktop/development/blog/build/libs/blog-0.0.1-SNAPSHOT.jar/!BOOT-INF/lib/kotlin-reflect-2.3.21.jar!/
[0.547s][info][class,load] kotlin.reflect.jvm.internal.impl.load.java.lazy.descriptors.LazyJavaScope$$Lambda$8 source: jar:nested:/Users/kibong_home/Desktop/development/blog/build/libs/blog-0.0.1-SNAPSHOT.jar/!BOOT-INF/lib/kotlin-reflect-2.3.21.jar!/
[0.547s][info][class,load] kotlin.reflect.jvm.internal.impl.load.java.lazy.descriptors.LazyJavaPackageScope$$Lambda$0 source: jar:nested:/Users/kibong_home/Desktop/development/blog/build/libs/blog-0.0.1-SNAPSHOT.jar/!BOOT-INF/lib/kotlin-reflect-2.3.21.jar!/
[0.547s][info][class,load] kotlin.reflect.jvm.internal.impl.load.java.lazy.descriptors.LazyJavaPackageScope$$Lambda$1 source: jar:nested:/Users/kibong_home/Desktop/development/blog/build/libs/blog-0.0.1-SNAPSHOT.jar/!BOOT-INF/lib/kotlin-reflect-2.3.21.jar!/
[0.547s][info][class,load] kotlin.reflect.jvm.internal.impl.load.java.lazy.descriptors.JvmPackageScope$$Lambda$0 source: jar:nested:/Users/kibong_home/Desktop/development/blog/build/libs/blog-0.0.1-SNAPSHOT.jar/!BOOT-INF/lib/kotlin-reflect-2.3.21.jar!/
[0.547s][info][class,load] kotlin.reflect.jvm.internal.impl.load.java.lazy.descriptors.LazyJavaPackageFragment$$Lambda$1 source: jar:nested:/Users/kibong_home/Desktop/development/blog/build/libs/blog-0.0.1-SNAPSHOT.jar/!BOOT-INF/lib/kotlin-reflect-2.3.21.jar!/
[0.547s][info][class,load] kotlin.reflect.jvm.internal.impl.load.java.lazy.LazyJavaAnnotationsKt source: jar:nested:/Users/kibong_home/Desktop/development/blog/build/libs/blog-0.0.1-SNAPSHOT.jar/!BOOT-INF/lib/kotlin-reflect-2.3.21.jar!/
[0.547s][info][class,load] kotlin.reflect.jvm.internal.impl.load.java.lazy.LazyJavaAnnotations source: jar:nested:/Users/kibong_home/Desktop/development/blog/build/libs/blog-0.0.1-SNAPSHOT.jar/!BOOT-INF/lib/kotlin-reflect-2.3.21.jar!/
[0.547s][info][class,load] kotlin.reflect.jvm.internal.impl.load.java.lazy.LazyJavaAnnotations$$Lambda$0 source: jar:nested:/Users/kibong_home/Desktop/development/blog/build/libs/blog-0.0.1-SNAPSHOT.jar/!BOOT-INF/lib/kotlin-reflect-2.3.21.jar!/
[0.547s][info][class,load] kotlin.reflect.jvm.internal.impl.load.java.lazy.descriptors.LazyJavaPackageFragment$$Lambda$2 source: jar:nested:/Users/kibong_home/Desktop/development/blog/build/libs/blog-0.0.1-SNAPSHOT.jar/!BOOT-INF/lib/kotlin-reflect-2.3.21.jar!/
[0.547s][info][class,load] kotlin.reflect.jvm.internal.impl.descriptors.impl.SubpackagesScope source: jar:nested:/Users/kibong_home/Desktop/development/blog/build/libs/blog-0.0.1-SNAPSHOT.jar/!BOOT-INF/lib/kotlin-reflect-2.3.21.jar!/
[0.547s][info][class,load] kotlin.reflect.jvm.internal.impl.resolve.scopes.ChainedMemberScope source: jar:nested:/Users/kibong_home/Desktop/development/blog/build/libs/blog-0.0.1-SNAPSHOT.jar/!BOOT-INF/lib/kotlin-reflect-2.3.21.jar!/
[0.547s][info][class,load] kotlin.reflect.jvm.internal.impl.resolve.scopes.ChainedMemberScope$Companion source: jar:nested:/Users/kibong_home/Desktop/development/blog/build/libs/blog-0.0.1-SNAPSHOT.jar/!BOOT-INF/lib/kotlin-reflect-2.3.21.jar!/
[0.548s][info][class,load] kotlin.reflect.jvm.internal.impl.utils.SmartList source: jar:nested:/Users/kibong_home/Desktop/development/blog/build/libs/blog-0.0.1-SNAPSHOT.jar/!BOOT-INF/lib/kotlin-reflect-2.3.21.jar!/
[0.548s][info][class,load] kotlin.reflect.jvm.internal.impl.incremental.UtilsKt source: jar:nested:/Users/kibong_home/Desktop/development/blog/build/libs/blog-0.0.1-SNAPSHOT.jar/!BOOT-INF/lib/kotlin-reflect-2.3.21.jar!/
[0.548s][info][class,load] kotlin.reflect.jvm.internal.impl.load.java.lazy.descriptors.LazyJavaPackageScope$FindClassRequest source: jar:nested:/Users/kibong_home/Desktop/development/blog/build/libs/blog-0.0.1-SNAPSHOT.jar/!BOOT-INF/lib/kotlin-reflect-2.3.21.jar!/
[0.548s][info][class,load] kotlin.reflect.jvm.internal.impl.descriptors.runtime.components.ReflectKotlinClassFinderKt source: jar:nested:/Users/kibong_home/Desktop/development/blog/build/libs/blog-0.0.1-SNAPSHOT.jar/!BOOT-INF/lib/kotlin-reflect-2.3.21.jar!/
[0.548s][info][class,load] kotlin.reflect.jvm.internal.impl.descriptors.runtime.components.ReflectJavaClassFinderKt source: jar:nested:/Users/kibong_home/Desktop/development/blog/build/libs/blog-0.0.1-SNAPSHOT.jar/!BOOT-INF/lib/kotlin-reflect-2.3.21.jar!/
[0.548s][info][class,load] kotlin.reflect.jvm.internal.impl.load.kotlin.KotlinJvmBinaryClass source: jar:nested:/Users/kibong_home/Desktop/development/blog/build/libs/blog-0.0.1-SNAPSHOT.jar/!BOOT-INF/lib/kotlin-reflect-2.3.21.jar!/
[0.548s][info][class,load] kotlin.reflect.jvm.internal.impl.descriptors.runtime.components.ReflectKotlinClass source: jar:nested:/Users/kibong_home/Desktop/development/blog/build/libs/blog-0.0.1-SNAPSHOT.jar/!BOOT-INF/lib/kotlin-reflect-2.3.21.jar!/
[0.548s][info][class,load] kotlin.reflect.jvm.internal.impl.descriptors.runtime.components.ReflectKotlinClass$Factory source: jar:nested:/Users/kibong_home/Desktop/development/blog/build/libs/blog-0.0.1-SNAPSHOT.jar/!BOOT-INF/lib/kotlin-reflect-2.3.21.jar!/
[0.548s][info][class,load] kotlin.reflect.jvm.internal.impl.load.kotlin.KotlinJvmBinaryClass$AnnotationVisitor source: jar:nested:/Users/kibong_home/Desktop/development/blog/build/libs/blog-0.0.1-SNAPSHOT.jar/!BOOT-INF/lib/kotlin-reflect-2.3.21.jar!/
[0.548s][info][class,load] kotlin.reflect.jvm.internal.impl.load.kotlin.header.ReadKotlinClassHeaderAnnotationVisitor source: jar:nested:/Users/kibong_home/Desktop/development/blog/build/libs/blog-0.0.1-SNAPSHOT.jar/!BOOT-INF/lib/kotlin-reflect-2.3.21.jar!/
[0.548s][info][class,load] kotlin.reflect.jvm.internal.impl.load.kotlin.KotlinJvmBinaryClass$AnnotationArgumentVisitor source: jar:nested:/Users/kibong_home/Desktop/development/blog/build/libs/blog-0.0.1-SNAPSHOT.jar/!BOOT-INF/lib/kotlin-reflect-2.3.21.jar!/
[0.548s][info][class,load] java.security.AccessControlException source: jrt:/java.base
[0.548s][info][class,load] kotlin.reflect.jvm.internal.impl.descriptors.runtime.components.ReflectClassStructure source: jar:nested:/Users/kibong_home/Desktop/development/blog/build/libs/blog-0.0.1-SNAPSHOT.jar/!BOOT-INF/lib/kotlin-reflect-2.3.21.jar!/
[0.549s][info][class,load] kotlin.reflect.jvm.internal.impl.descriptors.runtime.components.ReflectAnnotationSource source: jar:nested:/Users/kibong_home/Desktop/development/blog/build/libs/blog-0.0.1-SNAPSHOT.jar/!BOOT-INF/lib/kotlin-reflect-2.3.21.jar!/
[0.549s][info][class,load] kotlin.reflect.jvm.internal.impl.load.kotlin.header.ReadKotlinClassHeaderAnnotationVisitor$KotlinMetadataArgumentVisitor source: jar:nested:/Users/kibong_home/Desktop/development/blog/build/libs/blog-0.0.1-SNAPSHOT.jar/!BOOT-INF/lib/kotlin-reflect-2.3.21.jar!/
[0.549s][info][class,load] kotlin.reflect.jvm.internal.impl.load.kotlin.KotlinJvmBinaryClass$AnnotationArrayArgumentVisitor source: jar:nested:/Users/kibong_home/Desktop/development/blog/build/libs/blog-0.0.1-SNAPSHOT.jar/!BOOT-INF/lib/kotlin-reflect-2.3.21.jar!/
[0.549s][info][class,load] kotlin.reflect.jvm.internal.impl.descriptors.runtime.components.ReflectKotlinClassKt source: jar:nested:/Users/kibong_home/Desktop/development/blog/build/libs/blog-0.0.1-SNAPSHOT.jar/!BOOT-INF/lib/kotlin-reflect-2.3.21.jar!/
[0.549s][info][class,load] java.lang.invoke.LambdaForm$MH/0x00000f00012b0000 source: __JVM_LookupDefineClass__
[0.549s][info][class,load] kotlin.reflect.jvm.internal.impl.load.kotlin.header.ReadKotlinClassHeaderAnnotationVisitor$CollectStringArrayAnnotationVisitor source: jar:nested:/Users/kibong_home/Desktop/development/blog/build/libs/blog-0.0.1-SNAPSHOT.jar/!BOOT-INF/lib/kotlin-reflect-2.3.21.jar!/
[0.549s][info][class,load] kotlin.reflect.jvm.internal.impl.load.kotlin.header.ReadKotlinClassHeaderAnnotationVisitor$KotlinMetadataArgumentVisitor$1 source: jar:nested:/Users/kibong_home/Desktop/development/blog/build/libs/blog-0.0.1-SNAPSHOT.jar/!BOOT-INF/lib/kotlin-reflect-2.3.21.jar!/
[0.549s][info][class,load] kotlin.reflect.jvm.internal.impl.load.kotlin.header.ReadKotlinClassHeaderAnnotationVisitor$KotlinMetadataArgumentVisitor$2 source: jar:nested:/Users/kibong_home/Desktop/development/blog/build/libs/blog-0.0.1-SNAPSHOT.jar/!BOOT-INF/lib/kotlin-reflect-2.3.21.jar!/
[0.550s][info][class,load] kotlin.reflect.jvm.internal.impl.load.kotlin.header.KotlinClassHeader source: jar:nested:/Users/kibong_home/Desktop/development/blog/build/libs/blog-0.0.1-SNAPSHOT.jar/!BOOT-INF/lib/kotlin-reflect-2.3.21.jar!/
[0.550s][info][class,load] kotlin.reflect.jvm.internal.impl.load.kotlin.KotlinClassFinder$Result source: jar:nested:/Users/kibong_home/Desktop/development/blog/build/libs/blog-0.0.1-SNAPSHOT.jar/!BOOT-INF/lib/kotlin-reflect-2.3.21.jar!/
[0.550s][info][class,load] kotlin.reflect.jvm.internal.impl.load.kotlin.KotlinClassFinder$Result$KotlinClass source: jar:nested:/Users/kibong_home/Desktop/development/blog/build/libs/blog-0.0.1-SNAPSHOT.jar/!BOOT-INF/lib/kotlin-reflect-2.3.21.jar!/
[0.550s][info][class,load] kotlin.reflect.jvm.internal.impl.metadata.jvm.deserialization.BitEncoding source: jar:nested:/Users/kibong_home/Desktop/development/blog/build/libs/blog-0.0.1-SNAPSHOT.jar/!BOOT-INF/lib/kotlin-reflect-2.3.21.jar!/
[0.550s][info][class,load] kotlin.reflect.jvm.internal.impl.metadata.jvm.deserialization.UtfEncodingKt source: jar:nested:/Users/kibong_home/Desktop/development/blog/build/libs/blog-0.0.1-SNAPSHOT.jar/!BOOT-INF/lib/kotlin-reflect-2.3.21.jar!/
[0.550s][info][class,load] kotlin.reflect.jvm.internal.impl.metadata.deserialization.NameResolver source: jar:nested:/Users/kibong_home/Desktop/development/blog/build/libs/blog-0.0.1-SNAPSHOT.jar/!BOOT-INF/lib/kotlin-reflect-2.3.21.jar!/
[0.550s][info][class,load] kotlin.reflect.jvm.internal.impl.metadata.jvm.deserialization.JvmNameResolverBase source: jar:nested:/Users/kibong_home/Desktop/development/blog/build/libs/blog-0.0.1-SNAPSHOT.jar/!BOOT-INF/lib/kotlin-reflect-2.3.21.jar!/
[0.550s][info][class,load] kotlin.reflect.jvm.internal.impl.metadata.jvm.deserialization.JvmNameResolver source: jar:nested:/Users/kibong_home/Desktop/development/blog/build/libs/blog-0.0.1-SNAPSHOT.jar/!BOOT-INF/lib/kotlin-reflect-2.3.21.jar!/
[0.550s][info][class,load] kotlin.reflect.jvm.internal.impl.metadata.jvm.deserialization.JvmNameResolverBase$Companion source: jar:nested:/Users/kibong_home/Desktop/development/blog/build/libs/blog-0.0.1-SNAPSHOT.jar/!BOOT-INF/lib/kotlin-reflect-2.3.21.jar!/
[0.550s][info][class,load] kotlin.collections.IndexingIterable source: jar:nested:/Users/kibong_home/Desktop/development/blog/build/libs/blog-0.0.1-SNAPSHOT.jar/!BOOT-INF/lib/kotlin-stdlib-2.3.21.jar!/
[0.550s][info][class,load] kotlin.collections.CollectionsKt___CollectionsKt$$Lambda/0x00000f00012af9b8 source: kotlin.collections.CollectionsKt___CollectionsKt
[0.551s][info][class,load] kotlin.collections.IndexingIterator source: jar:nested:/Users/kibong_home/Desktop/development/blog/build/libs/blog-0.0.1-SNAPSHOT.jar/!BOOT-INF/lib/kotlin-stdlib-2.3.21.jar!/
[0.551s][info][class,load] kotlin.collections.IndexedValue source: jar:nested:/Users/kibong_home/Desktop/development/blog/build/libs/blog-0.0.1-SNAPSHOT.jar/!BOOT-INF/lib/kotlin-stdlib-2.3.21.jar!/
[0.551s][info][class,load] kotlin.reflect.jvm.internal.impl.metadata.jvm.JvmProtoBuf$StringTableTypesOrBuilder source: jar:nested:/Users/kibong_home/Desktop/development/blog/build/libs/blog-0.0.1-SNAPSHOT.jar/!BOOT-INF/lib/kotlin-reflect-2.3.21.jar!/
[0.551s][info][class,load] kotlin.reflect.jvm.internal.impl.metadata.jvm.JvmProtoBuf$StringTableTypes source: jar:nested:/Users/kibong_home/Desktop/development/blog/build/libs/blog-0.0.1-SNAPSHOT.jar/!BOOT-INF/lib/kotlin-reflect-2.3.21.jar!/
[0.551s][info][class,load] kotlin.reflect.jvm.internal.impl.metadata.jvm.JvmProtoBuf$StringTableTypes$1 source: jar:nested:/Users/kibong_home/Desktop/development/blog/build/libs/blog-0.0.1-SNAPSHOT.jar/!BOOT-INF/lib/kotlin-reflect-2.3.21.jar!/
[0.551s][info][class,load] kotlin.reflect.jvm.internal.impl.protobuf.CodedInputStream source: jar:nested:/Users/kibong_home/Desktop/development/blog/build/libs/blog-0.0.1-SNAPSHOT.jar/!BOOT-INF/lib/kotlin-reflect-2.3.21.jar!/
[0.551s][info][class,load] kotlin.reflect.jvm.internal.impl.protobuf.BoundedByteString source: jar:nested:/Users/kibong_home/Desktop/development/blog/build/libs/blog-0.0.1-SNAPSHOT.jar/!BOOT-INF/lib/kotlin-reflect-2.3.21.jar!/
[0.551s][info][class,load] kotlin.reflect.jvm.internal.impl.protobuf.CodedOutputStream source: jar:nested:/Users/kibong_home/Desktop/development/blog/build/libs/blog-0.0.1-SNAPSHOT.jar/!BOOT-INF/lib/kotlin-reflect-2.3.21.jar!/
[0.552s][info][class,load] kotlin.reflect.jvm.internal.impl.protobuf.CodedOutputStream$OutOfSpaceException source: jar:nested:/Users/kibong_home/Desktop/development/blog/build/libs/blog-0.0.1-SNAPSHOT.jar/!BOOT-INF/lib/kotlin-reflect-2.3.21.jar!/
[0.552s][info][class,load] kotlin.reflect.jvm.internal.impl.protobuf.WireFormat source: jar:nested:/Users/kibong_home/Desktop/development/blog/build/libs/blog-0.0.1-SNAPSHOT.jar/!BOOT-INF/lib/kotlin-reflect-2.3.21.jar!/
[0.552s][info][class,load] kotlin.reflect.jvm.internal.impl.metadata.jvm.JvmProtoBuf$StringTableTypes$RecordOrBuilder source: jar:nested:/Users/kibong_home/Desktop/development/blog/build/libs/blog-0.0.1-SNAPSHOT.jar/!BOOT-INF/lib/kotlin-reflect-2.3.21.jar!/
[0.552s][info][class,load] kotlin.reflect.jvm.internal.impl.metadata.jvm.JvmProtoBuf$StringTableTypes$Record source: jar:nested:/Users/kibong_home/Desktop/development/blog/build/libs/blog-0.0.1-SNAPSHOT.jar/!BOOT-INF/lib/kotlin-reflect-2.3.21.jar!/
[0.552s][info][class,load] kotlin.reflect.jvm.internal.impl.metadata.jvm.JvmProtoBuf$StringTableTypes$Record$1 source: jar:nested:/Users/kibong_home/Desktop/development/blog/build/libs/blog-0.0.1-SNAPSHOT.jar/!BOOT-INF/lib/kotlin-reflect-2.3.21.jar!/
[0.552s][info][class,load] kotlin.reflect.jvm.internal.impl.metadata.jvm.JvmProtoBuf$StringTableTypes$Record$Operation source: jar:nested:/Users/kibong_home/Desktop/development/blog/build/libs/blog-0.0.1-SNAPSHOT.jar/!BOOT-INF/lib/kotlin-reflect-2.3.21.jar!/
[0.552s][info][class,load] kotlin.reflect.jvm.internal.impl.metadata.jvm.JvmProtoBuf$StringTableTypes$Record$Operation$1 source: jar:nested:/Users/kibong_home/Desktop/development/blog/build/libs/blog-0.0.1-SNAPSHOT.jar/!BOOT-INF/lib/kotlin-reflect-2.3.21.jar!/
[0.552s][info][class,load] kotlin.reflect.jvm.internal.impl.metadata.jvm.deserialization.JvmNameResolverKt source: jar:nested:/Users/kibong_home/Desktop/development/blog/build/libs/blog-0.0.1-SNAPSHOT.jar/!BOOT-INF/lib/kotlin-reflect-2.3.21.jar!/
[0.552s][info][class,load] kotlin.reflect.jvm.internal.impl.protobuf.GeneratedMessageLite$1 source: jar:nested:/Users/kibong_home/Desktop/development/blog/build/libs/blog-0.0.1-SNAPSHOT.jar/!BOOT-INF/lib/kotlin-reflect-2.3.21.jar!/
[0.552s][info][class,load] kotlin.reflect.jvm.internal.impl.protobuf.AbstractMessageLite$Builder source: jar:nested:/Users/kibong_home/Desktop/development/blog/build/libs/blog-0.0.1-SNAPSHOT.jar/!BOOT-INF/lib/kotlin-reflect-2.3.21.jar!/
[0.552s][info][class,load] kotlin.reflect.jvm.internal.impl.protobuf.GeneratedMessageLite$Builder source: jar:nested:/Users/kibong_home/Desktop/development/blog/build/libs/blog-0.0.1-SNAPSHOT.jar/!BOOT-INF/lib/kotlin-reflect-2.3.21.jar!/
[0.552s][info][class,load] kotlin.reflect.jvm.internal.impl.metadata.jvm.JvmProtoBuf$JvmMethodSignature$Builder source: jar:nested:/Users/kibong_home/Desktop/development/blog/build/libs/blog-0.0.1-SNAPSHOT.jar/!BOOT-INF/lib/kotlin-reflect-2.3.21.jar!/
[0.552s][info][class,load] kotlin.reflect.jvm.internal.impl.protobuf.UninitializedMessageException source: jar:nested:/Users/kibong_home/Desktop/development/blog/build/libs/blog-0.0.1-SNAPSHOT.jar/!BOOT-INF/lib/kotlin-reflect-2.3.21.jar!/
[0.553s][info][class,load] kotlin.reflect.jvm.internal.impl.protobuf.RopeByteString source: jar:nested:/Users/kibong_home/Desktop/development/blog/build/libs/blog-0.0.1-SNAPSHOT.jar/!BOOT-INF/lib/kotlin-reflect-2.3.21.jar!/
[0.553s][info][class,load] kotlin.reflect.jvm.internal.impl.protobuf.RopeByteString$RopeInputStream source: jar:nested:/Users/kibong_home/Desktop/development/blog/build/libs/blog-0.0.1-SNAPSHOT.jar/!BOOT-INF/lib/kotlin-reflect-2.3.21.jar!/
[0.553s][info][class,load] kotlin.reflect.jvm.internal.impl.protobuf.FieldSet$1 source: jar:nested:/Users/kibong_home/Desktop/development/blog/build/libs/blog-0.0.1-SNAPSHOT.jar/!BOOT-INF/lib/kotlin-reflect-2.3.21.jar!/
[0.553s][info][class,load] kotlin.reflect.jvm.internal.impl.protobuf.SmallSortedMap$Entry source: jar:nested:/Users/kibong_home/Desktop/development/blog/build/libs/blog-0.0.1-SNAPSHOT.jar/!BOOT-INF/lib/kotlin-reflect-2.3.21.jar!/
[0.553s][info][class,load] kotlin.reflect.jvm.internal.impl.serialization.deserialization.descriptors.DeserializedContainerSource source: jar:nested:/Users/kibong_home/Desktop/development/blog/build/libs/blog-0.0.1-SNAPSHOT.jar/!BOOT-INF/lib/kotlin-reflect-2.3.21.jar!/
[0.553s][info][class,load] kotlin.reflect.jvm.internal.impl.load.kotlin.KotlinJvmBinarySourceElement source: jar:nested:/Users/kibong_home/Desktop/development/blog/build/libs/blog-0.0.1-SNAPSHOT.jar/!BOOT-INF/lib/kotlin-reflect-2.3.21.jar!/
[0.553s][info][class,load] kotlin.reflect.jvm.internal.impl.serialization.deserialization.descriptors.PreReleaseInfo source: jar:nested:/Users/kibong_home/Desktop/development/blog/build/libs/blog-0.0.1-SNAPSHOT.jar/!BOOT-INF/lib/kotlin-reflect-2.3.21.jar!/
[0.553s][info][class,load] kotlin.reflect.jvm.internal.impl.serialization.deserialization.descriptors.PreReleaseInfo$Companion source: jar:nested:/Users/kibong_home/Desktop/development/blog/build/libs/blog-0.0.1-SNAPSHOT.jar/!BOOT-INF/lib/kotlin-reflect-2.3.21.jar!/
[0.554s][info][class,load] kotlin.reflect.jvm.internal.impl.serialization.deserialization.descriptors.DeserializedContainerAbiStability source: jar:nested:/Users/kibong_home/Desktop/development/blog/build/libs/blog-0.0.1-SNAPSHOT.jar/!BOOT-INF/lib/kotlin-reflect-2.3.21.jar!/
[0.554s][info][class,load] kotlin.reflect.jvm.internal.impl.serialization.deserialization.ClassData source: jar:nested:/Users/kibong_home/Desktop/development/blog/build/libs/blog-0.0.1-SNAPSHOT.jar/!BOOT-INF/lib/kotlin-reflect-2.3.21.jar!/
[0.554s][info][class,load] kotlin.reflect.jvm.internal.impl.serialization.deserialization.ClassDeserializer$ClassKey source: jar:nested:/Users/kibong_home/Desktop/development/blog/build/libs/blog-0.0.1-SNAPSHOT.jar/!BOOT-INF/lib/kotlin-reflect-2.3.21.jar!/
[0.554s][info][class,load] kotlin.reflect.jvm.internal.impl.serialization.deserialization.DeserializedPackageFragment source: jar:nested:/Users/kibong_home/Desktop/development/blog/build/libs/blog-0.0.1-SNAPSHOT.jar/!BOOT-INF/lib/kotlin-reflect-2.3.21.jar!/
[0.554s][info][class,load] kotlin.reflect.jvm.internal.impl.metadata.deserialization.TypeTable source: jar:nested:/Users/kibong_home/Desktop/development/blog/build/libs/blog-0.0.1-SNAPSHOT.jar/!BOOT-INF/lib/kotlin-reflect-2.3.21.jar!/
[0.554s][info][class,load] kotlin.reflect.jvm.internal.impl.metadata.deserialization.VersionRequirementTable source: jar:nested:/Users/kibong_home/Desktop/development/blog/build/libs/blog-0.0.1-SNAPSHOT.jar/!BOOT-INF/lib/kotlin-reflect-2.3.21.jar!/
[0.554s][info][class,load] kotlin.reflect.jvm.internal.impl.metadata.deserialization.VersionRequirementTable$Companion source: jar:nested:/Users/kibong_home/Desktop/development/blog/build/libs/blog-0.0.1-SNAPSHOT.jar/!BOOT-INF/lib/kotlin-reflect-2.3.21.jar!/
[0.554s][info][class,load] kotlin.reflect.jvm.internal.impl.serialization.deserialization.DeserializationContext source: jar:nested:/Users/kibong_home/Desktop/development/blog/build/libs/blog-0.0.1-SNAPSHOT.jar/!BOOT-INF/lib/kotlin-reflect-2.3.21.jar!/
[0.554s][info][class,load] kotlin.reflect.jvm.internal.impl.serialization.deserialization.TypeDeserializer source: jar:nested:/Users/kibong_home/Desktop/development/blog/build/libs/blog-0.0.1-SNAPSHOT.jar/!BOOT-INF/lib/kotlin-reflect-2.3.21.jar!/
[0.554s][info][class,load] kotlin.reflect.jvm.internal.impl.serialization.deserialization.TypeDeserializer$$Lambda$0 source: jar:nested:/Users/kibong_home/Desktop/development/blog/build/libs/blog-0.0.1-SNAPSHOT.jar/!BOOT-INF/lib/kotlin-reflect-2.3.21.jar!/
[0.554s][info][class,load] kotlin.reflect.jvm.internal.impl.serialization.deserialization.TypeDeserializer$$Lambda$1 source: jar:nested:/Users/kibong_home/Desktop/development/blog/build/libs/blog-0.0.1-SNAPSHOT.jar/!BOOT-INF/lib/kotlin-reflect-2.3.21.jar!/
[0.555s][info][class,load] kotlin.reflect.jvm.internal.impl.serialization.deserialization.MemberDeserializer source: jar:nested:/Users/kibong_home/Desktop/development/blog/build/libs/blog-0.0.1-SNAPSHOT.jar/!BOOT-INF/lib/kotlin-reflect-2.3.21.jar!/
[0.555s][info][class,load] kotlin.reflect.jvm.internal.impl.descriptors.DeserializedDescriptor source: jar:nested:/Users/kibong_home/Desktop/development/blog/build/libs/blog-0.0.1-SNAPSHOT.jar/!BOOT-INF/lib/kotlin-reflect-2.3.21.jar!/
[0.555s][info][class,load] kotlin.reflect.jvm.internal.impl.serialization.deserialization.descriptors.DeserializedClassDescriptor source: jar:nested:/Users/kibong_home/Desktop/development/blog/build/libs/blog-0.0.1-SNAPSHOT.jar/!BOOT-INF/lib/kotlin-reflect-2.3.21.jar!/
[0.555s][info][class,load] kotlin.reflect.jvm.internal.impl.serialization.deserialization.NameResolverUtilKt source: jar:nested:/Users/kibong_home/Desktop/development/blog/build/libs/blog-0.0.1-SNAPSHOT.jar/!BOOT-INF/lib/kotlin-reflect-2.3.21.jar!/
[0.555s][info][class,load] kotlin.reflect.jvm.internal.impl.metadata.jvm.deserialization.JvmNameResolverBase$WhenMappings source: jar:nested:/Users/kibong_home/Desktop/development/blog/build/libs/blog-0.0.1-SNAPSHOT.jar/!BOOT-INF/lib/kotlin-reflect-2.3.21.jar!/
[0.555s][info][class,load] kotlin.reflect.jvm.internal.impl.serialization.deserialization.ProtoEnumFlags source: jar:nested:/Users/kibong_home/Desktop/development/blog/build/libs/blog-0.0.1-SNAPSHOT.jar/!BOOT-INF/lib/kotlin-reflect-2.3.21.jar!/
[0.556s][info][class,load] kotlin.reflect.jvm.internal.impl.metadata.deserialization.Flags source: jar:nested:/Users/kibong_home/Desktop/development/blog/build/libs/blog-0.0.1-SNAPSHOT.jar/!BOOT-INF/lib/kotlin-reflect-2.3.21.jar!/
[0.556s][info][class,load] kotlin.reflect.jvm.internal.impl.metadata.deserialization.Flags$FlagField source: jar:nested:/Users/kibong_home/Desktop/development/blog/build/libs/blog-0.0.1-SNAPSHOT.jar/!BOOT-INF/lib/kotlin-reflect-2.3.21.jar!/
[0.556s][info][class,load] kotlin.reflect.jvm.internal.impl.metadata.deserialization.Flags$BooleanFlagField source: jar:nested:/Users/kibong_home/Desktop/development/blog/build/libs/blog-0.0.1-SNAPSHOT.jar/!BOOT-INF/lib/kotlin-reflect-2.3.21.jar!/
[0.556s][info][class,load] kotlin.reflect.jvm.internal.impl.metadata.deserialization.Flags$EnumLiteFlagField source: jar:nested:/Users/kibong_home/Desktop/development/blog/build/libs/blog-0.0.1-SNAPSHOT.jar/!BOOT-INF/lib/kotlin-reflect-2.3.21.jar!/
[0.556s][info][class,load] kotlin.reflect.jvm.internal.impl.metadata.ProtoBuf$Visibility source: jar:nested:/Users/kibong_home/Desktop/development/blog/build/libs/blog-0.0.1-SNAPSHOT.jar/!BOOT-INF/lib/kotlin-reflect-2.3.21.jar!/
[0.556s][info][class,load] kotlin.reflect.jvm.internal.impl.metadata.ProtoBuf$Visibility$1 source: jar:nested:/Users/kibong_home/Desktop/development/blog/build/libs/blog-0.0.1-SNAPSHOT.jar/!BOOT-INF/lib/kotlin-reflect-2.3.21.jar!/
[0.556s][info][class,load] kotlin.reflect.jvm.internal.impl.metadata.ProtoBuf$Modality source: jar:nested:/Users/kibong_home/Desktop/development/blog/build/libs/blog-0.0.1-SNAPSHOT.jar/!BOOT-INF/lib/kotlin-reflect-2.3.21.jar!/
[0.556s][info][class,load] kotlin.reflect.jvm.internal.impl.metadata.ProtoBuf$Modality$1 source: jar:nested:/Users/kibong_home/Desktop/development/blog/build/libs/blog-0.0.1-SNAPSHOT.jar/!BOOT-INF/lib/kotlin-reflect-2.3.21.jar!/
[0.556s][info][class,load] kotlin.reflect.jvm.internal.impl.metadata.ProtoBuf$Class$Kind source: jar:nested:/Users/kibong_home/Desktop/development/blog/build/libs/blog-0.0.1-SNAPSHOT.jar/!BOOT-INF/lib/kotlin-reflect-2.3.21.jar!/
[0.556s][info][class,load] kotlin.reflect.jvm.internal.impl.metadata.ProtoBuf$Class$Kind$1 source: jar:nested:/Users/kibong_home/Desktop/development/blog/build/libs/blog-0.0.1-SNAPSHOT.jar/!BOOT-INF/lib/kotlin-reflect-2.3.21.jar!/
[0.556s][info][class,load] kotlin.reflect.jvm.internal.impl.metadata.ProtoBuf$ReturnValueStatus source: jar:nested:/Users/kibong_home/Desktop/development/blog/build/libs/blog-0.0.1-SNAPSHOT.jar/!BOOT-INF/lib/kotlin-reflect-2.3.21.jar!/
[0.556s][info][class,load] kotlin.reflect.jvm.internal.impl.metadata.ProtoBuf$ReturnValueStatus$1 source: jar:nested:/Users/kibong_home/Desktop/development/blog/build/libs/blog-0.0.1-SNAPSHOT.jar/!BOOT-INF/lib/kotlin-reflect-2.3.21.jar!/
[0.556s][info][class,load] kotlin.reflect.jvm.internal.impl.metadata.ProtoBuf$MemberKind source: jar:nested:/Users/kibong_home/Desktop/development/blog/build/libs/blog-0.0.1-SNAPSHOT.jar/!BOOT-INF/lib/kotlin-reflect-2.3.21.jar!/
[0.556s][info][class,load] kotlin.reflect.jvm.internal.impl.metadata.ProtoBuf$MemberKind$1 source: jar:nested:/Users/kibong_home/Desktop/development/blog/build/libs/blog-0.0.1-SNAPSHOT.jar/!BOOT-INF/lib/kotlin-reflect-2.3.21.jar!/
[0.556s][info][class,load] kotlin.reflect.jvm.internal.impl.serialization.deserialization.ProtoEnumFlags$WhenMappings source: jar:nested:/Users/kibong_home/Desktop/development/blog/build/libs/blog-0.0.1-SNAPSHOT.jar/!BOOT-INF/lib/kotlin-reflect-2.3.21.jar!/
[0.556s][info][class,load] kotlin.reflect.jvm.internal.impl.resolve.ReturnValueStatus source: jar:nested:/Users/kibong_home/Desktop/development/blog/build/libs/blog-0.0.1-SNAPSHOT.jar/!BOOT-INF/lib/kotlin-reflect-2.3.21.jar!/
[0.556s][info][class,load] kotlin.reflect.jvm.internal.impl.resolve.ReturnValueStatus$Companion source: jar:nested:/Users/kibong_home/Desktop/development/blog/build/libs/blog-0.0.1-SNAPSHOT.jar/!BOOT-INF/lib/kotlin-reflect-2.3.21.jar!/
[0.556s][info][class,load] kotlin.reflect.jvm.internal.impl.metadata.ProtoBuf$Type$Argument$Projection source: jar:nested:/Users/kibong_home/Desktop/development/blog/build/libs/blog-0.0.1-SNAPSHOT.jar/!BOOT-INF/lib/kotlin-reflect-2.3.21.jar!/
[0.557s][info][class,load] kotlin.reflect.jvm.internal.impl.metadata.ProtoBuf$Type$Argument$Projection$1 source: jar:nested:/Users/kibong_home/Desktop/development/blog/build/libs/blog-0.0.1-SNAPSHOT.jar/!BOOT-INF/lib/kotlin-reflect-2.3.21.jar!/
[0.557s][info][class,load] kotlin.reflect.jvm.internal.impl.types.Variance source: jar:nested:/Users/kibong_home/Desktop/development/blog/build/libs/blog-0.0.1-SNAPSHOT.jar/!BOOT-INF/lib/kotlin-reflect-2.3.21.jar!/
[0.557s][info][class,load] kotlin.reflect.jvm.internal.impl.serialization.deserialization.ProtoEnumFlagsUtilsKt source: jar:nested:/Users/kibong_home/Desktop/development/blog/build/libs/blog-0.0.1-SNAPSHOT.jar/!BOOT-INF/lib/kotlin-reflect-2.3.21.jar!/
[0.557s][info][class,load] kotlin.reflect.jvm.internal.impl.serialization.deserialization.ProtoEnumFlagsUtilsKt$WhenMappings source: jar:nested:/Users/kibong_home/Desktop/development/blog/build/libs/blog-0.0.1-SNAPSHOT.jar/!BOOT-INF/lib/kotlin-reflect-2.3.21.jar!/
[0.557s][info][class,load] kotlin.reflect.jvm.internal.impl.metadata.deserialization.VersionSpecificBehaviorKt source: jar:nested:/Users/kibong_home/Desktop/development/blog/build/libs/blog-0.0.1-SNAPSHOT.jar/!BOOT-INF/lib/kotlin-reflect-2.3.21.jar!/
[0.557s][info][class,load] kotlin.reflect.jvm.internal.impl.serialization.deserialization.descriptors.DeserializedClassDescriptor$DeserializedClassTypeConstructor source: jar:nested:/Users/kibong_home/Desktop/development/blog/build/libs/blog-0.0.1-SNAPSHOT.jar/!BOOT-INF/lib/kotlin-reflect-2.3.21.jar!/
[0.557s][info][class,load] kotlin.reflect.jvm.internal.impl.serialization.deserialization.descriptors.DeserializedClassDescriptor$DeserializedClassTypeConstructor$$Lambda$0 source: jar:nested:/Users/kibong_home/Desktop/development/blog/build/libs/blog-0.0.1-SNAPSHOT.jar/!BOOT-INF/lib/kotlin-reflect-2.3.21.jar!/
[0.557s][info][class,load] kotlin.reflect.jvm.internal.impl.descriptors.ScopesHolderForClass source: jar:nested:/Users/kibong_home/Desktop/development/blog/build/libs/blog-0.0.1-SNAPSHOT.jar/!BOOT-INF/lib/kotlin-reflect-2.3.21.jar!/
[0.557s][info][class,load] kotlin.reflect.jvm.internal.impl.descriptors.ScopesHolderForClass$Companion source: jar:nested:/Users/kibong_home/Desktop/development/blog/build/libs/blog-0.0.1-SNAPSHOT.jar/!BOOT-INF/lib/kotlin-reflect-2.3.21.jar!/
[0.557s][info][class,load] kotlin.jvm.internal.FunctionReferenceImpl source: jar:nested:/Users/kibong_home/Desktop/development/blog/build/libs/blog-0.0.1-SNAPSHOT.jar/!BOOT-INF/lib/kotlin-stdlib-2.3.21.jar!/
[0.557s][info][class,load] kotlin.reflect.jvm.internal.impl.serialization.deserialization.descriptors.DeserializedClassDescriptor$memberScopeHolder$1 source: jar:nested:/Users/kibong_home/Desktop/development/blog/build/libs/blog-0.0.1-SNAPSHOT.jar/!BOOT-INF/lib/kotlin-reflect-2.3.21.jar!/
[0.557s][info][class,load] kotlin.reflect.jvm.internal.impl.serialization.deserialization.descriptors.DeserializedMemberScope source: jar:nested:/Users/kibong_home/Desktop/development/blog/build/libs/blog-0.0.1-SNAPSHOT.jar/!BOOT-INF/lib/kotlin-reflect-2.3.21.jar!/
[0.557s][info][class,load] kotlin.reflect.jvm.internal.impl.serialization.deserialization.descriptors.DeserializedClassDescriptor$DeserializedClassMemberScope source: jar:nested:/Users/kibong_home/Desktop/development/blog/build/libs/blog-0.0.1-SNAPSHOT.jar/!BOOT-INF/lib/kotlin-reflect-2.3.21.jar!/
[0.558s][info][class,load] kotlin.reflect.jvm.internal.impl.descriptors.ScopesHolderForClass$$Lambda$0 source: jar:nested:/Users/kibong_home/Desktop/development/blog/build/libs/blog-0.0.1-SNAPSHOT.jar/!BOOT-INF/lib/kotlin-reflect-2.3.21.jar!/
[0.558s][info][class,load] kotlin.reflect.jvm.internal.impl.serialization.deserialization.descriptors.DeserializedClassDescriptor$$Lambda$0 source: jar:nested:/Users/kibong_home/Desktop/development/blog/build/libs/blog-0.0.1-SNAPSHOT.jar/!BOOT-INF/lib/kotlin-reflect-2.3.21.jar!/
[0.558s][info][class,load] kotlin.reflect.jvm.internal.impl.serialization.deserialization.descriptors.DeserializedClassDescriptor$$Lambda$1 source: jar:nested:/Users/kibong_home/Desktop/development/blog/build/libs/blog-0.0.1-SNAPSHOT.jar/!BOOT-INF/lib/kotlin-reflect-2.3.21.jar!/
[0.558s][info][class,load] kotlin.reflect.jvm.internal.impl.serialization.deserialization.descriptors.DeserializedClassDescriptor$$Lambda$2 source: jar:nested:/Users/kibong_home/Desktop/development/blog/build/libs/blog-0.0.1-SNAPSHOT.jar/!BOOT-INF/lib/kotlin-reflect-2.3.21.jar!/
[0.558s][info][class,load] kotlin.reflect.jvm.internal.impl.serialization.deserialization.descriptors.DeserializedClassDescriptor$$Lambda$3 source: jar:nested:/Users/kibong_home/Desktop/development/blog/build/libs/blog-0.0.1-SNAPSHOT.jar/!BOOT-INF/lib/kotlin-reflect-2.3.21.jar!/
[0.558s][info][class,load] kotlin.reflect.jvm.internal.impl.serialization.deserialization.descriptors.DeserializedClassDescriptor$$Lambda$4 source: jar:nested:/Users/kibong_home/Desktop/development/blog/build/libs/blog-0.0.1-SNAPSHOT.jar/!BOOT-INF/lib/kotlin-reflect-2.3.21.jar!/
[0.558s][info][class,load] kotlin.reflect.jvm.internal.impl.serialization.deserialization.ProtoContainer source: jar:nested:/Users/kibong_home/Desktop/development/blog/build/libs/blog-0.0.1-SNAPSHOT.jar/!BOOT-INF/lib/kotlin-reflect-2.3.21.jar!/
[0.558s][info][class,load] kotlin.reflect.jvm.internal.impl.serialization.deserialization.ProtoContainer$Class source: jar:nested:/Users/kibong_home/Desktop/development/blog/build/libs/blog-0.0.1-SNAPSHOT.jar/!BOOT-INF/lib/kotlin-reflect-2.3.21.jar!/
[0.558s][info][class,load] kotlin.reflect.jvm.internal.impl.serialization.deserialization.descriptors.DeserializedAnnotations source: jar:nested:/Users/kibong_home/Desktop/development/blog/build/libs/blog-0.0.1-SNAPSHOT.jar/!BOOT-INF/lib/kotlin-reflect-2.3.21.jar!/
[0.558s][info][class,load] kotlin.reflect.jvm.internal.impl.serialization.deserialization.descriptors.NonEmptyDeserializedAnnotations source: jar:nested:/Users/kibong_home/Desktop/development/blog/build/libs/blog-0.0.1-SNAPSHOT.jar/!BOOT-INF/lib/kotlin-reflect-2.3.21.jar!/
[0.558s][info][class,load] kotlin.reflect.jvm.internal.impl.serialization.deserialization.descriptors.DeserializedClassDescriptor$$Lambda$5 source: jar:nested:/Users/kibong_home/Desktop/development/blog/build/libs/blog-0.0.1-SNAPSHOT.jar/!BOOT-INF/lib/kotlin-reflect-2.3.21.jar!/
[0.558s][info][class,load] kotlin.reflect.jvm.internal.impl.load.java.lazy.descriptors.LazyJavaPackageScope$KotlinClassLookupResult source: jar:nested:/Users/kibong_home/Desktop/development/blog/build/libs/blog-0.0.1-SNAPSHOT.jar/!BOOT-INF/lib/kotlin-reflect-2.3.21.jar!/
[0.558s][info][class,load] kotlin.reflect.jvm.internal.impl.load.java.lazy.descriptors.LazyJavaPackageScope$KotlinClassLookupResult$Found source: jar:nested:/Users/kibong_home/Desktop/development/blog/build/libs/blog-0.0.1-SNAPSHOT.jar/!BOOT-INF/lib/kotlin-reflect-2.3.21.jar!/
[0.558s][info][class,load] java.util.ArrayList$SubList$1 source: jrt:/java.base
[0.558s][info][class,load] kotlin.reflect.jvm.internal.impl.builtins.functions.FunctionClassDescriptor source: jar:nested:/Users/kibong_home/Desktop/development/blog/build/libs/blog-0.0.1-SNAPSHOT.jar/!BOOT-INF/lib/kotlin-reflect-2.3.21.jar!/
[0.559s][info][class,load] kotlin.reflect.jvm.internal.impl.km.internal.ReadersKt source: jar:nested:/Users/kibong_home/Desktop/development/blog/build/libs/blog-0.0.1-SNAPSHOT.jar/!BOOT-INF/lib/kotlin-reflect-2.3.21.jar!/
[0.559s][info][class,load] kotlin.reflect.jvm.internal.impl.km.InconsistentKotlinMetadataException source: jar:nested:/Users/kibong_home/Desktop/development/blog/build/libs/blog-0.0.1-SNAPSHOT.jar/!BOOT-INF/lib/kotlin-reflect-2.3.21.jar!/
[0.559s][info][class,load] kotlin.reflect.jvm.internal.impl.km.KmDeclarationContainer source: jar:nested:/Users/kibong_home/Desktop/development/blog/build/libs/blog-0.0.1-SNAPSHOT.jar/!BOOT-INF/lib/kotlin-reflect-2.3.21.jar!/
[0.559s][info][class,load] kotlin.reflect.jvm.internal.impl.km.KmClass source: jar:nested:/Users/kibong_home/Desktop/development/blog/build/libs/blog-0.0.1-SNAPSHOT.jar/!BOOT-INF/lib/kotlin-reflect-2.3.21.jar!/
[0.559s][info][class,load] kotlin.reflect.jvm.internal.impl.km.internal.extensions.MetadataExtensions source: jar:nested:/Users/kibong_home/Desktop/development/blog/build/libs/blog-0.0.1-SNAPSHOT.jar/!BOOT-INF/lib/kotlin-reflect-2.3.21.jar!/
[0.559s][info][class,load] kotlin.reflect.jvm.internal.impl.km.internal.extensions.MetadataExtensions$Companion source: jar:nested:/Users/kibong_home/Desktop/development/blog/build/libs/blog-0.0.1-SNAPSHOT.jar/!BOOT-INF/lib/kotlin-reflect-2.3.21.jar!/
[0.559s][info][class,load] kotlin.reflect.jvm.internal.impl.km.internal.extensions.MetadataExtensions$Companion$$Lambda$0 source: jar:nested:/Users/kibong_home/Desktop/development/blog/build/libs/blog-0.0.1-SNAPSHOT.jar/!BOOT-INF/lib/kotlin-reflect-2.3.21.jar!/
[0.560s][info][class,load] kotlin.reflect.jvm.internal.impl.km.jvm.internal.JvmMetadataExtensions source: jar:nested:/Users/kibong_home/Desktop/development/blog/build/libs/blog-0.0.1-SNAPSHOT.jar/!BOOT-INF/lib/kotlin-reflect-2.3.21.jar!/
[0.560s][info][class,load] kotlin.reflect.jvm.internal.impl.km.internal.extensions.KmExtension source: jar:nested:/Users/kibong_home/Desktop/development/blog/build/libs/blog-0.0.1-SNAPSHOT.jar/!BOOT-INF/lib/kotlin-reflect-2.3.21.jar!/
[0.560s][info][class,load] kotlin.reflect.jvm.internal.impl.km.internal.extensions.KmClassExtension source: jar:nested:/Users/kibong_home/Desktop/development/blog/build/libs/blog-0.0.1-SNAPSHOT.jar/!BOOT-INF/lib/kotlin-reflect-2.3.21.jar!/
[0.560s][info][class,load] kotlin.reflect.jvm.internal.impl.km.jvm.internal.JvmClassExtension source: jar:nested:/Users/kibong_home/Desktop/development/blog/build/libs/blog-0.0.1-SNAPSHOT.jar/!BOOT-INF/lib/kotlin-reflect-2.3.21.jar!/
[0.560s][info][class,load] kotlin.reflect.jvm.internal.impl.km.jvm.internal.JvmClassExtension$Companion source: jar:nested:/Users/kibong_home/Desktop/development/blog/build/libs/blog-0.0.1-SNAPSHOT.jar/!BOOT-INF/lib/kotlin-reflect-2.3.21.jar!/
[0.560s][info][class,load] kotlin.reflect.jvm.internal.impl.km.internal.extensions.KmExtensionType source: jar:nested:/Users/kibong_home/Desktop/development/blog/build/libs/blog-0.0.1-SNAPSHOT.jar/!BOOT-INF/lib/kotlin-reflect-2.3.21.jar!/
[0.560s][info][class,load] kotlin.reflect.jvm.internal.impl.km.internal.ReadContext source: jar:nested:/Users/kibong_home/Desktop/development/blog/build/libs/blog-0.0.1-SNAPSHOT.jar/!BOOT-INF/lib/kotlin-reflect-2.3.21.jar!/
[0.560s][info][class,load] kotlin.reflect.jvm.internal.impl.km.internal.ReadUtilsKt source: jar:nested:/Users/kibong_home/Desktop/development/blog/build/libs/blog-0.0.1-SNAPSHOT.jar/!BOOT-INF/lib/kotlin-reflect-2.3.21.jar!/
[0.561s][info][class,load] kotlin.reflect.jvm.internal.impl.metadata.deserialization.ProtoTypeTableUtilKt source: jar:nested:/Users/kibong_home/Desktop/development/blog/build/libs/blog-0.0.1-SNAPSHOT.jar/!BOOT-INF/lib/kotlin-reflect-2.3.21.jar!/
[0.561s][info][class,load] kotlin.reflect.jvm.internal.impl.km.KmType source: jar:nested:/Users/kibong_home/Desktop/development/blog/build/libs/blog-0.0.1-SNAPSHOT.jar/!BOOT-INF/lib/kotlin-reflect-2.3.21.jar!/
[0.561s][info][class,load] kotlin.reflect.jvm.internal.impl.km.internal.extensions.KmTypeExtension source: jar:nested:/Users/kibong_home/Desktop/development/blog/build/libs/blog-0.0.1-SNAPSHOT.jar/!BOOT-INF/lib/kotlin-reflect-2.3.21.jar!/
[0.561s][info][class,load] kotlin.reflect.jvm.internal.impl.km.jvm.internal.JvmTypeExtension source: jar:nested:/Users/kibong_home/Desktop/development/blog/build/libs/blog-0.0.1-SNAPSHOT.jar/!BOOT-INF/lib/kotlin-reflect-2.3.21.jar!/
[0.561s][info][class,load] kotlin.reflect.jvm.internal.impl.km.jvm.internal.JvmTypeExtension$Companion source: jar:nested:/Users/kibong_home/Desktop/development/blog/build/libs/blog-0.0.1-SNAPSHOT.jar/!BOOT-INF/lib/kotlin-reflect-2.3.21.jar!/
[0.561s][info][class,load] kotlin.reflect.jvm.internal.impl.km.KmClassifier source: jar:nested:/Users/kibong_home/Desktop/development/blog/build/libs/blog-0.0.1-SNAPSHOT.jar/!BOOT-INF/lib/kotlin-reflect-2.3.21.jar!/
[0.561s][info][class,load] kotlin.reflect.jvm.internal.impl.km.KmClassifier$Class source: jar:nested:/Users/kibong_home/Desktop/development/blog/build/libs/blog-0.0.1-SNAPSHOT.jar/!BOOT-INF/lib/kotlin-reflect-2.3.21.jar!/
[0.561s][info][class,load] kotlin.reflect.jvm.internal.impl.km.jvm.internal.JvmExtensionNodesKt source: jar:nested:/Users/kibong_home/Desktop/development/blog/build/libs/blog-0.0.1-SNAPSHOT.jar/!BOOT-INF/lib/kotlin-reflect-2.3.21.jar!/
[0.561s][info][class,load] kotlin.reflect.jvm.internal.impl.km.internal.extensions.ExtensionNodesKt source: jar:nested:/Users/kibong_home/Desktop/development/blog/build/libs/blog-0.0.1-SNAPSHOT.jar/!BOOT-INF/lib/kotlin-reflect-2.3.21.jar!/
[0.561s][info][class,load] kotlin.reflect.jvm.internal.impl.km.KmConstructor source: jar:nested:/Users/kibong_home/Desktop/development/blog/build/libs/blog-0.0.1-SNAPSHOT.jar/!BOOT-INF/lib/kotlin-reflect-2.3.21.jar!/
[0.561s][info][class,load] kotlin.reflect.jvm.internal.impl.km.internal.extensions.KmConstructorExtension source: jar:nested:/Users/kibong_home/Desktop/development/blog/build/libs/blog-0.0.1-SNAPSHOT.jar/!BOOT-INF/lib/kotlin-reflect-2.3.21.jar!/
[0.561s][info][class,load] kotlin.reflect.jvm.internal.impl.km.jvm.internal.JvmConstructorExtension source: jar:nested:/Users/kibong_home/Desktop/development/blog/build/libs/blog-0.0.1-SNAPSHOT.jar/!BOOT-INF/lib/kotlin-reflect-2.3.21.jar!/
[0.561s][info][class,load] kotlin.reflect.jvm.internal.impl.km.jvm.internal.JvmConstructorExtension$Companion source: jar:nested:/Users/kibong_home/Desktop/development/blog/build/libs/blog-0.0.1-SNAPSHOT.jar/!BOOT-INF/lib/kotlin-reflect-2.3.21.jar!/
[0.561s][info][class,load] kotlin.reflect.jvm.internal.impl.metadata.deserialization.ProtoBufUtilKt source: jar:nested:/Users/kibong_home/Desktop/development/blog/build/libs/blog-0.0.1-SNAPSHOT.jar/!BOOT-INF/lib/kotlin-reflect-2.3.21.jar!/
[0.561s][info][class,load] kotlin.reflect.jvm.internal.impl.metadata.jvm.deserialization.JvmMemberSignature source: jar:nested:/Users/kibong_home/Desktop/development/blog/build/libs/blog-0.0.1-SNAPSHOT.jar/!BOOT-INF/lib/kotlin-reflect-2.3.21.jar!/
[0.561s][info][class,load] kotlin.reflect.jvm.internal.impl.metadata.jvm.deserialization.JvmMemberSignature$Method source: jar:nested:/Users/kibong_home/Desktop/development/blog/build/libs/blog-0.0.1-SNAPSHOT.jar/!BOOT-INF/lib/kotlin-reflect-2.3.21.jar!/
[0.561s][info][class,load] kotlin.reflect.jvm.internal.impl.km.jvm.JvmMemberSignatureKt source: jar:nested:/Users/kibong_home/Desktop/development/blog/build/libs/blog-0.0.1-SNAPSHOT.jar/!BOOT-INF/lib/kotlin-reflect-2.3.21.jar!/
[0.561s][info][class,load] kotlin.reflect.jvm.internal.impl.km.jvm.JvmMemberSignature source: jar:nested:/Users/kibong_home/Desktop/development/blog/build/libs/blog-0.0.1-SNAPSHOT.jar/!BOOT-INF/lib/kotlin-reflect-2.3.21.jar!/
[0.561s][info][class,load] kotlin.reflect.jvm.internal.impl.km.jvm.JvmMethodSignature source: jar:nested:/Users/kibong_home/Desktop/development/blog/build/libs/blog-0.0.1-SNAPSHOT.jar/!BOOT-INF/lib/kotlin-reflect-2.3.21.jar!/
[0.562s][info][class,load] kotlin.reflect.jvm.internal.impl.km.Attributes source: jar:nested:/Users/kibong_home/Desktop/development/blog/build/libs/blog-0.0.1-SNAPSHOT.jar/!BOOT-INF/lib/kotlin-reflect-2.3.21.jar!/
[0.562s][info][class,load] kotlin.reflect.jvm.internal.impl.km.internal.FlagImpl source: jar:nested:/Users/kibong_home/Desktop/development/blog/build/libs/blog-0.0.1-SNAPSHOT.jar/!BOOT-INF/lib/kotlin-reflect-2.3.21.jar!/
[0.565s][info][class,load] kotlin.reflect.jvm.internal.impl.km.internal.FlagDelegatesImplKt source: jar:nested:/Users/kibong_home/Desktop/development/blog/build/libs/blog-0.0.1-SNAPSHOT.jar/!BOOT-INF/lib/kotlin-reflect-2.3.21.jar!/
[0.565s][info][class,load] kotlin.reflect.jvm.internal.impl.km.internal.BooleanFlagDelegate source: jar:nested:/Users/kibong_home/Desktop/development/blog/build/libs/blog-0.0.1-SNAPSHOT.jar/!BOOT-INF/lib/kotlin-reflect-2.3.21.jar!/
[0.565s][info][class,load] kotlin.reflect.jvm.internal.impl.km.internal.FlagDelegatesImplKt$classBooleanFlag$1 source: jar:nested:/Users/kibong_home/Desktop/development/blog/build/libs/blog-0.0.1-SNAPSHOT.jar/!BOOT-INF/lib/kotlin-reflect-2.3.21.jar!/
[0.565s][info][class,load] kotlin.reflect.jvm.internal.impl.km.internal.FlagDelegatesImplKt$constructorBooleanFlag$1 source: jar:nested:/Users/kibong_home/Desktop/development/blog/build/libs/blog-0.0.1-SNAPSHOT.jar/!BOOT-INF/lib/kotlin-reflect-2.3.21.jar!/
[0.565s][info][class,load] kotlin.reflect.jvm.internal.impl.km.internal.FlagDelegatesImplKt$functionBooleanFlag$1 source: jar:nested:/Users/kibong_home/Desktop/development/blog/build/libs/blog-0.0.1-SNAPSHOT.jar/!BOOT-INF/lib/kotlin-reflect-2.3.21.jar!/
[0.565s][info][class,load] kotlin.reflect.jvm.internal.impl.km.KmFunction source: jar:nested:/Users/kibong_home/Desktop/development/blog/build/libs/blog-0.0.1-SNAPSHOT.jar/!BOOT-INF/lib/kotlin-reflect-2.3.21.jar!/
[0.565s][info][class,load] kotlin.reflect.jvm.internal.impl.km.internal.FlagDelegatesImplKt$propertyBooleanFlag$1 source: jar:nested:/Users/kibong_home/Desktop/development/blog/build/libs/blog-0.0.1-SNAPSHOT.jar/!BOOT-INF/lib/kotlin-reflect-2.3.21.jar!/
[0.565s][info][class,load] kotlin.reflect.jvm.internal.impl.km.KmProperty source: jar:nested:/Users/kibong_home/Desktop/development/blog/build/libs/blog-0.0.1-SNAPSHOT.jar/!BOOT-INF/lib/kotlin-reflect-2.3.21.jar!/
[0.565s][info][class,load] kotlin.reflect.jvm.internal.impl.km.internal.FlagDelegatesImplKt$propertyAccessorBooleanFlag$1 source: jar:nested:/Users/kibong_home/Desktop/development/blog/build/libs/blog-0.0.1-SNAPSHOT.jar/!BOOT-INF/lib/kotlin-reflect-2.3.21.jar!/
[0.565s][info][class,load] kotlin.reflect.jvm.internal.impl.km.KmPropertyAccessorAttributes source: jar:nested:/Users/kibong_home/Desktop/development/blog/build/libs/blog-0.0.1-SNAPSHOT.jar/!BOOT-INF/lib/kotlin-reflect-2.3.21.jar!/
[0.565s][info][class,load] kotlin.reflect.jvm.internal.impl.km.internal.FlagDelegatesImplKt$valueParameterBooleanFlag$1 source: jar:nested:/Users/kibong_home/Desktop/development/blog/build/libs/blog-0.0.1-SNAPSHOT.jar/!BOOT-INF/lib/kotlin-reflect-2.3.21.jar!/
[0.565s][info][class,load] kotlin.reflect.jvm.internal.impl.km.KmValueParameter source: jar:nested:/Users/kibong_home/Desktop/development/blog/build/libs/blog-0.0.1-SNAPSHOT.jar/!BOOT-INF/lib/kotlin-reflect-2.3.21.jar!/
[0.565s][info][class,load] kotlin.reflect.jvm.internal.impl.km.internal.FlagDelegatesImplKt$typeAliasBooleanFlag$1 source: jar:nested:/Users/kibong_home/Desktop/development/blog/build/libs/blog-0.0.1-SNAPSHOT.jar/!BOOT-INF/lib/kotlin-reflect-2.3.21.jar!/
[0.565s][info][class,load] kotlin.reflect.jvm.internal.impl.km.KmTypeAlias source: jar:nested:/Users/kibong_home/Desktop/development/blog/build/libs/blog-0.0.1-SNAPSHOT.jar/!BOOT-INF/lib/kotlin-reflect-2.3.21.jar!/
[0.565s][info][class,load] kotlin.reflect.jvm.internal.impl.km.Attributes$modality$2 source: jar:nested:/Users/kibong_home/Desktop/development/blog/build/libs/blog-0.0.1-SNAPSHOT.jar/!BOOT-INF/lib/kotlin-reflect-2.3.21.jar!/
[0.565s][info][class,load] kotlin.reflect.jvm.internal.impl.km.Modality source: jar:nested:/Users/kibong_home/Desktop/development/blog/build/libs/blog-0.0.1-SNAPSHOT.jar/!BOOT-INF/lib/kotlin-reflect-2.3.21.jar!/
[0.566s][info][class,load] kotlin.collections.AbstractList$IteratorImpl source: jar:nested:/Users/kibong_home/Desktop/development/blog/build/libs/blog-0.0.1-SNAPSHOT.jar/!BOOT-INF/lib/kotlin-stdlib-2.3.21.jar!/
[0.566s][info][class,load] kotlin.reflect.jvm.internal.impl.km.internal.EnumFlagDelegate source: jar:nested:/Users/kibong_home/Desktop/development/blog/build/libs/blog-0.0.1-SNAPSHOT.jar/!BOOT-INF/lib/kotlin-reflect-2.3.21.jar!/
[0.566s][info][class,load] kotlin.reflect.jvm.internal.impl.km.Attributes$visibility$2 source: jar:nested:/Users/kibong_home/Desktop/development/blog/build/libs/blog-0.0.1-SNAPSHOT.jar/!BOOT-INF/lib/kotlin-reflect-2.3.21.jar!/
[0.566s][info][class,load] kotlin.reflect.jvm.internal.impl.km.Visibility source: jar:nested:/Users/kibong_home/Desktop/development/blog/build/libs/blog-0.0.1-SNAPSHOT.jar/!BOOT-INF/lib/kotlin-reflect-2.3.21.jar!/
[0.566s][info][class,load] kotlin.reflect.jvm.internal.impl.km.Attributes$kind$2 source: jar:nested:/Users/kibong_home/Desktop/development/blog/build/libs/blog-0.0.1-SNAPSHOT.jar/!BOOT-INF/lib/kotlin-reflect-2.3.21.jar!/
[0.566s][info][class,load] kotlin.reflect.jvm.internal.impl.km.ClassKind source: jar:nested:/Users/kibong_home/Desktop/development/blog/build/libs/blog-0.0.1-SNAPSHOT.jar/!BOOT-INF/lib/kotlin-reflect-2.3.21.jar!/
[0.566s][info][class,load] kotlin.reflect.jvm.internal.impl.km.Attributes$visibility$6 source: jar:nested:/Users/kibong_home/Desktop/development/blog/build/libs/blog-0.0.1-SNAPSHOT.jar/!BOOT-INF/lib/kotlin-reflect-2.3.21.jar!/
[0.566s][info][class,load] kotlin.reflect.jvm.internal.impl.km.Attributes$returnValueStatus$2 source: jar:nested:/Users/kibong_home/Desktop/development/blog/build/libs/blog-0.0.1-SNAPSHOT.jar/!BOOT-INF/lib/kotlin-reflect-2.3.21.jar!/
[0.566s][info][class,load] kotlin.reflect.jvm.internal.impl.km.ReturnValueStatus source: jar:nested:/Users/kibong_home/Desktop/development/blog/build/libs/blog-0.0.1-SNAPSHOT.jar/!BOOT-INF/lib/kotlin-reflect-2.3.21.jar!/
[0.566s][info][class,load] kotlin.reflect.jvm.internal.impl.km.Attributes$kind$7 source: jar:nested:/Users/kibong_home/Desktop/development/blog/build/libs/blog-0.0.1-SNAPSHOT.jar/!BOOT-INF/lib/kotlin-reflect-2.3.21.jar!/
[0.566s][info][class,load] kotlin.reflect.jvm.internal.impl.km.MemberKind source: jar:nested:/Users/kibong_home/Desktop/development/blog/build/libs/blog-0.0.1-SNAPSHOT.jar/!BOOT-INF/lib/kotlin-reflect-2.3.21.jar!/
[0.566s][info][class,load] kotlin.reflect.jvm.internal.impl.km.Attributes$visibility$10 source: jar:nested:/Users/kibong_home/Desktop/development/blog/build/libs/blog-0.0.1-SNAPSHOT.jar/!BOOT-INF/lib/kotlin-reflect-2.3.21.jar!/
[0.566s][info][class,load] kotlin.reflect.jvm.internal.impl.km.Attributes$modality$6 source: jar:nested:/Users/kibong_home/Desktop/development/blog/build/libs/blog-0.0.1-SNAPSHOT.jar/!BOOT-INF/lib/kotlin-reflect-2.3.21.jar!/
[0.566s][info][class,load] kotlin.reflect.jvm.internal.impl.km.Attributes$returnValueStatus$6 source: jar:nested:/Users/kibong_home/Desktop/development/blog/build/libs/blog-0.0.1-SNAPSHOT.jar/!BOOT-INF/lib/kotlin-reflect-2.3.21.jar!/
[0.566s][info][class,load] kotlin.reflect.jvm.internal.impl.km.Attributes$visibility$14 source: jar:nested:/Users/kibong_home/Desktop/development/blog/build/libs/blog-0.0.1-SNAPSHOT.jar/!BOOT-INF/lib/kotlin-reflect-2.3.21.jar!/
[0.566s][info][class,load] kotlin.reflect.jvm.internal.impl.km.Attributes$modality$10 source: jar:nested:/Users/kibong_home/Desktop/development/blog/build/libs/blog-0.0.1-SNAPSHOT.jar/!BOOT-INF/lib/kotlin-reflect-2.3.21.jar!/
[0.566s][info][class,load] kotlin.reflect.jvm.internal.impl.km.Attributes$kind$11 source: jar:nested:/Users/kibong_home/Desktop/development/blog/build/libs/blog-0.0.1-SNAPSHOT.jar/!BOOT-INF/lib/kotlin-reflect-2.3.21.jar!/
[0.566s][info][class,load] kotlin.reflect.jvm.internal.impl.km.Attributes$returnValueStatus$10 source: jar:nested:/Users/kibong_home/Desktop/development/blog/build/libs/blog-0.0.1-SNAPSHOT.jar/!BOOT-INF/lib/kotlin-reflect-2.3.21.jar!/
[0.566s][info][class,load] kotlin.reflect.jvm.internal.impl.km.Attributes$visibility$18 source: jar:nested:/Users/kibong_home/Desktop/development/blog/build/libs/blog-0.0.1-SNAPSHOT.jar/!BOOT-INF/lib/kotlin-reflect-2.3.21.jar!/
[0.566s][info][class,load] kotlin.reflect.jvm.internal.impl.km.Attributes$modality$14 source: jar:nested:/Users/kibong_home/Desktop/development/blog/build/libs/blog-0.0.1-SNAPSHOT.jar/!BOOT-INF/lib/kotlin-reflect-2.3.21.jar!/
[0.566s][info][class,load] kotlin.reflect.jvm.internal.impl.km.internal.FlagDelegatesImplKt$typeBooleanFlag$1 source: jar:nested:/Users/kibong_home/Desktop/development/blog/build/libs/blog-0.0.1-SNAPSHOT.jar/!BOOT-INF/lib/kotlin-reflect-2.3.21.jar!/
[0.566s][info][class,load] kotlin.reflect.jvm.internal.impl.km.Attributes$isReified$2 source: jar:nested:/Users/kibong_home/Desktop/development/blog/build/libs/blog-0.0.1-SNAPSHOT.jar/!BOOT-INF/lib/kotlin-reflect-2.3.21.jar!/
[0.567s][info][class,load] kotlin.reflect.jvm.internal.impl.km.KmTypeParameter source: jar:nested:/Users/kibong_home/Desktop/development/blog/build/libs/blog-0.0.1-SNAPSHOT.jar/!BOOT-INF/lib/kotlin-reflect-2.3.21.jar!/
[0.567s][info][class,load] kotlin.reflect.jvm.internal.impl.km.Attributes$visibility$22 source: jar:nested:/Users/kibong_home/Desktop/development/blog/build/libs/blog-0.0.1-SNAPSHOT.jar/!BOOT-INF/lib/kotlin-reflect-2.3.21.jar!/
[0.567s][info][class,load] kotlin.reflect.jvm.internal.impl.km.Attributes$isNegated$2 source: jar:nested:/Users/kibong_home/Desktop/development/blog/build/libs/blog-0.0.1-SNAPSHOT.jar/!BOOT-INF/lib/kotlin-reflect-2.3.21.jar!/
[0.567s][info][class,load] kotlin.reflect.jvm.internal.impl.km.KmEffectExpression source: jar:nested:/Users/kibong_home/Desktop/development/blog/build/libs/blog-0.0.1-SNAPSHOT.jar/!BOOT-INF/lib/kotlin-reflect-2.3.21.jar!/
[0.567s][info][class,load] kotlin.reflect.jvm.internal.impl.km.Attributes$isNullCheckPredicate$2 source: jar:nested:/Users/kibong_home/Desktop/development/blog/build/libs/blog-0.0.1-SNAPSHOT.jar/!BOOT-INF/lib/kotlin-reflect-2.3.21.jar!/
[0.568s][info][class,load] kotlin.reflect.jvm.internal.ConvertFromMetadataKt source: jar:nested:/Users/kibong_home/Desktop/development/blog/build/libs/blog-0.0.1-SNAPSHOT.jar/!BOOT-INF/lib/kotlin-reflect-2.3.21.jar!/
[0.568s][info][class,load] kotlin.reflect.jvm.internal.impl.km.jvm.JvmExtensionsKt source: jar:nested:/Users/kibong_home/Desktop/development/blog/build/libs/blog-0.0.1-SNAPSHOT.jar/!BOOT-INF/lib/kotlin-reflect-2.3.21.jar!/
[0.568s][info][class,load] kotlin.reflect.jvm.internal.FunctionWithAllInvokes source: jar:nested:/Users/kibong_home/Desktop/development/blog/build/libs/blog-0.0.1-SNAPSHOT.jar/!BOOT-INF/lib/kotlin-reflect-2.3.21.jar!/
[0.568s][info][class,load] kotlin.reflect.jvm.internal.ReflectKCallable source: jar:nested:/Users/kibong_home/Desktop/development/blog/build/libs/blog-0.0.1-SNAPSHOT.jar/!BOOT-INF/lib/kotlin-reflect-2.3.21.jar!/
[0.568s][info][class,load] kotlin.reflect.jvm.internal.ReflectKFunction source: jar:nested:/Users/kibong_home/Desktop/development/blog/build/libs/blog-0.0.1-SNAPSHOT.jar/!BOOT-INF/lib/kotlin-reflect-2.3.21.jar!/
[0.569s][info][class,load] kotlin.reflect.jvm.internal.ReflectKCallableImpl source: jar:nested:/Users/kibong_home/Desktop/development/blog/build/libs/blog-0.0.1-SNAPSHOT.jar/!BOOT-INF/lib/kotlin-reflect-2.3.21.jar!/
[0.569s][info][class,load] kotlin.reflect.jvm.internal.KotlinKCallable source: jar:nested:/Users/kibong_home/Desktop/development/blog/build/libs/blog-0.0.1-SNAPSHOT.jar/!BOOT-INF/lib/kotlin-reflect-2.3.21.jar!/
[0.569s][info][class,load] kotlin.reflect.jvm.internal.KotlinKFunction source: jar:nested:/Users/kibong_home/Desktop/development/blog/build/libs/blog-0.0.1-SNAPSHOT.jar/!BOOT-INF/lib/kotlin-reflect-2.3.21.jar!/
[0.569s][info][class,load] kotlin.reflect.jvm.internal.KotlinKConstructor source: jar:nested:/Users/kibong_home/Desktop/development/blog/build/libs/blog-0.0.1-SNAPSHOT.jar/!BOOT-INF/lib/kotlin-reflect-2.3.21.jar!/
[0.569s][info][class,load] kotlin.reflect.full.IllegalCallableAccessException source: jar:nested:/Users/kibong_home/Desktop/development/blog/build/libs/blog-0.0.1-SNAPSHOT.jar/!BOOT-INF/lib/kotlin-reflect-2.3.21.jar!/
[0.569s][info][class,load] kotlin.reflect.jvm.internal.ReflectKCallableImpl$_absentArguments$1 source: jar:nested:/Users/kibong_home/Desktop/development/blog/build/libs/blog-0.0.1-SNAPSHOT.jar/!BOOT-INF/lib/kotlin-reflect-2.3.21.jar!/
[0.569s][info][class,load] kotlin.reflect.jvm.internal.ReflectKCallableKt source: jar:nested:/Users/kibong_home/Desktop/development/blog/build/libs/blog-0.0.1-SNAPSHOT.jar/!BOOT-INF/lib/kotlin-reflect-2.3.21.jar!/
[0.569s][info][class,load] kotlin.reflect.jvm.internal.KotlinKFunction$$Lambda$0 source: jar:nested:/Users/kibong_home/Desktop/development/blog/build/libs/blog-0.0.1-SNAPSHOT.jar/!BOOT-INF/lib/kotlin-reflect-2.3.21.jar!/
[0.569s][info][class,load] kotlin.reflect.jvm.internal.KotlinKFunction$$Lambda$1 source: jar:nested:/Users/kibong_home/Desktop/development/blog/build/libs/blog-0.0.1-SNAPSHOT.jar/!BOOT-INF/lib/kotlin-reflect-2.3.21.jar!/
[0.569s][info][class,load] kotlin.reflect.jvm.internal.KotlinKFunction$$Lambda$2 source: jar:nested:/Users/kibong_home/Desktop/development/blog/build/libs/blog-0.0.1-SNAPSHOT.jar/!BOOT-INF/lib/kotlin-reflect-2.3.21.jar!/
[0.569s][info][class,load] kotlin.reflect.jvm.internal.KotlinKFunction$$Lambda$3 source: jar:nested:/Users/kibong_home/Desktop/development/blog/build/libs/blog-0.0.1-SNAPSHOT.jar/!BOOT-INF/lib/kotlin-reflect-2.3.21.jar!/
[0.569s][info][class,load] kotlin.reflect.jvm.internal.KotlinKConstructor$$Lambda$0 source: jar:nested:/Users/kibong_home/Desktop/development/blog/build/libs/blog-0.0.1-SNAPSHOT.jar/!BOOT-INF/lib/kotlin-reflect-2.3.21.jar!/
[0.569s][info][class,load] kotlin.reflect.jvm.ReflectJvmMapping source: jar:nested:/Users/kibong_home/Desktop/development/blog/build/libs/blog-0.0.1-SNAPSHOT.jar/!BOOT-INF/lib/kotlin-reflect-2.3.21.jar!/
[0.570s][info][class,load] kotlin.reflect.jvm.internal.UtilKt source: jar:nested:/Users/kibong_home/Desktop/development/blog/build/libs/blog-0.0.1-SNAPSHOT.jar/!BOOT-INF/lib/kotlin-reflect-2.3.21.jar!/
[0.570s][info][class,load] kotlin.reflect.jvm.internal.LazyKProperty source: jar:nested:/Users/kibong_home/Desktop/development/blog/build/libs/blog-0.0.1-SNAPSHOT.jar/!BOOT-INF/lib/kotlin-reflect-2.3.21.jar!/
[0.570s][info][class,load] kotlin.reflect.jvm.internal.FunctionJvmDescriptor source: jar:nested:/Users/kibong_home/Desktop/development/blog/build/libs/blog-0.0.1-SNAPSHOT.jar/!BOOT-INF/lib/kotlin-reflect-2.3.21.jar!/
[0.570s][info][class,load] kotlin.reflect.jvm.internal.FunctionJvmDescriptorLoaded source: jar:nested:/Users/kibong_home/Desktop/development/blog/build/libs/blog-0.0.1-SNAPSHOT.jar/!BOOT-INF/lib/kotlin-reflect-2.3.21.jar!/
[0.570s][info][class,load] kotlin.reflect.jvm.internal.ConvertFromMetadataKt$WhenMappings source: jar:nested:/Users/kibong_home/Desktop/development/blog/build/libs/blog-0.0.1-SNAPSHOT.jar/!BOOT-INF/lib/kotlin-reflect-2.3.21.jar!/
[0.570s][info][class,load] kotlin.reflect.jvm.internal.impl.km.KmVariance source: jar:nested:/Users/kibong_home/Desktop/development/blog/build/libs/blog-0.0.1-SNAPSHOT.jar/!BOOT-INF/lib/kotlin-reflect-2.3.21.jar!/
[0.570s][info][class,load] kotlin.reflect.KVisibility source: jar:nested:/Users/kibong_home/Desktop/development/blog/build/libs/blog-0.0.1-SNAPSHOT.jar/!BOOT-INF/lib/kotlin-stdlib-2.3.21.jar!/
[0.570s][info][class,load] kotlin.reflect.jvm.internal.TypeParameterTable source: jar:nested:/Users/kibong_home/Desktop/development/blog/build/libs/blog-0.0.1-SNAPSHOT.jar/!BOOT-INF/lib/kotlin-reflect-2.3.21.jar!/
[0.570s][info][class,load] kotlin.reflect.jvm.internal.TypeParameterTable$Companion source: jar:nested:/Users/kibong_home/Desktop/development/blog/build/libs/blog-0.0.1-SNAPSHOT.jar/!BOOT-INF/lib/kotlin-reflect-2.3.21.jar!/
[0.570s][info][class,load] kotlin.reflect.jvm.internal.KotlinKCallableKt source: jar:nested:/Users/kibong_home/Desktop/development/blog/build/libs/blog-0.0.1-SNAPSHOT.jar/!BOOT-INF/lib/kotlin-reflect-2.3.21.jar!/
[0.571s][info][class,load] kotlin.jvm.internal.markers.KMutableIterable source: jar:nested:/Users/kibong_home/Desktop/development/blog/build/libs/blog-0.0.1-SNAPSHOT.jar/!BOOT-INF/lib/kotlin-stdlib-2.3.21.jar!/
[0.571s][info][class,load] kotlin.jvm.internal.markers.KMutableCollection source: jar:nested:/Users/kibong_home/Desktop/development/blog/build/libs/blog-0.0.1-SNAPSHOT.jar/!BOOT-INF/lib/kotlin-stdlib-2.3.21.jar!/
[0.571s][info][class,load] kotlin.jvm.internal.markers.KMutableList source: jar:nested:/Users/kibong_home/Desktop/development/blog/build/libs/blog-0.0.1-SNAPSHOT.jar/!BOOT-INF/lib/kotlin-stdlib-2.3.21.jar!/
[0.571s][info][class,load] kotlin.collections.AbstractMutableList source: jar:nested:/Users/kibong_home/Desktop/development/blog/build/libs/blog-0.0.1-SNAPSHOT.jar/!BOOT-INF/lib/kotlin-stdlib-2.3.21.jar!/
[0.571s][info][class,load] kotlin.collections.builders.ListBuilder source: jar:nested:/Users/kibong_home/Desktop/development/blog/build/libs/blog-0.0.1-SNAPSHOT.jar/!BOOT-INF/lib/kotlin-stdlib-2.3.21.jar!/
[0.571s][info][class,load] kotlin.collections.builders.ListBuilder$Companion source: jar:nested:/Users/kibong_home/Desktop/development/blog/build/libs/blog-0.0.1-SNAPSHOT.jar/!BOOT-INF/lib/kotlin-stdlib-2.3.21.jar!/
[0.571s][info][class,load] kotlin.collections.builders.ListBuilderKt source: jar:nested:/Users/kibong_home/Desktop/development/blog/build/libs/blog-0.0.1-SNAPSHOT.jar/!BOOT-INF/lib/kotlin-stdlib-2.3.21.jar!/
[0.571s][info][class,load] kotlin.reflect.jvm.internal.calls.Caller source: jar:nested:/Users/kibong_home/Desktop/development/blog/build/libs/blog-0.0.1-SNAPSHOT.jar/!BOOT-INF/lib/kotlin-reflect-2.3.21.jar!/
[0.571s][info][class,load] kotlin.reflect.jvm.internal.calls.CallerImpl source: jar:nested:/Users/kibong_home/Desktop/development/blog/build/libs/blog-0.0.1-SNAPSHOT.jar/!BOOT-INF/lib/kotlin-reflect-2.3.21.jar!/
[0.571s][info][class,load] kotlin.reflect.jvm.internal.calls.CallerImpl$Constructor source: jar:nested:/Users/kibong_home/Desktop/development/blog/build/libs/blog-0.0.1-SNAPSHOT.jar/!BOOT-INF/lib/kotlin-reflect-2.3.21.jar!/
[0.571s][info][class,load] kotlin.reflect.jvm.internal.calls.CallerImpl$Companion source: jar:nested:/Users/kibong_home/Desktop/development/blog/build/libs/blog-0.0.1-SNAPSHOT.jar/!BOOT-INF/lib/kotlin-reflect-2.3.21.jar!/
[0.571s][info][class,load] kotlin.reflect.jvm.internal.calls.ValueClassAwareCallerKt source: jar:nested:/Users/kibong_home/Desktop/development/blog/build/libs/blog-0.0.1-SNAPSHOT.jar/!BOOT-INF/lib/kotlin-reflect-2.3.21.jar!/
[0.572s][info][class,load] kotlin.reflect.jvm.internal.types.CapturedKTypeKt source: jar:nested:/Users/kibong_home/Desktop/development/blog/build/libs/blog-0.0.1-SNAPSHOT.jar/!BOOT-INF/lib/kotlin-reflect-2.3.21.jar!/
[0.572s][info][class,load] kotlin.reflect.jvm.internal.types.CapturedKTypeKt$$Lambda$0 source: jar:nested:/Users/kibong_home/Desktop/development/blog/build/libs/blog-0.0.1-SNAPSHOT.jar/!BOOT-INF/lib/kotlin-reflect-2.3.21.jar!/
[0.573s][info][class,load] kotlin.sequences.SequencesKt__SequenceBuilderKt source: jar:nested:/Users/kibong_home/Desktop/development/blog/build/libs/blog-0.0.1-SNAPSHOT.jar/!BOOT-INF/lib/kotlin-stdlib-2.3.21.jar!/
[0.573s][info][class,load] kotlin.sequences.SequencesKt__SequencesJVMKt source: jar:nested:/Users/kibong_home/Desktop/development/blog/build/libs/blog-0.0.1-SNAPSHOT.jar/!BOOT-INF/lib/kotlin-stdlib-2.3.21.jar!/
[0.573s][info][class,load] kotlin.sequences.SequencesKt__SequencesKt source: jar:nested:/Users/kibong_home/Desktop/development/blog/build/libs/blog-0.0.1-SNAPSHOT.jar/!BOOT-INF/lib/kotlin-stdlib-2.3.21.jar!/
[0.573s][info][class,load] kotlin.sequences.SequencesKt___SequencesJvmKt source: jar:nested:/Users/kibong_home/Desktop/development/blog/build/libs/blog-0.0.1-SNAPSHOT.jar/!BOOT-INF/lib/kotlin-stdlib-2.3.21.jar!/
[0.573s][info][class,load] kotlin.sequences.SequencesKt___SequencesKt source: jar:nested:/Users/kibong_home/Desktop/development/blog/build/libs/blog-0.0.1-SNAPSHOT.jar/!BOOT-INF/lib/kotlin-stdlib-2.3.21.jar!/
[0.573s][info][class,load] kotlin.sequences.SequencesKt source: jar:nested:/Users/kibong_home/Desktop/development/blog/build/libs/blog-0.0.1-SNAPSHOT.jar/!BOOT-INF/lib/kotlin-stdlib-2.3.21.jar!/
[0.573s][info][class,load] kotlin.sequences.Sequence source: jar:nested:/Users/kibong_home/Desktop/development/blog/build/libs/blog-0.0.1-SNAPSHOT.jar/!BOOT-INF/lib/kotlin-stdlib-2.3.21.jar!/
[0.573s][info][class,load] kotlin.sequences.GeneratorSequence source: jar:nested:/Users/kibong_home/Desktop/development/blog/build/libs/blog-0.0.1-SNAPSHOT.jar/!BOOT-INF/lib/kotlin-stdlib-2.3.21.jar!/
[0.573s][info][class,load] kotlin.sequences.SequencesKt__SequencesKt$$Lambda/0x00000f00012d6ef8 source: kotlin.sequences.SequencesKt__SequencesKt
[0.573s][info][class,load] kotlin.reflect.jvm.internal.types.CapturedKTypeKt$$Lambda$1 source: jar:nested:/Users/kibong_home/Desktop/development/blog/build/libs/blog-0.0.1-SNAPSHOT.jar/!BOOT-INF/lib/kotlin-reflect-2.3.21.jar!/
[0.573s][info][class,load] kotlin.sequences.FlatteningSequence source: jar:nested:/Users/kibong_home/Desktop/development/blog/build/libs/blog-0.0.1-SNAPSHOT.jar/!BOOT-INF/lib/kotlin-stdlib-2.3.21.jar!/
[0.573s][info][class,load] kotlin.sequences.SequencesKt___SequencesKt$flatMap$1 source: jar:nested:/Users/kibong_home/Desktop/development/blog/build/libs/blog-0.0.1-SNAPSHOT.jar/!BOOT-INF/lib/kotlin-stdlib-2.3.21.jar!/
[0.574s][info][class,load] kotlin.sequences.FlatteningSequence$iterator$1 source: jar:nested:/Users/kibong_home/Desktop/development/blog/build/libs/blog-0.0.1-SNAPSHOT.jar/!BOOT-INF/lib/kotlin-stdlib-2.3.21.jar!/
[0.574s][info][class,load] kotlin.sequences.GeneratorSequence$iterator$1 source: jar:nested:/Users/kibong_home/Desktop/development/blog/build/libs/blog-0.0.1-SNAPSHOT.jar/!BOOT-INF/lib/kotlin-stdlib-2.3.21.jar!/
[0.574s][info][class,load] kotlin.reflect.full.KClassifiers source: jar:nested:/Users/kibong_home/Desktop/development/blog/build/libs/blog-0.0.1-SNAPSHOT.jar/!BOOT-INF/lib/kotlin-reflect-2.3.21.jar!/
[0.574s][info][class,load] kotlin.jvm.internal.KTypeBase source: jar:nested:/Users/kibong_home/Desktop/development/blog/build/libs/blog-0.0.1-SNAPSHOT.jar/!BOOT-INF/lib/kotlin-stdlib-2.3.21.jar!/
[0.574s][info][class,load] kotlin.reflect.jvm.internal.impl.types.model.DefinitelyNotNullTypeMarker source: jar:nested:/Users/kibong_home/Desktop/development/blog/build/libs/blog-0.0.1-SNAPSHOT.jar/!BOOT-INF/lib/kotlin-reflect-2.3.21.jar!/
[0.574s][info][class,load] kotlin.reflect.jvm.internal.impl.types.model.FlexibleTypeMarker source: jar:nested:/Users/kibong_home/Desktop/development/blog/build/libs/blog-0.0.1-SNAPSHOT.jar/!BOOT-INF/lib/kotlin-reflect-2.3.21.jar!/
[0.574s][info][class,load] kotlin.reflect.jvm.internal.types.AbstractKType source: jar:nested:/Users/kibong_home/Desktop/development/blog/build/libs/blog-0.0.1-SNAPSHOT.jar/!BOOT-INF/lib/kotlin-reflect-2.3.21.jar!/
[0.574s][info][class,load] kotlin.reflect.jvm.internal.types.SimpleKType source: jar:nested:/Users/kibong_home/Desktop/development/blog/build/libs/blog-0.0.1-SNAPSHOT.jar/!BOOT-INF/lib/kotlin-reflect-2.3.21.jar!/
[0.574s][info][class,load] kotlin.reflect.jvm.internal.calls.CallerKt source: jar:nested:/Users/kibong_home/Desktop/development/blog/build/libs/blog-0.0.1-SNAPSHOT.jar/!BOOT-INF/lib/kotlin-reflect-2.3.21.jar!/
[0.575s][info][class,load] org.springframework.beans.factory.support.AutowireUtils source: jar:nested:/Users/kibong_home/Desktop/development/blog/build/libs/blog-0.0.1-SNAPSHOT.jar/!BOOT-INF/lib/spring-beans-7.0.9.jar!/
[0.575s][info][class,load] org.springframework.beans.factory.support.AutowireUtils$$Lambda/0x00000f00012d9298 source: org.springframework.beans.factory.support.AutowireUtils
[0.575s][info][class,load] org.springframework.core.convert.TypeDescriptor$$Lambda/0x00000f00012d9538 source: org.springframework.core.convert.TypeDescriptor
[0.575s][info][class,load] org.springframework.util.MethodInvoker source: jar:nested:/Users/kibong_home/Desktop/development/blog/build/libs/blog-0.0.1-SNAPSHOT.jar/!BOOT-INF/lib/spring-core-7.0.9.jar!/
[0.576s][info][class,load] org.springframework.boot.availability.AvailabilityChangeEvent source: jar:nested:/Users/kibong_home/Desktop/development/blog/build/libs/blog-0.0.1-SNAPSHOT.jar/!BOOT-INF/lib/spring-boot-4.1.1.jar!/
[0.576s][info][class,load] org.springframework.boot.availability.LivenessState source: jar:nested:/Users/kibong_home/Desktop/development/blog/build/libs/blog-0.0.1-SNAPSHOT.jar/!BOOT-INF/lib/spring-boot-4.1.1.jar!/
[0.576s][info][class,load] org.springframework.boot.availability.ReadinessState source: jar:nested:/Users/kibong_home/Desktop/development/blog/build/libs/blog-0.0.1-SNAPSHOT.jar/!BOOT-INF/lib/spring-boot-4.1.1.jar!/
[0.577s][info][class,load] java.lang.Class$EnclosingMethodInfo source: jrt:/java.base
[0.577s][info][class,load] java.lang.reflect.AnnotatedType source: jrt:/java.base
[0.577s][info][class,load] java.lang.String$$StringConcat/0x00000f00012dc000 source: __JVM_LookupDefineClass__
[0.577s][info][class,load] java.lang.invoke.LambdaForm$MH/0x00000f00012dc400 source: __JVM_LookupDefineClass__
[0.578s][info][class,load] org.springframework.core.$Proxy38 source: __dynamic_proxy__
[0.578s][info][class,load] java.lang.invoke.LambdaForm$MH/0x00000f00012dc800 source: __JVM_LookupDefineClass__
[0.578s][info][class,load] java.lang.invoke.LambdaForm$MH/0x00000f00012dcc00 source: __JVM_LookupDefineClass__
[0.578s][info][class,load] org.springframework.boot.validation.beanvalidation.MethodValidationExcludeFilter$$Lambda/0x00000f00012da368 source: org.springframework.boot.validation.beanvalidation.MethodValidationExcludeFilter
[0.579s][info][class,load] org.springframework.context.support.DefaultLifecycleProcessor$LifecycleGroup source: jar:nested:/Users/kibong_home/Desktop/development/blog/build/libs/blog-0.0.1-SNAPSHOT.jar/!BOOT-INF/lib/spring-context-7.0.9.jar!/
[0.580s][info][class,load] org.springframework.boot.info.InfoProperties source: jar:nested:/Users/kibong_home/Desktop/development/blog/build/libs/blog-0.0.1-SNAPSHOT.jar/!BOOT-INF/lib/spring-boot-4.1.1.jar!/
[0.580s][info][class,load] org.springframework.boot.info.GitProperties source: jar:nested:/Users/kibong_home/Desktop/development/blog/build/libs/blog-0.0.1-SNAPSHOT.jar/!BOOT-INF/lib/spring-boot-4.1.1.jar!/
[0.580s][info][class,load] org.springframework.boot.info.BuildProperties source: jar:nested:/Users/kibong_home/Desktop/development/blog/build/libs/blog-0.0.1-SNAPSHOT.jar/!BOOT-INF/lib/spring-boot-4.1.1.jar!/
[0.580s][info][class,load] jdk.proxy2.$Proxy39 source: __dynamic_proxy__
[0.580s][info][class,load] org.springframework.core.annotation.AnnotationUtils$$Lambda/0x00000f00012db1c0 source: org.springframework.core.annotation.AnnotationUtils
[0.581s][info][class,load] org.springframework.boot.autoconfigure.ssl.SslProperties$Bundles$Watch source: jar:nested:/Users/kibong_home/Desktop/development/blog/build/libs/blog-0.0.1-SNAPSHOT.jar/!BOOT-INF/lib/spring-boot-autoconfigure-4.1.1.jar!/
[0.581s][info][class,load] org.springframework.boot.autoconfigure.ssl.SslProperties$Bundles$Watch$File source: jar:nested:/Users/kibong_home/Desktop/development/blog/build/libs/blog-0.0.1-SNAPSHOT.jar/!BOOT-INF/lib/spring-boot-autoconfigure-4.1.1.jar!/
[0.581s][info][class,load] org.springframework.boot.io.ApplicationResourceLoader source: jar:nested:/Users/kibong_home/Desktop/development/blog/build/libs/blog-0.0.1-SNAPSHOT.jar/!BOOT-INF/lib/spring-boot-4.1.1.jar!/
[0.582s][info][class,load] org.springframework.boot.io.ApplicationResourceLoader$FilePathResolver source: jar:nested:/Users/kibong_home/Desktop/development/blog/build/libs/blog-0.0.1-SNAPSHOT.jar/!BOOT-INF/lib/spring-boot-4.1.1.jar!/
[0.582s][info][class,load] org.springframework.boot.io.ClassPathResourceFilePathResolver source: jar:nested:/Users/kibong_home/Desktop/development/blog/build/libs/blog-0.0.1-SNAPSHOT.jar/!BOOT-INF/lib/spring-boot-4.1.1.jar!/
[0.582s][info][class,load] org.springframework.boot.web.context.reactive.FilteredReactiveWebContextResourceFilePathResolver source: jar:nested:/Users/kibong_home/Desktop/development/blog/build/libs/blog-0.0.1-SNAPSHOT.jar/!BOOT-INF/lib/spring-boot-4.1.1.jar!/
[0.582s][info][class,load] org.springframework.boot.web.context.servlet.ServletContextResourceFilePathResolver source: jar:nested:/Users/kibong_home/Desktop/development/blog/build/libs/blog-0.0.1-SNAPSHOT.jar/!BOOT-INF/lib/spring-boot-4.1.1.jar!/
[0.582s][info][class,load] org.springframework.boot.io.ApplicationResourceLoader$ProtocolResolvingResourceLoader source: jar:nested:/Users/kibong_home/Desktop/development/blog/build/libs/blog-0.0.1-SNAPSHOT.jar/!BOOT-INF/lib/spring-boot-4.1.1.jar!/
[0.582s][info][class,load] org.springframework.boot.autoconfigure.ssl.FileWatcher$WatcherThread source: jar:nested:/Users/kibong_home/Desktop/development/blog/build/libs/blog-0.0.1-SNAPSHOT.jar/!BOOT-INF/lib/spring-boot-autoconfigure-4.1.1.jar!/
[0.582s][info][class,load] org.springframework.boot.autoconfigure.ssl.BundleContentNotWatchableException source: jar:nested:/Users/kibong_home/Desktop/development/blog/build/libs/blog-0.0.1-SNAPSHOT.jar/!BOOT-INF/lib/spring-boot-autoconfigure-4.1.1.jar!/
[0.583s][info][class,load] org.springframework.boot.autoconfigure.ssl.SslBundleProperties source: jar:nested:/Users/kibong_home/Desktop/development/blog/build/libs/blog-0.0.1-SNAPSHOT.jar/!BOOT-INF/lib/spring-boot-autoconfigure-4.1.1.jar!/
[0.583s][info][class,load] org.springframework.boot.autoconfigure.ssl.BundleContentProperty source: jar:nested:/Users/kibong_home/Desktop/development/blog/build/libs/blog-0.0.1-SNAPSHOT.jar/!BOOT-INF/lib/spring-boot-autoconfigure-4.1.1.jar!/
[0.583s][info][class,load] org.springframework.boot.autoconfigure.ssl.SslPropertiesBundleRegistrar$Bundle source: jar:nested:/Users/kibong_home/Desktop/development/blog/build/libs/blog-0.0.1-SNAPSHOT.jar/!BOOT-INF/lib/spring-boot-autoconfigure-4.1.1.jar!/
[0.583s][info][class,load] org.springframework.boot.ssl.SslBundle source: jar:nested:/Users/kibong_home/Desktop/development/blog/build/libs/blog-0.0.1-SNAPSHOT.jar/!BOOT-INF/lib/spring-boot-4.1.1.jar!/
[0.583s][info][class,load] org.springframework.boot.ssl.NoSuchSslBundleException source: jar:nested:/Users/kibong_home/Desktop/development/blog/build/libs/blog-0.0.1-SNAPSHOT.jar/!BOOT-INF/lib/spring-boot-4.1.1.jar!/
[0.583s][info][class,load] org.springframework.boot.autoconfigure.ssl.SslAutoConfiguration$$Lambda/0x00000f00012df7a8 source: org.springframework.boot.autoconfigure.ssl.SslAutoConfiguration
[0.583s][info][class,load] org.springframework.boot.autoconfigure.ssl.PropertiesSslBundle source: jar:nested:/Users/kibong_home/Desktop/development/blog/build/libs/blog-0.0.1-SNAPSHOT.jar/!BOOT-INF/lib/spring-boot-autoconfigure-4.1.1.jar!/
[0.583s][info][class,load] java.security.GeneralSecurityException source: jrt:/java.base
[0.583s][info][class,load] java.security.NoSuchAlgorithmException source: jrt:/java.base
[0.583s][info][class,load] java.security.KeyStoreException source: jrt:/java.base
[0.583s][info][class,load] java.security.UnrecoverableEntryException source: jrt:/java.base
[0.583s][info][class,load] java.security.UnrecoverableKeyException source: jrt:/java.base
[0.583s][info][class,load] org.springframework.boot.ssl.SslManagerBundle source: jar:nested:/Users/kibong_home/Desktop/development/blog/build/libs/blog-0.0.1-SNAPSHOT.jar/!BOOT-INF/lib/spring-boot-4.1.1.jar!/
[0.584s][info][class,load] org.springframework.boot.ssl.SslStoreBundle source: jar:nested:/Users/kibong_home/Desktop/development/blog/build/libs/blog-0.0.1-SNAPSHOT.jar/!BOOT-INF/lib/spring-boot-4.1.1.jar!/
[0.584s][info][class,load] org.springframework.boot.autoconfigure.ssl.PemSslBundleProperties source: jar:nested:/Users/kibong_home/Desktop/development/blog/build/libs/blog-0.0.1-SNAPSHOT.jar/!BOOT-INF/lib/spring-boot-autoconfigure-4.1.1.jar!/
[0.584s][info][class,load] org.springframework.boot.autoconfigure.ssl.JksSslBundleProperties source: jar:nested:/Users/kibong_home/Desktop/development/blog/build/libs/blog-0.0.1-SNAPSHOT.jar/!BOOT-INF/lib/spring-boot-autoconfigure-4.1.1.jar!/
[0.584s][info][class,load] org.springframework.boot.autoconfigure.ssl.SslPropertiesBundleRegistrar$$Lambda/0x00000f00012dd6b8 source: org.springframework.boot.autoconfigure.ssl.SslPropertiesBundleRegistrar
[0.584s][info][class,load] org.springframework.boot.autoconfigure.ssl.SslPropertiesBundleRegistrar$$Lambda/0x00000f00012dd8f0 source: org.springframework.boot.autoconfigure.ssl.SslPropertiesBundleRegistrar
[0.584s][info][class,load] java.lang.invoke.LambdaForm$DMH/0x00000f00012e0000 source: __JVM_LookupDefineClass__
[0.584s][info][class,load] org.springframework.boot.autoconfigure.ssl.SslPropertiesBundleRegistrar$$Lambda/0x00000f00012ddb40 source: org.springframework.boot.autoconfigure.ssl.SslPropertiesBundleRegistrar
[0.584s][info][class,load] org.springframework.boot.autoconfigure.ssl.SslPropertiesBundleRegistrar$$Lambda/0x00000f00012ddd80 source: org.springframework.boot.autoconfigure.ssl.SslPropertiesBundleRegistrar
[0.584s][info][class,load] org.springframework.boot.autoconfigure.ssl.SslPropertiesBundleRegistrar$$Lambda/0x00000f00012e4000 source: org.springframework.boot.autoconfigure.ssl.SslPropertiesBundleRegistrar
[0.584s][info][class,load] org.springframework.boot.ssl.DefaultSslBundleRegistry$RegisteredSslBundle source: jar:nested:/Users/kibong_home/Desktop/development/blog/build/libs/blog-0.0.1-SNAPSHOT.jar/!BOOT-INF/lib/spring-boot-4.1.1.jar!/
[0.584s][info][class,load] org.springframework.boot.task.SimpleAsyncTaskExecutorCustomizer source: jar:nested:/Users/kibong_home/Desktop/development/blog/build/libs/blog-0.0.1-SNAPSHOT.jar/!BOOT-INF/lib/spring-boot-4.1.1.jar!/
[0.584s][info][class,load] java.lang.invoke.LambdaForm$MH/0x00000f00012e0400 source: __JVM_LookupDefineClass__
[0.584s][info][class,load] java.lang.invoke.LambdaForm$MH/0x00000f00012e0800 source: __JVM_LookupDefineClass__
[0.585s][info][class,load] org.springframework.boot.autoconfigure.task.TaskExecutorConfigurations$SimpleAsyncTaskExecutorBuilderConfiguration$$Lambda/0x00000f00012e4688 source: org.springframework.boot.autoconfigure.task.TaskExecutorConfigurations
[0.585s][info][class,load] org.springframework.boot.task.SimpleAsyncTaskExecutorBuilder$$Lambda/0x00000f00012e48d8 source: org.springframework.boot.task.SimpleAsyncTaskExecutorBuilder
[0.585s][info][class,load] org.springframework.aop.interceptor.AsyncUncaughtExceptionHandler source: jar:nested:/Users/kibong_home/Desktop/development/blog/build/libs/blog-0.0.1-SNAPSHOT.jar/!BOOT-INF/lib/spring-aop-7.0.9.jar!/
[0.586s][info][class,load] jdk.proxy2.$Proxy40 source: __dynamic_proxy__
[0.586s][info][class,load] org.springframework.boot.task.ThreadPoolTaskSchedulerCustomizer source: jar:nested:/Users/kibong_home/Desktop/development/blog/build/libs/blog-0.0.1-SNAPSHOT.jar/!BOOT-INF/lib/spring-boot-4.1.1.jar!/
[0.587s][info][class,load] java.lang.invoke.LambdaForm$MH/0x00000f00012e0c00 source: __JVM_LookupDefineClass__
[0.587s][info][class,load] java.lang.invoke.LambdaForm$MH/0x00000f00012e1000 source: __JVM_LookupDefineClass__
[0.587s][info][class,load] org.springframework.boot.autoconfigure.task.TaskSchedulingConfigurations source: jar:nested:/Users/kibong_home/Desktop/development/blog/build/libs/blog-0.0.1-SNAPSHOT.jar/!BOOT-INF/lib/spring-boot-autoconfigure-4.1.1.jar!/
[0.587s][info][class,load] org.springframework.boot.task.ThreadPoolTaskSchedulerBuilder$$Lambda/0x00000f00012e55a0 source: org.springframework.boot.task.ThreadPoolTaskSchedulerBuilder
[0.587s][info][class,load] org.springframework.boot.task.SimpleAsyncTaskSchedulerCustomizer source: jar:nested:/Users/kibong_home/Desktop/development/blog/build/libs/blog-0.0.1-SNAPSHOT.jar/!BOOT-INF/lib/spring-boot-4.1.1.jar!/
[0.587s][info][class,load] java.lang.invoke.LambdaForm$MH/0x00000f00012e1400 source: __JVM_LookupDefineClass__
[0.588s][info][class,load] java.lang.invoke.LambdaForm$MH/0x00000f00012e1800 source: __JVM_LookupDefineClass__
[0.588s][info][class,load] org.springframework.boot.autoconfigure.task.TaskSchedulingConfigurations$SimpleAsyncTaskSchedulerBuilderConfiguration$$Lambda/0x00000f00012e5be8 source: org.springframework.boot.autoconfigure.task.TaskSchedulingConfigurations
[0.588s][info][class,load] org.springframework.boot.task.SimpleAsyncTaskSchedulerBuilder$$Lambda/0x00000f00012e5e38 source: org.springframework.boot.task.SimpleAsyncTaskSchedulerBuilder
[0.588s][info][class,load] org.springframework.scheduling.concurrent.SimpleAsyncTaskScheduler source: jar:nested:/Users/kibong_home/Desktop/development/blog/build/libs/blog-0.0.1-SNAPSHOT.jar/!BOOT-INF/lib/spring-context-7.0.9.jar!/
[0.588s][info][class,load] org.springframework.boot.LazyInitializationExcludeFilter source: jar:nested:/Users/kibong_home/Desktop/development/blog/build/libs/blog-0.0.1-SNAPSHOT.jar/!BOOT-INF/lib/spring-boot-4.1.1.jar!/
[0.589s][info][class,load] jdk.proxy2.$Proxy41 source: __dynamic_proxy__
[0.589s][info][class,load] org.springframework.aop.RawTargetAccess source: jar:nested:/Users/kibong_home/Desktop/development/blog/build/libs/blog-0.0.1-SNAPSHOT.jar/!BOOT-INF/lib/spring-aop-7.0.9.jar!/
[0.589s][info][class,load] org.springframework.aop.scope.ScopedObject source: jar:nested:/Users/kibong_home/Desktop/development/blog/build/libs/blog-0.0.1-SNAPSHOT.jar/!BOOT-INF/lib/spring-aop-7.0.9.jar!/
[0.589s][info][class,load] org.springframework.context.event.EventListener source: jar:nested:/Users/kibong_home/Desktop/development/blog/build/libs/blog-0.0.1-SNAPSHOT.jar/!BOOT-INF/lib/spring-context-7.0.9.jar!/
[0.589s][info][class,load] org.springframework.core.MethodIntrospector$MetadataLookup source: jar:nested:/Users/kibong_home/Desktop/development/blog/build/libs/blog-0.0.1-SNAPSHOT.jar/!BOOT-INF/lib/spring-core-7.0.9.jar!/
[0.589s][info][class,load] org.springframework.context.event.EventListenerMethodProcessor$$Lambda/0x00000f00012e74c0 source: org.springframework.context.event.EventListenerMethodProcessor
[0.589s][info][class,load] org.springframework.core.MethodIntrospector source: jar:nested:/Users/kibong_home/Desktop/development/blog/build/libs/blog-0.0.1-SNAPSHOT.jar/!BOOT-INF/lib/spring-core-7.0.9.jar!/
[0.589s][info][class,load] org.springframework.core.MethodIntrospector$$Lambda/0x00000f00012e78f8 source: org.springframework.core.MethodIntrospector
[0.589s][info][class,load] org.springframework.core.annotation.AnnotatedElementUtils$$Lambda/0x00000f00012e7b28 source: org.springframework.core.annotation.AnnotatedElementUtils
[0.590s][info][class,load] org.springframework.beans.CachedIntrospectionResults$$Lambda/0x00000f00012e7d80 source: org.springframework.beans.CachedIntrospectionResults
[0.590s][info][class,load] org.springframework.beans.CachedIntrospectionResults$$Lambda/0x00000f00012e2000 source: org.springframework.beans.CachedIntrospectionResults
[0.590s][info][class,load] org.springframework.beans.CachedIntrospectionResults$$Lambda/0x00000f00012e2260 source: org.springframework.beans.CachedIntrospectionResults
[0.590s][info][class,load] org.springframework.util.ConcurrentReferenceHashMap$KeyIterator source: jar:nested:/Users/kibong_home/Desktop/development/blog/build/libs/blog-0.0.1-SNAPSHOT.jar/!BOOT-INF/lib/spring-core-7.0.9.jar!/
[0.590s][info][class,load] org.springframework.util.ConcurrentReferenceHashMap$EntrySet source: jar:nested:/Users/kibong_home/Desktop/development/blog/build/libs/blog-0.0.1-SNAPSHOT.jar/!BOOT-INF/lib/spring-core-7.0.9.jar!/
[0.590s][info][class,load] org.springframework.util.ConcurrentReferenceHashMap$EntryIterator source: jar:nested:/Users/kibong_home/Desktop/development/blog/build/libs/blog-0.0.1-SNAPSHOT.jar/!BOOT-INF/lib/spring-core-7.0.9.jar!/
[0.590s][info][class,load] java.lang.invoke.LambdaForm$DMH/0x00000f00012e1c00 source: __JVM_LookupDefineClass__
[0.590s][info][class,load] org.springframework.context.support.DefaultLifecycleProcessor$$Lambda/0x00000f00012e2d78 source: org.springframework.context.support.DefaultLifecycleProcessor
[0.590s][info][class,load] java.lang.invoke.LambdaForm$DMH/0x00000f00012e8000 source: __JVM_LookupDefineClass__
[0.591s][info][class,load] java.lang.invoke.LambdaForm$DMH/0x00000f00012e8400 source: __JVM_LookupDefineClass__
[0.591s][info][class,load] java.lang.invoke.LambdaForm$MH/0x00000f00012e8800 source: __JVM_LookupDefineClass__
[0.591s][info][class,load] org.springframework.context.support.DefaultLifecycleProcessor$$Lambda/0x00000f00012e2fb8 source: org.springframework.context.support.DefaultLifecycleProcessor
[0.591s][info][class,load] java.lang.invoke.LambdaForm$DMH/0x00000f00012e8c00 source: __JVM_LookupDefineClass__
[0.591s][info][class,load] java.lang.invoke.LambdaForm$MH/0x00000f00012e9000 source: __JVM_LookupDefineClass__
[0.591s][info][class,load] org.springframework.context.support.DefaultLifecycleProcessor$LifecycleGroupMember source: jar:nested:/Users/kibong_home/Desktop/development/blog/build/libs/blog-0.0.1-SNAPSHOT.jar/!BOOT-INF/lib/spring-context-7.0.9.jar!/
[0.591s][info][class,load] org.springframework.context.support.DefaultLifecycleProcessor$$Lambda/0x00000f00012e3420 source: org.springframework.context.support.DefaultLifecycleProcessor
[0.591s][info][class,load] org.springframework.core.ResolvableType$WildcardBounds source: jar:nested:/Users/kibong_home/Desktop/development/blog/build/libs/blog-0.0.1-SNAPSHOT.jar/!BOOT-INF/lib/spring-core-7.0.9.jar!/
[0.591s][info][class,load] org.springframework.boot.autoconfigure.condition.ConditionEvaluationReport$$Lambda/0x00000f00012e38a0 source: org.springframework.boot.autoconfigure.condition.ConditionEvaluationReport
[0.592s][info][class,load] org.springframework.boot.autoconfigure.condition.ConditionEvaluationReport$$Lambda/0x00000f00012e3ae0 source: org.springframework.boot.autoconfigure.condition.ConditionEvaluationReport
[0.592s][info][class,load] org.springframework.boot.loader.launch.LaunchedClassLoader$DefinePackageCallType source: file:/Users/kibong_home/Desktop/development/blog/build/libs/blog-0.0.1-SNAPSHOT.jar
[0.592s][info][class,load] jdk.internal.math.ToDecimal source: shared objects file
[0.592s][info][class,load] jdk.internal.math.DoubleToDecimal source: shared objects file
[0.592s][info][class,load] java.lang.management.ManagementFactory source: jrt:/java.management
[0.593s][info][class,load] java.lang.management.PlatformManagedObject source: jrt:/java.management
[0.593s][info][class,load] java.lang.management.RuntimeMXBean source: jrt:/java.management
[0.593s][info][class,load] java.lang.management.ManagementFactory$PlatformMBeanFinder source: jrt:/java.management
[0.593s][info][class,load] sun.management.spi.PlatformMBeanProvider source: jrt:/java.management
[0.593s][info][class,load] com.sun.management.internal.PlatformMBeanProviderImpl source: jrt:/jdk.management
[0.594s][info][class,load] sun.management.spi.PlatformMBeanProvider$PlatformComponent source: jrt:/java.management
[0.594s][info][class,load] com.sun.management.internal.PlatformMBeanProviderImpl$1 source: jrt:/jdk.management
[0.594s][info][class,load] com.sun.management.internal.PlatformMBeanProviderImpl$2 source: jrt:/jdk.management
[0.594s][info][class,load] com.sun.management.internal.PlatformMBeanProviderImpl$3 source: jrt:/jdk.management
[0.594s][info][class,load] jdk.management.HotSpotAOTCacheMXBean source: jrt:/jdk.management
[0.594s][info][class,load] com.sun.management.internal.PlatformMBeanProviderImpl$4 source: jrt:/jdk.management
[0.594s][info][class,load] jdk.management.VirtualThreadSchedulerMXBean source: jrt:/jdk.management
[0.594s][info][class,load] com.sun.management.internal.PlatformMBeanProviderImpl$5 source: jrt:/jdk.management
[0.595s][info][class,load] com.sun.management.internal.PlatformMBeanProviderImpl$6 source: jrt:/jdk.management
[0.595s][info][class,load] javax.management.DynamicMBean source: jrt:/java.management
[0.595s][info][class,load] com.sun.management.DiagnosticCommandMBean source: jrt:/jdk.management
[0.595s][info][class,load] javax.management.NotificationBroadcaster source: jrt:/java.management
[0.595s][info][class,load] javax.management.NotificationEmitter source: jrt:/java.management
[0.595s][info][class,load] sun.management.NotificationEmitterSupport source: jrt:/java.management
[0.595s][info][class,load] com.sun.management.internal.DiagnosticCommandImpl source: jrt:/jdk.management
[0.595s][info][class,load] sun.management.ManagementFactoryHelper source: jrt:/java.management
[0.595s][info][class,load] sun.management.VMManagement source: jrt:/java.management
[0.595s][info][class,load] sun.management.VMManagementImpl source: jrt:/java.management
[0.597s][info][class,load] com.sun.management.internal.PlatformMBeanProviderImpl$7 source: jrt:/jdk.management
[0.597s][info][class,load] jdk.management.jfr.internal.FlightRecorderMXBeanProvider source: jrt:/jdk.management.jfr
[0.597s][info][class,load] java.lang.management.DefaultPlatformMBeanProvider source: jrt:/java.management
[0.597s][info][class,load] java.lang.management.DefaultPlatformMBeanProvider$1 source: jrt:/java.management
[0.597s][info][class,load] java.lang.management.DefaultPlatformMBeanProvider$2 source: jrt:/java.management
[0.597s][info][class,load] java.lang.management.DefaultPlatformMBeanProvider$3 source: jrt:/java.management
[0.597s][info][class,load] java.lang.management.DefaultPlatformMBeanProvider$4 source: jrt:/java.management
[0.598s][info][class,load] java.lang.management.DefaultPlatformMBeanProvider$5 source: jrt:/java.management
[0.598s][info][class,load] java.lang.management.DefaultPlatformMBeanProvider$6 source: jrt:/java.management
[0.598s][info][class,load] java.lang.management.DefaultPlatformMBeanProvider$7 source: jrt:/java.management
[0.598s][info][class,load] java.lang.management.DefaultPlatformMBeanProvider$8 source: jrt:/java.management
[0.598s][info][class,load] sun.management.ManagementFactoryHelper$LoggingMXBeanAccess source: jrt:/java.management
[0.598s][info][class,load] java.lang.management.DefaultPlatformMBeanProvider$9 source: jrt:/java.management
[0.598s][info][class,load] java.lang.management.DefaultPlatformMBeanProvider$10 source: jrt:/java.management
[0.598s][info][class,load] java.lang.management.DefaultPlatformMBeanProvider$11 source: jrt:/java.management
[0.598s][info][class,load] jdk.management.jfr.FlightRecorderMXBean source: jrt:/jdk.management.jfr
[0.598s][info][class,load] jdk.management.jfr.internal.FlightRecorderMXBeanProvider$SingleMBeanComponent source: jrt:/jdk.management.jfr
[0.598s][info][class,load] java.util.HashMap$ValueSpliterator source: shared objects file
[0.598s][info][class,load] java.lang.management.ManagementFactory$PlatformMBeanFinder$$Lambda/0x00000f00011fda70 source: java.lang.management.ManagementFactory
[0.598s][info][class,load] java.lang.management.ManagementFactory$PlatformMBeanFinder$$Lambda/0x00000f00011fdcd0 source: java.lang.management.ManagementFactory
[0.598s][info][class,load] java.util.stream.ReduceOps$2 source: jrt:/java.base
[0.598s][info][class,load] java.util.stream.ReduceOps$2ReducingSink source: jrt:/java.base
[0.598s][info][class,load] sun.management.RuntimeImpl source: jrt:/java.management
[0.598s][info][class,load] sun.management.spi.PlatformMBeanProvider$PlatformComponent$$Lambda/0x00000f00011fe840 source: sun.management.spi.PlatformMBeanProvider
[0.598s][info][class,load] sun.management.spi.PlatformMBeanProvider$PlatformComponent$$Lambda/0x00000f00011feaa0 source: sun.management.spi.PlatformMBeanProvider
[0.599s][info][class,load] org.springframework.boot.SpringApplicationRunListeners$$Lambda/0x00000f00012e3d20 source: org.springframework.boot.SpringApplicationRunListeners
[0.599s][info][class,load] org.springframework.core.ResolvableType$WildcardBounds$Kind source: jar:nested:/Users/kibong_home/Desktop/development/blog/build/libs/blog-0.0.1-SNAPSHOT.jar/!BOOT-INF/lib/spring-core-7.0.9.jar!/
[0.599s][info][class,load] org.springframework.boot.Runner source: jar:nested:/Users/kibong_home/Desktop/development/blog/build/libs/blog-0.0.1-SNAPSHOT.jar/!BOOT-INF/lib/spring-boot-4.1.1.jar!/
[0.599s][info][class,load] org.springframework.boot.SpringApplication$FactoryAwareOrderSourceProvider source: jar:nested:/Users/kibong_home/Desktop/development/blog/build/libs/blog-0.0.1-SNAPSHOT.jar/!BOOT-INF/lib/spring-boot-4.1.1.jar!/
[0.599s][info][class,load] java.util.IdentityHashMap$IdentityHashMapSpliterator source: jrt:/java.base
[0.599s][info][class,load] java.util.IdentityHashMap$KeySpliterator source: jrt:/java.base
[0.599s][info][class,load] org.springframework.boot.SpringApplication$$Lambda/0x00000f00012ecc90 source: org.springframework.boot.SpringApplication
[0.599s][info][class,load] java.util.stream.SortedOps$SizedRefSortingSink source: jrt:/java.base
[0.599s][info][class,load] org.springframework.boot.SpringApplicationRunListeners$$Lambda/0x00000f00012eced0 source: org.springframework.boot.SpringApplicationRunListeners
[0.600s][info][class,load] java.util.IdentityHashMap$KeyIterator source: shared objects file
[0.600s][info][class,load] java.util.WeakHashMap$HashIterator source: jrt:/java.base
[0.600s][info][class,load] java.util.WeakHashMap$KeyIterator source: jrt:/java.base
[0.600s][info][class,load] org.springframework.boot.SpringApplicationShutdownHook$$Lambda/0x00000f00012ed310 source: org.springframework.boot.SpringApplicationShutdownHook
[0.600s][info][class,load] java.lang.invoke.LambdaForm$DMH/0x00000f00012e9400 source: __JVM_LookupDefineClass__
[0.600s][info][class,load] org.springframework.context.support.DefaultLifecycleProcessor$$Lambda/0x00000f00012ed550 source: org.springframework.context.support.DefaultLifecycleProcessor
[0.600s][info][class,load] java.lang.invoke.LambdaForm$DMH/0x00000f00012e9800 source: __JVM_LookupDefineClass__
[0.600s][info][class,load] java.lang.invoke.LambdaForm$DMH/0x00000f00012e9c00 source: __JVM_LookupDefineClass__
[0.600s][info][class,load] java.lang.invoke.LambdaForm$MH/0x00000f00012ea000 source: __JVM_LookupDefineClass__
[0.601s][info][class,load] org.springframework.context.support.DefaultLifecycleProcessor$$Lambda/0x00000f00012ed790 source: org.springframework.context.support.DefaultLifecycleProcessor
[0.601s][info][class,load] org.springframework.context.support.DefaultLifecycleProcessor$$Lambda/0x00000f00012ed9e0 source: org.springframework.context.support.DefaultLifecycleProcessor
[0.601s][info][class,load] org.springframework.context.support.DefaultLifecycleProcessor$$Lambda/0x00000f00012edc18 source: org.springframework.context.support.DefaultLifecycleProcessor
[0.601s][info][class,load] org.springframework.beans.factory.support.DefaultListableBeanFactory$$Lambda/0x00000f00012ede48 source: org.springframework.beans.factory.support.DefaultListableBeanFactory
[0.601s][info][class,load] org.springframework.beans.factory.support.DefaultListableBeanFactory$$Lambda/0x00000f00012ee080 source: org.springframework.beans.factory.support.DefaultListableBeanFactory
[0.601s][info][class,load] org.springframework.boot.SpringApplicationShutdownHook$$Lambda/0x00000f00012ee2d8 source: org.springframework.boot.SpringApplicationShutdownHook
[0.601s][info][class,load] org.springframework.boot.SpringApplicationShutdownHook$$Lambda/0x00000f00012ee518 source: org.springframework.boot.SpringApplicationShutdownHook
